title,description,url,prep_time,cook_time,total_time,servings,ingredients,instructions,image_url,recipe_category,recipe_cuisine,keywords,calories
Southwest Breakfast Casserole,"A great way to feed a hungry crowd for breakfast, this can be made ahead and put in the oven right before your guests arrive.  Also great for potlucks!",https://www.food.com/recipe/southwest-breakfast-casserole-142184,10m,45m,55m,8 serving(s),"6   slices    white bread, crust removed | 1   lb    pork sausage | 4   cups    colby or 4   cups    monterey jack cheese | 6       eggs | 2 (4   ounce) cans   diced green chilies | 1   teaspoon    salt | 1   teaspoon    dry mustard | 2   cups    half-and-half | butter or   margarine, softened","Lightly butter both side of bread slices and place in 9x13-inch baking dish. | In nonstick skillet, over medium-high heat, brown beef sausage; drain well and pat with paper towels. Sprinkle sausage over bread slices. | Sprinkle cheese over sausage. Follow with a layer of chopped green chilies. | In medium bowl, beat eggs lightly. Add salt, dry mustard and half-and-half. Mix thoroughly. Pour over casserole. | Cover with foil and refrigerate overnight. | To bake, preheat oven to 350&deg;F and bake casserole 45 minutes, or until bubbly and lightly browned. Allow to stand 15 minutes to set. Cut into squares and serve with picante sauce on the side.","https://img.sndimg.com/food/image/upload/q_92,fl_progressive,w_1200,c_scale/v1/img/recipes/14/21/84/GSOGQm2xTwGynAEgcZe1_southwest%20bfast%20casserole%20SITE-3.jpg",Breakfast,All,"Cheese,Meat,Mexican,Potluck,Brunch,< 60 Mins,Oven,Beginner Cook,Easy,Inexpensive",584.5
"Real, &quot;down Home&quot; Southern Country Biscuits and Gravy:","Real, &quot;down home&quot; biscuits and gravy was originally &quot;poor folks' breakfast,&quot; but it was so good and became so popular that no self-respecting Southern home today is complete without a good biscuit and gravy recipe. 


The gravy is still referred to by many as &quot;sawmill gravy,&quot; because gravy and biscuits was a quick, cheap, and filling breakfast that was served in the logging and sawmill camps throughout the South.


Real &quot;down home&quot; Southern biscuits and gravy became so popular and such a staple in Southern breakfast diets because it is nutritious, simple, easy, and inexpensive to make. The ingredients are simple and can be found in any kitchen.


Sausage gravy, egg gravy, and all the variations begin with the basic &quot;Sawmill&quot; or &quot;Milk&quot; gravy recipe. 


The recipe given here is the basic sawmill gravy recipe that is still used by most Southerners. It is the recipe that my family has used for several generations.

As for the biscuits, there are lots of complicated recipes for biscuits &quot;out there&quot;, but the real, honest-to-goodness biscuits that are served up in most Southern homes are simple and easy to make. The baking time is the most time consuming part of making good biscuits. 


The biscuit recipe I give here has also been used by my family for several generations. 

When made as directed, the results will be light, fluffy, melt-in-your-mouth biscuits that are delicious with the basic gravy recipe that I also give here, as well as with one's favorite jam, jelly, marmalade, molasses, or honey--or just split open with a little butter melted inside.


To make sausage gravy or other variations, cook up the sausage first and use the fat from it to make the rue for the gravy. Break up the sausage into small pieces and set within easy reach before starting the gravy When the gravy has thickened, stir in the sausage or other ingredients that you may have in mind. Adding other ingredients is the last step in making variations of the basic &quot;sawmill&quot; or milk gravy recipe.


In the biscuit recipe, Martha White self-rising flour is preferred. It is finer ground flour than almost any other flour on the market, has superb leavening, and yields lighter biscuits. 


If plain flour is used, add 1-1/4 tsp of double-acting baking powder and 1/4 tsp of salt per cup of flour. These pertain to all-purpose flour only and should be omitted when using self-rising flour. Also, the rule of thumb for eggs is to use 1 egg for every 2 cups of flour. 


When making biscuits and gravy, one thing should be remembered: Make the biscuits first, and make the gravy while the biscuits are baking.

Preheat oven to 350 degrees F. Baking time for biscuits is 20-30 minutes, depending on your oven. Some ovens run a little hot or cool, so baking time may vary slightly.",https://www.food.com/recipe/real-down-home-southern-country-biscuits-and-gravy-386570,40m,30m,1h 10m,"8 biscuits, 4 serving(s)",2   cups    self-rising flour | 1   large    egg | 1/4  cup    oil | 1   cup    buttermilk | 3   tablespoons    flour | 3   tablespoons    oil | 12   ounces    evaporated milk | 12   ounces    water | 1/4  teaspoon    salt | 1/4  teaspoon    black pepper,"FOR THE BISCUITS:. | Wash Hands. | Sift flour into a medium or large mixing bowl. Shake the bowl side-to-side lightly to even out the flour. | Beat the eggs slightly to blend yolks and whites. | Combine oil and egg with half the buttermilk and pour into the flour. Mix thoroughly with a large spoon or fork, or use your hand to squeeze the dough through your fingers, until the dough is well blended. | Add the remaining buttermilk, a little at a time, blending into the dough after each addition, until the right consistency is achieved. | The dough should be just firm enough to form into balls but light enough to slump slightly when placed onto the baking sheet. Experience will enable you to tell from the feel of the dough. If dough is too light, add flour, 1 tablespoon at a time, mixing thoroughly each time, until the dough is the right consistency. If dough is too dense (stiff), add buttermilk, 1 tablespoon at a time, blending well into the dough after each addition, until the dough is the right consistency. | Clean the dough off your hands, then rinse and dry them. Flour the palms and fingers of both hands to prevent the dough from sticking to them. | Pinch off a handful of dough roughly 2/3 the size you want your biscuits to be and roll it between your hands in a circular motion, using just enough pressure to form a ball. Shaping the dough will flour the outside of the biscuit. | Place the ball of dough onto an ungreased baking sheet and press down with fingers just enough to flatten the dough slightly and form the biscuit shape. Repeat, flouring hands after each dough ball is formed and placing biscuits about 1/2-inch to 3/4-inch apart, until all the dough is used up. | Cathead Biscuits. | For cathead biscuits, use about half again as much dough for each biscuit as you would use for regular size biscuits, leaving them thicker than for regular biscuits. Place cat-head biscuits about 3/4-inch apart on the baking sheet. | Place the pan of biscuits as close to the vertical center of the preheated 350-degree oven as your rack guides will allow and bake for 20-30 minutes. Check biscuits after 20 minutes and periodically thereafter until done. Biscuits will be done when the tops are golden brown. Cathead biscuits will take longer to bake. The lower edges of the biscuits may be slightly lighter than the center. | Remove biscuits from oven when done. Serve hot. | Makes 8 to 10 biscuits, or 4 to 5 cathead biscuits. | FOR THE GRAVY. | Mix evaporated milk and water and set aside within reach. | In a large, cast iron skillet, combine oil (or meat fat), flour, salt, and pepper. | Over medium-high heat, stir in flour until blended with oil. With a fork, tines flat against the skillet's bottom, stir the mixture constantly, using a back-and-forth motion, until it begins to brown very slightly. Do not allow the flour to scorch or burn. | When flour has browned slightly, pour in milk, all at once, stirring constantly. | Continue to stir, scraping the bottom of the skillet as you stir, in the manner previously described, to keep flour and milk from scorching and to keep lumps from forming. Bring to a boil, stirring constantly. | As soon as the mixture boils, marked by a sudden foaming up of the mixture, reduce heat to medium so that mixture simmers but does not boil over. Briefly lift pan from heat if necessary to keep contents from boiling over. Don't forget to use a pot holder to avoid being burned. | Continue to stir vigorously, as described above, until gravy achieves desired thickness, usually within a minute or two after boiling. When the gravy is the desired thickness, immediately remove from heat. Serve from the skillet or pour into a serving bowl. | Add additional salt and pepper if needed. | Serves 4.","https://img.sndimg.com/food/image/upload/q_92,fl_progressive,w_1200,c_scale/v1/img/recipes/38/65/70/USRIKmeSdyZQigo1FpL5_biscuits%20and%20gravy%20SITE-2.jpg",Breads,All,"Breakfast,Weeknight,< 4 Hours,Easy",609.9
Dutch Baby,"I've had these a lot at B&B's, probably because they're delicious and dependable if the right technique is used. This dish is puffy around the outside and flat in the center offering the perfect nest for sliced fresh fruit. It's airy, light and makes a beautiful presentation. The batter can be made up to a day ahead and refrigerated.",https://www.food.com/recipe/dutch-baby-74146,15m,30m,45m,2-3 serving(s),"3/4  cup    milk | 1/2  cup    unbleached all-purpose flour | 2   large    eggs | 1 1/2  tablespoons    sugar | 1/2  teaspoon    pure vanilla extract | 3   tablespoons    unsalted butter | 1   tablespoon    confectioners' sugar | 1 1/2  cups   thinly sliced fresh fruit, of choice  (peaches, nectarines, strawberries, raspberries, blackberries, blueberries,mangoes, etc.)","Fifteen minutes before baking preheat the oven to 450&#xB0;; have a pie plate or oven-proof skillet ready. | Whisk together the milk, flour, eggs, sugar and vanilla; put the butter in the pie plate or skillet and place the pan in the oven just until the butter is melted; with a brush coat the rim and entire inside of the pan. | Slowly pour batter into hot pan; bake for 20 minutes; reduce heat to 350&#xB0; and bake another 8-10 minutes, until pancake is well-browned; remove from oven and sieve confectioners' sugar over the top; serve immediately with fruit spooned into the center of the pancake.","https://img.sndimg.com/food/image/upload/q_92,fl_progressive,w_1200,c_scale/v1/img/recipes/74/14/6/FGe5KRTRQoeXrA54SKUN_DB%205%20-%20final_3.jpg",Breakfast,All,"Dessert,Lunch/Snacks,Raspberries,Strawberry,Plums,Berries,Fruit,Christmas,Sweet,Brunch,< 60 Mins,Oven,Beginner Cook,Easy,Inexpensive",451.7
Tasty Oatmeal the Microwave Way!,"This is NOT boring oatmeal! I've hooked many a &quot;I don't care for oatmeal&quot; folks w/ this one! Other than the basics (water, oats, &amp; salt), the ingredients are optional and may be varied to suit individual tastes.",https://www.food.com/recipe/tasty-oatmeal-the-microwave-way-184141,2m,5m,7m,1 serving(s),1   cup    water | 1/2  cup    rolled oats | 1   dash    salt | 2   tablespoons    brown sugar | cinnamon (I must use a teaspoon) | 2   tablespoons   chopped walnuts | 1/4  cup    dried cherries (see Notes below),"Combine ingredients in microwave safe dish/pot. Nuke 2 mins 20 sec. Stir. If still &quot;water-y,&quot; nuke 10-15 seconds. | ***Note #1: I often use whatever fresh fruit I have on hand --  chopped apples, cut up bananas, fresh peaches, etc. | ***Note #2:  I also like to use dried fruit such as raisins, cherries, blueberries, etc. When using dried fruit, I like to nuke the fruit in enough water to cover for appx 2 mins, depending on the size of the fruit and it's estimated moisture content. | ***Note #3:  After nuking dried fruit, do not drain if there is any water left. Add the other ingredients to the pot and go from there. | ***Note #4: Other than the water and oats, I don't actually measure the other stuff, just adding a handful of this and some of that.","https://img.sndimg.com/food/image/upload/q_92,fl_progressive,w_1200,c_scale/v1/img/recipes/18/41/41/AIMpyGjbRzCAsRDgNGC0_microwave-oatmeal-cherries-3868.jpg",Breakfast,All,"Microwave,< 15 Mins,Easy",352.6
Quiche Lorraine Cups,Simple yet elegant - this is a make over of the old standard gourmet recipe. Serve with fresh fruit salad.,https://www.food.com/recipe/quiche-lorraine-cups-19170,15m,25m,40m,"12 Quiche Lorraines, 6 serving(s)","12      cooked crepes (, see <a href=""https://www.food.com/recipe/all-purpose-dinner-crepes-batter-19104"">All Purpose Dinner Crepes Batter</a>) | 4   slices    bacon, cooked crisp &amp,crumbled | 1   cup    swiss cheese, grated | 2   tablespoons    flour | 1/4  teaspoon    salt | 2       eggs | 1   cup    milk","Lightly grease a 12 muffin pan or 12 custard cups. | Line each with a crepe, fluting them. | Sprinkle bacon into the crepes. | Divide the cheese between the crepes. | Mix together the flour, salt. | Mix the beaten eggs and milk, add to the flour. | Blend well and pour into the crepes on top of the cheese. | Bake in 350F oven for 15-20 minutes or until firm. | Cool 5 minutes before removing from pan.","https://img.sndimg.com/food/image/upload/q_92,fl_progressive,w_1200,c_scale/v1/img/recipes/19/17/0/U4luIVT7QGyCun9REDLV_DSC04899-2.jpg",Savory Pies,All,"Breakfast,Lunch/Snacks,Pork,Cheese,Meat,Canadian,< 60 Mins,Oven,Easy",152.2
Old Fashioned English Breakfast Sausage (Or Sausage Patties),This recipe was copied from a little sausage booklet and has been well enjoyed over the years. Make these for those special holiday weekend breakfasts. The aroma alone has everyone up waiting for breakfast to be served. You can double or triple the recipe as these freeze well.,https://www.food.com/recipe/old-fashioned-english-breakfast-sausage-or-sausage-patties-104052,15m,20m,35m,10-12 serving(s),2   lbs    pork (a good mix of fat and lean using a fine grind works best) | 1   cup    fine dry breadcrumb | 2 -3   teaspoons    salt | 1/2  teaspoon    white pepper | 1/4  teaspoon    ground ginger | 3/4  teaspoon    ground sage | 1/4  teaspoon    thyme leaves | 1/8  teaspoon    ground allspice | 1/2  cup    ice water,"Place all ingredients in a large bowl,mixing well to assure spices are evenly distributed. | Form into patties, refrigerate several hours to allow spices to blend. | Fry over medium heat until well browned and cooked through, with no pink showing. | NOTE this mixture may be stuffed into small casings, making 3-4 inch links, your guests will be so impressed!","https://img.sndimg.com/food/image/upload/q_92,fl_progressive,w_1200,c_scale/v1/img/recipes/10/40/52/XZ0f1Ig0RDq7nEDlHKXG_english-breakfast-sausage_0512.jpg",Breakfast,All,"High Protein,High In...,Brunch,< 60 Mins",225.7
"Bacon, Egg and Cheese Biscuit","Say goodbye to those expensive but small frozen breakfast sandwiches.  These are over the top.  Make them up ahead of time and put them in the freezer.  When ready to enjoy, defrost, wrap in paper towel and zap for a minute or two in the microwave.  This recipe is for 6 but can easily be doubled to 12.  The biscuits can be baked along with the eggs.  Enjoy!",https://www.food.com/recipe/bacon-egg-and-cheese-biscuit-237394,15m,12m,27m,6 serving(s),"6       biscuits, baked and cooled  (I used <a href=""https://www.food.com/recipe/sourdough-whole-wheat-biscuits-97361"">Sourdough Whole Wheat Biscuits</a>.) | 6   slices    Canadian bacon | 5       eggs | 1/4  cup    milk | salt | pepper | 1/4  cup    cheddar cheese, grated","Preheat oven to 425 degrees. | Spray a 6 cup muffin tin with non-stick cooking spray and set aside. | In a small bowl, beat together the eggs and milk; salt and pepper to taste. | Divide the egg mixture evenly between the prepared muffin tins and place in preheated oven. | Bake for 8 to 10 minutes or until eggs are set; immediately sprinkle with grated cheese. | Remove from muffin tin and allow eggs to cool completely. | Split the biscuits and top each with a slice of the Canadian bacon. | When the eggs are cooled, place one on top of each slice of bacon. | Wrap in foil and freeze until ready to enjoy. | When ready to reheat, place in the refrigerator the night before, in the morning, wrap in a paper towel and reheat in the microwave at 70 percent power for 1 minute or until heated, turning after 30 seconds. | Please note that the microwave times are only estimates.  Each microwave is different.","https://img.sndimg.com/food/image/upload/q_92,fl_progressive,w_1200,c_scale/v1/img/recipes/23/73/94/02K3XFTRfqoji6twlwza_0S9A9432.jpg",Breakfast,All,"Cheese,< 30 Mins,Oven,Easy",341.6
Savory Breakfast Tart,Make and share this Savory Breakfast Tart recipe from Food.com.,https://www.food.com/recipe/savory-breakfast-tart-536346,30m,40m,1h 10m,"1 9"" tart pan, 6 serving(s)",1 1/2  cups    all-purpose flour | 1/2  teaspoon    salt | 8   tablespoons    butter | 4   tablespoons    ice water | 1/4  lb    gruyere cheese | 1   tablespoon    olive oil | 1   large    yellow onion | 1/4  cup    bacon bits | 2       egg yolks | 1       egg | 1   cup    heavy cream | 1   teaspoon    salt | 1/2  teaspoon    black pepper | 1/4  teaspoon    nutmeg | 1   tablespoon    olive oil | 1   large    red onion | 1       garlic clove | 1/2  cup    Granny Smith apples | 28   ounces    crushed tomatoes | 1/4  cup    balsamic vinegar | 1   teaspoon    salt | 1/2  teaspoon    black pepper,"Crust:. | Preheat oven to 400 degrees fahrenheit. | Chopped chilled butter into 1/4 inch pieces and mix in flour and salt.  Add water until dough holds together loosely. | Shape into a 5&quot;x5&quot; disc and wrap in cling wrap; chill in refrigerator for 15 minutes. | Press dough into tart pan using &quot;lift and pinch&quot; method. Poke 3-4 times with fork.  Line with parchment paper or tin foil, and fill with baking beads or rice. | Bake for 15 minutes, remove parchment and baking beads, then bake for an additional 5 minutes. | Set aside to cool. | Filling:. | Dice yellow onion and saute in olive oil until carmelized.   Remove from heat. | Line bottom of tart crust with grated Gruyere cheese. | Layer bacon bits on top. | Once cooled, gently lay sauteed onions on top of bacon layer. | Whisk together egg yolks, egg, salt, pepper, and heavy cream. | Pour egg mixture into tart crust until filling approaches top edge of tart crust. | Sprinkle grated parmesan on top. | Cook tart in oven for 20-25 minutes. | Allow to cool before serving. | Tomato Balsamic Jam:. | Dice onions and garlic. Use box grater to coarsley grate apple. | Saute onions and garlic in large sauce pan until onions are translucent (about 5 minutes). | Add in apple, vinegar, salt, pepper, and tomatoes. | Keep on low simmer stirring occasionally, for about 45 minutes until jam has paste consistency. | Remove from heat.  Once jam has cooled, spread a thin layer in a ring on top of tart.  Garnish with arugala (optional).","https://img.sndimg.com/food/image/upload/q_92,fl_progressive,w_1200,c_scale/v1/img/recipes/53/63/46/wvvIUhCSQVSbRJwiL1uQ_0S9A9346.jpg",Breakfast,All,"Brunch,< 4 Hours",629.5
Veggie Breakfast Casserole,Make and share this Veggie Breakfast Casserole recipe from Food.com.,https://www.food.com/recipe/veggie-breakfast-casserole-20002,10m,35m,45m,8 serving(s),"3   cups   cubed and cooked potatoes | 2   tablespoons    soy sauce | 1 1/2  lbs    firm tofu, mashed | 1   medium    onion, chopped | 2       garlic cloves, crushed | 2   tablespoons    olive oil | 2   tablespoons    parsley | 2   teaspoons    basil | 1/2  teaspoon    black pepper | paprika","Mix together the potatoes, tofu, and soy sauce. | Saute the onion and garlic in the oil until translucent. | Preheat the oven to 325 degrees F. | Mix the onion and garlic into the potato mixture, and add the parsley, basil, and black pepper. | Spread into an oiled 8 x 8 x 2-inch baking dish. | Sprinkle with paprika and bake for 35 minutes.","https://img.sndimg.com/food/image/upload/q_92,fl_progressive,w_1200,c_scale/v1/img/recipes/20/00/2/EMTZKGukQ9SXPVf0oodQ_untitled-8531.jpg",Breakfast,All,"Potato,Soy/Tofu,Beans,Vegetable,Vegan,Low Cholesterol,Kosher,Potluck,< 60 Mins,Oven,Easy",142.8
Grandma B's Super Waffles,This was my grandma's favorite waffle recipe. It has become a family favorite enjoyed on special occasions not only by her grandchildren but great-great grandchildren as well. The clipping is yellow with age clipped I suspect from the local daily paper many many years ago.,https://www.food.com/recipe/grandma-bs-super-waffles-89575,15m,5m,20m,6-8 serving(s),"2   cups   sifted all-purpose flour | 3   teaspoons    baking powder | 1   teaspoon    baking soda | 1   teaspoon    salt | 2   cups    sour milk (note below) or 2   cups    buttermilk (note below) | 4       eggs, well beaten | 3/4  cup   melted margarine (I use margarine or butter) or 3/4  cup    salad oil (I use margarine or butter)","note: if you do not have sour milk or buttermilk measure 2 tablespoons vinegar into your 2-cup measuring cup and fill to the two-cup mark with sweet milk and let it stand while you prepare other ingredients. | Sift together: 2 cups all-purpose flour 3 teaspoons baking powder 1 teaspoon baking soda 1 teaspoon salt. | Combine: 2 cups sour milk or butter milk 4 eggs well beaten Add the milk and eggs to dry ingredients,beat until smooth with a hand mixer or electric mixer on high speed. | Stir in 3/4 cup melted margarine or salad oil. | Bake in preheated waffle iron until crisp and golden. For large maker 2 cups for small maker 1 cup batter. | Serve with your favorite toppings.","https://img.sndimg.com/food/image/upload/q_92,fl_progressive,w_1200,c_scale/v1/img/recipes/89/57/5/3L7sziKSZGMeZPftbS2L_0S9A9055.jpg",Breakfast,All,"Brunch,< 30 Mins",452.9
Grilled Breakfast Burrito,"A soft flour tortilla, rolled and lightly grilled, filled with scrambled eggs, sausage, potatoes, onions, peppers, and two cheeses.",https://www.food.com/recipe/grilled-breakfast-burrito-241728,30m,15m,45m,5 serving(s),"1/4  cup    vegetable oil | 2   large    potatoes, diced | 1       onion, diced | 1/2      bell pepper, diced | 1/4  cup    butter or 1/4  cup    margarine | 8       eggs, beaten | 1   lb    breakfast sausage or 1   lb    chorizo sausage, cooked and drained | 1   teaspoon    salt | 1/2  teaspoon    fresh ground black pepper | 1   cup    monterey jack cheese, shredded | 1   cup    sharp cheddar cheese, shredded | 10   large    flour tortillas | nonstick cooking spray","Heat 1/4 cup of vegetable oil in a large skillet over medium heat.  Fry potatoes until almost cooked through, then add onions and peppers, continuing to cook until vegetables are tender.  Drain, set aside. | In the same skillet, melt butter or margarine over medium heat.  Scramble eggs, adding potatoes, vegetables, and sausage during the last few moments of cooking.  Add salt and pepper to taste. | Top each tortilla with cheese and part of the egg mixture, roll into a burrito.  Spray a hot grill (I use a family size George Foreman) with cooking spray.  Grill for approximately 10 minutes or until lightly browned. | Serve hot with homemade Pico De Gallo, salsa, sour cream, or perhaps Spanish rice and refried beans.","https://img.sndimg.com/food/image/upload/q_92,fl_progressive,w_1200,c_scale/v1/img/recipes/24/17/28/VKExjrzgTn8a0r18M54g_0S9A5142.jpg",Breakfast,All,"Cheese,Tex Mex,Southwestern U.S.,Mexican,Spicy,Brunch,< 60 Mins,Beginner Cook,Easy",1612.1
Roti Canai (Authentic Malaysian Recipe),This is the authentic recipe used by the Mamak (Indians) in Malaysia. The recipes that have margarine or eggs and milk are not the ones they use in those Indian food stalls. Incredibly easy. must try!,https://www.food.com/recipe/roti-canai-authentic-malaysian-recipe-270723,10m,10m,20m,4 serving(s),2   cups    all-purpose flour | 1   tablespoon    salt | 1   cup    water | 1   cup    cooking oil,"Mix the salt in the water. | Put the flour in a mixing bowl. Add the salted water gradually. | Mix the flour into a dough. kneed until smooth. Make sure the texture of the dough is not too sticky and gooey. | Oil your hands with cooking oil and then make the dough into palm sized balls. | In a bowl pour some oil so that the dough doesn’t stick to the bowl. Put in the balls, coating it with oil as you put one on top of each other. After it is all in a bowl, totally immerse it in oil. Leave over night. | Oil your kneading space. Take out one dough ball, flatten it out into with you palms until the size of a dinner plate. | Flip it like a pizza (I put a link below to show you how to flip it). | Flip the dough a couple of times and spread it out until paper thin. | Take the one edge and fold it to the middle. Do this another three times so that it will turn into a square. | Grease a flat pan or skillet with cooking oil and cook until golden brown. | http://youtube.com/watch?v=3EucCu1zafk&amp;feature=related.","https://img.sndimg.com/food/image/upload/q_92,fl_progressive,w_1200,c_scale/v1/img/recipes/27/07/23/9iEMVgMhQxWMEDP3fydW_roti1%20(1%20of%201).jpg",Breads,All,"Breakfast,Asian,< 30 Mins,Easy",709.3
Breakfast Sandwich,"I made it up, but it was really easy because there are so many recipes like it. I like the recipe because you can do almost whatever you want to it. It tastes awesome however you make it.",https://www.food.com/recipe/breakfast-sandwich-10824,2m,5m,7m,"1 sandwich, 1 serving(s)",1   large    egg | 1   whole    bagel (i use a plain one) | 1   slice    cheese (any type) | 2      split sausages | 2   slices    bacon or 1   slice    ham (whichever you prefer) | butter (optional) or   cream cheese (optional) | cream cheese (optional) or   mayonnaise (optional),"heat butter in frying pan until it melts. | Fry sausage, or whatever you chose. | toast bagel until brown or however you desire it. | Spread your butter, mayo, etc. | onto the bagel. | when pan is hot, crack egg into the pan, and scramble it well. | next, add the cheese to the egg and leave it there till it melts. | put the egg onto your bagel and then add the sausage or bacon etc. | Enjoy your sandwich.","https://img.sndimg.com/food/image/upload/q_92,fl_progressive,w_1200,c_scale/v1/img/recipes/10/82/4/6occjgA3SbqzjMWMxjq9_breakfast-sandwich-bagel-3766.jpg",Breakfast,All,"Lunch/Snacks,Cheese,South American,Kid Friendly,< 15 Mins,Beginner Cook,Stove Top,Easy",1229.5
Korean-Inspired Breakfast Sandwich,Make and share this Korean-Inspired Breakfast Sandwich recipe from Food.com.,https://www.food.com/recipe/korean-inspired-breakfast-sandwich-534175,5m,10m,15m,1 serving(s),"2   slices    bread (Your Favorite) | 2   tablespoons    butter | 1/2  cup    cabbage kimchi | 3   slices   thick cut bacon | 1/2  teaspoon   korean red chile seasoning | 1/2  teaspoon    dried chipotle powder | 1       jumbo egg | canola nonstick cooking spray | 2   tablespoons    chimichurri sauce (recipe below) | 1   pinch    cilantro | 1 1/2  cups    Italian parsley, packed | 1/2  cup    cilantro | 1/2  cup    olive oil | 1/4  cup    fresh basil | 1/3  cup    red wine vinegar | 3       garlic cloves, peeled | 3/4  teaspoon    red pepper flakes | 3/4  teaspoon    cumin, Ground | 1/2  teaspoon    kosher salt","In a small bowl combine Bacon slices, Korean Chile Seasoning, and Chipotle Seasoning. Heat a saut&eacute; pan to medium-high and fry the seasoned bacon &ndash; about 3 minutes a side until it is jerky-like and slightly crispy. Remove and set aside. | On your bread slices spread a Tbsp of butter on each side. Toast to golden brown in a saut&eacute; pan or toaster oven. Set aside. | Finally fry up your egg. Over medium-high heat, spray your saut&eacute; pan with non-stick spray, crack your eggs and then immediately turn down to low. Allow it to cook for about 3 to 4 minutes. The goal here is to leave a runny yolk so you can go sunny-side up or over-easy. Remove and set aside. | Let's get to building! With one side of toasted bread on a plate, add a layer of Kimchi on the bottom, fold your bacon in half and add, and top with your freshly fried and runny egg.&nbsp;. | Wash, pick and clean Basil, Parsley and Cilantro. Throw all the ingredients into a blender. Puree on high until completely combined. Taste to make sure seasoning is correct. Put in container or squeeze bottle, use right away or refrigerate. Finally drizzle Chimichurri sauce and garnish with cilantro. Enjoy!","https://img.sndimg.com/food/image/upload/q_92,fl_progressive,w_1200,c_scale/v1/img/recipes/53/41/75/QrKIyDpSRkmaXxhnDPkl_0S9A3270.jpg",Breakfast,All,< 15 Mins,1570.6
Peach Pancakes,Make and share this Peach Pancakes recipe from Food.com.,https://www.food.com/recipe/peach-pancakes-248093,20m,20m,40m,4 serving(s),"1       egg, lightly beaten | 1/2  cup    peach yogurt | 1/2  cup    1% low-fat milk | 2   tablespoons    canola oil | 1   tablespoon    sugar | 1   cup    flour | 1   teaspoon    baking powder | 1/2  teaspoon    baking soda | 1/4  teaspoon    cinnamon | 1/2  cup    fresh peaches or 1/2  cup    canned peaches, chopped","Mix egg, yogurt, milk, oil, and sugar. | In a separate small bowl, combine the flour, baking powder, baking soda, and cinnamon with a wire whisk. | Add the flour mixture to the liquid | mixture and stir just enough to combine (batter may be lumpy). | Fold in the chopped peaches. | Spray a hot griddle lightly with cooking oil and preheat to 325 degrees. | Pour approximately 1/4 cup of batter on. | the griddle for each pancake. | Cook until light brown on the bottom. | Flip the pancakes over and finish cooking.","https://img.sndimg.com/food/image/upload/q_92,fl_progressive,w_1200,c_scale/v1/img/recipes/24/80/93/d2F5mrwmRtKKKZYuhs7Y_0S9A5178.jpg",Breakfast,All,"Fruit,< 60 Mins,Easy",258.2
Neapolitan Overnight Oat,Make and share this Neapolitan Overnight Oat recipe from Food.com.,https://www.food.com/recipe/neapolitan-overnight-oat-529396,10m,,10m,1 serving(s),"1/3  cup    milk | 2   tablespoons    cocoa powder | 1   tablespoon    Agave | 1/3  cup    rolled oats | 3/4  cup    vanilla Greek yogurt, divided use | 1   cup   sliced frozen strawberries | 2   teaspoons    sugar | sliced strawberry (to garnish) (optional)","In a pint sized jar with a lid, stir together the milk with cocoa powder and agave until well combined.  Stirl in the oats, cover and refrigerate overnight. | In a small food processor add the frozen strawberries, sugar and 2 tablespoons vanilla yogurt.  Process until smooth. | Top the chocolate oats with the remaining vanilla yogurt in an even layer, layer the strawberry mixture on top of the yogurt.  Top with sliced strawberries and serve immediately.","https://img.sndimg.com/food/image/upload/q_92,fl_progressive,w_1200,c_scale/v1/img/recipes/52/93/96/EOEJo2quQUK31lUy3Wbe_DSC03146-2.jpg",Oatmeal,All,"Breakfast,Strawberry,Berries,Fruit,< 15 Mins,Easy",288.7
English Muffins With Bacon Butter,Make and share this English Muffins With Bacon Butter recipe from Food.com.,https://www.food.com/recipe/english-muffins-with-bacon-butter-432013,10m,5m,15m,4-6 serving(s),"1/2  cup    butter, softened | 3/4  teaspoon    Dijon mustard | 4   pieces    bacon, cooked and crumbled | 4 -6       English muffins, split",In a bowl combine butter and mustard; stir in bacon. | Toast english muffins; spread with bacon butter. | Refrigerate any leftover butter.,"https://img.sndimg.com/food/image/upload/q_92,fl_progressive,w_1200,c_scale/v1/img/recipes/43/20/13/MQdDAzZkTIyK8hoBgrim_BACONBUTTER1%20(1%20of%201).jpg",Breakfast,All,"Weeknight,Brunch,< 15 Mins,Easy",370.1
Magic Crust Blender Quiche,Make and share this Magic Crust Blender Quiche recipe from Food.com.,https://www.food.com/recipe/magic-crust-blender-quiche-531171,15m,1h 30m,1h 45m,6-8 serving(s),"3   tablespoons    olive oil | 1 1/2  cups    milk | 3   large    eggs | 1/2  cup    baking mix, such as Bisquick | kosher salt & freshly ground black pepper | 1/4  cup   roughly chopped parsley | 1 1/4  cups    shredded cheddar cheese | 1   cup    cherry tomatoes, halved, about 4 ounces | 1   cup   diced zucchini | 1   cup    broccoli floret | 2       scallions, thinly sliced","Preheat oven to 350 degrees F. Grease a 9-inch deep glass dish pie plate with 1 tablespoon olive oil. | In a blender, combine milk, eggs, baking mix, 1 teaspoon salt, and 3/4 teaspoon pepper. Blend until smooth. Add parsley and blend just to combine. | Sprinkle cheddar in an even layer on bottom of pie plate. Top with zucchini, broccoli, and scallions. Pour egg mixture over vegetables. Top with tomatoes and drizzle with remaining 2 tablespoons olive oil. Transfer to oven. | Bake until quiche is puffed and golden brown and bottom of quiche look baked about 1 hour. Remove and let cool, 15 minutes, before slicing into wedges.","https://img.sndimg.com/food/image/upload/q_92,fl_progressive,w_1200,c_scale/v1/img/recipes/53/11/71/GheTn6qKT5JVAzOTZRZD_0S9A9657.jpg",Savory Pies,All,"Brunch,< 4 Hours",288.8
Beautiful Quiche Lorraine,"As we all know, this is one of the greatest lunch or brunch dishes ever invented. Prepare in advance, freeze, and bake when needed. This is one of the best recipes for Quiche I know of. Recipe source, &quot;The Country Innkeepers' Cookbook&quot;.",https://www.food.com/recipe/quiche-lorraine-65758,8m,45m,53m,6 serving(s),1 1/2  cups   grated natural swiss cheese | 4   tablespoons    flour | 1/2  cup   finely chopped cooked ham | 3       eggs | 1   cup    milk | 1/4  teaspoon    salt | 1/4  teaspoon    dry mustard | 1 (9   inch)    unbaked pie shells,"Combine the cheese and flour and sprinkle into the pie shell. | Spread the ham evenly over this. | Combine the eggs, milk, salt and mustard. | Beat until smooth and pour evenly over the cheese and ham. | Bake at 375 degrees for 45 minutes, or until the custard is set. | Serve warm, garnished with chopped parsley. | To freeze: Prepare recipe through step 4. Wrap well with saran wrap and then foil. Freeze. | To serve: Thaw in fridge overnight. Bake as directed.","https://img.sndimg.com/food/image/upload/q_92,fl_progressive,w_1200,c_scale/v1/img/recipes/65/75/8/msgH6Qh6fKeBsmuOOww4_QUICHE_LORRAINE_056.jpg",Savory Pies,All,"Lunch/Snacks,Ham,Pork,Cheese,Meat,Brunch,< 60 Mins,Oven,Beginner Cook,Easy,Inexpensive",366.1
Biltmore Goldenrod Eggs,"Easily made and a beautifully elegant presentation.  From the Southern chapter of the United States Regional Cookbook, Culinary Arts Institute of Chicago, 1947.",https://www.food.com/recipe/biltmore-goldenrod-eggs-277367,10m,10m,20m,4 serving(s),"3       eggs, hard cooked and peeled | 1   cup   medium white sauce, hot | 6   slices    bread, toasted | parsley, for garnish  (optional)",Separate yolks and whites of boiled eggs. | Chop whites finely and add to white sauce. | Pour sauce over 4 pieces of the toast. | Rub egg yolks through a strainer or crumble very finely and sprinkle over the top. | Cut remaining toast in triangles and place on side of dish. | Garnish with parsley.,"https://img.sndimg.com/food/image/upload/q_92,fl_progressive,w_1200,c_scale/v1/img/recipes/27/73/67/2AGbtmDORUmBhG9TCede_0S9A3649.jpg",Kid Friendly,All,"Brunch,< 30 Mins,Easy,Inexpensive",245.2
Croque Monsieur,Make and share this Croque Monsieur recipe from Food.com.,https://www.food.com/recipe/croque-monsieur-244200,5m,25m,30m,4-8 serving(s),"2   tablespoons    unsalted butter | 3   tablespoons    all-purpose flour | 2   cups   hot milk | 1   teaspoon    kosher salt | 1/2  teaspoon    fresh ground black pepper | 1   pinch    nutmeg | 12   ounces    gruyere, grated  (5 cups) | 1/2  cup   freshly grated parmesan cheese | 16   slices    white bread, crusts removed | Dijon mustard | 8   ounces   baked virginia ham, sliced but not paper thin","Preheat the oven to 400 degrees F. | Melt the butter over low heat in a small saucepan and add the flour all at once, stirring with a wooden spoon for 2 minutes. Slowly pour the hot milk into the butter–flour mixture and cook, whisking constantly, until the sauce is thickened. Off the heat add the salt, pepper, nutmeg, 1/2 cup grated Gruyere, and the Parmesan and set aside. | To toast the bread, place the slices on 2 baking sheets and bake for 5 minutes. Turn each slice and bake for another 2 minutes, until toasted. | Lightly brush half the toasted breads with mustard, add a slice of ham to each, and sprinkle with half the remaining Gruyere. Top with another piece of toasted bread. Slather the tops with the cheese sauce, sprinkle with the remaining Gruyere, and bake the sandwiches for 5 minutes. Turn on the broiler and broil for 3 to 5 minutes, or until the topping is bubbly and lightly browned. Serve hot.","https://img.sndimg.com/food/image/upload/q_92,fl_progressive,w_1200,c_scale/v1/img/recipes/24/42/00/QAKpU1SUQtWd1u3AKAkU_0S9A8964.jpg",Breakfast,All,"Lunch/Snacks,European,High In...,< 30 Mins,Easy",907.7
Vegan Breakfast Sausage,"I love this recipe, I've eaten it for breakfasts and lunches...  the texture and taste is very much like its' meat version... only this is way better for you.

Good enough to serve to meat eaters, I promise!",https://www.food.com/recipe/vegan-breakfast-sausage-437126,10m,10m,20m,4 serving(s),1   cup    cooked brown rice | 3/4  cup    rolled oats | 2   tablespoons    whole wheat flour | 1   tablespoon    ground flax seeds | 3   tablespoons    water | 1   teaspoon    molasses | 2   tablespoons    canola oil (divided) | 2   tablespoons    nutritional yeast | 1 1/2  tablespoons    tamari | 1/2  teaspoon    red pepper flakes (or more if desired) | 1   teaspoon    black pepper | 1 1/2  teaspoons    ground sage | 1/4  teaspoon    nutmeg | 1/4  teaspoon    thyme,"Stir together flax and water in a small bowl or cup, set aside. | In a food processor, add dry oats and pulse on high six or seven times, add the rice and pulse a few more times. | Add remaining ingredients including 1 T canola oil and flax/water mixture and blend till just mixed. (do not over process, you can finish mixing together with your hands). | With dampened hands, form balls the size of a ping pong ball and then flatten into little patties about 1/4&quot; thick (thicker if you like). | coat the bottom of a non-stick frying pan with the remaining 1 T canola oil and heat over medium high. | When the oil is hot, cook the patties on each side until they are browned. | transfer to a paper towel to blot off any excess oil before serving.","https://img.sndimg.com/food/image/upload/q_92,fl_progressive,w_1200,c_scale/v1/img/recipes/43/71/26/xVDv0JwmQNabJWz0VR5Z_untitled-0962.jpg",Breakfast,All,"Lunch/Snacks,Brown Rice,Medium Grain Rice,Rice,Vegan,Low Cholesterol,< 30 Mins,Inexpensive,From Scratch",228.3
Breakfast Tater-Tot Casserole,Make and share this Breakfast Tater-Tot Casserole recipe from Food.com.,https://www.food.com/recipe/breakfast-tater-tot-casserole-260476,1h,50m,1h 50m,4-6 serving(s),"2   tablespoons    butter | 2   lbs    frozen tater tots | 4       eggs | 1   cup    milk | 3   cups   shredded cheddar cheese | 2   cups   shredded mozzarella cheese | 1   cup    sour cream | 5       chives, chopped | 1/2  lb   spicy breakfast sausage | 2   teaspoons    seasoning salt | 1   tablespoon    hot sauce | 1/4  cup    breadcrumbs or 1/4  cup    seasoned stuffing mix | salt and pepper","Prepare a glass baking dish (at least 8x10) by spreading butter along the bottom and sides. | In a bowl, mix eggs, milk, sour cream, chives, seasoned salt, hot sauce and salt and pepper and whisk until well blended. | Add 2 cups cheddar and 1 cup mozzarella cheese and tots to mixture. Mix well until all tots are coated and all ingredients mixed. | In small pan, cook sausage until just before done (sausage will finish in the oven), drain well and add to tot mixture. | Pour the mixture into your pre-greased baking pan and top with the rest of the cheese and the bread crumbs. Spread topping evenly. | Bake at 350 degrees for 45 minutes or until topping is golden brown.","https://img.sndimg.com/food/image/upload/q_92,fl_progressive,w_1200,c_scale/v1/img/recipes/26/04/76/tnFRdHRiS3GZ4bpRVlRT_breakfast-tater-tot-casserole-3522.jpg",One Dish Meal,All,"Breakfast,Pork,Cheese,Meat,Brunch,Oven,Beginner Cook,Stove Top,< 4 Hours,Easy,Inexpensive",1587.5
Whole Wheat Pancakes,These are SO delicious - the honey & whole wheat give them a wonderful flavor. Hope you'll enjoy them as much as we do!,https://www.food.com/recipe/whole-wheat-pancakes-47669,5m,5m,10m,4-6 serving(s),1   cup    whole wheat flour | 2   teaspoons    baking powder | 1/2  teaspoon    salt | 1   tablespoon    honey | 3   tablespoons    oil | 1   cup    buttermilk | 2   large    eggs,Stir honey& oil together in a bowl. | Add milk& eggs& beat well. | Mix dry ingredients into the liquids until flour is moistened.,"https://img.sndimg.com/food/image/upload/q_92,fl_progressive,w_1200,c_scale/v1/img/recipes/47/66/9/3QHYVNrZTCY6cnyonM3w_WWW%202%20final%20-%20whole%20wheat%20waffles%20(1%20of%201).jpg",Breakfast,All,"High In...,< 15 Mins,Stove Top,Easy,Inexpensive",269.6
French Vanilla Almond Granola,"My husband loves the french vanilla almond granola found in the bulk bins at the grocery store. It is so expensive, I decided to come up with my own recipe. Slow baking and lots of vanilla make this granola crunchy and delicious. I have found that when I increase the recipe, it requires more baking time. When I double the recipe, I have to bake it for 3 hours or more. Just keep baking until dry to the touch.",https://www.food.com/recipe/french-vanilla-almond-granola-499965,10m,2h,2h 10m,"12 1/2 cup servings, 12 serving(s)",3 1/2  cups    old fashioned oats (not quick) | 1/2  cup    sliced almonds | 1/2  cup    water | 1/2  cup    natural cane sugar | 1/4  teaspoon    salt | 1/4  cup   organic canola oil or 1/4  cup    grapeseed oil | 1   tablespoon    vanilla extract,"Heat oven to 200 degrees F. Line a large, rimmed cookie sheet with parchment paper. | In a large bowl mix together the oats and almonds. | In a small saucepan over medium heat, stir the sugar and salt into the water. Cook and stir until sugar is dissolved. Remove from heat. Stir in canola oil and vanilla. Pour into the oat and almond mixture and stir until thoroughly combined. | Spread mixture out on the lined cookie sheet and bake for 2 hours, or until dry to the touch. Do not stir! Remove from oven and let cool before breaking apart into chunks. Store in an air-tight container.","https://img.sndimg.com/food/image/upload/q_92,fl_progressive,w_1200,c_scale/v1/img/recipes/49/99/65/picKQ5m3M.jpg",Breakfast,All,"Grains,Low Cholesterol,Brunch,< 4 Hours,From Scratch",187.1
Stuffed French Toast,"Thick vanilla French toast stuffed with strawberry cream cheese filling, served like sundae with a split banana, fresh whipped cream, rainbow sprinkles and all the sauces. With inspiration from Serayah.",https://www.food.com/recipe/stuffed-french-toast-535617,5m,10m,15m,2 serving(s),"2   tablespoons    cream cheese | 1   tablespoon    strawberry jam | 1/4  cup    strawberry, sliced | 2   slices    French bread | 1       egg | 1/2  cup    heavy cream | 1/2  teaspoon    pure vanilla extract | 1/2  teaspoon    brown sugar | 1   pinch    cinnamon | cooking spray | 1       banana, split lengthwise | 2   tablespoons    powdered sugar | whipped cream | chocolate syrup | caramel sauce | strawberry sauce | rainbow candy sprinkles","FRENCH TOAST:. | In a small bowl, combine cream cheese and strawberry jam. Stir in sliced strawberries. | Cut a slit through the side of each slice of bread, without cutting all the way through, to create a pocket. Scoop strawberry filling into the pocket and press gently shut. | In a shallow bowl, whisk together egg, heavy cream, vanilla extract, brown sugar and cinnamon. Dunk each slice of bread into egg mixture, soaking each side. Shake off any excess liquid. Cook bread slices on a lightly greased nonstick griddle or skillet on medium heat until browned on both sides, about 2 minutes per side. Remove from heat. | FOR ASSEMBLY:. | Frame the French toast with the split banana. Sprinkle powdered sugar. Use all other ingredients to top like a sundae.","https://img.sndimg.com/food/image/upload/q_92,fl_progressive,w_1200,c_scale/v1/img/recipes/53/56/17/XpfpCASGQgSPW4PQMdJU_0S9A5532.jpg",Breakfast,All,"< 15 Mins,Easy",610.0
Blueberry Almond Tart With Frangipane,"This lovely tart comes from the wonderful breakfast and brunch cookbook, Morning Glories by Donna Leahy.  When I made this I used coconut macaroons and then when I went back and looked at the title, I realized she intended for the recipe to use almond macaroons - oops!  Anyway, it was still really good.  Next time I'll use almond macaroons; I'll also add a bit of cinnamon to the blueberry filling.",https://www.food.com/recipe/blueberry-almond-tart-with-frangipane-215348,25m,40m,1h 5m,1 tart,"3/4  cup    milk | 2   teaspoons    vanilla | 1/2  cup    flour | 1/2  cup    sugar | 2      beaten egg yolks | 1/3  cup   crushed almond macaroon | 2   tablespoons    butter, softened | 1/2  lb    butter | 1/2  cup    sugar | 1   teaspoon    almond extract | 1   teaspoon   grated lemon zest | 2 1/4  cups    flour | 1 1/2  teaspoons    baking powder | 1/2  cup    sugar | 1/3  cup    flour | 1 1/2  tablespoons    cornstarch | 3   cups    blueberries (about 1 lb) | 1   teaspoon    lemon juice | 2   tablespoons    butter | 1/4  cup    powdered sugar","Frangipane:. | in a medium saucepan, bring the milk and vanilla to a boil.  Set aside. | In another saucepan, combine the flour, sugar, and beaten egg yolks. | Gradually add the hot milk till combined. | Cook slowly over low heat, stirring constantly, till cream thickens. | (at this point, I put it through a strainer to get rid of any cooked-egg lumps). | Pour the cream into a bowl and stir in the crushed macaroons.  Set aside to cool to room temperature. | Crust:. | Preheat oven to 350.  Using a mixer, cream together the butter and sugar; add the egg yolks, almond extract and lemon zest.  Beat till smooth. | Add the flour and baking powder and mix well. | Using a 9 or 10 inch tart or springform pan with removable bottome, press 2/3 of the dough in the bottom of the pan with your fingers and work the dough up the rim about 1/2 inch.  Set the remaining dough aside (refrigerating is a good idea - it may help rolling out later). | Filling:. | in a medium bowl, mix together the sugar, flour and cornstarch. Stir in the blueberries, sprinkle with lemon (and cinnamon if desired)and toss to coat blueberries evenly. | Assembly:. | spread an even layer of the frangipane in the bottom of the crust, using just enough to cover. | Pour in the blueberry mixture and dot the top with 2 T of butter. | On a floured surface, roll out the remaining dough to 1/16 inch thick (I found this dough quite moist and fragile, so sprinkle with flour). | Cut strips of dough 1/2 inch wide and arrange them diagonally, 1/2 inch apart, to form a lattice top.  Trim away overhanging dough. | Bake for 40 minutes or till lightly browned. | Dust with powdered sugar and serve warm.","https://img.sndimg.com/food/image/upload/q_92,fl_progressive,w_1200,c_scale/v1/img/recipes/21/53/48/picpTrJd5.jpg",Tarts,All,"Dessert,Berries,Fruit,< 4 Hours",5266.6
Pasteles De Guayaba (Guava and Cream Cheese Pastries),This is a childhood favorite that conjures up memories of growing up as a gringa in South Florida and sitting in the open air Cuban Cafes and indulging on these sweet pastries!  These pastries are wonderful with a caf&eacute; con leche!! They were a special treat that we were allowed to have on occasion for breakfast. It is actually one of the few things I actually miss about South Florida! The recipe is from Alex Garcia.,https://www.food.com/recipe/pasteles-de-guayaba-guava-and-cream-cheese-pastries-131662,20m,25m,45m,16-20 serving(s),"1   lb    cream cheese | 1   lb    butter (softened) | 1   lb    flour | 1 1/2  lbs    guava paste | sugar, for sprinkling","Blend the cream cheese, butter and flour until well mixed; Wrap in plastic wrap and refrigerate for at least 30 minutes. | Preheat oven to 375 degrees F. | Roll out the dough into a 1/4-inch thick square; Cut the rolled dough into 16 to 20 squares. | A little off center of each square, place 1 tablespoon guava paste. | Fold the dough over the guava paste, forming a triangle; Press the edges shut. | Place the pasteles onto a cookie sheet and sprinkle them with a thin layer of sugar. | Bake until the pasteles are evenly browned, about 25 minutes.","https://img.sndimg.com/food/image/upload/q_92,fl_progressive,w_1200,c_scale/v1/img/recipes/13/16/62/IvI5FWmxTAaMUmkTYuu5_0S9A7139.jpg",Breakfast,All,"Dessert,Tropical Fruits,Fruit,Cuban,Caribbean,Kid Friendly,Brunch,< 60 Mins,For Large Groups,Easy",403.9
Spinach Feta Frittata,"This is a beautiful frittata. We eat it for breakfast, lunch or dinner. With fresh fruit or salad depending on the meal. Enjoy",https://www.food.com/recipe/spinach-feta-frittata-19310,15m,35m,50m,4 serving(s),"1/2  package    frozen spinach, squeeze out water | 1   cup    onion, chopped | 1/2  cup    fresh mushrooms, sliced  (optional) | 1/2  cup    ham, chopped  (optional) | 3/4  cup    feta cheese, crumbled | 1/2  cup    mozzarella cheese | 6 -7       eggs, beaten | 1   tablespoon    olive oil | salt and pepper, to taste","Preheat oven to 350F degrees. | Cook onion in olive oil until opaque in a medium skillet. | Add mushrooms and cook for about 1 minute. | Add the spinach and cook until warmed through. | Grease a 9"" casserole dish with cooking spray. | Put the vegie mixture in the bottom of the casserole dish. | Add crumbled feta to the eggs and pour over. | Top with mozzarella cheese. | Bake at 350F for approx 30 minutes, or until the eggs are solid. | Cool for about 5 minutes then cut into serving size squares.","https://img.sndimg.com/food/image/upload/q_92,fl_progressive,w_1200,c_scale/v1/img/recipes/19/31/0/lqy0LRreTJCLTHriCEVQ_spinach-feta-frittata-2964.jpg",Breakfast,All,"Lunch/Snacks,Pork,Cheese,Vegetable,Meat,Brunch,< 60 Mins,Oven",279.6
Brie and Bacon Sandwiches,Russ and I stopped at a tiny pub in the English countryside for lunch. The menu was limited and the chef under stress as a full coach had just arrived. We were told all we could have were sandwiches-these were unbelievable. They were made with thickly sliced artisan bread and came with a salad of bitter leaves and fries on the side. We really didn’t need the fries! Australians and the English usually butter their bread but it’s up to you.,https://www.food.com/recipe/brie-and-bacon-sandwiches-191413,5m,5m,10m,4 sandwiches,"4   slices    bacon, halved | 8   slices    bread (buttered is optional) | butter (optional) | chutney | 100   g    brie cheese, sliced thin","Heat a pan over medium heat, cook bacon to your liking. | Meanwhile butter bread if you wish; spread one side with a little chutney. | Divide hot bacon between chutnied bread slices, top with cheese, bread and cut to serve. | Eat at once. | Good served with a green salad on the side.","https://img.sndimg.com/food/image/upload/q_92,fl_progressive,w_1200,c_scale/v1/img/recipes/19/14/13/SFggAsdSEi8eBlPlJzG4_THE%20FOOD%20GAYS%20-%20Bacon%20Brie%20Sandwich.jpg",Breakfast,All,"Lunch/Snacks,Pork,Cheese,Meat,Savory,Brunch,< 15 Mins,Stove Top,Easy",253.3
Honey Pecan French Toast,Make and share this Honey Pecan French Toast recipe from Food.com.,https://www.food.com/recipe/honey-pecan-french-toast-210621,20m,10m,30m,3 serving(s),"2   large    eggs | 3/4  cup    milk | 1   teaspoon    vanilla | 3/4  cup    pancake mix | 6   slices    thick bread (like Texas toast) | 2   tablespoons    butter or 2   tablespoons    margarine, divided | 1/2  cup    butter or 1/2  cup    margarine, softened | 1/2  cup    honey | 1/3  cup   chopped pecans, toasted","In a medium bowl, combine eggs, milk, and vanilla; beat well with a wire whisk. | Add pancake mix, beating until smooth. Pour mixture into a greased 13x9x2&quot; baking dish. | Place bread slices in egg mixture turning slices to coat evenly. | Let stand for 5 minutes or until all liquid is absorbed. | In a large skillet, melt 1 Tablespoon butter. Add 3 slices of bread; cook over medium heat for 3 minutes on each side or until golden brown. | Remove from the pan and keep warm. Repeat the process with the remaining butter and bread slices. | Serve immediately with the Honey Pecan Topping. | Honey Pecan Topping:. | In a small bowl, combine the butter and honey, stirring until smooth. | Add nuts, and stir well.","https://img.sndimg.com/food/image/upload/q_92,fl_progressive,w_1200,c_scale/v1/img/recipes/21/06/21/vUlP5WniSCO6ZwxL9gmL_honey-pecan-french-toast_0236-3840x2160.jpg",Breads,All,"Breakfast,Fruit,Nuts,< 30 Mins,Easy",967.0
Perfect Soft Boiled Eggs,"When I want a soft boiled egg I want the yolk soft and the white firm.  The boiling time has a lot to do with your elevation. 5 minutes is perfect for an elevation of 1100 ft (330 meters) if you are nearer sea level decrease the boiling time if at a higher elevation increase the time.  I was surprised that there wasn't a recipe for soft boiled eggs posted (just one with saltine crackers)  So simple as it may be I am sure there are many that struggle for the perfect boiled egg. Invest in an egg pricker, a little tool that will prick a small hole in the bottom of the egg allowing the air to escape, preventing the egg from cracking as it boils",https://www.food.com/recipe/perfect-soft-boiled-eggs-163724,2m,5m,7m,2 serving(s),4   large    eggs | 1   teaspoon    salt | 6   cups    water,"Bring the water to a rapid boil. | add saltand keep it at a rapid boil. | Prick the bottom (wider end) of the egg with an egg pricker | Immerse in the boiling water and boil for exactly 5 minutes. | Dash in cold water, crack &amp; enjoy.","https://img.sndimg.com/food/image/upload/q_92,fl_progressive,w_1200,c_scale/v1/img/recipes/16/37/24/PuuGpkuvRBqeNyABzxCG_PSBE%205%20-%20final_3.jpg",Breakfast,All,"Very Low Carbs,Low Protein,Brunch,< 15 Mins,Easy",143.0
Pioneer Woman's Monkey Bread,"Wow wow wow. Clearly, USC alums can cook ;) Loving this easy, simple and oh so delicious and gluttonous treat!
This calls for a bundt pan but I've successfully cut the recipe in a third and used a loaf pan.",https://www.food.com/recipe/pioneer-womans-monkey-bread-478520,10m,30m,40m,12 serving(s),1/2  cup    brown sugar | 1   cup    butter (1 cup) | 2 -3   teaspoons    cinnamon | 3 (10   ounce) cans   buttermilk biscuits (the non-flaky ones) | 1   cup    sugar,"preheat that oven to 350. | open up all three cans of biscuits and cut each biscuit into quarters. | At this time you&rsquo;ll want to combine the 1 cup of regular sugar with 2-3 teaspoons of cinnamon. I use 3 teaspoons of cinnamon and this gives it a fairly strong cinnamon flavor. If you&rsquo;re not so hot on cinnamon, cut it back to 2 teaspoons. Dump these into a 1 gallon zip bag and shake to mix evenly. | drop all of the biscuit quarters into the cinnamon-sugar mix. Go ahead&hellip;all of them. Yes, they&rsquo;re sticking together right now, but just trust me. | Once all the biscuit quarters are in the bag, seal it and give it a vigorous shake. You might have some excess sugar left over and that&rsquo;s okay. | Spread these nuggets out evenly in your bundt pan. I suppose you might want to grease this pan before doing this, but I&rsquo;m pretty sure the gallon of butter we are about to add will keep it safe. Un-greased always works for me. | melt those two sticks of butter together with 1/2cup of brown sugar. This can be light or dark brown sugar. | Stir together over a medium-high heat until the two become one. | Once the brown sugar butter has become one color, you can pour it over the biscuits.At first&hellip;it&rsquo;s going to look like too much. It&rsquo;s okay though. | Bake this @ 350 degrees for about 30-40 minutes until the crust is a deep brown on top. | If you have the willpower, allow this to cool for about 15-30 minutes before turning it over onto a plate. If it doesn&rsquo;t slide right down onto the plate, give it a few love-taps until it plops. It&rsquo;ll hold.","https://img.sndimg.com/food/image/upload/q_92,fl_progressive,w_1200,c_scale/v1/img/recipes/47/85/20/npPc9B4Tf9O7gABeaHgO_Pioneer%20womans%20monkey%20bread%20478520-8.jpg",Breads,All,"Dessert,Kid Friendly,Sweet,Weeknight,Brunch,< 60 Mins,Beginner Cook,Easy,Inexpensive",460.7
Delicious Homemade Donuts,"Real homemade, no shortcuts here. I love bavarian cream (vanilla pudding) filled donuts dusted with powdered sugar or strawberry filled donuts dusted with granular sugar. Make the donuts and let your imagination get creative with fillings &amp; toppings. These taste very close to Dunkin' Donuts.",https://www.food.com/recipe/delicious-homemade-donuts-329463,2h 30m,5m,2h 35m,10 donuts,"1 (1/4  ounce) package   active dry yeast | 1/2  cup   lukewarm 2% low-fat milk | 1   tablespoon    sugar | 2   cups    flour | 1/2  teaspoon    salt | 1   large    egg, beaten | 1   tablespoon    butter, melted and cooled | vegetable oil, for frying | fruit preserves (or pudding, cream filling, etc) | cinnamon sugar | confectioners' sugar | chocolate icing","In a small bowl mix the yeast with the milk and sugar. Let sit until foamy, about 10 minutes. In a mixing bowl of a stand mixer fitted with the dough hook, combine flour and salt.  When yeast is ready, add that to the mixing bowl. | Add the egg and butter. Begin to mix the ingredients into a soft, but not sticky, dough. (Add a little extra milk or extra flour, 1 tablespoon at a time as needed). Knead dough until smooth and elastic. Transfer the dough to a lightly oiled bowl, cover, and let rise until doubled in size, about 2 hours. | Punch down the dough. Turn out onto a lightly floured surface and knead for a few seconds. With a lightly floured rolling pin, gradually roll out the dough to about 1/2-inch thick. (When rolling dough, let it rest periodically to relax). Cut out into 3&quot; rounds with a lightly floured biscuit cutter. Re-roll the scraps to make more rounds. | Place the doughnuts on lightly floured baking sheets, spacing them apart, and cover lightly with a dry towel. Let rise in a warm spot until doubled in size, about 20 minutes. | Using a deep fryer (or fill a heavy pot with 3&quot; vegetable oil) and heat to 325&deg;F Fry the doughnuts, a few at a time, until golden and puffed, 4-5 minutes, turning frequently using a slotted spoon. | Lift the doughnuts from the oil and place onto a cooling rack. Once cooled, fill a pastry bag using your filling of choice.  Insert the tip into the end of each doughnut and pipe approximately 1-2 tsp filling into them. Dust with confectioners' sugar, coat with chocolate icing, or dip in glaze. Best eaten the same day.","https://img.sndimg.com/food/image/upload/q_92,fl_progressive,w_1200,c_scale/v1/img/recipes/32/94/63/76TyyrrSIOJo7j8n4mXc_untitled-2091.jpg",Breads,All,"Breakfast,Fruit,Healthy,Brunch,< 4 Hours,Easy",121.6
French Toast Roll Ups,Make and share this French Toast Roll Ups recipe from Food.com.,https://www.food.com/recipe/french-toast-roll-ups-533191,5m,5m,10m,8 serving(s),"8   slices    white bread, crusts removed | 8   teaspoons    nutella | 5 -6       strawberries, chopped | 2       eggs, beaten | 2   tablespoons    milk | 1/2  teaspoon    vanilla extract | kosher salt | 2   tablespoons    unsalted butter | 1/4  cup    sugar | 1/2  teaspoon    cinnamon | maple syrup","On a flat surface, using your hand, or a rolling pin, flatten each slice of bread. Leaving a 1/4&rdquo; border from the bottom edge, spread 1 teaspoons Nutella on the bottom third of the bread. Top with chopped strawberries. Starting from the bottom, tightly roll up the bread. Repeat with remaining bread. | Add eggs to a shallow dish. Whisk in milk, vanilla extract, and a pinch of salt. Add the bread rolls, allowing the bread to soak up the milk mixture, turning once or twice as needed. Remove from mixture and allow excess to drip off before adding to the pan. | Heat a large skillet over medium-high. Add 2 Tbs. butter. Add the bread rolls, and cook, turning occasionally, until golden brown on all sides, about 5 minutes. | In a shallow bowl, combine cinnamon and sugar. Roll warm roll ups in the sugar mixture and serve immediately with maple syrup.","https://img.sndimg.com/food/image/upload/q_92,fl_progressive,w_1200,c_scale/v1/img/recipes/53/31/91/FNOCiS7oR4ygqdXpbRm8_8CC65802-B5EA-4C2E-8075-8CAA3CF80877.jpeg",Breakfast,All,< 15 Mins,173.4
Fragrant Egg Curry,Make and share this Fragrant Egg Curry recipe from Food.com.,https://www.food.com/recipe/fragrant-egg-curry-331061,10m,45m,55m,4 serving(s),"1       Spanish onion, chopped | 2   tablespoons   grated fresh ginger | 2       garlic cloves, crushed | 2   tablespoons    light oil | 2   tablespoons   good-quality curry powder | 1/2  teaspoon    ground turmeric | 1       cinnamon stick | 10      fresh curry leaves | 425   g    diced tomatoes | 8       hard-boiled eggs | 1/3  cup    red lentil | 1   cup    peas (frozen are fine) | 2   tablespoons   chopped fresh coriander | cooked rice, to serve","Place onion, ginger and garlic in a food processor and process to form a paste. | Heat the oil in a heavy-based saucepan, add the paste and cook over low heat for 2-3 minutes. Add the spices and cook for 1 minute, stirring to release the flavours. Add the tomatoes and 500ml (2 cups) water and bring to the boil. Reduce heat to medium and simmer for 15 minutes. | Meanwhile, shell and halve the eggs and add to the pan with the lentils and peas - if mixture is too thick add an extra 125ml (1/2 cup water). Cook over low heat for 15 minutes or until lentils are soft. Stir in the coriander and serve with cooked rice.","https://img.sndimg.com/food/image/upload/q_92,fl_progressive,w_1200,c_scale/v1/img/recipes/33/10/61/jb4MnQyTRaPEbzKjvNk9_fragrant-egg-curry_0712.jpg",Asian,All,"< 60 Mins,Easy",289.6
Scallion Crab Quiche,Make and share this Scallion Crab Quiche recipe from Food.com.,https://www.food.com/recipe/crab-quiche-72567,30m,45m,1h 15m,4-6 serving(s),"2   large    eggs | 1/2  cup    sour cream | 1/2  cup    milk | 2   tablespoons    butter, melted | 2   tablespoons    all-purpose flour | 1   teaspoon    salt | 1/4  teaspoon    fresh ground pepper | 1   cup    crabmeat | 1   cup   shredded swiss cheese | 1/2     chopped green onion | 1       9 inch pie shell, unbaked","Preheat oven to 350 degrees F. | In a medium bowl, whisk together eggs, sour cream, milk, butter, flour, salt and pepper until thoroughly blended. | Fold in crab, cheese and onions, blending well, spread into prepared pie shell. | Bake for 40 to 45 minutes or until a knife inserted in the center comes out clean.","https://img.sndimg.com/food/image/upload/q_92,fl_progressive,w_1200,c_scale/v1/img/recipes/72/56/7/UEAujvnnS22w9YWFvO3B_december%20files-22.jpg",Lunch/Snacks,All,"Crab,Weeknight,Brunch,< 4 Hours,Easy",474.5
Poached Eggs Florentine,Make and share this Poached Eggs Florentine recipe from Food.com.,https://www.food.com/recipe/poached-eggs-florentine-328201,10m,20m,30m,2 serving(s),"2   teaspoons    cornstarch | 1/3  cup    2% low-fat milk | 2   tablespoons    butter | 3   tablespoons    gruyere cheese, grated | 1   dash    kosher salt, to taste | 1   dash    black pepper, to taste | 1   dash    nutmeg (optional) | 1/2  tablespoon    olive oil | 2       green onions, chopped  or 1/4  cup   thinly sliced leek | 2   cups   fresh Baby Spinach | 1/4  teaspoon    dill weed | 1   dash    kosher salt, to taste | 1   dash    black pepper, to taste | 1   teaspoon    vinegar | 2       eggs or 1   cup    Egg Beaters egg substitute | 2   slices    whole wheat bread, toasted | 1   dash    paprika, garnish","CHEESE SAUCE: Mix the cornstarch to a paste with about a 1/4 cup of the milk. Pour the remaining milk and butter into a nonstick saucepan and bring to a boil. Reduce to simmer. | Stir the boiling milk into the cornstarch mixture, then pour back into the pan. Bring to a boil, stirring. Once it has thickened, simmer for 2 minutes. | Remove from the heat, stir in the Gruy&egrave;re cheese, salt, pepper, and optional nutmeg. Cover the surface of the sauce with parchment paper to prevent a skin from forming and set aside in a warm place. | SPINACH: Heat the oil in a large saucepan. Add the green onion (or leeks) and saute' for about 3 minutes, until they begin to soften. | Add the spinach and stir over medium heat for 2–3 minutes until the spinach has wilted and the leeks are tender. | Drain the vegetables in a sieve or fine mesh strainer, pressing down with the back of a spoon to remove any excess moisture. Return to the pan and season with dill, salt, and pepper. Cover and keep warm. | EGGS: half-fill a medium sized frying pan with water and bring to a simmer. Add the vinegar. Break in the eggs, and cook gently for 3–4 minutes, spooning the hot water over the yolks. Lift out the eggs with a slotted spoon and drain on paper towel. | Preheat the broiler. Place the whole wheat toast slices onto a parchment lined baking sheet.  Spread the leek and spinach mixture evenly over each toast. Make a hollow in each spinach mixture using the back of a spoon and place a poached egg in each hollow. | Spoon the cheese sauce over the eggs. Lightly dust with paprika, then place the dish under the broiler. Broil until just lightly browned.","https://img.sndimg.com/food/image/upload/q_92,fl_progressive,w_1200,c_scale/v1/img/recipes/32/82/01/iRJ1ohPlQVqSJfXI9baZ_FLORENTINE1.jpg",Breakfast,All,"Spinach,Greens,Vegetable,Brunch,< 30 Mins,Inexpensive",363.4
Maple Cream Cheese French Toast Casserole,"Plan ahead this needs to be refrigerated for a minimum of 8 hours or overnight. I tossed the bread cubes with a couple teaspoons of cinnamon before placing in the baking dish, but that is optional, if you prefer a less sweeter taste just omit the white sugar completely --- this is *very* good!",https://www.food.com/recipe/maple-cream-cheese-french-toast-casserole-160390,8h,50m,8h 50m,6-8 serving(s),"10   cups    bread cubes (cut into about 1-inch cubes, use stale bread but not hard for this) | 1 (8   ounce) package   cream cheese | 3 -4   tablespoons    sugar (optional or to taste) | 8   large    eggs, slightly beaten | 1 1/2  cups    full-fat milk | 2/3  cup    half-and-half cream (or use all half and half cream) | 1/2  cup    maple syrup | 2   teaspoons    vanilla | powdered sugar","Place the bread cubes in a buttered 13 x 9-inch baking dish. | In a bowl beat the softened cream cheese with sugar at medium speed with an electric mixer until smooth and well combined. | Add in eggs one at a time mixing well after each addition. | Add in milk, half and half cream, maple syrup and vanilla; beat until well combined. | Pour the cream cheese mixture over the bread cubes in the baking dish, using a fork or spoon gently lift the cubes so that they coat evenly with the egg mixture. | Cover with plastic wrap and refrigerate for 8-24 hours. | Next morning set oven to 375&deg;F. | Remove the dish from the fridge and let sit out at room temperature for 30 minutes. | Bake uncovered for about 45-50 minutes or until set and a golden brown colour. | Sprinkle with powdered sugar and serve with maple more maple syrup. | Delicious!","https://img.sndimg.com/food/image/upload/q_92,fl_progressive,w_1200,c_scale/v1/img/recipes/16/03/90/8suDiGr7S6aIS42DZ4Gl_0S9A3951.jpg",Breakfast,All,"Kid Friendly,Christmas,Sweet,Brunch,Oven,Refrigerator,Beginner Cook,Easy",548.9
Pina Colada Smoothie,"...without all the saturated fats of coconut milk.  If you like your smoothies more on the frozen side, measure out your pineapple and partially freeze.",https://www.food.com/recipe/pina-colada-smoothie-450976,5m,,5m,1 serving(s),1/2      banana | 1/2  cup    crushed pineapple | 1/2  cup    yogurt | 2   tablespoons    honey (can sub agave nectar) | 1/4  teaspoon    coconut extract | 2 -3       ice cubes,Blend all items together in a food processor or blender.  Serve immediately.,"https://img.sndimg.com/food/image/upload/q_92,fl_progressive,w_1200,c_scale/v1/img/recipes/45/09/76/aeWrbwFTeu2SXJVowt9H_IMG_9423.jpg",Smoothies,All,"Beverages,Breakfast,Pineapple,Tropical Fruits,Fruit,Low Protein,Low Cholesterol,Healthy,Kid Friendly,< 15 Mins,No Cook,Beginner Cook,Easy,Inexpensive",332.1
Farmer's Quiche,"A great quiche with an unusual but healthy crust that doesn't dominate the flavor, but enhances the flavor of the cheese.",https://www.food.com/recipe/farmers-quiche-93037,20m,1h 25m,1h 45m,4-5 serving(s),"1   cup    long grain brown rice (uncooked) | 1   tablespoon    butter | 1   teaspoon    salt | 1       egg | 1/4  cup    unsalted butter, melted | 1/2  lb    bacon, cooked crisp | 3   large    eggs | 1/2  cup    buttermilk | 1/2  cup    heavy cream | 1/2  cup    zucchini, very finely chopped | 1/4  cup    frozen sweet peas, thawed | 1   tablespoon   chopped fresh sage | 1/2  teaspoon    salt | 1/4  teaspoon    pepper | 1   tablespoon    unsalted butter | 1   cup   grated gruyere or 1   cup    swiss cheese","Place rice in a saucepan along with 1 tablespoon butter, 2 cups water, and 1 teaspoon salt. | Bring mixture to a boil, then cover pan, lower heat, and simmer for 40 minutes (do not lift lid during this time) or until rice is tender. | Allow rice to sit off heat, covered, for 5-10 minutes more. | Take 2 cups of the cooked rice and place in a mixing bowl along with 1 egg and 1/4 cup melted butter, mixing well (may use leftover rice for another use). | Preheat oven to 350&deg;F. | Take mixed rice and press evenly in the bottom and sides of a 9-inch glass pie pan. | Blind bake rice crust for 15 minutes at 350F and then remove from oven until filling (the rice should feel a little dry and not excessively tacky). | In a small mixing bowl, blend together lightly 3 eggs, the buttermilk, heavy cream, chopped sage, salt, and pepper. | Place crumbled bacon in the bottom of the rice crust. | Top bacon with chopped zucchini, and then the peas, making sure filling is spread evenly. | Pour egg mixture over the top of the vegetables and bacon. | Sprinkle with grated cheese. | Dot with little pieces of butter. | Bake at 350F for 30-35 minutes or until top is domed, golden brown, and a thin knife can be removed cleanly from the center of the quiche. | Allow to stand 30 minutes before slicing and serving.","https://img.sndimg.com/food/image/upload/q_92,fl_progressive,w_1200,c_scale/v1/img/recipes/93/03/7/UedChZI8R7ylnLU3hH77_farmer%27s-quiche_0699.jpg",Savory Pies,All,"Breakfast,Brown Rice,Rice,Cheese,Savory,Brunch,Oven,Stove Top,< 4 Hours",898.8
Baked Honey Granola,This is the chewiest granola I've ever eaten.  It also has a really pretty glossy color.  Great with yogurt and fruit. Yum!  It takes ingredients you probably already have in your kitchen.  Keeps forever in a sealed container.,https://www.food.com/recipe/baked-honey-granola-176753,10m,25m,35m,"3 cups, 12 serving(s)","2   cups    rolled oats, uncooked | 1/4  cup    brown sugar | 1/4  teaspoon    cinnamon | 1   pinch    salt | 1/3  cup    slivered almonds | 1/4  cup    honey | 1/4  cup    light olive oil | 1/2  cup    craisins (Dried blueberries are my favorite.) or 1/2  cup    other dried fruit (Dried blueberries are my favorite.)","Preheat oven to 325 degrees. | In a large bowl, combine oats, brown sugar, cinnamon, salt and almonds. In a glass measuring cup, warm honey in microwave for about 30 seconds.  Add olive oil to the honey and stir. | Drizzle the honey-oil over the dry ingredients and mix to combine. Spread the mixture on a baking sheet sprayed with Pam. | Bake granola until golden and crunchy, stirring once, anywhere from 15 to 25 minutes, depending on your oven and pan. | Pour onto a sheet of wax paper or parchment paper to cool.  Stir in the dried fruit.  When cool, store in a sealed container.  If it clumps, just give it a toss.","https://img.sndimg.com/food/image/upload/q_92,fl_progressive,w_1200,c_scale/v1/img/recipes/17/67/53/picsoNas4.jpg",Breakfast,All,"Lunch/Snacks,Grains,Camping,< 60 Mins,Beginner Cook,Easy,Inexpensive",162.6
"Ricotta, Tomato and Basil Torte","A delicious light meal with a salad. Great to take on picnics to serve instead of sandwiches or bread.
Can be lightly heated and served warm.
Recipe from Australian Coeliac Society Magazine Nov/Dec 09

Cooking time does not include chill time in the fridge",https://www.food.com/recipe/ricotta-tomato-and-basil-torte-402217,20m,1h,1h 20m,8 serving(s),"500   g   low fat fresh ricotta | 100   g    low-fat feta, crumbled | 3       eggs | 2       garlic cloves, crushed | 1   bunch    fresh basil, finely shredded | 375   g    grape tomatoes or 375   g    cherry tomatoes, halved","Preheat your oven to 180&deg;C (360&deg;F ) Oil side and line with baking paper the base of 20cm springform tin. | Beat ricotta, feta, eggs and garlic until smooth. Stir in basil. | Put into prepared tin and smooth top. Arrange tomatoes on top cut-side up. | Bake in preheated oven for 1 hour or until set and golden. | Cool completely before putting in fridge for at least1 hour to firm.","https://img.sndimg.com/food/image/upload/q_92,fl_progressive,w_1200,c_scale/v1/img/recipes/40/22/17/JbN3OmrdSdmk0bd56hwk_Ricotta%20Tomato%20and%20Basil%20Torte%20402217%20-%20final%203.jpg",Cheese,All,"Free Of...,< 4 Hours",178.2
Bacon &amp; Egg Casserole,"Another one from the Penzey's Spices catalog. A great way to use that stale bread. I like to add a diced, sauteed onion to this.",https://www.food.com/recipe/bacon-egg-casserole-83634,30m,1h,1h 30m,8 serving(s),"1   lb    bacon | 6       eggs | 2   cups    milk | 1   teaspoon    mustard powder | 1   teaspoon    salt | 1   cup    cheddar cheese, grated | 6   slices    bread","Grease a 9x13 glass baking dish and set aside. | Fry the bacon, drain on paper toweling, cut into 1 inch pieces. | Cube the bread into 3/4 inch pieces and set aside. | In a large bowl, beat the eggs. | Add the milk, mustard powder, salt, and blend well. | Stir in the bacon, cheese, and bread cubes. | Stir well to combine. | Pour the mixture into the baking dish, cover with plastic wrap, and refrigerate overnight. | Preheat oven to 350&deg;F and bake for one hour.","https://img.sndimg.com/food/image/upload/q_92,fl_progressive,w_1200,c_scale/v1/img/recipes/83/63/4/FCiUPz3yTeaA4GWtR6hH_bacon-egg-bread-cheese-breakfast-casserole-1762.jpg",Breakfast,All,"Pork,Meat,Oven,< 4 Hours",460.4
Microwave Egg Frittata,"Spinach, bacon, cheese and tomatoes float in a fluffy frittata thats ready in just 3 minutes!  My husband and I started the south beach diet and got tired of plain eggs and bacon after a few days.  You can put almost anything into this to make it your own--we also like mushrooms, onions, bell peppers, tomato juice, ham, cheddar cheese, or even the eggs alone. I have it listed as a single recipe because it's more fun to choose your own veggie combination, but if you want to make it double sized, the microwave time increases to 6 1/2 minutes for a 3 cup round container, and up to 8 minutes for an 8x8-inch Pyrex.",https://www.food.com/recipe/microwave-egg-frittata-169374,3m,3m,6m,1 serving(s),2       eggs | 1/4  cup    fat-free evaporated milk | 1/2  cup    fresh spinach leaves | 1       roma tomato | 1 -2   slice    turkey bacon | 1/3  cup   shredded part-skim mozzarella cheese | Pam cooking spray | salt and pepper,"Spray a microwave safe cereal sized bowl with the Pam. | Wash the spinach, pat it dry, remove the stems, and tear it into edible sized pieces.  (1/2 cup is my guess, I usually just grab a small fistful.) Toss into bottom of bowl. | Either slice or dice the tomato and toss it inches Likewise with the bacon.  Throw the cheese on top of that. (you can change any of the veggies to suit your tastes). | Beat the two eggs and milk in a separate cup lightly with a fork, pour over the mess in the bottom of the bowl (a lot of the stuff will float, especially the spinach and bacon).  Sprinkle lightly with salt and pepper. | Microwave on high for 3 minutes.  (I don't know how many watts my microwave is--let it cook for about 20 seconds after the center puffs up even with the rest, and it should be done)  Avoid overcooking or it will form a yucky crust of crunchy egg.  The sooner you eat it, the fluffier it is.  After 15 minutes of sitting, it will be cold, and about half of the size it was coming out of the microwave.  I don't recommend letting it sit that long.","https://img.sndimg.com/food/image/upload/q_92,fl_progressive,w_1200,c_scale/v1/img/recipes/16/93/74/r1ZRbiZ3TzG7j99oerky_THE%20FOOD%20GAYS%20-%20Fritata-2.jpg",Breakfast,All,"Cheese,High In...,Microwave,< 15 Mins,Easy",434.7
Hashbrown Breakfast Skillet,"One morning, my sister and I were in the mood for a big breakfast. However, we wanted something a little different to get us out of the breakfast rut.
This was my result. I prepared this again the following weekend and the whole family loved it!",https://www.food.com/recipe/hashbrown-breakfast-skillet-459095,15m,20m,35m,4 serving(s),"4 -5   medium    potatoes, peeled and grated | 1/4  lb    breakfast sausage | 2       eggs | 1/4  cup    diced onion | 7       cherry tomatoes, sliced | 1/8  cup    mozzarella cheese, shredded | 1/2  teaspoon    hot sauce (optional) | salt","In a large skillet add the sausage and cook until most of it is brown. | Drain and return to pan. | Add the grated potatoes, onion, and salt to the skillet. | Cook on medium heat until the hashbrowns are golden brown. | Push the mixture to one side of the pan and scramble the eggs in the empty space. | Once cooked, stir them into the hashbrowns. | Add the hot sauce, tomatoes, and cheese. | Stir well and serve immediately.","https://img.sndimg.com/food/image/upload/q_92,fl_progressive,w_1200,c_scale/v1/img/recipes/45/90/95/mZGs5tpRS2mIYxeZF8kU_IMG_6571.jpg",One Dish Meal,All,"Breakfast,Spicy,< 60 Mins,From Scratch",315.8
Bacon and Egg Breakfast Baskets,This recipe is something a little different to serve at breakfast. They can be eaten hot or cold. Of course you can always use your own toppings.,https://www.food.com/recipe/bacon-and-egg-breakfast-baskets-214798,15m,25m,40m,6 serving(s),"6      soft hamburger buns | 3   slices    bacon, chopped | 1       onion, sliced | 3   tablespoons    butter or 3   tablespoons    margarine | 2   teaspoons    Worcestershire sauce | 6       eggs | seasoning | 250   g    cheddar cheese, grated","Cut a slice from the top of each bun reserving the tops. | Hollow out each bun, being careful to leave a thick shell. | Saute bacon and onion in pan; place on absorbent paper to drain off any excess oil. | Melt the butter in a saucepan; stir in the Worcestershire sauce. | Brush the inside of buns with the half the butter mixture. | Carefully break an egg into each bun. | Spoon bacon and onion mixture over eggs. | Season eggs; top with grated cheese; replace the bun lids. | Brush each of the bun lids with the remaining butter. | Bake in oven at 200 degree Celsius (400 degrees Fahrenheit) for 15 minutes or until eggs have cooked.","https://img.sndimg.com/food/image/upload/q_92,fl_progressive,w_1200,c_scale/v1/img/recipes/21/47/98/dcmnlckcTIKCNg5QIU3h_DSC_0183.jpg",Breakfast,All,"Cheese,High In...,< 60 Mins",437.7
Homemade Brown Rice Hot Cereal,"Another Cookgirl original! A nutritious, hearty breakfast cereal much less
expensive to make at home instead of buying at the supermarket. I live off this in the cold winter months.
Really delicious used in various bread recipes. Also can use basmati, jasmine or regular white rice, but brown is the healthiest.",https://www.food.com/recipe/homemade-brown-rice-hot-cereal-125732,PT0S,10m,10m,1 serving(s),4   cups    short-grain brown rice or 4   cups    long grain brown rice | 1/4  teaspoon    salt (optional),"In clean, dry skillet (preferably cast iron) toast brown rice on medium heat. Lower heat if rice starts to smoke. | Toast rice for about 10 minutes, stirring constantly so that grains do not burn. Rice should turn a medium brown. Set aside to cool slightly. | In blender fitted with steel blade, or in grain mill or food processor grind browned rice to the consistency of medium coarse cornmeal (grainy but not powdered.). | The grinding process will have to be done in 3/4 cup portions to allow the rice grains to grind effectively. | To store: Place ground rice cereal in airtight container or &quot;ziploc&quot; bag. The cereal must be kept either refrigerated or frozen. Brown rice goes rancid quickly if stored in cupboard. | To prepare hot cereal: (1 serving/thick consistency*). | In small saucepan with 1 cup of rapidly boiling, salted water gradually add 1/3 cup scant of prepared brown rice cereal using a fork to stir well. *For thinner consistency cereal, either increase amount of water, or reduce amount of cereal. Continue to cook rice on high for about 30 seconds breaking up any lumps. Reduce heat until boiling subsides, cover pan tightly and simmer for 10 minutes. | Serve with your favorite toppings if desired. Season with salt if necessary. My favorite additions are toasted nuts, raisins and cardamom!","https://img.sndimg.com/food/image/upload/q_92,fl_progressive,w_1200,c_scale/v1/img/recipes/12/57/32/do0viq2QIa9zRqyK72za_0S9A7100.jpg",Breakfast,All,"Brown Rice,Rice,Vegan,Low Cholesterol,Healthy,< 15 Mins,Easy,Inexpensive",2751.2
Bacon and Hash Browns Casserole,"A great use for left over gravy. Low fat if you stick to the 2 slices of bacon, i dont :).  From cooking light, calories 184(32% from fat); FAT 6.5g (sat 3.5g,mono 2g,poly 0.6g); protein 7.6g; cholesterol 22mg; calcium 159mg; sodium 400mg; fiber 1.6g; iron 1.2mg; carbs 22.2g",https://www.food.com/recipe/bacon-and-hash-browns-casserole-254617,10m,40m,50m,6 serving(s),"1   cup    turkey gravy (or chicken) | 3/4  cup   shredded extra-sharp cheddar cheese, divided | 1/2  cup   thinly sliced green onion | 1/4  teaspoon    fresh ground black pepper | 0.5 (32   ounce) package   frozen hash brown potatoes, thawed | 1 (8   ounce) carton   nonfat sour cream | cooking spray | 2   slices    bacon, cooked and crumbled","Preheat oven to 350&deg;. | Combine turkey gravy, 1/2 cup cheese, onions, pepper, potatoes, and sour cream. Spoon into a shallow 1-quart casserole coated with cooking spray. | Bake at 350&deg; for 35 minutes. Sprinkle with 1/4 cup cheese and bacon. Bake an additional 5 minutes or until the cheese melts.","https://img.sndimg.com/food/image/upload/q_92,fl_progressive,w_1200,c_scale/v1/img/recipes/25/46/17/nBIHvqhxQCQQWZXHiag6_DSC05151-2.jpg",Breakfast,All,"Pork,Potato,Vegetable,Meat,< 60 Mins,Oven,Easy",198.2
Old-Fashioned Blueberry Muffins,"Perfect for lazy, weekend breakfasts.  Sackville Girl made a sub and used raspberries and, well, you can see the great results in the picture!  I must have really big muffin tins (or maybe they're bigger in Europe?) cause I get a dozen over-sized muffins with this recipe.",https://www.food.com/recipe/old-fashioned-blueberry-muffins-94532,15m,20m,35m,12 muffins,"1   cup    milk | 1/2  cup    butter | 1 1/2  teaspoons    orange zest | 1 1/2  teaspoons    vanilla extract | 2   large    eggs | 2   cups    flour | 3/4  cup    sugar | 2 1/2  teaspoons    baking powder | 3/4  teaspoon    salt | 1 1/2  cups    fresh blueberries or 1 1/2  cups    frozen blueberries, unthawed","Preheat oven to 400F; line twelve muffin cups with paper liners. | Combine first 4 ingredients in small saucepan; stir over medium heat until butter melts; cool until mixture is warm to touch; beat in eggs. | Sift flour, sugar, baking powder and salt into large bowl; add milk mixture and stir just until blended; fold in blueberries (or raspberries). | Divide batter equally among prepared muffin cups; Bake until golden and tester comes out clean, about 15-20 minutes. | Variation:  You can use raspberries instead of blueberries.","https://img.sndimg.com/food/image/upload/q_92,fl_progressive,w_1200,c_scale/v1/img/recipes/94/53/2/Bagak57QGIpjJ4KjI4ig_quick-blueberry-muffins-05800.jpg",Quick Breads,All,"Breads,Breakfast,Berries,Fruit,Kid Friendly,Sweet,Brunch,< 60 Mins,Oven",229.7
Trail Mix Granola Muffins,Make and share this Trail Mix Granola Muffins recipe from Food.com.,https://www.food.com/recipe/trail-mix-granola-muffins-162210,25m,20m,45m,18 serving(s),"1 1/4  cups    milk | 1   cup    granola cereal | 1/2  cup    brown sugar | 1/2  cup   melted butter | 1/4  cup    molasses | 1       egg, beaten | 1       apple, peeled and grated | 2   cups    flour | 4   teaspoons    baking powder | 1   teaspoon    cinnamon | 1   teaspoon    salt | 1/2  cup   chopped peanuts | 1/2  cup    raisins | 1/2  cup    chocolate chips | 1/2  cup    sunflower seeds | 1/4  cup    wheat germ","In mixing bowl combine milk, granola, sugar, butter, molasses, egg and apple blend well. | In large bowl combine remaining ingredients. | Add milk mixture and stir just until dry ingredients are moistened. | Spoon into 18 lined or greased muffin cups. | Bake at 400 for 20 minutes.","https://img.sndimg.com/food/image/upload/q_92,fl_progressive,w_1200,c_scale/v1/img/recipes/16/22/10/YtpqiJOfTCXhOSpdLg4r_DSC05572-2.jpg",Quick Breads,All,"Breads,Breakfast,< 60 Mins,For Large Groups",272.6
Easy Breakfast Bake,"This breakfast bake is made with a mixture of grits and cheese, baked with eggs broken on top. From: Southern U.S. Cuisine",https://www.food.com/recipe/easy-breakfast-bake-229069,20m,15m,35m,4 serving(s),1/2  lb    pork sausage | 1   teaspoon    salt | 2 1/4  cups    water | 3/4  cup    quick-cooking grits | 2   tablespoons    butter or 2   tablespoons    margarine | 2   tablespoons    all-purpose flour | 1/4  teaspoon    black pepper | 1   cup    milk | 1/2  cup   shredded cheddar cheese | 4   large    eggs,"In a heavy skillet, brown sausage, breaking up with spatula. | Drain off excess fat; set aside. | In a saucepan, bring salted water to a boil and stir in grits. | Cover, reduce heat to low, and continue cooking for 5 minutes longer, stirring occasionally. | In a medium saucepan, melt butter; stir in flour, pepper and milk. | Cook, stirring constantly, until thickened. Add cheese, stirring until blended. | Add sausage and half of the cheese sauce to cooked grits. | Pour mixture into lightly greased casserole. With back of a large serving spoon, make 4 indentations in grits. | Break an egg into each indentation. | Bake at 325&deg; for 15 to 18 minutes, or until eggs are done as desired. | Reheat remaining cheese sauce to serve with grits and eggs.","https://img.sndimg.com/food/image/upload/q_92,fl_progressive,w_1200,c_scale/v1/img/recipes/22/90/69/M0U6agwkTqqC2anyDdge_grits-breakfast-casserole-sausage-eggs-3211.jpg",Breakfast,All,"Grains,Savory,Brunch,< 60 Mins",513.4
Eggs in Clouds,Make and share this Eggs in Clouds recipe from Food.com.,https://www.food.com/recipe/eggs-in-clouds-513062,5m,6m,11m,4 Clouds,"4       eggs | 1/4  cup    parmesan cheese, grated  (Pecorino-Romano will work) | 1/4  cup    chives, chopped | 1/4  cup    bacon, cooked and crumbled | pepper","Separate eggs, putting whites in 1 large bowl and yolks in 4 separate small bowls. | Whip whites until stiff peaks form. | Fold in cheese, chives and bacon. | Spoon into 4 mounds on parchment-lined baking sheet; make a deep well in center of each. | Bake at 450 degrees for 3 minutes. | Then add 1 yolk to each well; season with pepper. Bake until yolks are just set, 2 to 3 minutes.","https://img.sndimg.com/food/image/upload/q_92,fl_progressive,w_1200,c_scale/v1/img/recipes/51/30/62/mh16i4krTLeNEoEnP0Mw_EIC%203%204%20-%20final_2.jpg",Breakfast,All,"Cheese,Very Low Carbs,Free Of...,< 15 Mins,Easy",140.6
Monte Cristo Sandwich,"A great brunch item! One of my husbands favorite filling, baked, french toast style, sandwiches filled with cheese, ham, turkey &amp; mustard. Raspberry preserves is a must for him. Could be eaten for breakfast, lunch or dinner. This is a LESSER FAT Monte Cristo recipe being baked and not fried full of flavor! I also like to buy the low salt cold cuts or use fresh baked turkey leftovers sliced thin.",https://www.food.com/recipe/monte-cristo-sandwich-82119,15m,20m,35m,4 serving(s),"8   slices    bread (I use challah) | 4   teaspoons    honey dijon mustard | 8   slices   thin deli sliced swiss cheese | 8   slices   thin deli ham | 8   slices   thin deli sliced turkey (I like smoked) | 3   large    eggs | 2   tablespoons    flour | 1   tablespoon   melted butter | 1/4  teaspoon    salt | 1/4  teaspoon    black pepper | 2   tablespoons    milk (low fat to try to keep it low in fat!) | powdered sugar, for dusting | raspberry preserves, for dipping","Heat oven to 425&deg;F. | Lightly butter a baking sheet pan. I use the spray. | Spread 1/2 teaspoon mustard on each slice of bread. | Layer between mustard sides of two slices of bread, 1 slice cheese, 2 slices ham, 2 slices turkey, and another slice of cheese. | Repeat to make four sandwiches. Whisk eggs, flour, butter, salt and pepper in a shallow dish until smooth. | Blend in milk. | DIP both sides of sandwiches into egg mixture until bread is lightly soaked. | Place on baking sheet; drizzle any remaining egg mixture over top of sandwiches. | Bake 8-10 minutes until bottom is golden brown. | Turn with wide spatula and continue baking 8-10 minutes or until second side is golden brown. | Serve warm dusted with powdered sugar and dip or spread raspberry preserves on sandwiches. | Garnish with fresh raspberries.","https://img.sndimg.com/food/image/upload/q_92,fl_progressive,w_1200,c_scale/v1/img/recipes/82/11/9/hjuSNYQ6mtIctGEqGs7Q_21.jpg",Breakfast,All,"Lunch/Snacks,Ham,Raspberries,Pork,Poultry,Cheese,Berries,Fruit,Meat,< 60 Mins,Oven",535.6
Mini Sausage & Cheese Breakfast Biscuit Sandwiches,"A vert easy recipe, posting as a request in a thread for brunch ideas. My great aunt from West Virginia used to make these for breakfast for her overnight guests at her beachhouse in North Carolina, along with home fries and stewed tomatoes. Stuff biscuits with scrambled egg, ham or bacon, if you wish.",https://www.food.com/recipe/mini-sausage-cheese-breakfast-biscuit-sandwiches-76010,5m,20m,25m,"10 sandwiches, 4 serving(s)",1   can    refrigerated biscuit | 8 -10   ounces    cheddar cheese | 1       roll of pork sausage or 1   package   frozen of small round sausage patty | 1   tablespoon    oil | butter or   margarine | bacon or   ham (optional),"Bake biscuits according to package directions. | Meanwhile, if using the pork sausage roll, cut into round slices/form into small patties. | In a large skillet, cook patties in oil. | Slice cheese into 1/2 inch square slices. | Butter biscuit halves and make biscuit sandwiches; serve.","https://img.sndimg.com/food/image/upload/q_92,fl_progressive,w_1200,c_scale/v1/img/recipes/76/01/0/dAgrUeSQLCthN6QzhU3H_SB%204%20-%20final_2.jpg",Breakfast,All,"Lunch/Snacks,Kid Friendly,Brunch,< 30 Mins,Beginner Cook,Easy",458.9
The Best Tofu Scramble,"Another favorite from La Dolce Vegan...I like to make extra...it keeps well in the fridge all week...then I use it again and again for different things when I am feeling lazy.  I like to take left-overs of this and put it in with sliced pan-fried potatoes, just when the potatoes are almost done cooking...yum!  Makes great egg sandwiches, too!  I like to slice cherry tomatoes in half instead of using big tomatoes, as the little ones are more dependable flavor-wise all year long.  I like to add the tomatoes a few minutes before cooking is done, just so they get a bit cooked and shriveled...just my preference.  Oh, and drain, drain, drain that tofu before you use it, as always!!!",https://www.food.com/recipe/the-best-tofu-scramble-362458,15m,15m,30m,4 serving(s),"1   small    onion, diced | 2   tablespoons    olive oil | 1   lb    firm tofu, crumbled  (extra firm is fine, too) | 2       garlic cloves, minced | 2   tablespoons    nutritional yeast flakes | 1   tablespoon    tamari | 2   teaspoons    Dijon mustard | 1/2  teaspoon    turmeric | 1   teaspoon    sage (I like to use dried rubbed sage) | 1/4  teaspoon    basil | 1/4  teaspoon    salt | 1/4  teaspoon    ground black pepper | 1   medium    tomatoes, chopped","In a large saucepan on medium-high heat, saute the onions in oil until translucent. | In a medium bowl, stir together the crumbled tofu, garlic,nutritional yeast, tamari, mustard, turmeric, sage, basil, salt and pepper until well-mixed. | Add tofu mixture to onions and scramble until tofu is browned and all the liquid has evaporated. | Toss with tomatoes and serve immediately.","https://img.sndimg.com/food/image/upload/q_92,fl_progressive,w_1200,c_scale/v1/img/recipes/36/24/58/An9NX7AZQ5m5x9wXOXJn_DSC_4035.jpg",Low Cholesterol,All,< 30 Mins,179.7
Artichoke Dip Breakfast Sandwiches,"Ham, rich and creamy artichoke dip, and sweet Hawaiian rolls come together to make epic breakfast sandwiches. Bake them together in a casserole dish to feed a crowd easily.",https://www.food.com/recipe/artichoke-dip-breakfast-sandwiches-538658,15m,40m,55m,15 sandwiches,"12   large    eggs | 1   cup    milk | 6   ounces    cream cheese, softened to room temperature | 1/3  cup    sour cream | 1   cup   finely grated parmesan cheese | 10   ounces    frozen spinach, thawed | 1 (14   ounce) can   artichoke hearts, drained and well chopped | 15      hawaiian sweet dinner rolls | 1 3/4  cups   shredded mozzarella cheese | 15      thin slices ham, folded into the size of the dinner rolls | 3   tablespoons   melted butter | kosher salt | ground black pepper","Preheat oven to 350 degrees. Spray a 9x13 baking dish with nonstick spray and line with parchment, leaving the sides overhanging. Spray parchment. | In a large bowl, whisk to combine the eggs, milk, salt and pepper. Pour into the prepared dish and bake until eggs are set, about 20 minutes. Remove from oven and set aside. | In a medium bowl, stir to combine the cream cheese and sour cream until smooth. Fold in the parmesan cheese, spinach and artichokes and season with salt and pepper. | Use a serrated knife to cut the rolls in half horizontally, then place bottom half in a 9x13 baking dish. Top the bread with the spinach artichoke dip, then shredded mozzarella. Turn the eggs out of the pan on top of the cheese, then top with the ham.  Place the top half of the bread over the ham and brush with melted butter. | Bake until the cheeses are melted and the tops are golden, about 20-25 minutes. Cut the bread into sandwiches and serve.","https://img.sndimg.com/food/image/upload/q_92,fl_progressive,w_1200,c_scale/v1/img/recipes/53/86/58/lK4CLygzQHKfb8IEQbXx_0S9A1859.jpg",Breakfast,All,"Lunch/Snacks,< 60 Mins",302.2
Four Cheese Egg Casserole,"I got this recipe from a bed and breakfast.  It is very rich, moist and custardy and is very versatile.  I added fresh basil but any herb could be used.  Chopped ham would also be good in this casserole.",https://www.food.com/recipe/four-cheese-egg-casserole-215197,10m,50m,1h,12 serving(s),"7       eggs | 1   cup    milk | 2   teaspoons    sugar | 8   ounces    monterey jack cheese, grated | 8   ounces    cheddar cheese, grated | 3   ounces    cream cheese, room temperature, cubed | 16   ounces    cottage cheese, small curd | 6   tablespoons    butter, room temperature | 1/2  cup    flour | 1   teaspoon    baking powder | 1   tablespoon    fresh basil, chopped","Beat together the eggs, milk and sugar.  Add the cheeses, butter and basil. | Mix well then add the flour and baking powder. | Pour into greased 9x13 baking dish. | Bake in a 325 degree oven for approximately 50 minutes or until knife inserted in the center comes out clean.","https://img.sndimg.com/food/image/upload/q_92,fl_progressive,w_1200,c_scale/v1/img/recipes/21/51/97/W6BtGjHScCeaCe1yTslG_DSC_0520.jpg",Breakfast,All,"High In...,Brunch,< 60 Mins,Oven",342.9
Open-Face Salmon and Egg Scandinavian Sandwich,Make and share this Open-Face Salmon and Egg Scandinavian Sandwich recipe from Food.com.,https://www.food.com/recipe/open-face-salmon-and-egg-scandinavian-sandwich-504835,5m,3m,8m,6 serving(s),4   ounces    smoked salmon | 4       eggs | 1/4  teaspoon    salt | 1/4  teaspoon    black pepper | 2       fresh dill sprigs | 2   teaspoons   soft butter | 12   slices    miniature party rye rounds,"Butter the bread and set aside. | Flake fish. | Scramble eggs with salt and pepper into large curds until just done. The eggs should still be creamy, not dry. | Place eggs on bread slices. Top with salmon and sprinkle with dill to serve.","https://img.sndimg.com/food/image/upload/q_92,fl_progressive,w_1200,c_scale/v1/img/recipes/50/48/35/MYBxgZqTLaMkIIHpcFB4_OFS%206%20-%20final_4.jpg",Breakfast,All,"Brunch,< 15 Mins,Beginner Cook,Easy",118.7
Peanut Butter Protein Bars,,https://www.food.com/recipe/peanut-butter-protein-bars-79090,,,,,,,,,,,
Scotch Eggs,"What a quick easy appetizer or snack. These go great when we go camping and are super right out of the freezer. Just pop them in the toaster oven and you have a great quick snack. These are also great warm or cold with a little homemade mustard. 

WARNING - Some of my friends say they can hear their arteries hardening while eating them...LOL Have fun!",https://www.food.com/recipe/scotch-eggs-214097,10m,5m,15m,12 serving(s),"12       hard-boiled eggs, well chilled | 2   lbs    sausage meat | 1/2  cup    flour | 4       eggs, beaten | 1 1/2  cups    panko breadcrumbs | vegetable oil, frying  (about a cup)",Peel eggs. | Divide sausage into 12 equal portions. | Roll each egg in flour then wrap the sausage around each egg. | Dip sausage-wrapped eggs into beaten egg and roll in Panko bread crumbs. | Heat oil to 350F and cook each egg for 4-5 minutes or until sausage is cooked and browned. | Drain on paper towels and serve warm or cool.,"https://img.sndimg.com/food/image/upload/q_92,fl_progressive,w_1200,c_scale/v1/img/recipes/21/40/97/LEBWRM7WQkGI6IPPY4BS_scotcheggs2%20(1%20of%201).jpg",Breakfast,All,"Pork,Meat,Lactose Free,Free Of...,Brunch,< 15 Mins,Beginner Cook,Easy",403.4
Israeli Shakshuka,"Delicious typical Israeli breakfast, that really can be eaten as lunch or even dinner! Sauce can be made in a advance to be reheated at the time that eggs are done. In this recipe, I've reduced the amount of oil used to make it low fat, but you can use more if you need to.",https://www.food.com/recipe/israeli-shakshuka-281877,15m,1h,1h 15m,6 serving(s),"2   teaspoons    olive oil | 4      extra large ripe tomatoes, chopped | 2       red bell peppers, diced | 1   large    onion, diced | 1       green jalapeno pepper, finely diced | 26 1/2  ounces   pomi brand chopped tomatoes (nothing works like this!) | kosher salt, to taste | black pepper, to taste | 6   large    eggs (or as many as will fit on your sautÃƒ pan)","You need a large nonstick deep saut&eacute; pan that has a cover. Saut&eacute; onions in olive oil until opaque and tender. | Add red bell pepper and continue sauteeing until it softens up. | Reduce heat to low. Add the fresh chopped tomatoes, cook until they are breaking apart. | With a slotted spoon, add the chunkiest parts of the contents of the &quot;Pomi&quot; - the majority of the sauce should remain in the carton. Add the jalapeno now also. | Cook for 30-40 minutes, partially cover, and stir every once in a while. If it starts to look dry, add some of the sauce from the carton, slowly , as you need it. Add the salt and pepper - I like a lot because I love salt on tomatoes. | The final product should be a thick sauce that just looks like a whole lot of tomatoes stuck together - with very little to no juice, that is about 1-1 1/2 inches high. | Crack open the eggs on top of the shakshuka, one by one, giving each their own space. The whites should overlap, but the yolk should be spaced about 4 fingerwidths from each other. My pan can fit 6-8 eggs very comfortably. | Cover tightly with a lid and simmer for 20 minutes.","https://img.sndimg.com/food/image/upload/q_92,fl_progressive,w_1200,c_scale/v1/img/recipes/28/18/77/ZyG0h2VYRjei7iPFSWNI_food.com-14.jpg",Breakfast,All,"Vegetable,Low Protein,Kosher,Brunch,< 4 Hours,Inexpensive",145.0
Biscuits &amp; Gravy Breakfast Casserole,"If you are like me and love a hearty breakfast of fluffy buttermilk biscuits and a side of scrambled eggs all smothered with sausage gravy, then this recipe is for you.  I was looking for a breakfast casserole recipe to make as a treat for the staff at work and was very lucky to find this one on Pinterest.  It is from the Just A Pinch Recipes website and was added by Phyllis Lawson.  Super easy to throw together and is the epitome of comfort food.",https://www.food.com/recipe/biscuits-gravy-breakfast-casserole-510874,15m,30m,45m,6-8 serving(s),"12   ounces   of buttermilk biscuit dough | 6       eggs | 1 (2 3/4  ounce) package  peppered gravy mix (makes 2 cups) | 1   lb    sausage, any flavor  (I prefer sage or zesty Italian) | 1   cup    cheese, shredded  (I like to use cheddar) | 1/2  cup    milk | salt and pepper","Preheat oven to 350&deg;F  Take a 13 x 9 pan and spray with cooking spray (or smear with butter).  Cut biscuit dough into 1&quot; pieces and place evenly in the bottom of the pan. | Brown the sausage and drain.  Scatter the browned sausage over the biscuit pieces, then top with shredded cheese. | Whisk the eggs and milk with a pinch of salt and pepper, then pour over the pan. | Make gravy according to instructions on package and pour over the pan.  Bake for 30 - 45 minutes, depending on how hot your oven runs. | Cut and serve. It's delicious warm right out of the oven!","https://img.sndimg.com/food/image/upload/q_92,fl_progressive,w_1200,c_scale/v1/img/recipes/51/08/74/awdUNE0eTyyvXKDknA4t_Biscuit%20gravy%20breakfast%20SITE-3.jpg",Breakfast,All,"Pork,Cheese,Meat,Brunch,< 60 Mins,Easy",613.7
Tater Tot Ranch Sausage Cups,"With a base of crispy tater tots and a stuffing of cheesy sausage, these cups are great for breakfast and parties.",https://www.food.com/recipe/tater-tot-ranch-sausage-cups-538657,10m,45m,55m,12 cups,"60       frozen tater tots | 2   tablespoons    hidden valley ranch dressing mix | 1/3  cup    mayonnaise | 1/2  cup    sour cream | 1   lb    cooked italian sausage | 2   cups   shredded colby cheese | 1   cup    shredded cheddar cheese | 1/4  cup   finely grated parmesan cheese | 1/2  cup   chopped roasted red pepper | 3       scallions, whites finely chopped and green parts thinly sliced | 1   tablespoon    chili flakes (to garnish) | nonstick cooking spray","Preheat oven to 400 degrees F. Spray a 12-well muffin tin with nonstick cooking spray. Place 5 tater tots in each well and bake for 20 minutes until tater tots are soft. | Remove from oven and use the bottom of a shot glass or your fingers to press the tater tots flat on the bottom and up the sides of each well. Bake until golden and crisp, about 15 minutes. | In a large bowl, stir to combine the sausage, Colby cheese, cheddar cheese, parmesan cheese, roasted red bell peppers, mayonnaise, sour cream, ranch seasoning and chopped scallion whites. Spoon the mixture into the tater tot cups, then return to the oven and bake until cheese is melted, about 6-8 minutes. | Remove the cups from the muffin tin and top each with a sprinkle of scallion greens and pinch chili flakes.","https://img.sndimg.com/food/image/upload/q_92,fl_progressive,w_1200,c_scale/v1/img/recipes/53/86/57/EatLHA5OQTW48h1dB58I_0S9A1952.jpg",Pork,All,"Potato,Vegetable,Meat,< 60 Mins",273.8
Overnight Blueberry Coffee Cake,"A make ahead recipe my mother gave me from an old Taste of Home magazine-1995.  Notice that you refrigerate the batter, then let it get to room temperature in 30 minutes before baking.  If you have celiac disease, zori's review might be helpful to you-- she wrote&quot; dr Schar's gluten-free cake flour + 2tbsp potato starch (it makes gf flour stronger) and corn oil in stead of butter.&quot;",https://www.food.com/recipe/overnight-blueberry-coffee-cake-380917,15m,35m,50m,9 serving(s),"1       egg | 1/2  cup    sugar | 1 1/4  cups    flour | 2   teaspoons    baking powder | 3/4  teaspoon    salt | 1/3  cup    milk | 3   tablespoons    butter, melted | 1   cup    blueberries | 2   tablespoons    sugar","In a bowl, beat egg, and 1/2 cup sugar. | Combine flour, baking powder, and salt in medium sized bowl. | Alternate adding egg mixture and then the milk to flour mixture; beating well after each addition. | Stir in melted butter. | Fold in blueberries. | Pour into a greased 8 inch square pan, sprinkle with 2 tablespoons of remaining sugar. | Cover and refrigerate overnight. | Next morning, remove from refrigerator and put on counter for 30 minutes. | Preheat oven to 350 degrees. | Bake for 30-35 minutes or until toothpick comes out clean.","https://img.sndimg.com/food/image/upload/q_92,fl_progressive,w_1200,c_scale/v1/img/recipes/38/09/17/f2U2m5jRNyAVTuQS6v9V_overnight-blueberry-coffee-cake_3885.jpg",Breads,All,"Breakfast,Berries,Fruit,Healthy,Brunch,< 60 Mins,Oven,Refrigerator,Beginner Cook,Easy",174.6
Berry Cream Cheese Coffee Cake,Make and share this Berry Cream Cheese Coffee Cake recipe from Food.com.,https://www.food.com/recipe/berry-cream-cheese-coffee-cake-24768,30m,55m,1h 25m,12 serving(s),"2 1/4  cups    flour | 3/4  cup    sugar | 3/4  cup    margarine | 1/2  teaspoon    baking powder | 1/2  teaspoon    baking soda | 1/4  teaspoon    salt | 3/4-1   cup    sour cream | 1       egg | 1   teaspoon    almond extract | 8   ounces    cream cheese, softened | 1/4  cup    sugar | 1       egg | 1/2  cup    raspberry preserves or 1/2  cup    strawberry preserves | 1/2  cup    sliced almonds","Heat oven to 350 degrees. | Grease and flour bottom and sides of 9 or 10 inch springform pan. | Combine flour and 3/4 cup sugar. | Add the butter to the sugar-flour mixture and cut with pastry blender or fork until it resembles coarse crumbs. | Reserve 1 cup of crumb mixture. | To remaining mixture, add baking powder, soda, salt, sour cream, one egg and almond extract; blend well. | Spread batter over bottom and up sides of pan 2 inches (batter should be 1/4 inch thick on sides). | Combine cream cheese, 1/4 cup sugar and 1 egg; blend well. | Pour over batter in pan. | Carefully spread preserves over all. | Combine reserved crumbs and sliced almonds. | Sprinkle over top. | Bake 55 minutes or until filling is set. | Cool 15 minutes. | Remove sides of pan. | Serve warm or cool. | Refrigerate leftovers.","https://img.sndimg.com/food/image/upload/q_92,fl_progressive,w_1200,c_scale/v1/img/recipes/24/76/8/qyPGwtQY6JpWyfNnIhQX_Berry%20Cream%20Cheese%20Coffee%20Cake%2024768%20-%20final%202.jpg",Quick Breads,All,"Breads,Breakfast,Weeknight,Oven,Small Appliance,< 4 Hours,Easy",415.8
Baked Swiss Cheese Omelet,"This is an excellent recipe for any weekend brunch with company or family!  I serve for our Christmas Breakfast with homemade muffins, sausage and fresh fruit.  From Saltwood House Bed and Breakfast.",https://www.food.com/recipe/baked-swiss-cheese-omelet-50432,5m,45m,50m,8 serving(s),"1/2  cup    swiss cheese, grated  (10 oz) | 1/8  cup    butter | 1   dash    pepper | 1   cup    heavy cream | 12       eggs, lightly beaten",Preheat oven to 350 degrees F. | Grease a 13x9x2 inch glass baking dish. | Spread the cheese over the bottom of the baking dish. | Dot with butter. | Pour half the heavy cream over the cheese. | Add the eggs and then the remaining cream. | Sprinkle with pepper. | Bake for 40 to 45 minutes or until set. | Serves 8.,"https://img.sndimg.com/food/image/upload/q_92,fl_progressive,w_1200,c_scale/v1/img/recipes/50/43/2/piclGkmPM.jpg",Breakfast,All,"Cheese,Very Low Carbs,< 60 Mins,Oven,Easy",261.0
Banana Bread Breakfast Bake,"Transform sliced banana bread into a French toast bake using a sheet pan! Then drizzle it with a cream cheese glaze for a decadent, extra-sweet touch.",https://www.food.com/recipe/banana-bread-breakfast-bake-537798,15m,35m,50m,6-8 serving(s),"2   tablespoons    unsalted butter, melted | 3   large    eggs | 1   cup    whole milk | 1   cup    heavy cream | 2   tablespoons    sugar | 2   teaspoons    vanilla bean paste | 1   teaspoon    ground cinnamon | 1/2  teaspoon    ground nutmeg | 1/2  teaspoon    salt | 3   lbs    banana bread (about 2-3 loaves) | sliced strawberry, for garnish | sliced banana, for garnish | 8   ounces    cream cheese, room temp | 3/4  cup    powdered sugar | 2   teaspoons    vanilla bean paste | 1   cup    whole milk | 1/4  teaspoon    salt | juice of half a lemon","Preheat the oven to 375&deg;F  Brush a sheet pan with the melted butter. | Whisk together the eggs, milk, cream, sugar, vanilla, cinnamon, nutmeg and salt in a medium bowl. | Slice the banana bread into 1/2 inch to 3/4 inch slices. | Dip the slices into the egg mixture to coat and layer into the sheet pan.  The bread should be slightly overlapping. | Pour any remaining custard over the banana bread. | Bake for 30-35 minutes, rotating the pan halfway through. | Meanwhile, add the ingredients for the cream cheese glaze to a bowl.  Beat with a hand mixer until creamy and combined. | Drizzle the glaze over the French toast and garnish with sliced strawberries and bananas. | Serve any remaining glaze on the side.","https://img.sndimg.com/food/image/upload/q_92,fl_progressive,w_1200,c_scale/v1/img/recipes/53/77/98/AwfT3QTmRRW5S5vpeyzw_banana%20bread%20french%20toast%20SITE-3.jpg",Quick Breads,All,"Breads,Tropical Fruits,Fruit,European,< 60 Mins",1202.3
Opposite of a Smoothie:  Breakfast Crunchy,"Beautiful presentation:  a breakfast parfait!   Instead of slurping, you get to spoon it up.   Endless variations depending on your own tastes--so customize as you like.    The recipe is made for ONE serving, adjust to the number of diners.     If you let the Crunchy sit for an hour or so, the cereal absorbs moisture from the yogurt and goes from crunchy to chewy.   Use frozen or fresh fruit, depending on what you have available.",https://www.food.com/recipe/opposite-of-a-smoothie-breakfast-crunchy-290090,2m,,2m,"1 parfait glass, 1 serving(s)","8   tablespoons    yogurt (pick your flavor, vanilla is a good base) | 8   tablespoons    granola cereal | 8   tablespoons    berries | 1   tablespoon    artificial sweetener (optional)","In a tumbler or parfait glass, artfully layer 2-tablespoon portions of yogurt, cereal and fruit into the glass, continuing until ingredients are used up, or glass looks properly full and beautiful. | End with the fruit (for prettiness sake), sprinkle with sweetener OR leave it out, according to your tastebuds. | Enjoy! | VARIATION #1:   use other-flavored yogurts to compliment OR contrast the fruit flavors; use your imagination. | VARIATION #2:    other cereals work well too (Grapenuts, Muesli, flakes). | VARIATION #3:   how about peaches or mangoes?   Halved grapes, orange bits, canned fruit cocktail (drained); let your imagination go! | VARIATION #4:   sprinkle in a few mini-chocolate chips, raisins, dried cranberries.  Ymmm!","https://img.sndimg.com/food/image/upload/q_92,fl_progressive,w_1200,c_scale/v1/img/recipes/29/00/90/jxdMnofTMq3FDfTFnYsA_breakfast-crunchy_2785.jpg",Breakfast,All,"Dessert,Berries,Melons,Fruit,Canadian,Kid Friendly,< 15 Mins,Beginner Cook,Easy,Inexpensive",364.2
Creamed Eggs on Toast,My mom made this on special days for breakfast. It was a family favorite growing up. Now I make for my hubby on those &quot;special&quot; days that I want to say he's tops in my book. You may wish to double this recipe for big eaters or if no fruit and meat accompany the meal.,https://www.food.com/recipe/creamed-eggs-on-toast-50816,15m,20m,35m,2-4 serving(s),"5   tablespoons    butter | 4   tablespoons    flour | 2   cups    milk | 1/2  teaspoon    salt | 1/4  teaspoon    white pepper | 1/8  teaspoon    ground nutmeg | 3       hard-boiled eggs, chopped | 3 -4   slices    bread, to toast | butter","Melt butter over medium-high heat. | Whisk in flour. | When bubbly, whisk in milk a little at a time. | Add salt. | Continue to whisk til thick and bubbly. | Remove from heat and add chopped eggs. | Toast and butter slices of bread. | Lay slices on individual plates and spoon on Creamed Eggs. | Serve.","https://img.sndimg.com/food/image/upload/q_92,fl_progressive,w_1200,c_scale/v1/img/recipes/50/81/6/XIACZdAqRsGaSo2Ckjzd_creamed-eggs-on-toast_3406.jpg",Breakfast,All,"< 60 Mins,Stove Top",685.2
Bagel French Toast Casserole,This is an easy breakfast treat.  Use raisin cinnamon or blueberry bagels.  This casserole has more texture than the typical french toast casserole due to the bagels.,https://www.food.com/recipe/bagel-french-toast-casserole-362199,15m,1h,1h 15m,4 serving(s),2       bagels | 3   ounces    Laughing Cow cheese (3 wedges) | 3       eggs or 3/4  cup    egg substitute | 1/2  cup    milk | 1/2  teaspoon    vanilla | 2   tablespoons    maple syrup | 1/4  cup   chopped pecans | cinnamon sugar,"Cut the bagels in half and spread evenly with the Laughing Cow Cheese.  Cut each half into eights and place cut side down in an 8X8 inch pan that has been sprayed with non-stick cooking spray. | In a small bowl, mix together the eggs or egg substitute, vanilla and maple syrup; pour over bagels and sprinkle with chopped pecans. | Cover the dish with foil, place in refrigerator overnight.  The next morning, remove from refrigerator 30 minutes prior to baking and allow to stand on counter. | Preheat oven to 350 degrees and place covered dish in oven.  Cook for 30 minutes, uncover, sprinkle liberally with cinnamon sugar and bake an additional 20 to 30 minutes or until center is firm and surface is lightly brown. | Serve with warmed maple syrup.","https://img.sndimg.com/food/image/upload/q_92,fl_progressive,w_1200,c_scale/v1/img/recipes/36/21/99/7YOiCPxdTkeIVDQ8e9w2_0S9A3939.jpg",Breakfast,All,"Toddler Friendly,Kid Friendly,High In...,Brunch,Oven,Refrigerator,Beginner Cook,< 4 Hours,Easy",404.1
Recipes,,https://www.food.com/recipe/all/popular?ref=nav,,,,,,,,,,,
Cheesy Home Fries With Spinach and Peppers. #SP5,"Official Contest Entry: Simply Potatoes 5Fix. Cheesy Home Fries with Spinach and Peppers. Great for breakfast, brunch, lunch or dinner.",https://www.food.com/recipe/cheesy-home-fries-with-spinach-and-peppers-sp5-515151,10m,20m,30m,4 serving(s),1 (20   ounce) package   Simply Potatoes Diced Potatoes with Onion | 4   cups    spinach | 2   cups   of grated sharp cheddar cheese | 3   cups   of chopped bell peppers | 1   tablespoon    butter,"Lightly cover the bottom of a 10-inch non-stick skillet with butter. Heat butter over medium-low heat until hot. | Add one package Simply Potatoes Diced Potatoes with Onion to skillet. Cover with lid. Cook for 10 minutes, turning every 3 to 4 minutes. | Add 3 cups of chopped bell peppers. Cover with lid. Cook for 3-4 minutes, turning every 2 minutes. | Add 2 cups of grated sharp cheddar cheese and 4 cups of spinach. Cook for 2 minutes, turning constantly until cheese is melted and spinach is wilted.","https://img.sndimg.com/food/image/upload/q_92,fl_progressive,w_1200,c_scale/v1/img/recipes/51/51/51/3W3RgsL4ToqNhCLCtKlx_cheesy-potatoes-peppers-spinach-hash-05910.jpg",Breakfast,All,"Potato,Vegetable,Weeknight,Brunch,< 30 Mins,Easy",282.4
Fluffy Matcha Hotcakes,Make and share this Fluffy Matcha Hotcakes recipe from Food.com.,https://www.food.com/recipe/fluffy-matcha-hotcakes-529765,5m,12m,17m,8 pancakes,1   cup    flour | 3   tablespoons    sugar | 1   tablespoon    matcha green tea powder | 1/2  teaspoon    baking soda | 1/2  cup    milk | 2   tablespoons    milk | 1/2  cup    yogurt | 1       egg | 2   tablespoons    vegetable oil,"Combine flour, sugar, matcha and baking soda in a large bowl. Whisk in the wet ingredients (milk, yogurt and egg) until the batter is&nbsp;smooth. | Heat a saute pan over medium-low heat. Brush&nbsp;the inside of a&nbsp;metal ring mold or cookie cutter (about 3 inches across)&nbsp;with oil. Add remaining oil to pan and place the ring mold in the middle of the pan.&nbsp;Fill the ring mold 2/3 of the way up with the batter and place a lid on the pan.&nbsp;Make sure that the lid does not rest on top of the ring mold. | Cook for 5 minutes,&nbsp;then remove lid and cook for 1 more minute (or until bubbles start to form on top of the hotcake). Carefully flip the pancake and ring mold and cook the other side for 5 minutes with the lid, then 1 minute without. | Remove from&nbsp;the pan and and run a knife along&nbsp;the inside of the ring mold to unmold the hotcake. Serve warm with syrup.","https://img.sndimg.com/food/image/upload/q_92,fl_progressive,w_1200,c_scale/v1/img/recipes/52/97/65/y7yaPeNMQ6qlCOvcxPmp_FluffyMatchaHotcakes_02.JPG",Breakfast,All,< 30 Mins,135.7
Raspberry-Mint Agua Fresca,Make and share this Raspberry-Mint Agua Fresca recipe from Food.com.,https://www.food.com/recipe/raspberry-mint-agua-fresca-511513,20m,5m,25m,4 serving(s),"1/2  cup    superfine sugar (caster sugar) | 22       raspberries | 22       fresh mint leaves, plus 4 sprigs for garnish | ice cube","Select 4 tumblers. | In a saucepan, combine the sugar and &frac12; cup water. | Bring to a simmer over med-low heat, stirring to dissolve the sugar. | Remove the sugar syrup form the heat and let cool. | In a blender, combine 18 of the raspberries, the mint leaves, and the sugar syrup and process until a smooth puree forms. | Strain the puree through a fine-mesh sieve into a pitcher. | You should have about 2/3 cup. | Add 1 1/3 cups water. | Fill the glasses with ice and divide the raspberry mixture among the glasses. | Garnish with mint sprigs and remaining raspberries speared on a cocktail pick. | Serve at once.","https://img.sndimg.com/food/image/upload/q_92,fl_progressive,w_1200,c_scale/v1/gk-static/fdc-new/img/fdc-shareGraphic.png",Beverages,All,"Raspberries,Berries,Fruit,< 30 Mins,Stove Top,Easy",102.4
Instant Pot Sausage & Potato Breakfast Casserole,Make and share this Instant Pot Sausage & Potato Breakfast Casserole recipe from Food.com.,https://www.food.com/recipe/instant-pot-sausage-potato-breakfast-casserole-539609,10m,35m,45m,4-6 serving(s),"1   tablespoon    olive oil | 1   tablespoon    unsalted butter | 1/2  lb    breakfast sausage | 1/2  cup   diced yellow onion | 2   cups   frozen potatoes o'brien with onions & bell peppers | 2   cups    Baby Spinach, chopped | 1   teaspoon    salt | 1/2  teaspoon    black pepper | 1/4  teaspoon    crushed red pepper flakes | 1   cup    water | 9   large    eggs | 2   tablespoons    milk | 1/2  cup   shredded colby-monterey jack cheese | 1   tablespoon   chopped fresh chives","Set a 6-quart or large Instant Pot to saut&eacute; on high. Once hot, add the oil, butter and sausage. Cook, breaking up the sausage with a wooden spoon, until no longer pink, about 5 minutes. Stir in the onion and potatoes and cook for another 2 minutes. Add the spinach, salt, pepper and crushed red pepper flakes, cooking until the spinach as wilted. Turn the machine off and transfer the mixture to a greased 7-inch round baking dish; set aside. | Clean out the inner bowl and return to the Instant Pot. Insert a metal trivet or wire rack and pour in the water. | In a large bowl, whisk together the eggs and milk until smooth. Pour into the baking dish over the sausage and vegetable mixture, stirring slightly to evenly incorporate. Sprinkle the top with the shredded cheese and place the dish in the Instant Pot. Lock the lid in place, making sure the valve is set to seal. Pressure cook on high for 30 minutes, and allow to natural release for 10 minutes before manually releasing any residual steam inside. | Carefully open the lid, remove the baking dish and garnish with chives before serving. | Note: You can brown the top of the casserole by placing under the broiler until golden brown before serving.","https://img.sndimg.com/food/image/upload/q_92,fl_progressive,w_1200,c_scale/v1/img/recipes/53/96/09/Oyp61nJvRG2mZ4HJpD07_0S9A7555.jpg",Breakfast,All,"Very Low Carbs,Brunch,Pressure Cooker,< 60 Mins,Stove Top",493.6
Socca (Provencal Savory Chickpea Pancake) - Gluten-Free,"Soccas are a garbanzo flour pizza-like flatbread from the Southeastern France. It is naturally and traditionally gluten-free and easy to make. They can be served with any kind of topping... Try it with Kalamata Tapenade (&quot;Recipe #156988&quot;), ratatouille, or sauteed vegetables and herbs. The best one I've ever had was topped with carmelized onions, black olives and anchovies. Adapted from a recipe by Mark Bittman of the New York Times. Gluten-free - Dairy-free - Kosher: Pareve. This recipe makes 1 large socca pancake, the diameter of a 10&quot; cast iron pan. When sliced into quarters, it should serve 2 people as a main dish or 4 people as an appetizer.",https://www.food.com/recipe/socca-provencal-savory-chickpea-pancake-gluten-free-189571,5m,15m,20m,2 serving(s),"1   cup    chickpea flour | 1/2  teaspoon    salt | 1/2  teaspoon    pepper | 1   cup    warm water | 3   tablespoons    olive oil | 1/2  medium    onion, sliced | 1/2  tablespoon    fresh rosemary leaf, minced","Place heavy (preferably cast-iron) skillet in oven and preheat to 450. | In a large bowl, sift chickpea flour, pepper and salt together. After sifting, add rosemary leaves. | Whisk in warm water and 2 tbsp olive oil. | Cover the bowl and allow the batter set for at least 30 minutes, which should have the consistency of thick cream. Stir sliced onion into the batter. | Remove skillet from oven. Add 1 tbsp olive oil to the hot pan, pour batter into pan and bake for 12-15 minutes or until the pancake is firm and the edges are set (top may not be browned). | Set socca a few inches below your broiler for 1-2 minutes, just long enough to brown it in spots. Cut into wedges and serve hot, with toppings of your choice.","https://img.sndimg.com/food/image/upload/q_92,fl_progressive,w_1200,c_scale/v1/img/recipes/18/95/71/vvxKebUzTz2lhQxPcucT_untitled-3085.jpg",Breads,All,"European,Vegan,Low Cholesterol,Kosher,Free Of...,Savory,< 30 Mins",370.0
Remarkable Rhubarb Bites,Make and share this Remarkable Rhubarb Bites recipe from Food.com.,https://www.food.com/recipe/remarkable-rhubarb-bites-445,30m,45m,1h 15m,24 serving(s),"2   cups    rhubarb, diced | 1   cup    sugar | 1/2  cup    shortening | 1   cup    brown sugar | 1       egg | 1   teaspoon    baking soda | 1/4  teaspoon    salt | 1   teaspoon    cinnamon | 2   cups    flour | 1/2  teaspoon    vanilla | confectioners' sugar","Preheat oven to 350&deg;F. | Mix together rhubarb and 1/2 cup sugar. | Set aside.  Cream shortening, remaining 1/2 cup sugar and brown sugar. | Add egg and then  stir in baking soda, salt, cinnamon and flour. | Stir in vanilla, then rhubarb  mixture. Place batter in a greased and floured 13x9&quot; baking pan and bake for  40-45 minutes. | Let cool, sprinkle with confectioners' sugar and cut into 2&quot; squares. | Nancy {:-).","https://img.sndimg.com/food/image/upload/q_92,fl_progressive,w_1200,c_scale/v1/img/recipes/44/5/OQS3z1T4eIxJX5UeEtJg_0S9A5287.jpg",Bar Cookie,All,"Dessert,Lunch/Snacks,Cookie & Brownie,Fruit,Summer,Weeknight,For Large Groups,Oven,< 4 Hours,Easy",148.4
Cinnamon Roll Casserole,Make and share this Cinnamon Roll Casserole recipe from Food.com.,https://www.food.com/recipe/cinnamon-roll-casserole-484134,10m,25m,35m,12 serving(s),2   tablespoons   of melted butter or 2   tablespoons    cooking spray | 2 (12 1/2  ounce) cans  pillsbury refrigerated cinnamon rolls with icing | 4       eggs | 1/2  cup    heavy whipping cream | 2   teaspoons    ground cinnamon | 2   teaspoons    vanilla | 1   cup   chopped pecans | 1/4  cup    maple syrup,"Heat oven to 375&deg;F Pour melted butter into ungreased 13x9-inch (3-quart) glass baking dish. | Separate both cans of dough into 16 rolls; set icing aside. | Cut each roll into 8 pieces; place pieces over butter in dish. | In a medium bowl, beat eggs. | Beat in cream, cinnamon and vanilla until well blended; gently pour over roll pieces. | Sprinkle with pecans; drizzle with 1/4 cup syrup. | Bake 20 to 28 minutes or until golden brown. | Cool 15 minutes. | Meanwhile, remove covers from icing; microwave on Medium (50%) 10 to 15 seconds or until thin enough to drizzle. | Drizzle icing over top. | If desired, spoon syrup over individual servings.","https://img.sndimg.com/food/image/upload/q_92,fl_progressive,w_1200,c_scale/v1/img/recipes/48/41/34/3RlhhZkTgWSxqG38aF5D_IMG_9052.jpg",Breakfast,All,"Brunch,< 60 Mins,Easy",157.9
"Bacon, Egg and Cheddar Scones","This wonderful recipe is from The Cheese Lover's Cookbook and Guide by Paula Lambert, adapted slightly cause I want MORE of everything.  These scones also freeze beautifully (fully-baked).  I individually wrap in double-foil and then breakfast is ready for me when I don't have time to make it.",https://www.food.com/recipe/bacon-egg-and-cheddar-scones-92160,20m,12m,32m,6 serving(s),"2   cups    unbleached all-purpose flour | 4   teaspoons    baking powder | 1/2  teaspoon    salt | 5   tablespoons    unsalted butter, cold | 3   large    eggs | 3/4  cup    heavy cream | 8   ounces    cheddar cheese, shredded | 3   large    eggs, lightly scrambled and broken up into pieces about 1 inch square | 6   slices    bacon, partially cooked and cut into 1/2 inch-wide strips  (you could also sub in ham, just add in amount that suits you)","Note before you get started:  Shredding or cubing the cheese depends on personal preference; the shredded blends into the pastry, but the cubed leaves little chunks of cheese throughout.  I'm a Libra, so I do both.  (shred half and cube half ,-) | Preheat the oven to 450&deg;F (230&deg;C).  Lightly butter a baking sheet or line it with parchment paper. | Sift the flour, baking powder, and salt together.  Place in either a medium bowl or the work bowl of a food processor fitted with a steel blade.  Cut the butter into the flour so that it is completely incorporated, using two knives, a pastry blender, your hands, or food processor until incorporated. | Beat 2 of the raw eggs and the cream together and add to the dry ingredients.  Mix or process just to incorporate the eggs into the flour and butter; do not overmix.  Dump the flour-and-butter mixture into a clean bowl. | Fold the cheese, scrambled eggs, and bacon into the flour mixture. It will be sticky and chunky.   Stir and knead the dough as little as possible while distributing the cheese, scrambled eggs, and bacon throughout. | Transfer the dough to a well-floured work surface.  Pat the dough into a rectangle about 12 x 4 x 3/4 inch high.  Cut the dough into three 4-inch squares.  Cut the squares on the diagonal to form six triangles.   Place the scones at least 1 inch apart on the baking sheet. | Beat the remaining 1 egg with 2 tablespoons water and use this wash to brush the tops of the scones. | Bake for 10 to 12 minutes, or until golden brown.  Remove and serve warm.","https://img.sndimg.com/food/image/upload/q_92,fl_progressive,w_1200,c_scale/v1/img/recipes/92/16/0/rnGQtqWKQCSEMX2esZ4X_Bacon%2C%20Egg%20And%20Cheddar%20Scones_final%202.jpg",Scones,All,"Quick Breads,Breads,Breakfast,Pork,Cheese,Meat,Kid Friendly,High In...,Brunch,< 60 Mins,Oven",601.5
Mom's Favorite Cheese Strata,"MDM prepared this often from the Alexandria, VA TWIG cookbook, &quot;A Heritage of Good Tastes&quot;;  The recipe was contributed by Marjorie Cook. Good with many main dish meats, such as beef, pork, etc.  Preparation time includes refrigerator setting time.",https://www.food.com/recipe/moms-favorite-cheese-strata-319933,24h,50m,24h 50m,6 serving(s),"1   lb    cheddar cheese, grated | 9   slices    white bread, crusts removed | salt, to taste | black pepper, to taste | 1 1/2  tablespoons    dried onion | 4       eggs | 3   cups    milk | 1   teaspoon    Worcestershire sauce | 1   teaspoon    dry mustard","Lightly grease casserole. | Cut 3 slices of bread into 3 strips each. Fit into casserole.  Sprinkle with salt, pepper and 1/3 of the onion. | Add 1/3 of the cheese.  Repeat layers two more times. | Beat eggs, add milk, Worcestershire sauce and mustard.  Pour over bread mixture. | Allow to set in the refrigerator overnight. | Take out 2 hours before baking. | Preheat oven to 325 degrees Fahrenheit, then bake for 50 minutes.","https://img.sndimg.com/food/image/upload/q_92,fl_progressive,w_1200,c_scale/v1/img/recipes/31/99/33/1cfQiGSrTeWWnaurWJ7B_IMG_6618%20copy.jpg",Grains,All,Cheese,537.5
Simple Savory Breakfast Casserole,Pure comfort food.  I love a a good sausage and egg breakfast with all the trimmings.  This casserole has all that combined in one tidy package.  Yummy yummy!!!,https://www.food.com/recipe/simple-savory-breakfast-casserole-316277,30m,1h,1h 30m,8 serving(s),"1   lb    breakfast sausage | 10       eggs | 3   cups    milk | 2   teaspoons    dry mustard | 8   ounces    cheddar cheese or 8   ounces    colby-monterey jack cheese | 6   cups    bread, cubed | salt and pepper | sliced mushrooms (optional) | chopped tomato (optional) | chopped bell pepper (optional) | green onion (optional) | precooked potato, chunks  (optional) | green chili (optional)","Preheat oven to 325 degrees. | Cook the breakfast sausage as directed on the package.  Crumble and drain. | In a large bowl combine the eggs, milk, dry mustard, pepper, and salt.  Mix thoroughly. | Lay half the bread cubes in the bottom of a greased 9 x 13 casserole dish. | Add half the cheese and sausage to the casserole dish along with half of any of the optional ingredients if desired. | Repeat layer of bread, cheese, sausage, and optional ingredients if used. | Pour egg mixture over the top of the casserole. | Bake for about an hour or until eggs are set.  Cover with foil if top browns too quickly.","https://img.sndimg.com/food/image/upload/q_92,fl_progressive,w_1200,c_scale/v1/img/recipes/31/62/77/TgNFa4MPTNqeo4USC6sV_simple-savory-breakfast-casserole_0011.jpg",Breakfast,All,"Pork,Cheese,Meat,Savory,< 4 Hours",547.1
Easy Breakfast Tacos,Make and share this Easy Breakfast Tacos recipe from Food.com.,https://www.food.com/recipe/easy-breakfast-tacos-533169,5m,2m,7m,6 serving(s),"3   cups   scrambled eggs | 6       corn tortillas | cooked bacon | shredded cheddar cheese | pico de gallo | chopped cilantro | avocado, diced","Toast tortillas on stovetop over medium flame. | Set out bowls containing the fillings: eggs, cheese, Pico de Gallo, cilantro, and lime. | Build taco by placing the eggs in first and topping it with cheese, Pico de Gallo, and cilantro, adding a squeeze of lime to taste.","https://img.sndimg.com/food/image/upload/q_92,fl_progressive,w_1200,c_scale/v1/img/recipes/53/31/69/ELgFayABRNG0moIXb212__MGL9090-2.jpg",Breakfast,All,"Tex Mex,Southwestern U.S.,< 15 Mins,Easy",226.1
Amazing &amp; Easy Basic Crepes,"I got this recipe from an OLD &quot;Pillsbury Kitchens' Family Cookbook&quot;. I have been using this recipe since I was in High School, so that should tell you how EASY they are to put together and they are such a hit! You can do anything with them. Add fruits for a yummy breakfast dish, chicken and cheeses for a dinner dish (VERY good), or sweet fillings and powdered sugar for a dessert.",https://www.food.com/recipe/amazing-easy-basic-crepes-249042,10m,25m,35m,14 serving(s),"4       eggs | 1 1/3  cups    milk | 2   tablespoons    margarine or 2   tablespoons    butter, melted | 1   cup    unbleached flour | 1/2  teaspoon    salt (optional)","In medium bowl, beat eggs slightly. | Add remaining ingredients and beat until smooth. | (Batter may be covered and refrigerated up to 2 hours or cooked immediately). | Heat crepe pan or 7 or 8-inch skillet over medium-high heat (375*F). | A few drops of water sprinkled on the pan sizzle and bounce when heat is just right. | Grease pan lightly. | Pour about 3 tablespoons batter into pan, tilting pan to spread evenly. | When crepe is light brown and set, turn to brown other side. | Remove from pan. | Repeat with remaining batter to make about 14 crepes; stack cooked crepes. | Fill crepes with desired filling or cool, wrap and refrigerate up to 2 days. | FOR DESSERT CREPES, add 2 tablespoons sugar to batter. | To freeze, layer crepes with 2 sheets of waxed paper; wrap and store up to 3 months.","https://img.sndimg.com/food/image/upload/q_92,fl_progressive,w_1200,c_scale/v1/img/recipes/24/90/42/sMn5uPOUTeyXvliAe7Zr_basic-crepes-4.jpg",Breakfast,All,"Dessert,Danish,Swedish,Scandinavian,European,Toddler Friendly,Kid Friendly,Sweet,Brunch,< 60 Mins,For Large Groups,Beginner Cook,Stove Top,Easy,Inexpensive",85.0
"Sun-Dried Tomato, Basil and Black Pepper Scones","Make and share this Sun-Dried Tomato, Basil and Black Pepper Scones recipe from Food.com.",https://www.food.com/recipe/sun-dried-tomato-basil-and-black-pepper-scones-372443,30m,20m,50m,6-8 serving(s),"2   cups    all-purpose flour | 1   tablespoon    baking powder | 1   tablespoon    sugar | 1/2  teaspoon    salt | 1/2-1   teaspoon    cracked black pepper | 3   tablespoons   minced fresh parsley | 2   tablespoons   chopped fresh basil or 2   teaspoons    dried basil | 1/3  cup    butter | 1/2  cup    sun-dried tomato packed in oil, well drained and finely chopped | 1/2  cup    milk | 1       egg, slightly beaten | olive oil or  melted butter",Preheat oven 400 degrees. | Stir together dry ingredients and herbs; first 7 ingredients. | Blend in butter to look like coarse cornmeal. | Stir in tomatoes. | Mix milk with egg; stir into flour mixture until moist. | Gentily knead 8 to 10 turns; then pat into 6&quot; circle on ungreased baking sheet. | Cut 8 wedges and separate slightly. | Bake until golden 15 - 20 minutes. | Brush with seasoned olive oil or melted butter.,"https://img.sndimg.com/food/image/upload/q_92,fl_progressive,w_1200,c_scale/v1/img/recipes/37/24/43/x583YvHEQmWWRctQeTQJ_0S9A8942.jpg",Scones,All,"Quick Breads,Breads,Breakfast,Vegetable,European,High In...,Savory,Brunch,< 60 Mins,Easy",297.1
Hot Jam Sandwich,"I got this out of a book I borrowed from the library and made it for a quick weekend snack for the family.
Very popular.",https://www.food.com/recipe/hot-jam-sandwich-221460,10m,5m,15m,1 serving(s),"1       egg | 2   teaspoons    caster sugar, plus extra to sprinkle | 1/2  teaspoon    vanilla essence | 2   slices    white bread (or brioche) | 1 -2   tablespoon   of your favourite jam (I used raspberry) | 1   tablespoon    unsalted butter","Lightly beat together the egg, caster sugar and vanilla essence in a shallow dish and set aside. | Spread the jam on to one slice of the bread and then place the other slice on top, pressing together firmly. | Melt the butter in a large skillet over a medium-low heat. | Soak the sandwich in the egg mixture until all of the egg has been absorbed. | Fry in the butter for 1-2 minutes each side until golden brown. | Slice the sandwich in half and sprinkle with the extra caster sugar. | You may serve with a scoop of ice cream, yoghurt or a dollop of whipped cream or all by itself.","https://img.sndimg.com/food/image/upload/q_92,fl_progressive,w_1200,c_scale/v1/img/recipes/22/14/60/z8wEYH5wS76gLzxAQBEZ_hot-jam-sandwich-3811.jpg",Breakfast,All,"Lunch/Snacks,Kid Friendly,< 15 Mins,Easy",400.5
Special Steak and Eggs,Make and share this Special Steak and Eggs recipe from Food.com.,https://www.food.com/recipe/special-steak-and-eggs-42726,PT0S,30m,30m,6 serving(s),salt and pepper | 2   tablespoons    Worcestershire sauce | 4   tablespoons    butter | 2   teaspoons    thyme | 6   pieces    steak | 6      fried eggs | 6      sliced tomatoes | 6      sliced onions | 1   tablespoon    oil | 1   tablespoon    mustard,"Butter a pan and let it heat. | After hot, add oil and let steaks cook about three minutes on each side, turn only once and then take out and reserve for later. | In the grease left in the pan, add the worcestershire sauce, the thyme, the salt and peper,let the onions cook at medium heat for 5 minutes add the tomatos, put heat in low, cover and let it cook for 3 minutes. | Open up the pan, include the steaks, cover with the sauce from the ingredients and let them heat up again. | Serve in the dish with all sauce and fried eggs on top.","https://img.sndimg.com/food/image/upload/q_92,fl_progressive,w_1200,c_scale/v1/img/recipes/42/72/6/n0ApBlj6T1iRLjbhKo3T_0S9A5193.jpg",Meat,All,"South American,Free Of...,< 30 Mins,Easy",282.3
On-The-Go Breakfast Egg Rolls,"A portable low-fat breakfast! Egg roll wrappers/skins are found in the produce section of most supermarkets. If you're ambitious,search &quot;egg roll wrap&quot; and &quot;egg roll wrappers&quot; and try the homemade variety. These freeze well: just use the defrost setting in the microwave - or let sit overnight in the refrigerator - then toast in a toaster oven.",https://www.food.com/recipe/on-the-go-breakfast-egg-rolls-283051,20m,16m,36m,8 serving(s),"1 (8   ounce) carton   egg whites (shells removed) or 6       eggs (shells removed) | 1/3  cup    nonfat milk or 1/3  cup    milk | 1   teaspoon    garlic pepper seasoning | 1/2  teaspoon    cayenne pepper | 1 (10   ounce) package   frozen chopped spinach, thawed and squeezed dry | 4   ounces    turkey sausage (or turkey bacon or regular bacon, even veggie bacon or veggie sausage) or 4   ounces    sausage, cooked and chopped in small pieces  (or turkey bacon or regular bacon, even veggie bacon or veggie sausage) | 8       egg roll wraps | 1   cup    reduced-fat monterey jack cheese (optional) or 1   cup    monterey jack cheese, shredded  (optional) | 4   tablespoons    asiago cheese | non-fat cooking spray","Preheat oven to 425 degrees. | On the stove, heat a large skillet greased with cooking spray to medium high. | Whisk together egg, milk and peppers in a bowl, and add to skillet; scramble until nearly done. Add spinach and cooked meat and stir together until well-mixed, then remove from burner. | Assemble the egg rolls: on each wrapper, place one-eighth of the egg mixture (almost half a cup), two tablespoons shredded jack cheese (if using) and sprinkle with half a tablespoon of asiago cheese. Moisten the edges of each egg roll wrap; fold in sides and then roll tightly the long way like an egg roll in a Chinese restaurant; place in a baking dish greased with cooking spray. | Spray the top of the egg rolls with cooking spray and bake for eight minutes, then flip on the other side and cook an additional eight minutes or just until starting to crisp and turn golden. Allow a minute to cool and then ENJOY!","https://img.sndimg.com/food/image/upload/q_92,fl_progressive,w_1200,c_scale/v1/img/recipes/28/30/51/rODavtKLQlmaxX31flwU_DSC05590-2.jpg",Breakfast,All,"Spinach,Poultry,Cheese,Greens,Vegetable,Meat,< 60 Mins",155.0
All-Star Breakfast Rice,Make and share this All-Star Breakfast Rice recipe from Food.com.,https://www.food.com/recipe/all-star-breakfast-rice-122299,5m,13m,18m,1 serving(s),1/4  teaspoon    ground cinnamon | 1   tablespoon    brown sugar | 2/3  cup    milk | 1   cup    cooked rice | raspberries or   strawberry,"Combine rice, milk, brown sugar and cinnamon in small saucepan. Cook over medium heat until thick and creamy, about 10 minutes. | Spoon into serving bowl, let cool 3 minutes. Top with fresh berries.","https://img.sndimg.com/food/image/upload/q_92,fl_progressive,w_1200,c_scale/v1/img/recipes/12/22/99/bUyy2tfTTNCDORe9b5yV_untitled-0942.jpg",Breakfast,All,"Fruit,Low Protein,Low Cholesterol,Healthy,Brunch,< 30 Mins,Beginner Cook,Easy,Inexpensive",400.0
Low Carb Breakfast Balls,I used to live off of these when I was low carbing. They freeze really well. I also occasionally mixed in TVP (texturized vegetable protein) and flax for some extra fiber.,https://www.food.com/recipe/low-carb-breakfast-balls-98774,20m,30m,50m,"48 meatballs, 12 serving(s)","2   lbs    bulk pork sausage | 1   lb    ground beef | 3       eggs | 2   tablespoons    dried onion flakes | 1/2  teaspoon    black pepper | 1/2  lb    sharp cheddar cheese, shredded","Mix all the ingredients together until thoroughly blended (it is best to use your hands or an electric mixer). | Form into about 4 dozen 1 to 1 1/2 inch balls and place on a cookie sheet or broiler pan. | Bake at 375&deg;F for about 25 minutes. | Once they are cool, they can be sorted into individual zip bags and frozen for a grab-and-go breakfast. | NOTE: for Scotch Eggs, mold a bit of the raw meat mixture around a peeled hard-boiled egg (or eggs) and bake at 350&deg;F for 30 minutes.","https://img.sndimg.com/food/image/upload/q_92,fl_progressive,w_1200,c_scale/v1/img/recipes/98/77/4/ebRhPzUSNO95aIz3RqzA_Low-Carb-Breakfast-Balls-6.png",Breakfast,All,"Lunch/Snacks,Pork,Cheese,Meat,Very Low Carbs,High Protein,High In...,Brunch,< 60 Mins,Oven,Easy",403.0
Gordon Ramsay's Scrambled Eggs,"There's eggs and then there's eggs. This recipe comes from world famous chef, Gordon Ramsey. The first time I made this I realised what scambled eggs could be!",https://www.food.com/recipe/gordon-ramsays-scrambled-eggs-186294,4m,5m,9m,2-3 serving(s),"6       eggs | 25      g/ 1 oz. butter, cold and cubed | 1   tablespoon    creme fraiche | fresh ground black pepper | chopped chives","Break eggs into a pan and add the cubed butter. | Stir over a medium heat until the eggs start to cook. Remove from heat continue stirring eggs for about 20 second. Return to heat, continue to stir eggs until they start to clump, remove from heat and add the creme fraiche. Return to heat stirring in cr&egrave;me fraiche. | Remove from heat when eggs are clumpy, but soft. | Season with freshly ground black pepper and garnish with a sprinkling of chopped chives.","https://img.sndimg.com/food/image/upload/q_92,fl_progressive,w_1200,c_scale/v1/img/recipes/18/62/94/QCnEQxSWWr26hT0bVLYA_0S9A3033.jpg",Breakfast,All,"< 15 Mins,Easy",240.4
Italian Egg Sandwiches,"i saw this on Everyday italian and have tweaked it to my taste a little. This is by all means to die for. I am a picky eater and would never have thought that eggs and tomato sauce would be good, but this is superb. Breakfast, lunch, brunch, midnight snack. My husband and i love this. The kids not so much, but that means more for us! Please try it and let me know what you think.",https://www.food.com/recipe/italian-egg-sandwiches-284984,5m,5m,10m,1 serving(s),"2   slices   good quality bread, toasted pretty crunchy, per person | 1   tablespoon    pizza sauce, per slice | 2       eggs, per person | garlic salt | parmesan cheese","toast your bread. I like D'Annuzios. Use a good quality french, italian or ciabatta. Fry egg to your personal preference, me, i like it over easy. sprinkle with garlic salt to taste. Heat pizza sauce in microwave, then spread on toasted bread.You may use more than 1 tbsp if you like it saucey. Place your egg on top of sauce and sprinkle liberally with freshly grated parmesan. You may use marina, spaghetti or plain tomato sauce, but i found i really prefer a good quality pizza sauce. Enjoy!","https://img.sndimg.com/food/image/upload/q_92,fl_progressive,w_1200,c_scale/v1/img/recipes/28/49/84/bYZhdvX7QnuQ7twNMx2o_DSC_0406.jpg",Breakfast,All,"Lunch/Snacks,< 15 Mins,Easy",278.1
Pineapple Upside Down Biscuits,"This is a ""Paula Deen"" recipe that my brother gave to me. I haven't tried it yet but DH loves pineapple so it probably won't be long before I'm whipping up a batch of these. I think this would be a great dish to make with your children.",https://www.food.com/recipe/pineapple-upside-down-biscuits-101893,15m,15m,30m,5 serving(s),"1 (10   ounce) can   crushed pineapple | 1/2  cup   packed light brown sugar | 4   tablespoons    butter, room temperature | 10       maraschino cherries | 1 (12   ounce) package   refrigerated buttermilk biscuits (10 count)","Preheat the oven to temperature as stated on biscuits. | Using a cupcake or muffin tin grease 10 cups. | Drain the can of crushed pineapple, saving the juice. | Stir together the pineapple, sugar and butter until well mixed. | Divide the pineapple mixture amongst the muffin cups. | Place a cherry in the center of each tin, pressing to make sure cherry touches the bottom of the cup. | Place 1 biscuit in each cup on top of the pineapple mixture. | Spoon 1 teaspoon of the reserved pineapple juice over each biscuit. | Bake for 12 to 15 minutes, or until golden brown. | Cool for 2 minutes. | Invert the pan onto a plate to relase the biscuits. | Serve warm sprinkled with powdered sugar or plain.","https://img.sndimg.com/food/image/upload/q_92,fl_progressive,w_1200,c_scale/v1/img/recipes/10/18/93/QgZpDBJfTWyhSzUTavVe_pineapple%20upside%20down%20biscuits%20101893-6.jpg",Breads,All,"Breakfast,Low Protein,< 30 Mins,Easy",435.1
Bahama Mamma Breakfast Spread,Make and share this Bahama Mamma Breakfast Spread recipe from Food.com.,https://www.food.com/recipe/bahama-mamma-breakfast-spread-48279,5m,,5m,1 serving(s),"1/2  cup    light cream cheese, softened  (Neufchatel cheese) | 1/4  cup    crushed pineapple, drained | 1/4  cup   finely chopped pecans | 2   tablespoons    light brown sugar","Combine all ingredients in small bowl. | Mix well. | Serve on top of toast, English muffins, waffles, bagels or fruit.","https://img.sndimg.com/food/image/upload/q_92,fl_progressive,w_1200,c_scale/v1/img/recipes/48/27/9/OfVCilaT2acFev5XA9cA_bahamamama1.jpg",Spreads,All,"Breakfast,Pineapple,Cheese,Tropical Fruits,Fruit,Nuts,< 15 Mins,No Cook,Refrigerator,Easy,Inexpensive",617.9
Scrambled Egg Breakfast Panini,I was just trying some different things out when I made this. I enjoyed the results. Note: Recipe makes 1 serving,https://www.food.com/recipe/scrambled-egg-breakfast-panini-312058,5m,5m,10m,"1 Panini, 1 serving(s)","2   slices    white bread (any bread will do) | 1 -2       egg | cheddar cheese, grated | 1   teaspoon    butter, melted | 2 -4   slices    cooked turkey breast, thinly sliced  or 2 -4   slices   crisp cooked bacon",Scramble eggs in frying pan. | Melt butter. Brush onto each slice of bread. | Sprinkle cheese onto one side of bread. | Place turkey and/or bacon. | Place eggs on top of meat. | Place in panini maker or George Foreman Grill.,"https://img.sndimg.com/food/image/upload/q_92,fl_progressive,w_1200,c_scale/v1/img/recipes/31/20/58/MF4VdlT4SLmVGafRdKGA_0S9A8955.jpg",Breakfast,All,"Lunch/Snacks,Poultry,Meat,< 15 Mins,Inexpensive",238.1
Vegetable Quiche Cups -SBD-,These are a breakfast option in the South Beach Diet (phase 1). They can be eaten hot or cold and can also be frozen. These make a handy and healthy snack to take to work too.,https://www.food.com/recipe/vegetable-quiche-cups-sbd-81319,20m,20m,40m,12 quiche cups,"3/4  cup    egg white substitute or 3/4  cup    egg substitute | 1 (10   ounce) package   frozen chopped spinach | 3/4  cup   shredded reduced-fat cheese | 1/4  cup   diced red peppers or 1/4  cup    green pepper (or mixture of both) | 1/4  cup   diced onion | Tabasco sauce or  other hot pepper sauce, if desired,to taste | salt","Heat oven to 350F. | Line a 12 cup muffin pan with foil baking cups, spray the cups with cooking spray. | Thaw and drain spinach, wring it out well by hand. | Mix the spinach, egg whites or substitute, cheese, peppers, onions, hot pepper sauce and salt in a bowl. | Fill the foil cups with the mixture. | Bake at 350F or 20 minutes, testing so that a knife inserted in the middle comes out clean. | Remove from cups to serve.","https://img.sndimg.com/food/image/upload/q_92,fl_progressive,w_1200,c_scale/v1/img/recipes/81/31/9/ziXyA4PFS8aUqT50HjzE_0S9A3491.jpg",Savory Pies,All,"Breakfast,Lunch/Snacks,Cheese,Vegetable,Savory,Brunch,< 60 Mins,Oven,Easy",9.2
' Utah ' Scones (Deep-Fried),"These are not scones as the rest of the world knows them...I just call them Utah scones.  They're basically like frybread, sopapillas, elephant ears... Delicious and completely unhealthy.  This recipe includes my slightly 'healthy' ingredients--not that it actually makes them healthy, but you at least feel slightly better about eating them =)  Best served with honey, jam, or the topping of your choice (some people like peanut butter, orange marmalade, powdered sugar, etc.).",https://www.food.com/recipe/utah-scones-deep-fried-350400,3h,1h,4h,"18 'Utah' scones, 18 serving(s)","2   tablespoons    active dry yeast (2 packages) | 1/2  cup    water (warm) | 1   tablespoon    sugar | 1/4  cup    honey | 1/4  cup    brown sugar | 1   cup    boiling water | 1/2  cup    Smart Balance butter spread | 2   teaspoons    salt | 3       eggs | 4 1/2  cups    whole wheat flour | oil, with high smoke point to deep-fry in  (peanut oil, etc.)","Dissolve yeast in the 1/2 cup of warm water. | Add the tablespoon of sugar to the yeast-water mixture and set aside. | Beat the 3 eggs in a small bowl and set aside. | Put honey, brown sugar, smart balance, and salt in a large bowl (preferably the bowl for your Kitchen-Aid mixer, if you have one). | Add 1 cup boiling water to the large bowl (with the sugar, salt, etc.). | Add the 3 beaten eggs to the large bowl and mix. | Add the yeast mixture to the large bowl. | Slowly add the flour to the large bowl while mixing. | Continue beating the mixture with a mixer until smooth. | Cover the bowl with a dish towel, and let the dough rise for 1 hour. | Refrigerate the dough until cold.  (Sometimes it's nice to make the dough the night before, and finish them in the morning). | Roll the dough out on a floured surface to about 1/4&quot; thin (careful not to get any water on it, as water and deep-frying DO NOT MIX!). | Heat oil with a high smoke point (peanut oil, sunflower oil, safflower oil, canola oil in a pinch) in a deep-fryer or electric skillet to around 350 degrees F.  Make sure not to use olive oil, as it has a low smoke point and is not suited for deep-frying.  Use a deep-frying thermometer to check the temperature of the oil, if at all possible.  (Make sure to have at least 2 inches of clearance between the top of the skillet and the top of the oil to allow room for bubbling).  If your oil starts to smoke (and you'll know it if this happens! Oil smoke smells really nasty), turn off the heat, let the oil cool, then throw out the oil; it's no good. | While oil is heating, cut the dough into pieces, 4 inch squares seem best to me, but you can make them smaller or larger. | Fry the pieces of dough in the heated oil, preferably one at a time, until puffy and golden brown.  Remove from oil using an all-metal utensil. | Place on paper towels to cool, but serve warm with the topping of your choice.","https://img.sndimg.com/food/image/upload/q_92,fl_progressive,w_1200,c_scale/v1/img/recipes/35/04/00/bCm0tYohSSGyTpxJDf0p_untitled-8688.jpg",Scones,All,"Yeast Breads,Quick Breads,Breads,Grains,Healthy,Sweet,Brunch,Mixer,For Large Groups,Deep Fried,Small Appliance,< 4 Hours,Inexpensive",183.2
Chocolate &amp; Banana Overnight Oats,Like dessert for breakfast! You can add more/less sugar if you want but adding the mashed banana in helps sweeten things up a bit. You can also add 1/4 tsp ground cinnamon for even more flavour.,https://www.food.com/recipe/chocolate-banana-overnight-oats-537204,5m,,5m,2 serving(s),"2/3  cup    old fashioned oats | 2/3  cup    milk, of choice  (cow’s, almond, soy, rice…) | 2   tablespoons    cocoa powder | 1   tablespoon    granulated sugar | 2       bananas | 2   tablespoons    semisweet chocolate chunks","In a medium bowl, mix the oats, milk, cocoa powder and sugar. | Mash one of the bananas and stir into the oats. | Divide between two bowls or mason jars and store in the fridge overnight. | In the morning, slice the other banana and top the oats with the sliced banana and chocolate chunks and serve.","https://img.sndimg.com/food/image/upload/q_92,fl_progressive,w_1200,c_scale/v1/img/submissions/recipe/2001201872/kO3BWtURQW2yhom2qkQG_untitled-6428.jpg",Oatmeal,All,"Breakfast,Vegan,Low Cholesterol,Healthy,< 15 Mins",368.6
Brown Sugar Bacon,"I make this for the guy's birthday breakfasts, at their request. Think this recipe comes from the Martha Stewart website.",https://www.food.com/recipe/brown-sugar-bacon-33649,5m,20m,25m,4-6 serving(s),1   lb   thick sliced bacon | 1/2  cup    brown sugar,"Line a cookie sheet with parchment paper and preheat oven to 425. | Lay bacon on paper and sprinkle with sugar. | Bake 10 minutes then drain fat from pan (carefully!). | Bake 5 to 10 minutes more, until it's as crisp as you like.","https://img.sndimg.com/food/image/upload/q_92,fl_progressive,w_1200,c_scale/v1/img/recipes/33/64/9/26qRJpRuKRCVC9S5yfvg_brown-sugar-bacon-05894.jpg",Breakfast,All,"Pork,Meat,Kid Friendly,< 30 Mins,Easy",623.9
Breakfast in a Hurry,"I love omelets but hate making them one at a time because I am at the stove while everyone is eating breakfast, then I end up eating after everyone is done. This solves that.",https://www.food.com/recipe/breakfast-in-a-hurry-155256,10m,30m,40m,4 serving(s),"6 -8   slices    cooked bacon, crumbled | 1   lb    cheddar cheese, grated | 6       eggs, beaten","Spray an 8 inch x 8 inch glass dish with non-stick coating. | Place cooked bacon in the bottom of the dish. | Sprinkle cheese on top. | Pour beaten eggs over the top. | Bake for 25 to 30 minutes in a 350 degree Fahrenheit oven. | Cut into squares, serve.","https://img.sndimg.com/food/image/upload/q_92,fl_progressive,w_1200,c_scale/v1/img/recipes/15/52/56/RYJ0V9JbQKuDPSOJO6dD_DSC05190-2.jpg",Breakfast,All,"Cheese,Very Low Carbs,High Protein,High In...,< 60 Mins,Easy",630.0
Mini Cinnamon Twists (Oamc),"Perfect for a sweet breakfast treat. From Easy Everyday Cooking. Freeze these in an airtight container for up to a month. Defrost the night before for a quick trip in the oven for breakfast. PostScript: I edited this after making it and finding out not a much of a few ingredients were needed. I have also adjusted amounts to reflect a much larger batch, as I made them, so you don't have to make them as often :D",https://www.food.com/recipe/mini-cinnamon-twists-oamc-217267,30m,30m,1h,64 serving(s),"1   cup    sugar | 1   tablespoon    cinnamon | 4 (8   count) cans   crescent rolls | 5   tablespoons    butter, melted | 64       mini marshmallows | 1   cup    icing sugar | 2   tablespoons    milk","Preheat oven to 375&deg;F. | Spray a baking sheet with no-fat cooking spray. | Mix sugar with cinnamon in a small bowl. | Separate dough into triangles. | Cut each triangle in half, lengthwise. | Brish each triangle with melted butter. | Sprinkle with cinnamon-sugar. | Place a marshmallow and the wide end of each triangle. | Roll up each triangle starting from the wide end to enclose marshmallow, pinch edges of dough to seal. | Place twists on prepared baking sheet, seam side down about 2in apart. | Bake for 10 minutes or until golden brown. | Blend icing sugar with milk in a small bol. | Drizzle over warm twists. | Please also try this without the marshmallows, just a yummy with a little less sweetness!","https://img.sndimg.com/food/image/upload/q_92,fl_progressive,w_1200,c_scale/v1/img/recipes/21/72/67/46CjOeipTtKlPRgbh7kS_untitled-8944.jpg",Breads,All,"Breakfast,Healthy,Kid Friendly,Sweet,< 60 Mins,For Large Groups,Oven,Beginner Cook,Easy",83.9
Best Ever Banana Muffins,These are the only banana muffins I make now. I add chocolate chips to my batter and triple the recipe. These freeze great. I got this recipe from an old (1980's) Canandian cookbook called &quot;Muffin Mania&quot;. (Prep time is a guess.),https://www.food.com/recipe/best-ever-banana-muffins-62286,15m,20m,35m,9 large muffins,"3   large   ripe bananas, mashed | 3/4  cup    sugar | 1       egg, slightly beaten | 1/3  cup   melted butter | 1   teaspoon    baking powder | 1   teaspoon    baking soda | 1/2  teaspoon    salt | 1 1/2  cups    flour",Mash bananas. | Add sugar and slightly beaten egg. | Add melted butter. | Add the dry ingredients and bake at 375 degrees for 20 minutes.,"https://img.sndimg.com/food/image/upload/q_92,fl_progressive,w_1200,c_scale/v1/img/recipes/62/28/6/X6IbE4EzSmwJ6NutMhQl_0S9A2157.jpg",Quick Breads,All,"Breads,Breakfast,Toddler Friendly,Healthy,Kid Friendly,Sweet,Brunch,< 60 Mins,Oven,Beginner Cook,Freezer,Easy,Inexpensive",249.1
Low Calorie Asparagus &amp; Egg Whites,Make and share this Low Calorie Asparagus &amp; Egg Whites recipe from Food.com.,https://www.food.com/recipe/low-calorie-asparagus-egg-whites-182486,8m,,8m,1 serving(s),Pam cooking spray | 4 1/2  ounces    frozen asparagus cuts (half of a 9 oz pkg) | 1/2  cup    egg white | 1   tablespoon    parmesan cheese,Microwave asparagus according to package directions. | Drain well and separate into halves. | Put half the asparagus in a 8&quot; pan sprayed with pam (save other half for another time). | Pour egg whites over asparagus and cook 2 minutes over med heat. | sprinkle with  parmesan and broil for 4-5 minutes or until cheese is brown &amp; bubbly and eggs are set. | Turn out onto plate &amp; enjoy!,"https://img.sndimg.com/food/image/upload/q_92,fl_progressive,w_1200,c_scale/v1/img/recipes/18/24/86/iVVVaI4hShmVUyf59Oms_egg-white-asparagus-frittata-2685.jpg",Breakfast,All,"Lunch/Snacks,Cheese,Vegetable,Very Low Carbs,Low Cholesterol,Healthy,Brunch,< 15 Mins,Easy,Inexpensive",115.3
Gourmet Huevos Rancheros,"Eggs paired with zesty salsa and warm corn tortillas create a hearty breakfast, brunch or dinner entr&eacute;e. Refried beans, avocado, cilantro, green onion and sour cream make up the CIA's interpretation of this dish. To complement the heat of this spicy combination, serve with a side of chilled sliced fruit. The following recipe suggests fried eggs, although you can prepare them scrambled or poached. The rich and creamy texture of the avocado supplies a flawless garnish. This recipe is from The Culinary Institute of America's Cooking at Home with the CIA.",https://www.food.com/recipe/gourmet-huevos-rancheros-129203,10m,20m,30m,4 serving(s),"4 (6   inch)    corn tortillas | 1   cup   canned refried beans | 2   tablespoons    unsalted butter or 2   tablespoons    vegetable oil | 8   large    eggs | salt and black pepper, freshly ground | 1/2  cup    monterey jack cheese, grated | 1       avocado | 2   teaspoons    lime juice, fresh | 1/2  cup   prepared salsa | 1/2  cup    sour cream | 1/4  cup    fresh cilantro, coarsely chopped | 1       green onion, white and green parts  (thinly sliced on the bias)","Preheat the broiler. | Heat the tortillas by toasting them one at a time in a dry cast-iron skillet or directly over a gas flame until lightly toasted; Place on a baking sheet, spread each tortilla with &frac14; cup of refried beans, and cover to keep warm. | Working in batches as needed, heat the butter in a large skillet over medium-high heat until it is very hot but not smoking and the foaming has subsided; Crack the eggs directly into the hot butter and reduce the heat to medium-low or low; Fry the eggs, shaking the pan occasionally to keep the eggs from sticking; Season the eggs with salt and pepper; Fry to the desired doneness, about 2 minutes for &quot;sunny-side up,&quot; 3 minutes for medium yolks, and 4 minutes for hard yolks; Or, once the whites are just opaque, turn the eggs and cook for 30 seconds more for &quot;over easy,&quot; 1 minute more for &quot;over medium,&quot; or 2 minutes more for &quot;over hard.&quot;. | Top each tortilla with 2 fried eggs and 2 tablespoons of the grated cheese; Slide the tortillas under the broiler to melt the cheese. | Meanwhile, dice the avocado and toss with the lime juice to prevent the avocado from discoloring. | Top each serving with 2 tablespoons salsa and 2 tablespoons sour cream; Divide the avocado among the tortillas; Garnish each tortilla with 1 tablespoon cilantro and 1 tablespoon green onion and serve.","https://img.sndimg.com/food/image/upload/q_92,fl_progressive,w_1200,c_scale/v1/img/recipes/12/92/03/iJpwUzywTxuK8MVziaZm_huevos-rancheros-2.jpg",Breakfast,All,"Cheese,Tropical Fruits,Fruit,Tex Mex,Southwestern U.S.,Mexican,Kid Friendly,Brunch,< 30 Mins",499.8
Cream Cheese Stuffed French Toast W/Strawberries and Whip Cream,We love Ihops stuffed french toast so much we decided to try to come up with one ourselves.  This is really delicious.,https://www.food.com/recipe/cream-cheese-stuffed-french-toast-w-strawberries-and-whip-cream-58497,20m,15m,35m,7 sandwhiches,"1   loaf   pepperidge farm cinnamon-swirl bread (14 slices) | 3       eggs | 1   tablespoon    sugar | 1   teaspoon    vanilla | powdered sugar (a little for dusting top of fried sandwiches) | 1 (16   ounce) carton   frozen sliced strawberries in syrup, thawed  (for topping) | 1 (8   ounce) carton  frozen Cool Whip, thawed  (for topping) | 4   ounces   softened cream cheese | 3   tablespoons    butter, softened | 3/4  cup    powdered sugar (or more) | 1/2  teaspoon    vanilla","Mix cream cheese filling ingredients in bowl using enough powdered sugar to make a spreading consistency, and set aside. | Spread out the slices of the cinnamon bread and spread a little cream cheese filling on each and put two together to make a &quot;sandwich&quot;. | In another bowl mix the 3 eggs, 1 tbsp sugar, 1 tsp vanilla well with a whisk and dip the sandwiches in this mixture and then fry them in a little melted butter until browned on each side. | We use the large electric griddle for this. | Top the fried sandwiches with a little powdered sugar dusting and then strawberry sauce and whip cream and serve.","https://img.sndimg.com/food/image/upload/q_92,fl_progressive,w_1200,c_scale/v1/img/recipes/58/49/7/fCDQvyJnT5eisnDqqMif_CCSFT%207%20-%20final_4.jpg",Breakfast,All,"Kid Friendly,Brunch,< 60 Mins,Stove Top",354.7
Cinnamon Roll Waffles,A decadant cinnamon bun turned into a waffle.  Will give you a toothache. Inspiration from Recipe Girl's blogsite.,https://www.food.com/recipe/cinnamon-roll-waffles-470143,30m,20m,50m,12 4,"1 3/4  cups    all-purpose flour | 2   tablespoons    granulated sugar | 1   teaspoon    baking powder | 1/2  teaspoon    baking soda | 1/4  teaspoon    salt | 2   large    eggs | 2   cups    buttermilk | 1/4  cup    vegetable oil | 1   teaspoon    vanilla extract | 1/2  cup    butter, melted | 3/4  cup    brown sugar, packed | 1   tablespoon    ground cinnamon | 4   tablespoons    butter | 2   ounces    cream cheese | 3/4  cup    powdered sugar | 1/2  teaspoon    vanilla extract","Too prepare the waffles: In a medium bowl, whisk together flour, sugar, baking powder, baking soda and salt. Make a well in the center of the mixture; set aside. | In a separate bowl, whisk together eggs, buttermilk, oil and vanilla. Pour into the bowl with the dry ingredients. Stir just until moistened; batter will be slightly lumpy. | Preheat a waffle iron and spray with nonstick spray. Pour batter into waffle iron grid and close the lid. Bake until waffles are completely done- follow your waffle iron's instructions. Use a fork to remove finished waffles. Repeat with remaining batter. Keep waffles warm until ready to serve (Placing in a 200 degree oven is will do the trick). | To prepare the cinnamon topping: In a medium bowl, mix butter, brown sugar and cinnamon. Scoop the filling into a small zip baggie and set aside. | To prepare the cream cheese topping: In a medium, microwave-safe bowl- heat butter and cream cheese for 30 to 60 seconds; just until melted. Stir together until smooth; whisk in powdered sugar and vanilla extract. | When ready to serve, place waffle on plate, drizzle cinnamon topping, then drizzle cream cheese topping to taste. Serve immediately.","https://img.sndimg.com/food/image/upload/q_92,fl_progressive,w_1200,c_scale/v1/img/recipes/47/01/43/1nYQzaa4QOA6jDuL8XX1_waffles.JPG",Breakfast,All,"Kid Friendly,Brunch,< 60 Mins,Small Appliance",345.6
Mom's Homemade Biscuits,"My mom made these when I was growing up by just throwing everything into a bowl with no measuring.  We liked them so much that we all needed the recipe so after several tries this is her recipe and they are great. Very delicate biscuit, do not roll with rolling pin just flour board and use hands to press dough out about 1 inch thick and then cut .",https://www.food.com/recipe/moms-homemade-biscuits-181928,5m,20m,25m,"8-10 biscuits, 4-5 serving(s)",2   cups    flour | 4   tablespoons    sugar | 1   teaspoon    salt | 3   teaspoons    baking powder | 1/3  cup    shortening (Crisco works best) | 3/4  cup    milk,"Mix together flour, sugar and salt.  Add baking powder and then cut in shortening with pastry blender until thoroughly incorporated. | Add milk and mix only until a soft dough forms.  Dough may be slightly sticky but that is normal. | Generously flour counter or board and transfer dough on top dusting with a small amount of flour if dough is sticky.  Pat dough out with hands till about 1 inch thick and cut with biscuit cutter or large glass dipped in flour. Place on baking sheet about 1 1/2 inch apart.  Bake 425 degrees for 12 to 15 minutes or until golden brown. | Note: Do not roll out with rolling pin as that will make for harder biscuits.","https://img.sndimg.com/food/image/upload/q_92,fl_progressive,w_1200,c_scale/v1/img/recipes/18/19/28/dtQnfYT2Q8yrjuQqQeDc_biscuits.JPG",Breads,All,"High In...,Brunch,< 30 Mins,Inexpensive",458.2
Corned Beef Hash Breakfast Pizza,"Bored of the same-old pizza toppings? Try adding an Irish twist, with corned beef, hash browns, cheese and a dash of hot sauce for good measure.",https://www.food.com/recipe/corned-beef-hash-breakfast-pizza-537494,10m,30m,40m,4 serving(s),"4   tablespoons    olive oil, divided | 1   cup   diced red onion | 1/2      red bell pepper, diced | 1/2      green bell pepper, diced | 8   ounces    frozen hash browns, roughly chopped | 2   cups    cooked corned beef, cubed | 2 -3   teaspoons    hot sauce (optional) | kosher salt | ground black pepper | 1 (13   ounce) can   pizza dough | 1 1/2  cups   shredded sharp cheddar cheese, divided | 1   cup   shredded mozzarella cheese, divided | 4   large    eggs | 3   tablespoons   chopped scallions","Preheat oven to 425 degrees F. In a large saute pan, heat 2 tablespoons oil over medium high heat. Cook onion, red bell peppers and green bell peppers until beginning to soften, about 3-5 minutes. Increase heat and add hash browns, stirring to combine. Cook 3-5 minutes then stir in cubed corned beef, hot sauce (if using), and salt and pepper to taste. Set aside. | Working on a 9x11 piece of parchment paper, stretch or roll pizza dough into a large rectangle. Transfer to a baking sheet and bake for 6 minutes. | Remove pizza from oven and brush dough with 2 tablespoons olive oil. Top with 1 cup shredded cheddar cheese, 1/2 cup mozzarella cheese and the corned beef hash. Make 4 wells in the hash and break an egg into each well. Top the hash with remaining 1/2 cup cheddar cheese and 1/2 cup shredded mozzarella. | Bake pizza until crust is golden and eggs whites are set, about 10-12 minutes. Remove from oven and garnish with chopped scallions.","https://img.sndimg.com/food/image/upload/q_92,fl_progressive,w_1200,c_scale/v1/img/recipes/53/74/94/l8dCU6phTveJogl5dOHM_0S9A6643.jpg",Breakfast,All,"European,< 60 Mins",594.4
Baked Egg in Ham Cups With Parmesan and Green Onion,"You don't have to wait until a special occasion, make these for your breakfast tomorrow.  I entered the recipe as 1 egg so you can easily scale it to just the number you need.  If serving a crowd, use your muffin tin/silpat.  Just 1 or a few use a ramekin or silpat cup.  Add other things to the cup as the spirit moves you!",https://www.food.com/recipe/baked-egg-in-ham-cups-with-parmesan-and-green-onion-477110,2m,18m,20m,1 serving(s),"1   slice    ham, thin | 1       egg | 2   teaspoons    parmesan cheese, grated | 1   tablespoon    green onion, chopped | smidge oil | salt | pepper","Preheat oven to 375F. | Oil your ramekin (or silpat cup or muffin tin). | Place the ham inside of it, making a nice cup. | Crack your egg into the center. | Top with green onion and cheese. | Salt and pepper to taste. | Bake for 15-20 minutes.  I prefer the yolk still runny -- less time. | Pop onto your plate and serve.","https://img.sndimg.com/food/image/upload/q_92,fl_progressive,w_1200,c_scale/v1/img/recipes/47/71/10/zgbWIYwsTyO8gRz3g3wC_033%20ham%20egg%20cups.jpg",Breakfast,All,"Cheese,< 30 Mins",87.8
Auberge French Lavender Pancakes With Lavender Honey,"Our own Auberge de la Fontaine Lavender Pancakes - these are made with home-grown organic lavender flowers from our garden here in SW France, where we often serve them for breakfast! They also make a very elegant dessert when served with cream and fruit - I sometimes serve them with Recipe #241775. If you cannot get hold of culinary lavender, these pancakes are just fine if served with the lavender honey, butter and/or cream and fresh fruit.",https://www.food.com/recipe/auberge-french-lavender-pancakes-with-lavender-honey-247657,5m,15m,20m,"12 Pancakes, 4-6 serving(s)","8   ounces    plain flour | 1   tablespoon    brown sugar | 1/2  teaspoon   powdered dried lavender flowers | 1/4  teaspoon    salt | 4   teaspoons    baking powder | 2       eggs | 1   cup    milk | 1   teaspoon    vanilla extract | 5   tablespoons    butter, melted and allowed to cool slightly | cooking spray or   butter | lavender honey, to serve | cream, to serve | butter, to serve","In a large bowl, mix together all dry ingredients together. | Add the milk, eggs and vanilla extract and whisk until well combined. | Whisk in the melted butter until the batter is thick and very smooth. | Heat frying pan or griddle over medium heat, and spray with cooking oil spray or grease with a knob of butter. | Spoon the pancake batter onto the griddle in equal amounts and cook until bubbles come to the surface of the batter and the edges start to curl up. | Flip pancakes with a spatula, and cook for a few seconds more on the second side. | Check underneath for a golden brown colour– if they are too pale, keep cooking them a bit longer. | When they are done, remove them from the griddle/frying pan and put on a large heat-proof plate in the oven to keep warm and continue until all the batter is used. | Makes about a dozen pancakes. | Top with Lavender honey and cream, or butter and Lavender honey. | Great with fruit also!","https://img.sndimg.com/food/image/upload/q_92,fl_progressive,w_1200,c_scale/v1/img/recipes/24/76/57/picv8HSAm.jpg",Breakfast,All,"Dessert,Raspberries,Strawberry,Berries,Fruit,European,Sweet,Brunch,< 30 Mins,Easy",439.8
Peppered Sausage Gravy and Biscuits,This recipe I found from the Pillsbury site. I made a few changes and it was a hit with my hubby and friends at the lake. Alittle different from most breakfast gravies I have noticed.,https://www.food.com/recipe/peppered-sausage-gravy-and-biscuits-111047,15m,15m,30m,5 serving(s),1   lb   jimmy dean mild sausage (any pork sausage) | 2   teaspoons   minced garlic | 1/4  cup    butter | 1/3  cup    all-purpose flour | 1/4  teaspoon    ground pepper | 1/4  teaspoon    seasoning salt | 1/4  teaspoon    basil | 1 (14   ounce) can   ready-to-serve chicken broth | 1/4  cup    half-and-half | 1 (12   ounce) can  pillsbury refrigerated buttermilk biscuits,"Bake biscuits according to directions on can. | In a large skillet, fry crumbled up sausage til done and no longer pinkish. | Drain sausage, (do not wipe pan clean) add sausage back into pan. | Add 2 teaspoons minced garlic and simmer on low heat while making the gravy. | In a medium sauce pan on medium heat melt butter and add flour, pepper, seasoning salt and basil. | Slowly add can chicken broth and half and half. | Bring to a boil while stirring to thicken gravy. | Add sausage to gravy mixture. | Simmer 5 minutes. | Serve over biscuits.","https://img.sndimg.com/food/image/upload/q_92,fl_progressive,w_1200,c_scale/v1/img/recipes/11/10/47/5wuYQNJSFOET2J4SGS8w_0S9A0495.jpg",Breads,All,"Breakfast,Pork,Meat,< 30 Mins",373.5
Breakfast Fondue,"Don’t let your slumber party slumber through breakfast. Wake up those sleepy palates with a breakfast fondue. Easy and nourishing, the simple fruit sauce can be whipped up in minutes, and you will be wowed by how much kids will eat of this delicious and nutritious dip once they start dunking. Serve it with whole-grain, silver-dollar-size pancakes, quartered waffles and/or French toast fingers.",https://www.food.com/recipe/breakfast-fondue-404623,15m,10m,25m,"4 , 4 serving(s)","1 (15   ounce) can   sliced peaches in juice | 1/3  cup    maple syrup | 2   tablespoons   whipped light cream cheese | 1/4  teaspoon    vanilla extract | 1   pinch    cinnamon | 12      whole-grain pancakes (mini pancakes, mini-waffles or French toast fingers, warm)","Combine peaches, maple syrup, cream cheese, vanilla and cinnamon in a blender or food processor, and with an adult watching pur&eacute;e on high until smooth. It’s okay if there are a few lumps of cream cheese showing; they will disappear when you cook the peach mixture in the next step. | Pour the mixture into a pot. If you are allowed to use the stove, warm it over medium- high heat, stirring often, until the cream cheese melts and the sauce is bubbling around the edges. If you aren’t allowed to use the stove, have an adult help you. | Serve in a big bowl surrounded by whole-grain pancakes, waffles or French toast fingers, or a combination, for dipping. Use your fingers to dip, but remember, no double-dipping. Serving Size: 1/2-cup fondue; 3 whole-grain mini-pancakes, mini-waffles or French toast fingers.","https://img.sndimg.com/food/image/upload/q_92,fl_progressive,w_1200,c_scale/v1/img/recipes/40/46/23/K2eGQjTQgyEoZXer3G8X_breakfastfondue2.JPG",Sauces,All,"Breakfast,Brunch,< 30 Mins,Easy",658.5
Quick California-Style Ham and Eggs Benedict,What a treat for Sunday brunch!  Adapted from Southern Living. (Time does not include baking the biscuits.),https://www.food.com/recipe/quick-california-style-ham-and-eggs-benedict-399616,7m,10m,17m,4 serving(s),"4      frozen biscuits | 2   tablespoons    butter, melted | 3   tablespoons    fresh chives, chop and divide | 1 (1   ounce) package   hollandaise sauce mix (or make your own) | 1   cup    milk | 1   tablespoon    lemon juice | 3/4  cup    cooked ham, chopped | 1/4-1/2  teaspoon    ground red pepper (optional) | 1/2  teaspoon    white vinegar | 4   large    eggs | 2   cups   loosely pack arugula (optional) | 1   small    avocado, sliced  (optional) | black pepper, to taste","Bake biscuits according to package. | Combine melted butter, 1 tablespoons chives; split biscuits, and brush with  mixture. | Place biscuits, buttered side up on a baking sheet and bake at 375&deg;F for 5 minutes or until toasted. | Meanwhile, prepare Hollandaise according to package, using  milk and lemon juice but omit the butter. | Saut&eacute; ham in skillet over med- heat 3 minutes or until lightly browned. | Stir ham and red pepper, if using, into Hollandaise sauce; keep warm. | Add water to a depth of 2 inches in a large sauce pan. | Bring to a boil; reduce heat, and maintain at a light simmer. | Add &frac12; teas white vinegar. Break eggs one at a time into a large serving spoon, and slip carefully into the water. | Simmer 3-5 minutes or to desired doneness. | Remove with slotted spoon. Trim edges with sharp knife. | To Serve:. | Place bottom biscuit halves, buttered side up on 4 warmed plates. | Top with arugula, slices of avocado (if using), and then poached eggs. | Pour the Hollandaise mixture evenly over eggs. | Sprinkle with remain chives and black pepper to taste. | Serve remaining biscuit halves on side.","https://img.sndimg.com/food/image/upload/q_92,fl_progressive,w_1200,c_scale/v1/img/recipes/39/96/16/28H9Q0z0QyG9Md3IuQE6_Quick%20California%20Style%20Ham%20and%20Eggs%20Benedict%20399616%20-%20final%204.jpg",Breakfast,All,"Vegetable,Brunch,< 30 Mins",444.0
Great Easy Crepes,Can't believe this great recipe with its proportions is not already on here... most of the other recipes have a higher ratio of eggs and added fats.  This is great without the extra eggs and fats!,https://www.food.com/recipe/great-easy-crepes-507271,5m,15m,20m,6 serving(s),1 1/2  cups    milk | 1   cup    flour | 2       eggs | 1   tablespoon    sugar | 1   pinch    salt | jam | whipped cream | fresh fruit | maple syrup | nutella | powdered sugar,"Heat a non-stick pan to medium hot. | Mix all ingredients in the blender. | Brush pan with a little butter or spray with Pam. | Pour in enough batter to cover bottom of pan in a thin layer (when you pour it in, quickly hold and turn the pan to even out batter into a circle). | Flip when golden. | Spread on your topping of choice then roll --  for example: jam; whipped cream and fresh fruit; maple syrup; fresh fruit and a sprinkling of powdered sugar; nutella.","https://img.sndimg.com/food/image/upload/q_92,fl_progressive,w_1200,c_scale/v1/img/recipes/50/72/71/0qR5VuHgTMWVU7f2kLtP_great%20easy%20crepes%20SITE-3.jpg",Breakfast,All,"Toddler Friendly,Healthy,Kid Friendly,Weeknight,Brunch,< 30 Mins,Easy,Inexpensive,From Scratch",146.8
Breakfast Poutine,Make and share this Breakfast Poutine recipe from Food.com.,https://www.food.com/recipe/breakfast-poutine-526518,10m,30m,40m,2 serving(s),"1   lb    frozen french fries | 4       bacon, slices | 2      fried eggs | 1/2  cup   canned gravy | 1/2  cup    cheese | salt and pepper","Follow cooking instructions on French Fries package. | While they are cooking, cook bacon until they are crispy. | Fry the eggs in a lightly oiled skillet. | Place cooked fries on the bottom of a cast iron skillet. | Sprinkle bacon and cheese on top. | Add the fried eggs. | Season with salt and pepper to taste. | Drizzle on heated gravy.","https://img.sndimg.com/food/image/upload/q_92,fl_progressive,w_1200,c_scale/v1/img/recipes/52/65/18/10gKQiPKRFWVJRJphiAl_Breakfast%20Poutine%2001.jpeg",Breakfast,All,"Potato,Vegetable,< 60 Mins",660.1
Pepperoni Omelet,A great cure for a hangover. Serve with a few glasses of orange juice followed by a few glasses of water.,https://www.food.com/recipe/pepperoni-omelet-196487,10m,20m,30m,1-2 serving(s),"3   medium    eggs | 1/2  teaspoon    Tabasco sauce | 1   medium    potato | 1   medium    onion | 1   medium    tomatoes, coarsely diced | 50   g    pepperoni, thinly sliced | 50   g    tasty cheese, grated | 1/4  teaspoon    ground black pepper","Whisk eggs in a bowl with Tabasco sauce. | Grate onion and potato into same bowl. | Add diced tomato and mix together. | Place mixture into a lightly oiled small skillet or fry pan over medium to low temperature. | Immediately layer pepperoni slices over the top and sprinkle with grated cheese. | Grind pepper over the top. | Cook around 15-20 minutes until egg has set on the top and cheese has melted, there is no need to flip it.","https://img.sndimg.com/food/image/upload/q_92,fl_progressive,w_1200,c_scale/v1/img/recipes/19/64/87/kyldn4hpRNuWZpXKy8CE_0S9A8470.jpg",Breakfast,All,"Lunch/Snacks,Potato,Cheese,Vegetable,Australian,Brunch,< 30 Mins,Beginner Cook,Stove Top,Easy",869.1
"Blueberry Pancakes, Milk-free, Egg-free","A seriously delicious recipe. We pick our wild blueberries here in August, and freeze 75% of our pickings. They are smaller (not tiny), making them perfect for these pancakes. Recipe is from The Milk-Free Kitchen.",https://www.food.com/recipe/blueberry-pancakes-milk-free-egg-free-92649,5m,10m,15m,6 pancakes,1   cup    white flour | 3   tablespoons    white sugar | 2 1/4  teaspoons    baking powder | 1/4  teaspoon    salt | 2 1/2  tablespoons    margarine | 3/4  cup    water | 1       eggs or 2   tablespoons    water | 1/2  cup    fresh blueberries or 1/2  cup    frozen blueberries,"Sift flour, sugar, baking powder, and salt together into medium mixing bowl. | Melt 2 1/2 Tbsp margarine in frying pan until melted; Be sure to tip the pan side to side to coat/grease all over. | Pour melted margarine in a small bowl, add water and egg (if you want to add egg); Mix well. | Mix blueberries with dry ingredients, just before adding the liquids. | Stir liquid mixture into the dry ingredients until it is thoroughly moistened; It is OK if this batter is lumpy. | Cook the pancakes over medium-high heat on the stove-top (or 375F on electric frying pans); Cook pancakes until the tops are bubbly and the bottoms browned; Turn the pancakes over to cook other side (Approxiamtely four minutes per side). | Serve hot with margarine, honey, brown sugar or maple syrup. | Actual cooking time will depend on the size of the pan you are using; I have a small frying pan, so I have to do these individually; My mom has a griddle large enough to cook them all at once.","https://img.sndimg.com/food/image/upload/q_92,fl_progressive,w_1200,c_scale/v1/img/recipes/92/64/9/6EuVVYq9SfmXWiL0NETz_blueberry-pancakes-milk-egg-free_5619.jpg",Breakfast,All,"Lactose Free,Egg Free,Kid Friendly,Free Of...,< 15 Mins,Beginner Cook,Easy,Inexpensive",162.3
Shredded Potato Baskets With Cheese and Bacon #5FIX,5-Ingredient Fix Contest Entry - This is my tasty version of a popular appetizer served at a local restaurant.  The crispy yet chewy &quot;baskets&quot; made with the shredded potatoes (hashbrowns) takes this side dish to the next level and is a family favorite.,https://www.food.com/recipe/shredded-potato-baskets-with-cheese-and-bacon-5fix-495577,10m,30m,40m,"12 baskets, 4 serving(s)","1 (20   ounce) package   Simply Potatoes&reg; Shredded Hash Browns | 1   large    egg | 2 -3   tablespoons    flour | 1 (12   ounce) package   shredded cheddar cheese | 8   ounces    bacon, cooked and crumbled","Heat oven to 375 degrees F.  Generously coat 2 6-compartment non-stick muffin tins with cooking spray.  Set aside. | In a large bowl, combine the potatoes, egg and flour, adding just enough flour so mixture &quot;sticks together&quot;.  Divide evenly among the prepared muffin compartments.  Using the back of a spoon, firmly press potato mixture into bottom and up sides of each compartment, making a &quot;well&quot; in each. | Place in oven and bake for 20-25 minutes or until just starting to brown.  Remove from oven and divide shredded cheese evenly among cups and top each with crumbled bacon.  Return to oven and bake another 5-10 minutes or until &quot;baskets&quot; are golden brown and cheese and bacon is hot, melted and bubbly. | Remove from oven and let rest for 5 minutes.  To serve:  gently run the tip of a sharp knife blade around rim of each cup to loosen.  Release each basket and place on serving platter.","https://img.sndimg.com/food/image/upload/q_92,fl_progressive,w_1200,c_scale/v1/img/recipes/49/55/77/zRnZjc49QAyWXriTr6bo_DSC04790-2.jpg",Pork,All,"Potato,Cheese,Vegetable,Meat,Very Low Carbs,High In...,< 60 Mins,Easy",635.1
Breakfast Banana Split,Make and share this Breakfast Banana Split recipe from Food.com.,https://www.food.com/recipe/breakfast-banana-split-130861,5m,,5m,1 serving(s),"1       banana, split lengthwise | 1/2  cup    yogurt, any flavor you like | 1/4  cup    granola cereal or 1/4  cup    cereal | 1/4  cup    blueberries or 1/4  cup   other berries | chocolate (optional) or   fruit syrup (optional) | whipped cream (optional) | 1       maraschino cherry",Place banana in a bowl and top with yogurt. | Sprinkle granola or cereal over the yogurt and top with berries. | Add a little chocolate or fruit topping syrup if desired. | Garnish with some whipped cream and a cherry.,"https://img.sndimg.com/food/image/upload/q_92,fl_progressive,w_1200,c_scale/v1/img/recipes/13/08/61/yzgJiVUHSTmX8xyxlevH_breakfast-banana-split-9472-2.jpg",Breakfast,All,"Lunch/Snacks,Berries,Tropical Fruits,Fruit,Low Cholesterol,Toddler Friendly,Healthy,Kid Friendly,Summer,Brunch,< 15 Mins,No Cook,Beginner Cook,Easy,Inexpensive",358.2
Pancakes With Blood Orange Honey Sauce,Pancakes with Blood Orange Honey Sauce Garnished with Strawberries. Could be served for breakfast or desert. Makes up to 12 pancakes which are 1/4 cups in size each or 4 very large pancakes. Created for RSC #11.,https://www.food.com/recipe/pancakes-with-blood-orange-honey-sauce-283054,15m,30m,45m,4 serving(s),"1/2  cup    honey | 1/2  cup    blood orange juice, strained | 1 1/2  teaspoons    cornstarch or 1 1/2  teaspoons    cornflour | 1   tablespoon    butter | 8   ounces    fresh strawberries, quarter | 1 1/2  cups    all-purpose flour, sifted | 3 1/2  teaspoons    baking powder, sifted | 1/2  teaspoon    salt, sifted | 1   tablespoon    white sugar, sifted | 1       egg | 3   tablespoons    butter, melted and slightly cooled | 1 1/2  cups    milk | cooking spray, for pan","Blood Orange Honey Sauce: In small saucepan, add honey, blood orange juice and cornflour, whisk well until sauce ingredients are blended. | Put saucepan over a medium heat and bring mixture to a boil, whisking occasionally and cook until sauce starts to boil, then remove from heat. | Whisk in butter until completely dissolved into the sauce. Set aside and allow cooling until pancakes are ready. | Pancake: In a large bowl, add sifted flour, baking powder, salt and sugar, mix well and make a small well in the centre of the bowl with the dried ingredients. | Add the egg in centre of the well, then add melted butter, slowly add milk and mix until smooth. (You may not need to add the entire 1 1/2 cups of milk, consistence of mixture needs to be smooth). | Using the cooking spray, lightly oil pancake pan or non stick frying pan over medium heat. | Once pan is hot, pour approximately 1/4 cup of pancake mixture onto the pan. Brown on one side of pancake then flip, brown other side of pancake, place cooked pancake onto a warm plate.  Repeat this step until all the pancake mixture has completed.  Note: Only flip once as pancake will become tough and not light. | To assemble: Equally divided pancakes on four plates. Equally pour blood orange honey sauce on top of the pancakes and then add strawberries on top of the sauce. | Enjoy.","https://img.sndimg.com/food/image/upload/q_92,fl_progressive,w_1200,c_scale/v1/img/recipes/28/30/54/u9rWxW6KSnqZv7799TXx_PWBOS%205%20-%20final_2.png",Breakfast,All,"Strawberry,Oranges,Berries,Citrus,Fruit,Healthy,< 60 Mins,Stove Top",528.0
Spicy Hash Browns - Homemade,Make and share this Spicy Hash Browns - Homemade recipe from Food.com.,https://www.food.com/recipe/spicy-hash-browns-homemade-519,15m,30m,45m,5 serving(s),"2   tablespoons    olive oil | 1   teaspoon    paprika | 3/4  teaspoon    chili powder | 1/2  teaspoon    salt | 1/4  teaspoon    red pepper, ground | 1/8  teaspoon    black pepper | 6 1/2  cups    baking potatoes, diced  (about 2-1/2 lbs) | cooking spray","Preheat oven to 400 degrees Fahrenheit. | Combine olive oil, paprika, chili powder, salt, red peppers, and black pepper in a large bowl; stir well. | Add diced potatoes and stir well to coat. | Place potatoes in a single layer on a cookie sheet coated with cooking spray. | Bake at 400 degrees Fahrenheit for 30 minutes or until browned.","https://img.sndimg.com/food/image/upload/q_92,fl_progressive,w_1200,c_scale/v1/img/recipes/51/9/YWW3hD5TVGR5iQ77ymf2_0S9A7458.jpg",Breakfast,All,"Potato,Vegetable,Low Protein,Vegan,Low Cholesterol,Healthy,Spicy,< 60 Mins,Oven",226.8
Low Carb Breakfast Balls,I used to live off of these when I was low carbing. They freeze really well. I also occasionally mixed in TVP (texturized vegetable protein) and flax for some extra fiber.,https://www.food.com/recipe/low-carb-breakfast-balls-98774,20m,30m,50m,"48 meatballs, 12 serving(s)","2   lbs    bulk pork sausage | 1   lb    ground beef | 3       eggs | 2   tablespoons    dried onion flakes | 1/2  teaspoon    black pepper | 1/2  lb    sharp cheddar cheese, shredded","Mix all the ingredients together until thoroughly blended (it is best to use your hands or an electric mixer). | Form into about 4 dozen 1 to 1 1/2 inch balls and place on a cookie sheet or broiler pan. | Bake at 375&deg;F for about 25 minutes. | Once they are cool, they can be sorted into individual zip bags and frozen for a grab-and-go breakfast. | NOTE: for Scotch Eggs, mold a bit of the raw meat mixture around a peeled hard-boiled egg (or eggs) and bake at 350&deg;F for 30 minutes.","https://img.sndimg.com/food/image/upload/q_92,fl_progressive,w_1200,c_scale/v1/img/recipes/98/77/4/ebRhPzUSNO95aIz3RqzA_Low-Carb-Breakfast-Balls-6.png",Breakfast,All,"Lunch/Snacks,Pork,Cheese,Meat,Very Low Carbs,High Protein,High In...,Brunch,< 60 Mins,Oven,Easy",403.0
Ham Breakfast Casserole,Make and share this Ham Breakfast Casserole recipe from Food.com.,https://www.food.com/recipe/ham-breakfast-casserole-21247,1h,1h,2h,4 serving(s),"8   slices    white bread (or any bread you like) | 1   cup    ham, diced | 1/2  cup   sliced mushroom | 3/4  cup    cheddar cheese, shredded | 4       eggs, beaten | 1 1/3  cups    milk | 1   teaspoon    dried onion flakes | 1   teaspoon    dried parsley flakes | 1/2  teaspoon    lemon pepper","Spray 8 X 8 baking dish with cooking spray. | Place 4 slices of bread in prepared baking dish. | Sprinkle ham, mushrooms, and chees over top. | Cover with 4 slices of bread. | In a medium bowl, combine eggs and skim milk. | Add onion flakes, parsley flakes, and lemon pepper. | Mix well to combine. | Evenly pour egg mixture over bread. | Cover and refrigerate for at least 1 hour or overnight. | Uncover and bake at 350 F for 1 hour. | Place baking dish on a wire rack and let set for 5 minutes. | Cut into 4 servings.","https://img.sndimg.com/food/image/upload/q_92,fl_progressive,w_1200,c_scale/v1/img/recipes/21/24/7/picQtw1RR.jpg",Breakfast,All,"Pork,Cheese,Meat,Kid Friendly,Weeknight,Oven,< 4 Hours",398.4
An Arabic Breakfast,"This is a standard breakfast in Palestinian households. I'm just writing up what I ate for breakfast nearly every day while I was living in Jordan with my Palestinian in-laws. This is traditionally eaten on the ground, laid out on a tablecloth, with the people grouped around. All of the ingredients are optional (except for the olive oil and tea of course!). Palestinians normally just round up whatever they've got in the house at the moment -- this is the complete version! I've listed white cheese here, this is the standard cheese for Palestinians. I only know it by this name, if anybody knows another, more specific name, could you please tell me?",https://www.food.com/recipe/an-arabic-breakfast-90316,10m,5m,15m,4 serving(s),3       eggs | salt | 4      chunks white cheese | 20       olives (I love the sweet black Spanish olives but in Jordan we had ones from our garden) | za'atar spice mix (we buy it but a recipe for it is here #65710) | 2       tomatoes | 2   small    cucumbers | labneh (we buy it but a recipe for it is here #77269 - the garlic is optional) | olive oil | mortadella (optional) | arabic bread (Lebanese) | water | 2       tea bags (I like Lipton) | 1/4  cup    dried sage (approx.) or 1/4  cup    dried mint (approx.) | sugar,"In a small frypan, put enough olive oil to nearly cover the bottom. | Fry chunks of white cheese until golden on each side (but don't overdo it). | Put along with oil onto small serving plate. | Clean the frypan (or use another one) and use it to make Arabic style scrambled eggs. | Place two tablespoons of olive oil in the pan along with 3 eggs and salt to taste (about 3 pinches). | Lightly turn it with a fork (Arabic scrambled eggs aren't as scrambled as the 'normal' version) until there is no longer any egg liquid (it should only just be cooked no more). | Put olives in a serving bowl. | Put about 1/2 cup of zaatar in a serving bowl. | Put 1/4 cup olive oil in a serving bowl and serve alongside zaatar. | Cut tomatoes into wedges. | Sprinkle small amount of salt over wedges (optional). | Cut the ends off the cucumbers and slice each into 4 long strips. | Put tomato wedges and cucumbers onto serving plate. | Serve labaneh with olive oil drizzled on top. | Serve mortadella sliced. | Heat the Arabic bread either by using the stove top (gas ovens) and turning frequently or heating each piece in the microwave for 30 seconds (not the authentic way of doing it!) Make tea in pot as per usual but with the dried sage or mint added. | Serve in Arabic teacups (usually small glass ones) with between 1-2 teaspoons sugar in each. | (Note: mint needs less sugar than sage) Serve all of the above. | The traditional way is to place a large tablecloth on the floor and eat seated on the ground. | Eat with Arabic bread.","https://img.sndimg.com/food/image/upload/q_92,fl_progressive,w_1200,c_scale/v1/img/recipes/90/31/6/pichowim7.jpg",Breakfast,All,"Cheese,Palestinian,Southwest Asia (middle East),Asian,< 15 Mins,Stove Top,Easy",120.4
Capn Crunch-Coated French Toast,This is a kid pleazin crunchy sweet french toast recipe. it's easy and the kids can help! This recipe will make enough for 4 hungry kiddos.,https://www.food.com/recipe/capn-crunch-french-toast-361286,10m,10m,20m,"12 slices, 4-5 serving(s)",3   cups    Cap'n Crunch cereal | 5       eggs | 1   teaspoon    sugar | 3   tablespoons    milk | 1/2  cup    cooking oil,"In a blender. Blend 3 cups of Cap'n Crunch Cereal.  Pour out on a plate or large bowl big enough to lay a slice of bread inches If you do not have a blender, you can put the cereal in a ziplog type bag and roll with a rolling pen or a glass. Set aside. | In a bowl, (I use a square plastic dish the kind you put left over in and put in the fridge because it fit the bread slices so well). Break open the eggs and put them in the bowl. Add sugar and milk.  Beat with a wisk or fork till blended as well as possible. Perfection is not needed here. | When having kids help, it's better to freeze the bread the night before so it doesn't fall apart easily in the egg mixture.  My kids over soak them in the mix and freezing the bread keeps it from getting too soggy and falling apart. | Preheat your oil in a frying pan on medium heat. | Dip the bread in the egg mixture, put in the Cap'n Crunch that was blended down to a fine golden mix. Coat the bread that was dipped in the egg mixture with the cereal mixture. Cook about a minute on each side or until golden light brown.  Place on plate. Repeat till all the french toast is cooked. Serve with syrup or can be eaten without as finger food as this french toast is sweet just on it's own.","https://img.sndimg.com/food/image/upload/q_92,fl_progressive,w_1200,c_scale/v1/img/recipes/36/12/86/Pxy7BelqRMOPkjqyeV38_captain%203%20(1%20of%201).jpg",Breakfast,All,"Kid Friendly,< 30 Mins,Easy",450.2
Apple Stuffed French Toast,Make and share this Apple Stuffed French Toast recipe from Food.com.,https://www.food.com/recipe/apple-stuffed-french-toast-223616,10m,20m,30m,2 serving(s),"1   large    apple | 1   teaspoon    butter, melted | 1/2  teaspoon    sugar | 1   dash    cinnamon | 1/2  cup    half-and-half | 1   large    egg | 1   teaspoon    vanilla | 1/2  teaspoon    sugar | 1/4  teaspoon    cinnamon | 1/4  teaspoon    nutmeg, grated | 2   slices   day old bread, like brioche  (very thick slices) | 2   tablespoons    unsalted butter | confectioners' sugar (optional)","Peel, core, and slice apple. | Cook apple slices in 1 teaspoon melted butter in a sauce pan over medium heat until soft. | Drain apples and toss in 1/2 teaspoon sugar and a dash of cinnamon. | Whisk together half-and-half, egg, vanilla, sugar, cinnamon, and nutmeg and set aside. | Cut a pocket into the very thick bread slices almost all the way through. | Stuff each bread slice with the apple mixture slices (depending how big your bread slice is you may not use all of the apple). | Put apple stuffed bread into a baking dish. | Pour liquid mixture over the bread and let stand for about 15 minutes. | Heat a large skillet on low heat and melt butter. | Add bread and cook for about 5 minutes on each side. | Dust with confectioners' sugar if you please and enjoy.","https://img.sndimg.com/food/image/upload/q_92,fl_progressive,w_1200,c_scale/v1/img/recipes/22/36/16/yVCcjOL0RHia54ITEWlq_apple-stuffed-french-toast-2003.jpg",Breads,All,"Breakfast,Apple,Fruit,Kid Friendly,Brunch,< 30 Mins,Easy,Inexpensive",374.2
Twisted Bacon,"This technique is fun to get the kids involved. This gives the bacon a slightly different texture, crisp yet chewy. For a little added smokiness and heat do try this method with Recipe #107440. Easy clean up!!!!!! ;)",https://www.food.com/recipe/twisted-bacon-296507,5m,10m,15m,6-8 serving(s),1   lb    lean bacon | 1/2-2   teaspoon    black pepper (optional) | 2   teaspoons    brown sugar (optional),Preheat oven to 400 degrees Fahrenheit. | Lay bacon on pan covered with foil; sprinkle generously with black pepper and brown sugar; twist each strip and lay in rows on foil. | Bake 10 minutes; drain fat from pan; bake 5 more minutes if needed or until bacon is as crisp as you like. | Place on a paper towel to remove grease. | Watch it disappear.,"https://img.sndimg.com/food/image/upload/q_92,fl_progressive,w_1200,c_scale/v1/img/recipes/29/65/07/pic7mxMhQ.jpg",Breakfast,All,"Pork,Meat,Very Low Carbs,Spicy,Sweet,Brunch,< 15 Mins,Oven,Easy",346.2
Breakfast Muffins To-Go,"Don't get bogged down by breakfast, this recipe will get your morning started the right way, every day.",https://www.food.com/recipe/breakfast-muffins-to-go-532077,10m,20m,30m,6 Muffins,"3   tablespoons    olive oil | 2       garlic cloves, finely chopped | 1       red onion, finely chopped | 1       zucchini, grated and squeezed to remove excess moisture | 1/4  cup    chives, finely chopped | 1   cup    cottage cheese | 1/2  cup    gluten-free flour | 1   teaspoon    baking powder | 1   pinch    salt and pepper | 12       eggs | 1       avocado, cut into quarters and fanned | kale chips | 2   tablespoons    honey | 1/2      lemon, juice and zest | 2   tablespoons    sriracha sauce","Preheat the oven to 355 F and line a baking sheet with baking paper. In a bowl combine 2 Tbsp of Olive oil and the kale with salt and pepper, spread evenly on to tray and cook for 12-15 minutes or until crispy. Set aside to cool for 5 minutes. | In a frypan on medium-high heat add remaining olive oil and caramelize the red onion for 4 minutes before adding garlic and cooking for a further 3 minutes, set aside. | In a bowl whisk your eggs then add in your onion, zucchini, chives, cheese, flour, baking powder and season with salt &amp; pepper. Grease a 6 tin muffin tray and evenly distribute egg mix into each. | Bake in the oven for 8-10 minutes or until egg is cooked. Remove and allow to cool for 5 minutes. Meanwhile in a bowl combine the siracha, honey and lemon juice. | To finish your muffin top with the avocado drizzle with the Sriracha honey and top with a kale chip.","https://img.sndimg.com/food/image/upload/q_92,fl_progressive,w_1200,c_scale/v1/img/recipes/53/20/77/huKSBWCiSoyLDWMUoci1_GK_Feast-with-Friends-Breakfast-Muffins-To-Go-01-4x3.jpg",Quick Breads,All,"Breads,Breakfast,< 30 Mins",328.6
Breakfast/Brunch Pigs in a Blanket,"This is a great take on the &quot;Pigs in a Blanket&quot; that are often served as a party appetizer. Why not surprise your family with this breakfast version? My kids never cared for breakfast sausage links when they were young until I started making these (they always just wanted cold cereal or pancakes).  Now my daughter is off to college, and my son is in high-school, and they both make these for breakfast. Very few ingredients and time are needed. I hope you enjoy these little breakfast bites. (Also great when served for a Sunday brunch).",https://www.food.com/recipe/breakfast-brunch-pigs-in-a-blanket-510340,8m,20m,28m,15 pancakes,"1 1/2  cups   original Bisquick baking mix | 1   cup    milk | 1       egg | 1/4  cup    fresh blueberries (optional) | 15       breakfast sausage links (Brown n' Serve pre-cooked, original) | nonstick cooking spray | 6   ounces    pure maple syrup","Pre-heat oven to 250*F. | Heat pre-cooked sausage links per box directions (I microwave them while I prepare the mini pancakes). Microwave the pure maple syrup while preparing the sausage links. | Thoroughly mix the Bisquick mix, milk, egg and blueberries (if using). | Spray a large non-stick skillet with cooking spray. Heat skillet over medium heat. Use 2 heaping tablespoons of batter to make each mini pancake. Do not over crowd the pan, work in small batches. When pancake starts to dry around the edges and bubble (approx 2 minutes), flip and cook on the other side (approx 1 1/2 - 2 minutes). (Cooking times may vary depending on the heat level and the type of skillet). | Place cooked pancakes on an oven safe platter and keep warm in the oven while finishing the rest of the pancakes. | When all pancakes are made, lay 1 cooked, warmed, breakfast sausage link across the middle of each mini pancakes, fold over (like a taco), and run a toothpick through the pancake and sausage to keep folded. | Serve with warmed pure maple syrup for dunking and enjoy! (You may need to heat up more syrup. I only suggested 3/4 cup, but my kids would drown them while dunking and I went through a lot more than that).","https://img.sndimg.com/food/image/upload/q_92,fl_progressive,w_1200,c_scale/v1/img/recipes/51/03/40/obdZa5QRtS3y4qhNGdhQ-pigsinablanket.jpg",Breakfast,All,"Pork,Meat,Brunch,< 30 Mins",98.8
Eggs Benedict Wrap,"This is a tasty 'sandwich' take on Eggs Benedict. It's not a wrap to eat on the go because it's messy and best eaten with a knife and fork. Although we love sun-dried tomatoes, I'm not sure that they add a lot to this dish and do discolor it a bit to a brownish color. Feel free to leave them out.",https://www.food.com/recipe/eggs-benedict-wrap-210412,15m,10m,25m,4 serving(s),"3   tablespoons    butter | 2 1/2  cups    mushrooms, sliced | 1 (1  ounce) envelope   hollandaise sauce mix, such as Knorr | 3/4  cup    milk | 3   tablespoons    sun-dried tomatoes, chopped | 1 3/4  cups    smoked ham, cut into strips | 6       eggs | 1/3  cup    milk | salt | pepper | 3   tablespoons    butter | 4       flour tortillas, burrito size","In small skillet, melt butter, add mushrooms and cook for about 10 | minutes until tender. | Prepare hollandaise sauce, using only 3/4 cup of milk, and add sundried tomatoes; set aside. | Cook ham in skillet until browned and set aside. Beat eggs and milk; add salt and pepper. | Melt butter in skillet over medium heat. | Cook eggs in skillet until set to make scrambled eggs; set aside. | To make the wrap, warm the tortilla and top with eggs, ham, mushrooms and hollandaise sauce. | Fold in the sides of the tortilla then roll forward; cut in half and serve.","https://img.sndimg.com/food/image/upload/q_92,fl_progressive,w_1200,c_scale/v1/img/recipes/21/04/12/ZxhcReoyQ6KqlNO88SxZ_eggs-benedict-burritos-9325.jpg",Breakfast,All,"Lunch/Snacks,Ham,Pork,Meat,< 30 Mins",411.9
Amish Baked Oatmeal,"This recipe came from an old Amish cookbook of mine.  It tastes like an oatmeal cookie.  It stores well in the refrigerator and can be reheated in the microwave and served with milk.  This has to sit overnight, so plan accordingly.  It is well worth the wait, however!",https://www.food.com/recipe/amish-baked-oatmeal-117211,10m,45m,55m,6 serving(s),1/3  cup    butter | 2   large    eggs | 3/4  cup    brown sugar | 1 1/2  teaspoons    baking powder | 1 1/2  teaspoons    vanilla | 1   teaspoon    nutmeg or 1   teaspoon    cinnamon | 1/4  teaspoon    salt | 1   cup    milk | 2   tablespoons    milk | 3   cups    oatmeal (regular or quick),"Melt butter. | Grease 1 1/2 quart baking dish and drop in eggs and beat well. | Add brown sugar, baking powder, vanilla, nutmeg or cinnamon, and salt.  Mix well, no lumps. | Whisk in butter and both measures of milk, then add oats. | Stir well, and refrigerate overnight. | Bake, uncovered, at 350 for 35-45 min, or until set in the middle. | Serve hot with warm milk poured over.","https://img.sndimg.com/food/image/upload/q_92,fl_progressive,w_1200,c_scale/v1/img/recipes/11/72/11/picG7rXTp.jpg",Breakfast,All,"Grains,< 60 Mins,Inexpensive",407.1
The Best Toad in the Hole. Comfort at Its Best,"This is the one. No fail, not heavy podge but yummy wonder  A perfect toad in the hole . for me this means brown yummy sausages (or left over beef/pork/lamb), a light custary yorkshire pudding, crispy on the edges and risen and fluffy inside.  Onions to add flavor.  Many use onion gravy but i am a little bit of a heathen here..with this recipe i can enjoy all of it without needing lashings of gravy but of course it would be perfect on it.   A brian turner recipe  slightly tweaked by me. Its best known as an english dish but with canada';s british heritage its very popular here as well.

Do not be afraid of the proportions or the vinegar. I was, so used to heavier batters, more flour..and never with vinegar. Yet it helped lighten the pud and the batter was just perfect with the sausages..they even rose in the cooking.

made this for the 3rd time, and this time was wanting something even quicker so didn't use the onions or herbs, just browned the sausages in the baking dish while the batter sat.  Also halved it and it was just as wonderful",https://www.food.com/recipe/the-best-toad-in-the-hole-comfort-at-its-best-287689,35m,1h,1h 35m,4 serving(s),"125   g    plain flour | 4       eggs | 480   ml    2% low-fat milk (OR 240ml Milk and 240ml water) | 1   pinch    salt | 1   tablespoon    malt vinegar | 4   tablespoons    drippings or 4   tablespoons    lard | 12   links   pork sausages | 2   large    onions, sliced | 1   tablespoon    dried herbs","Preheat the oven to 180C/gas 4. | Sieve the flour into a large mixing bowl, then crack in the eggs. Add the milk and water and mix well to combine. | Add a pinch of salt and the malt vinegar and leave the mixture to stand for 30 minutes. | Put a deep ovenproof baking tin on the stove, and heat 2 tablespoons of the dripping or lard. Add the sausages and fry until browned. Put into the oven to cook for a further 10 minutes. | In a frying pan, heat the rest of the dripping or lard and fry the onions until golden. Add the mixed herbs and season with salt and pepper. | Turn the oven up to 220C/gas 7. | Take sausages out of the oven and sprinkle over the onions. Pour in the batter, and place the tin back into the oven. Bake for 25 minutes. | Turn the oven down to 180C/gas 4 and cook for a final 10 minutes, until the top is golden-brown and crisp. | Remove from the oven and serve with gravy.","https://img.sndimg.com/food/image/upload/q_92,fl_progressive,w_1200,c_scale/v1/img/recipes/28/76/89/m5YLJobCQh2xzURP6Dc7_toad%20in%20the%20hole%20SITE-1.jpg",Pork,All,"Meat,< 4 Hours,Easy",1217.5
Waffle House Waffles,Make and share this Waffle House Waffles recipe from Food.com.,https://www.food.com/recipe/top-secret-recipes-waffle-house-waffles-by-todd-wilbur-50468,12h,4m,12h 4m,"6 waffles, 3 serving(s)","1 1/2  cups    all-purpose flour | 1   teaspoon    salt | 1/2  teaspoon    baking soda | 1       egg | 1/2  cup   plus 1 tablespoon granulated sugar | 2   tablespoons    butter, softened | 2   tablespoons    shortening | 1/2  cup    half-and-half cream | 1/2  cup    milk | 1/4  cup    buttermilk | 1/4  teaspoon    vanilla",". Combine flour, salt and baking soda in a medium bowl. Stir to. | combine. | 2. Lightly beat the egg in another medium bowl. Add the sugar,. | butter, and shortening and mix well with an electric mixer until. | smooth. Add the half &amp; half, milk, buttermilk and vanilla. Mix well. | 3. Add the dry flour mixture to the wet mixture while beating. Mix. | until smooth. | 4. Cover and chill overnight. (You can use batter right away if you. | like, but a good 12-hour chill makes the batter better.). | 5. Rub a light coating of vegetable oil on a waffle iron. Preheat. | the waffle iron. Leave the batter out of the refrigerator to warm. | up a bit as your waffle iron is preheating. | 6. Spoon 1/3 to 1/2 cup of batter into the waffle iron and cook for. | 3 to 4 minutes or until the waffles are light brown.","https://img.sndimg.com/food/image/upload/q_92,fl_progressive,w_1200,c_scale/v1/img/recipes/46/41/34/hPCfxttZQnq4ANPjp6vE_WAFFLE_HOUSE_WAFFLES_120.jpg",Breakfast,All,"Kid Friendly,Sweet,Brunch,Small Appliance,Inexpensive",611.3
"Bacon, Egg &amp; Cheese Tacos","I give some credit to one of bowling teammates who I overheard saying, &quot;I can eat breakfast any time of day!&quot; to which I hollered out, &quot;me too!&quot;  I've been craving breakfast for dinner no matter how odd dh thinks it is.  I put this together &amp; it came out even better than expected.  Hoooorahhh!",https://www.food.com/recipe/bacon-egg-cheese-tacos-475697,5m,20m,25m,4 serving(s),"2   tablespoons    butter | 1       onion, chopped | 8       eggs, beaten | 1/2  cup    milk | 1/2  teaspoon    salt | 1   lb    bacon | 2   cups    cheese, shredded | 2   cups    salsa | sour cream | taco shell, hard & soft","Cover a large baking sheet with sides with foil &amp; lay out sliced bacon strips.  Put into a cold oven &amp; turn the heat to 400&deg;F  Cook about 20 minutes.  Be careful not to overcook/overcrisp. | Heat skillet.  Melt butter in skillet.  Saute onion over medium low heat until soft, brown &amp; caramelized.  Do not skimp on this step. | Beat eggs with milk; add salt.  Add to onions &amp; cook until set, occasionally scraping up from the bottom. | Heat taco shells. | Assemble by adding scrambled eggs to shells, top with cheese, bacon, salsa, sour cream as desired.","https://img.sndimg.com/food/image/upload/q_92,fl_progressive,w_1200,c_scale/v1/img/recipes/47/56/97/pic4rtFl4.jpg",Breakfast,All,"Mexican,Kid Friendly,Weeknight,Brunch,< 30 Mins,Easy,Inexpensive",965.8
Banana Bread Muffins,"I had some over ripe Bananas &amp; wanted to make Banana bread, but couldn't find my loaf pans. I modefied this Banana Bread recipe, &amp; ended up with the most fantastic Banana Muffins! My Husband (who's very picky), &amp; son (just as picky), went nuts over these. Very good. The best part, is not having to slice up a loaf. Just peal off the cupcake papers &amp; eat!",https://www.food.com/recipe/banana-bread-muffins-486453,15m,20m,35m,15-16 Muffins,"2   cups    flour | 1   teaspoon    baking soda | 1/4  teaspoon    salt | 1/2  cup   one stick butter | 3/4  cup    brown sugar | 2   large    eggs, beaten | 3 -4      over ripe bananas","Preheat oven to 350&deg;F. | Line Cupcake tin with papers &amp; spray with vanilla pam (pam for baking). | In Large bowl, combine flour soda &amp; salt. | In a separate bowl, cream together Butter &amp; Sugar. | Stir in Eggs &amp; mashed Bananas until well blended. | Stir Banana mixture into flour mixture (I used an electric mixer on low). | Fill muffin tins with generous amount of Banana batter (I fill almost to the top). | Bake 20 min or untill toothpic comes out clean.","https://img.sndimg.com/food/image/upload/q_92,fl_progressive,w_1200,c_scale/v1/img/recipes/48/64/53/GXoNFbuyTGOtrl7Mxdml_1523580687369396865728077097404.jpg",Breads,All,"Fruit,< 60 Mins,Easy,Inexpensive",187.3
Sugar and Spice Bacon (Or Turkey Bacon),"This is how I fix bacon for scrambles, breakfast sandwiches, and just for munching.  It is sweet, smokey, salty and just a tad spicy.  I especially love it on Turkey Bacon because it makes boring old Turkey Bacon new again!",https://www.food.com/recipe/sugar-and-spice-bacon-or-turkey-bacon-444355,5m,20m,25m,3 serving(s),6   slices    bacon or 6   slices    turkey bacon | 1   tablespoon    brown sugar | 1   tablespoon    sugar or 1   tablespoon    Splenda sugar substitute | 1/2  teaspoon    cinnamon | 1/4  teaspoon    nutmeg (fresh grated is best) | 1/8  teaspoon    allspice | 1/8  teaspoon    clove | 1/8  teaspoon    garlic salt | 1   pinch    cayenne,"Preheat oven to 350*. | Place bacon slices on a cookie sheet and bake for 10 minutes. | Mix together remaining ingredients.  If you are using regular bacon, you may want to add garlic powder instead of garlic salt.  I always use the lower sodium bacon and Turkey bacon, so I feel like I can add the garlic salt :). | Remove from oven, flip bacon and sprinkle this side generously with sugar mixture.  Return to oven for 5-7 minutes, until bacon is looking fairly crisp, but not completely done. | Remove from oven and flip bacon again.  Sprinkle this side with sugar mixture and return to oven until bacon reaches your desired doneness.  (I usually allow about 5 more minutes. | Remove bacon to paper towel lined plate to use in other recipes or start digging in, being careful not to burn your little fingers on the melty sugar!","https://img.sndimg.com/food/image/upload/q_92,fl_progressive,w_1200,c_scale/v1/img/recipes/44/43/55/Kl8DWMEhSGCfxwd39uto_28.jpg",Breakfast,All,"Pork,Meat,< 30 Mins,Beginner Cook,Easy",110.5
Cornmeal Molasses Pancakes,"these pancakes are soft and delicate with just a hint of the molasses flavor..these resemble  an etheral cornbread in the shape of a puffy flat cake.
serve them Missouri style, with maple syrup and crisp bacon",https://www.food.com/recipe/cornmeal-molasses-pancakes-129551,10m,5m,15m,16 pancakes,"1   large    egg, beaten | 1 1/4  cups    buttermilk | 1   tablespoon    dark molasses | 1   teaspoon    dark molasses | 1/4  cup    butter, melted | 1   cup    unbleached all-purpose flour | 1/2  teaspoon    salt | 1/2  teaspoon    baking soda | 2   teaspoons    baking powder | 1/2  cup    yellow cornmeal","In a large bowl, combine the egg, buttermilk, molasses and melted butter. | add the flour, salt, baking soda and baking powder. | add the cornmeal last, stirring just until combined; the batter will be slightly lumpy. | drop by tablespoons ful on a hot greased griddle until bubbles form around the outer edges. | turn and brown on the other side -- | serve with butter and sorghum molasses or maple syrup.","https://img.sndimg.com/food/image/upload/q_92,fl_progressive,w_1200,c_scale/v1/img/recipes/12/95/51/vEZl8uaSuyfYfV4KjZPw_0S9A9827.jpg",Breakfast,All,"High In...,< 15 Mins",84.9
Baked Ham and Cheese Omelet Roll,"This is an easy way to serve omelets. In our house, it takes me forever to make breakfast on the stove top! Baking this is soooo much easier. Feel free to add or subtract to suit your tastes (bacon, sausage, onions, peppers, etc.)",https://www.food.com/recipe/baked-ham-and-cheese-omelet-roll-28648,10m,20m,30m,4-6 serving(s),"6       eggs | 1   cup    milk | 1/2  cup    all-purpose flour | 1/2  teaspoon    salt | 1/4  teaspoon    black pepper | 1   cup    cooked ham, chopped  or 9   slices   of any deli ham | 1   cup   shredded sharp cheddar cheese","Preheat oven to 450 degrees. | Beat eggs and milk until fluffy. | Add flour, salt and pepper and beat or whisk until smooth. | Pour into a buttered or greased 9 x 13 baking dish or pan. | Bake for 10 - 15 minutes or until eggs are just about set (Keep an eye on them at the 6 minute mark -- depending on your oven, they could set that fast!). | Sprinkle with chopped ham or lay slices of ham evenly on top. | Sprinkle with cheese. | Bake for about 5 minutes more or until cheese is melted. | Starting at short side, roll up omelet while still in pan. | Place seam side down on serving dish. | Cut into slices.","https://img.sndimg.com/food/image/upload/q_92,fl_progressive,w_1200,c_scale/v1/img/recipes/28/64/8/JbZ43zlEQNeHyqiPrOvi_omeletroll.jpg",One Dish Meal,All,"Breakfast,Ham,Pork,Cheese,Meat,Kid Friendly,< 30 Mins,Oven,Easy",409.5
Breakfast Brownies,Make and share this Breakfast Brownies recipe from Food.com.,https://www.food.com/recipe/breakfast-brownies-512857,17m,15m,32m,"9 Pieces, 9 serving(s)",3/4  cup    Bisquick | 1/4  cup    cocoa | 1/4  cup    sugar | 3/4  cup    skim milk | 1/4  cup    applesauce | 1       egg | 1 3/4  cups    Raisin Bran cereal,"Heat oven to 425 degrees. Grease a 9-inch square pan. Mix all ingredients except the cereal, then stir in the raisin bran. | Pour into the pan. Bake 10-15 minutes until set in center. Cut into squares.","https://img.sndimg.com/food/image/upload/q_92,fl_progressive,w_1200,c_scale/v1/img/recipes/51/28/57/oJdEKWLPQC69E36l5Kw3-IMG_7179.JPG",Breakfast,All,"Toddler Friendly,Healthy,Kid Friendly,< 60 Mins,Easy",134.7
Southern Eggs Benedict,This is a southern take on the classic poached egg breakfast. The biggest change is going from a Hollandaise to a Remoulade which wakes the dish up and adds the surprise of shrimp. This dish requires some prep work the night before to make the grits crispy.,https://www.food.com/recipe/southern-eggs-benedict-460686,24h,30m,24h 30m,4 serving(s),"2   cups    cooked grits | 4       eggs | 1/2  lb    country ham | 1   tablespoon    parsley (chopped) | 1       garlic clove, minced | 1/2  cup    mayonnaise | 1   teaspoon    Tabasco sauce | 1   tablespoon    lemon juice | 1   tablespoon    creole mustard | 36   small    shrimp | 1/2  cup    heavy cream | 1/2  tablespoon    paprika","The day before, cook the grits according to package directions (usually 4 cups of water to 1 cup of grits) to taste. Allow to cool and then spread onto cookie sheet or something similar and spread out grits so they are about 1&quot; thick. Refrigerate overnight. The idea is to make them stiff and dry them out. | The Morning of, create the Remoulade by combining all ingredients (except grits, ham, eggs) in a bowl. Rinse and thaw shrimp before adding to Remoulade. | Cut grits into 4 sections the size of a piece bread or an English Muffin (a large cookie cutter works perfect). Lightly flour the grits so they will brown and hold together. | Pan fry the grit cakes in butter and oil until slightly brown. | Cut the country ham in a similar fashion to the grits so when you put the ham on the grit &quot;cake&quot; it will have similar proportions. | Poach each egg and plate with grit section on bottom followed by country ham then poached egg. | Pour Remoulade over stack and sprinkle with paprika.","https://img.sndimg.com/food/image/upload/q_92,fl_progressive,w_1200,c_scale/v1/img/recipes/46/06/86/gsLmBHuTlKdBPfRXYTum_creole-eggs-benedict-9340.jpg",Breakfast,All,From Scratch,412.4
Hash Browns Omelet,Good for breakfast or evening meal.  I do add a bit of red pepper flakes to hash browns as we like food with zip.,https://www.food.com/recipe/hash-browns-omelet-287732,10m,30m,40m,4-6 serving(s),"6   slices    bacon | 2   cups    hash browns | 1/4  cup   chopped onion | 5       eggs | 1/4  cup    milk or 1/4  cup    cream | 1/2  cup   shredded cheese, your favorite","Fry bacon and remove from pan. | Leave some grease and add hash browns, onion, salt and pepper if desired. | When potatoes are browned slightly pat down. | Beat eggs. | Add milk, salt and pepper. | Pour over hash brown mixture. | Crumble bacon and sprinkle on top. | Add cheese. | Cover and let cook over low heat 15 - 20 minutes.","https://img.sndimg.com/food/image/upload/q_92,fl_progressive,w_1200,c_scale/v1/img/recipes/28/77/32/pickXbaGC.jpg",Breakfast,All,"Potato,Vegetable,< 60 Mins,Easy",411.6
Bacon Waffles,Make and share this Bacon Waffles recipe from Food.com.,https://www.food.com/recipe/bacon-waffles-141878,15m,20m,35m,8 serving(s),"1/2  lb   sliced bacon | 2   cups    all-purpose flour | 2   tablespoons    sugar | 2   teaspoons    baking powder | 1   teaspoon    salt | 1 1/2  cups    milk | 2   tablespoons    unsalted butter, melted | 2   large    eggs, at room temp | maple syrup","cook bacon until crisp, drain and crumble. | plug in electric waffle iron to preheat. | Combine flour, sugar, baking powder and salt in a large bowl,whisk together to blend. | Pour milk in a glass measuring cup and microwave for 1 minute at full power to heat slightly. Pour into medium bowl, whisk in melted butter and eggs. Add liquid ingredients to flour mixture, whisking just until blended. | Grease waffle iron with cooking spray. Spread about 1/3 cup batter over each iron and sprinkle 1/8 of bacon on top. Close wafle iron and cook until done. Repeat with remaining batter and bacon. | Serve with warm syrup.","https://img.sndimg.com/food/image/upload/q_92,fl_progressive,w_1200,c_scale/v1/img/recipes/14/18/78/oXNXoT4sQCaa6i27rD89_Bacon-Waffles-3.png",Breakfast,All,< 60 Mins,329.0
Creole Breakfast Stack,"Ready, Set, Cook!  Special edition contest entry.  You may have heard of shrimp and grits.  Well how about a delicious shrimp creole sauce spooned over nice crispy hash browns.  A wonderful breakfast or anytime meal.",https://www.food.com/recipe/creole-breakfast-stack-474522,15m,20m,35m,4 serving(s),"3   tablespoons    olive oil, divided | 1/2  medium    yellow onion, chopped | 1/4  cup    celery, diced | 1   small    red bell pepper, chopped | 2   large    garlic cloves, minced | 2       plum tomatoes, seeded, diced | 1   cup    chicken broth | 2       bay leaves | 1 1/2  teaspoons    cajun seasoning | 2   teaspoons    Worcestershire sauce | hot sauce, to taste | 3       green onions, thinly sliced | salt, to taste | black pepper, to taste | 12   medium    shrimp, deveined | 2   cups    Simply Potatoes&reg; Shredded Hash Browns | 4       eggs","In a medium size saucepan, over medium heat, heat 2 teaspoons oil.  Add the chopped onion, celery, bell pepper and garlic and cook until onion begins to brown.  Add the chopped tomato and cook for an additional 1 to 2 minutes. | Add chicken broth, the seasonings, bay leaves, hot sauce and Worcestershire sauce; stir and reduce heat to simmer.  Simmer uncovered for 15 to 20 minutes or until most of liquid is absorbed. | While the sauce simmers, add a small amount of olive oil to heavy cast iron skillet.  Warm over medium heat.  When the oil is hot measure the hash browns using a 1/2 cup measure.  Place on hot skillet and form into patties flattening slightly with spatula. Season with salt and pepper to taste.  Allow to cook until a nice crust develops on the underside, drizzle lightly with additional olive oil and flip  and cook on the other side until crusty. | Peel the shrimp and cut in half lengthwise.  Add shrimp to sauce and cook until shrimp is no longer pink and cooked through.  Stir in the green onions reserving a portion of the green part for garnish.  Remove bay leaves, taste and adjust seasonings as needed. | Divide the hash browns among warmed plates.  In the skillet that the potatoes were cooked in cook the eggs done to your liking.  We like ours over medium.  Spoon sauce over plated potatoes  top each with sauce and a cooked egg .  Enjoy!","https://img.sndimg.com/food/image/upload/q_92,fl_progressive,w_1200,c_scale/v1/img/recipes/47/45/22/JWeR25sRQdaOcyicczqV_creole-breakfast-stack-14.jpg",Potato,All,"Vegetable,< 60 Mins",197.2
Pancakes,"This is really a great recipe! It is fast, simple and you usually have the ingredients on hand. I never use a mix! I got this from my sister years ago, and I have shared it many times.",https://www.food.com/recipe/pancakes-25690,5m,5m,10m,9 small pancakes,"1       egg | 3/4  cup    milk | 2   tablespoons    butter or 2   tablespoons    margarine, melted | 1   cup    flour | 1   tablespoon    sugar (or 1/2 teaspoon honey or molasses) | 1   teaspoon    baking powder | 1/2  teaspoon    salt","Beat egg until fluffy. | Add milk and melted margarine. | Add dry ingredients and mix well. | Heat a heavy griddle or fry pan which is greased with a little butter on a paper towel. | The pan is hot enough when a drop of water breaks into several smaller balls which 'dance' around the pan. | Pour a small amount of batter (approx 1/4 cup) into pan and tip to spread out or spread with spoon. | When bubbles appear on surface and begin to break, turn over and cook the other side.","https://img.sndimg.com/food/image/upload/q_92,fl_progressive,w_1200,c_scale/v1/img/recipes/25/69/0/picwslJ1c.jpg",Breakfast,All,"< 15 Mins,Easy,Inexpensive",99.8
Sausage Crescent Breakfast Casserole,"This is a tastey breakfast casserole that can be done in under an hour!  You can make it spicy or mild depending on which cheese you decide to use.  Or you can mix them and choose the middle ground.  For kids, I usually have to choose the mozzarella though.  For adults, I sometimes add some green chiles or a seeded jalepeno, chopped very fine.  But I really like heat.  I also sometimes increase the garlic!",https://www.food.com/recipe/sausage-crescent-breakfast-casserole-337421,5m,25m,30m,8 serving(s),"1 1/2  lbs    pork sausage, mild  or 1 1/2  lbs    hot pork sausage, your preference | 1 (8   ounce) can   refrigerated crescent dinner rolls | 2 2/3  cups    mozzarella cheese or 2 2/3  cups    monterey jack cheese, shredded | 1       garlic clove, minced | 4   large    eggs, beaten | 3/4  cup    milk | 1/4  teaspoon    salt | 1/8  teaspoon    pepper | cayenne pepper (optional)","Brown sausage and garlic in a skillet, stirring until it crumbles; drain grease from skillet. | Place crescent roll dough in the bottom of a 13x9x2 inch baking dish; press perforations and seams to seal together.  Sprinkle sausage, garlic and cheese over dough. | Combine eggs and remaining ingredients; pour over mixture in dish. | Bake, uncovered, at 425 degrees for 15 minutes or until set.  Let stand 5 minutes before serving.","https://img.sndimg.com/food/image/upload/q_92,fl_progressive,w_1200,c_scale/v1/img/recipes/33/74/21/chdi0jZORSGEve0odefX_079-sausage-crescent-casserole.jpg",Breakfast,All,"Lunch/Snacks,Pork,Cheese,Meat,Free Of...,Brunch,< 30 Mins,Oven,Stove Top,Inexpensive",509.0
Breakfast Lasagna,Make and share this Breakfast Lasagna recipe from Food.com.,https://www.food.com/recipe/breakfast-lasagna-537474,20m,40m,1h,6-8 serving(s),"2   tablespoons    olive oil, for baking dish plus 2 tablespoons | 1       onion, diced small | 1   pinch    chili flakes | 1 1/2  lbs    breakfast sausage, removed from casing | 4   tablespoons    unsalted butter, divided | 3   tablespoons    flour | 2   cups    chicken broth | 1   cup    milk | 10   large    eggs, whisked | 2   tablespoons    olive oil | 1   lb    frozen hash browns, browned to cook | 10   ounces    frozen spinach, thawed and drained | 2   cups   shredded sharp cheddar cheese | 2   cups   shredded mozzarella cheese | 12      oven-ready lasagna noodles | 3   tablespoons   chopped chives | kosher salt | ground black pepper","Preheat oven to 375 degrees F. Coat a 9x13-inch baking dish with olive oil; set aside. | In a large skillet over medium heat, warm 2 tablespoons olive oil. Add onions and cook until soft and translucent, about 5 minutes. Add a pinch chili flakes and sausage and cook, stirring occasionally to break into pieces, until sausage is cooked through and browned. | Add 2 tablespoons butter to the skillet to melt, then stir in the flour until completely combined. Stir in chicken stock and milk, increase heat to bring to a boil, and cook until thickened, about 5 minutes. Season to taste with salt and pepper, then remove from heat and set aside to cool. | Heat 2 tablespoons butter in a large nonstick skillet over medium heat. Add eggs and cook, stirring often, to scramble. Remove from heat and set aside. | To assemble lasagna, spoon 1/2 cup gravy, without sausage pieces, into the bottom of the baking dish and spread to coat. Place 4 lasagna noodles over the bottom of the pan, then top with half of the eggs, half of the spinach, 1/3 of the sausage gravy, 1/2 cup shredded cheddar, 1/2 cup shredded mozzarella and 1/3 of the hashbrowns. Repeat with another layer of noodles, the remaining eggs, remaining spinach, sausage gravy, 1/2 cup shredded cheddar and 1/2 cup shredded mozzarella. Top final layer of noodles with remaining sauce, cheeses and hash browns. | Cover and bake 30 minutes, the uncover and bake 10 minutes more. Let rest 10 minutes before slicing. Garnish with chopped chives to serve.","https://img.sndimg.com/food/image/upload/q_92,fl_progressive,w_1200,c_scale/v1/img/recipes/53/74/74/3f6pSeYORGeeJBZl6Pby_0S9A7696.jpg",Breakfast,All,< 60 Mins,1325.5
Tex-Mex Breakfast Sausage Cups,"OUT OF THIS WORLD DELICIOUS!! Incredible flavor!  Quick and easy!  Great fix-ahead item for busy people. Freeze, then microwave.  Pretty muffin cup to serve overnight guests for breakfast!",https://www.food.com/recipe/tex-mex-breakfast-sausage-cups-263009,10m,17m,27m,5 serving(s),"1 (10 1/4  ounce)    Pillsbury Grands refrigerated buttermilk biscuits (5 to a can) | 1/2  lb    sausage | 1       egg | 1   teaspoon    milk | 1/3  cup    salsa (mild or hot) | 1/2  cup    cheddar cheese, shredded","Fry sausage and crumble. | Generously spray vegetable oil on a muffin tin. Press biscuits into 5 holes to form a cup with edges extending out of top. | Evenly divide crumbled sausage to each biscuit-formed cup.  Beat egg with milk.  Spoon 1 tablespoon of egg mixture over sausage.  Add 1 tablespoon of salsa onto sausage.  Top each with shredded cheese.  To prevent any spills, place muffin tin on top of a cookie sheet pan while baking. | Bake in a 350 degree oven for 17 minutes or until done. | Note:  Can be easily doubled.  Purchase another 10.2 oz can of 5 biscuits. (The larger size only has 8 biscuits per can.) For best results use Grands size biscuits only.","https://img.sndimg.com/food/image/upload/q_92,fl_progressive,w_1200,c_scale/v1/img/recipes/26/30/09/X2cwXI9RYCyU3QSqxRpL_sausage-cheddar-breakfast-muffins-5070.jpg",Breakfast,All,"Pork,Meat,Brunch,< 30 Mins",397.9
Egg and Bacon Tarts,Make and share this Egg and Bacon Tarts recipe from Food.com.,https://www.food.com/recipe/egg-and-bacon-tarts-129838,10m,20m,30m,6 serving(s),"6   slices    sandwich bread, crusts removed | 30   g    butter, melted | 6       eggs | 3   slices    bacon, chopped | 1   tablespoon   chopped fresh parsley",Brush each piece of bread with butter. Press into greased deep patty tins. | Break an egg into each bread case. Top with an even amount of chopped bacon. Sprinkle with a little parsley. | Bake in a moderate oven 180oC for 15 to 20 mins or until egg is firm. | Serve warm or cold. | Store in an airtight container in the fridge for up to 3 days.,"https://img.sndimg.com/food/image/upload/q_92,fl_progressive,w_1200,c_scale/v1/img/recipes/12/98/38/7k20fGvgTHC6G34ufNGO_1eggcup.jpg",Breakfast,All,"Lunch/Snacks,Kid Friendly,Brunch,< 30 Mins,Beginner Cook,Easy",192.2
Recipes,,https://www.food.com/recipe/all/popular?ref=nav,,,,,,,,,,,
Berry-Stuffed French Toast With Vanilla Yogurt Sauce,Make and share this Berry-Stuffed French Toast With Vanilla Yogurt Sauce recipe from Food.com.,https://www.food.com/recipe/berry-stuffed-french-toast-with-vanilla-yogurt-sauce-244039,15m,,15m,4 serving(s),"2   cups   fresh mixed berries, about 1/2 lb  (blueberries, sliced strawberries, raspberries or blackberries) | 2   tablespoons    powdered sugar | 1/3  cup    fat-free sweetened condensed milk | 1 (6   ounce) container   low-fat vanilla yogurt | 10   ounces    French bread (1 small loaf) | 1       egg | 1       egg white | 1/3  cup    low-fat milk | 1   teaspoon    granulated sugar | 1   teaspoon    vanilla extract | 1/4  teaspoon    cinnamon | nonstick cooking spray","Place berries in a small bowl and sprinkle with powdered sugar. For the sauce, spoon about 1/4 of the berries, sweetened condensed milk and yogurt into a blender (or food processor) and puree until smooth; set aside. | Cut bread into twelve 1 1/2-inch pieces. Cut into each piece almost all the way through to create a pocket. Stuff the bread slices with remaining sweetened berries and press lightly to close; set aside. Reserve any unused berries to garnish top at serving time. | Whisk egg, egg white, milk, granulated sugar, vanilla and cinnamon in a medium bowl. Heat a large non-stick skillet over medium heat. Spray skillet with non-stick cooking spray. Dip stuffed bread slices in egg mixture to coat and cook until lightly browned on both sides, turning once. | Spoon sauce onto serving plate, arrange French toast on top and garnish with any remaining berries.","https://img.sndimg.com/food/image/upload/q_92,fl_progressive,w_1200,c_scale/v1/img/recipes/24/40/39/picAL3GG7.jpg",Breakfast,All,< 15 Mins,397.4
Instant Pot Cauliflower Hash Brown Casserole,Make this versatile side dish for literally ANY meal. Cauliflower and potato are a winning low(er) carb combo. Make head in the Instant Pot and reheat in the broiler just before serving.,https://www.food.com/recipe/instant-pot-cauliflower-hash-brown-casserole-538737,10m,20m,30m,4 serving(s),"1   large    egg | 2   cups    cauliflower florets, roughly chopped | 1   cup   shredded frozen hash brown potatoes | 1   teaspoon    kosher salt | 1/2  teaspoon    fresh ground black pepper | 1/4  cup    panko breadcrumbs | 1/4  cup   grated parmesan cheese | 2   teaspoons   everything bagel seasoning","Spray a 32-ounce (6-inch) souffl&eacute; dish with nonstick cooking spray; set aside. | Beat egg in a medium bowl, add cauliflower, hash browns, salt pepper, panko and Parmesan cheese and mix to combine. | Pour mixture in prepared souffl&eacute; dish. | Place the metal trivet in the bottom of the inner pot and pour in 1 cup of water. Carefully lower souffl&eacute; dish onto the trivet. | Cover and lock the lid in place. Place the vent to the sealing position and set to manual on high pressure for 10 minutes. When the cook time is done, quick release the pressure. | Carefully remove the dish from the inner pot. Transfer to the oven and broil for 5 minutes or until the top is golden brown. | Sprinkle with everything bagel seasoning and serve. | Serves: 4 ; Calories: 113; Total Fat:  3 grams; Saturated Fat: 2 grams; Total Carbohydrate: 15 grams; Sugars: 1 gram; Protein: 6 grams; Sodium: 325 milligrams; Cholesterol:  52milligrams; Fiber: 2 grams.","https://img.sndimg.com/food/image/upload/q_92,fl_progressive,w_1200,c_scale/v1/img/recipes/53/87/37/gbD7KRuYRXEA7hdglAtA_0S9A4371.jpg",Potato,All,"Cauliflower,Vegetable,< 30 Mins",128.6
Cheese Board &ldquo;Cinnamon&rdquo; Rolls,Make and share this Cheese Board &ldquo;Cinnamon&rdquo; Rolls recipe from Food.com.,https://www.food.com/recipe/cheese-board-cinnamon-rolls-537490,2h 10m,35m,2h 45m,12 rolls,"3/4  cup    milk | 6   tablespoons    unsalted butter, melted | 2   large    eggs, plus 1 beaten for egg wash | 1   large    egg yolk | 1   tablespoon    sugar | 2   teaspoons   chopped rosemary, divided | 1 1/2  teaspoons    kosher salt | 1/4  teaspoon    cracked black pepper | 1 (2 1/4  teaspoon) package   active dry yeast | 4   cups    all-purpose flour, plus more for the counter | 2 -4   tablespoons    olive oil, for coating bowl and baking dish | 1 3/4  cups    fig jam, plus 1 cup for topping | 12   ounces    brie cheese (cut into 1/2-inch slices) | 8   ounces   thinly sliced salami | 1/4  cup   hot honey, plus more for topping | 1/2  cup   chopped marcona almonds, plus more whole for platter | 1   cup    olive, for platter | 1   bunch    grapes, for platter","In the bowl of a stand mixer, whisk to combine milk, melted butter, eggs, egg yolk, sugar, 1 teaspoon chopped rosemary, salt, black pepper and yeast. Add the flour and place on a mixer with dough hook attached. Mix on low for about 5 minutes until dough is smooth and elastic. | Coat a large bowl lightly with olive oil. Transfer dough to bowl, cover with plastic wrap and place in a warm draft-free place to rise until doubled, about 1 1/2 to 2 hours. | Preheat oven to 350 degrees F. Coat a 13x9 inch baking pan with olive oil. Dust counter liberally with flour and roll dough out into a large rectangle, about 16x12. The longest edge should be parallel with the edge of the counter. Spread the fig jam over the dough, then top with brie cheese and salami. Drizzle with 1/4 cup hot honey, and sprinkle over 1/2 cup chopped almonds, then roll the dough into a tight cylinder. | Cut the dough into twelve 1 1/2-inch rounds and place them side by side, cut side down, in prepared baking dish. Cover and let rise for 45 minutes. | Uncover, brush with egg wash and sprinkle with remaining 1 teaspoon chopped rosemary. Bake rolls until golden and cooked through, 30-35 minutes. | To serve, spread 1 cup fig jam over rolls, drizzle with hot honey and sprinkle over chopped almonds. Serve rolls with olives, almonds and grapes on the side.","https://img.sndimg.com/food/image/upload/q_92,fl_progressive,w_1200,c_scale/v1/img/recipes/53/74/90/p2KPOhVMQhSFtjjulCoY_0S9A2708.jpg",Breads,All,"Cheese,< 4 Hours",605.3
Waffle-Style French Toast,Make and share this Waffle-Style French Toast recipe from Food.com.,https://www.food.com/recipe/waffle-style-french-toast-365128,15m,40m,55m,8 serving(s),4   large    eggs | 1   cup    milk | 1   teaspoon    vanilla | 1   tablespoon    sugar | 1/2  teaspoon    salt | 8   slices   day old challah (1-inch thick slices) or 8       French bread (1-inch thick slices),"Preheat waffle iron and spray with cooking spray. | In a pie plate or other shallow pan, whisk the eggs, milk, vanilla, sugar, and salt together. | Dip bread slices in egg mixture until well soaked. | Cook slices in the waffle iron one at a time until lightly browne. | Serve with warm syrup, powdered sugar, and/or fresh fruit as garnish.","https://img.sndimg.com/food/image/upload/q_92,fl_progressive,w_1200,c_scale/v1/img/recipes/51/59/52/AY0G0EN0Qpe1HZxnHUMu_picJCnHKv.jpg",Breakfast,All,< 60 Mins,176.1
Crumpets With Cheese &amp; Bacon,"Nice way to enjoy English crumpets. If you're from a country where they're not widely available do yourself a favour and make some from scratch, there are plenty of recipes on RecipeZaar for them. This recipe really works a lot better using natural cheese rather than processed cheese.",https://www.food.com/recipe/crumpets-with-cheese-bacon-263601,10m,10m,20m,4 serving(s),"4       crumpets | 1/4  cup    cheddar cheese, grated | 50   g    bacon (one large slice or rasher) | 1/4  teaspoon    ground pepper (optional) | 1/4  teaspoon    ground paprika (optional)","Lightly cook bacon in a non-stick frying pan and set aside. | Sprinkle cheese evenly over each crumpet followed by pepper and paprika if you are using them. | Tear up bacon and place over the top, discarding fat and the rind etc. | Grill for around 5-10 minutes until the cheese has melted into the crumpet.","https://img.sndimg.com/food/image/upload/q_92,fl_progressive,w_1200,c_scale/v1/img/recipes/26/36/01/GoZXJNAFTmuCV7ca8iIB-Bacon-cheese-crumpet-2-.JPG",Breakfast,All,"Lunch/Snacks,Pork,Cheese,Meat,Australian,Brunch,< 30 Mins,Beginner Cook,Easy",85.7
Mexican Breakfast Bake,"This was in the July 2011 issue of Clean Eating. I made this  for my mom and I and it was delicious! If you don't want to bake all 4 ramekins, save leftovers for the next day! Simply prepare this recipe through Step One and refrigerate. When ready to eat, mist ramekins with cooking spray, pour in vegetable mixture and microwave for 1 to 2 minutes. Continue with Step Two.",https://www.food.com/recipe/mexican-breakfast-bake-460949,20m,15m,35m,4 serving(s),"1   teaspoon    olive oil | 1   medium    onion, chopped | 2       garlic cloves, chopped | 1   large   anaheim or new mexican green chili pepper (or 2 small hot chile peppers, cut into 1/4-inch dice) | 1   medium    sweet potato, peeled and cut into 1/4-inch dice | 2   medium    tomatoes, cut into 1/4-inch dice | 2   cups   bpa-free canned black beans, drained and rinsed well  (or cooked black beans) | 1   teaspoon    ground cumin | 1   teaspoon    chili powder | 1   teaspoon    smoked paprika | olive oil flavored cooking spray | 4   large    eggs | 4   tablespoons   finely chopped cilantro leaves | 1   ounce    queso fresco, separated into 4 pieces | 2   ounces    avocados, thinly sliced","Preheat oven to 450 degrees Fahrenheit. In large saucepot on medium-high, heat oil. Add onion, garlic, pepper, and potato. Saut&eacute; for 5 minutes. Add tomatoes, beans, cumin, chile powder and paprika. Cover and cook for 20 minutes, until potatoes soften. | Mist 4 16-oz ramekins with cooking spray. Place 1 cup vegetable mixture into each ramekin and spread outside edges, making a well in the center. Carefully crack 1 egg in center well of each ramekin. | Bake for 5 minutes, until eggs are set; remove from oven. Set oven to broil on high. Add ramekins back to oven and broil for 5 minutes, until eggs are soft set (for firmer eggs, broil 5 more minutes). Remove from oven and sprinkle each dish with 1 tbsp cilantro, 1/4 oz cheese and 2 or 3 slices avocado. Serve immediately.","https://img.sndimg.com/food/image/upload/q_92,fl_progressive,w_1200,c_scale/v1/img/recipes/46/09/49/aTF5znnKSy62RLf7bGLR_mexican%20breakfast.JPG",Breakfast,All,"Mexican,Brunch,< 60 Mins,Easy",275.8
Avocado Toast &ldquo;Cinnamon&rdquo; Rolls,"You could be trendy and put fresh avocado on toast... or you could slather your avocado on a warm, cheesy &quot;cinnamon&quot; roll.",https://www.food.com/recipe/avocado-toast-cinnamon-rolls-537489,2h 10m,35m,2h 45m,12 rolls,"3/4  cup    milk | 6   tablespoons    unsalted butter, melted | 2   large    eggs, plus 1 beaten for egg wash | 1   large    egg yolk | 1   tablespoon    sugar | 1   teaspoon    garlic powder | 1   teaspoon    onion powder | 2   teaspoons    kosher salt | 1/4  teaspoon    cracked black pepper | 1 (2 1/4  teaspoon) package   active dry yeast | 1/4  cup   finely grated parmesan cheese, plus 1/2 cup for filling | 3 3/4  cups    all-purpose flour, plus more for the counter | 2 -4   tablespoons    olive oil (for coating bowl and baking dish) | 8   ounces    cream cheese, room temperature | 8   ounces   shredded mozzarella cheese | red pepper flakes, plus more for garnish | chopped chives, plus more for garnish | 4       avocados, peeled and cut into large pieces | 1       lime, juiced, plus 1 lime cut into wedges | kosher salt | 1   cup    greens (to garnish, microgreens) | 1   tablespoon   flaky sea salt (optional)","In the bowl of a stand mixer, whisk to combine milk, melted butter, eggs, egg yolk, sugar, garlic powder, onion powder, salt, pepper and yeast. Add 1/4 cup parmesan cheese and flour, then place on a mixer with dough hook attached. Mix on low for about 5 minutes until dough is smooth and elastic. | Coat a large bowl lightly with olive oil. Transfer dough to bowl, cover with plastic wrap and place in a warm draft-free place to rise until doubled, about 1 1/2 to 2 hours. | Preheat oven to 350 degrees F. Coat a 13x9 inch baking pan with olive oil. Dust counter liberally with flour and roll dough out into a large rectangle, about 16x12. The longest edge should be parallel with the edge of the counter. Spread the cream cheese over the dough, then top with 1/2 cup grated parmesan cheese, shredded mozzarella, pinch red chili flakes and 2 tablespoons chives. Roll the dough into a tight cylinder, then cut the dough into twelve 1 1/2-inch rounds. Place them side by side, cut side down, in prepared baking dish. | Uncover, brush with egg wash and bake rolls until golden and cooked through, 30-35 minutes. | In a medium bowl, gently mash avocados with lime juice and salt, leaving some larger pieces of avocado. Spoon onto the baked rolls and spread to cover. Top with pinch chili flakes, chopped chives, drizzle of olive oil and flaky sea salt.","https://img.sndimg.com/food/image/upload/q_92,fl_progressive,w_1200,c_scale/v1/img/recipes/53/74/89/TlutxUWRuObEcswfLZIo_0S9A2750.jpg",Breads,All,"Avocado,Vegetable,< 4 Hours",486.8
Air Fryer Breakfast Bake,Use any cheese and veggies you have on hand for this versatile one dish meal. Add some booked ham or breakfast sausage for a meat lovers version.,https://www.food.com/recipe/air-fryer-breakfast-bake-538740,5m,40m,45m,2 serving(s),"4       eggs | 2   tablespoons    1% low-fat milk | 1/2  teaspoon    kosher salt | 1   teaspoon    hot sauce | 1   slice    whole grain bread, torn into pieces | 1 1/2  cups    Baby Spinach | 1/4  cup    shredded cheddar cheese | 1/2  cup   diced bell pepper | 2   tablespoons    shredded cheddar cheese","Preheat air fryer to 250-degrees F. Spray a 6-inch souffl&eacute; dish with nonstick cooking spray; set aside. | Beat eggs, milk, salt and hot sauce in a medium bowl. | Fold in bread pieces, spinach, &frac14; cup cheese and bell pepper. | Pour egg mixture into prepared casserole dish and transfer dish to the air fryer basket. | Cook for 20 minutes. Pause the machine, sprinkle with remaining cheese and cook for an additional 5 minutes or until eggs are completely set and the edges are golden brown. | Carefully remove from fryer basket and allow to rest for 10 minutes before serving. | Serves: 2; Calories: 165; Total Fat: 9 grams; Saturated Fat: 4 grams; Total Carbohydrate: 14 grams; Sugars: 2 grams; Protein: 9 grams; Sodium: 524 milligrams; Cholesterol: 108 milligrams; Fiber: 3 grams.","https://img.sndimg.com/food/image/upload/q_92,fl_progressive,w_1200,c_scale/v1/img/recipes/53/87/40/GTYqbNDMQbuyRWPicqGI_0S9A3819.jpg",Breakfast,All,"Brunch,< 60 Mins",282.0
Bacon 'n' Egg Lasagna,Everyone i have served this to has requested the recipe. It's easy to feed to a crowd at holiday time because it can be made ahead. I found it in April/May 2000 issue of Taste of Home.,https://www.food.com/recipe/bacon-n-egg-lasagna-22033,45m,35m,1h 20m,12-15 serving(s),"1   lb   diced bacon | 1   large    onion, chopped | 1/3  cup    flour | 1/2-1   teaspoon    salt | 1/4  teaspoon    pepper | 4   cups    milk | 12       lasagna noodles, cooked and drained | 12       hard-boiled eggs, sliced | 2 (8   ounce) cups  shredded swiss cheese | 1/3  cup   grated parmesan cheese | 2   tablespoons   minced fresh parsley","In skillet, cook bacon until crisp. | Remove with slotted spoon to paper towels. | Drain, reserving 1/3 cup drippings. | In the drippings, saute onion until tender. | Stir in flour, salt and pepper until blended. | Gradually stir in milk. | Bring to boil and cook and stir for 2 minutes. | Remove from heat. | Spread 1/2 cup sauce in greased 13x9x2&quot; baking dish. | Layer with four noodles, a third of the egg and bacon, cheese and sauce. | Repeat layers twice. | Sprinkle with Parmesan cheese. | Bake uncovered at 350 degrees for 35-40 minutes or until bubbly. | Sprinkle with parsley. | Let stand 15 minutes before cutting. | *Can be made the night before and refrigerated. | To serve, remove from refrigerator 30 minutes before baking. | Bake as above.","https://img.sndimg.com/food/image/upload/q_92,fl_progressive,w_1200,c_scale/v1/img/recipes/22/03/3/2WHXclUS9G6fCLrYlrgb_Bacon-and-Egg-Lasagna-3.png",One Dish Meal,All,"Breakfast,Pork,Cheese,Meat,Potluck,Weeknight,Oven,< 4 Hours",561.1
The Best Belgian Waffles,"These waffles are super crisp on the outside, light as a feather inside and so scrumptious! Avoid removing them from the waffle iron too soon; they should be a golden brown. Enjoy!",https://www.food.com/recipe/the-bestest-belgian-waffles-63071,15m,25m,40m,"6 waffles, 4-6 serving(s)",2   cups    flour | 4   teaspoons    baking powder | 1/2  teaspoon    salt | 1/4  cup    sugar | 2       eggs | 1/2  cup    vegetable oil | 2   cups    milk | 1   teaspoon    vanilla,"Oil the waffle maker. | Sift the dry ingredients together in a large bowl. | In separate bowl, separate egg whites and beat until stiff peaks form. | In a separate bowl, mix together the egg yolks, milk, oil , and vanilla, stir slightly. | Add to dry ingredients and mix well. | Fold in egg whites. | Cook in waffle iron on medium-high heat for around 5-10 minutes.","https://img.sndimg.com/food/image/upload/q_92,fl_progressive,w_1200,c_scale/v1/img/recipes/63/07/1/Oey61BTvKAEV0tVQz4gU_untitled-1868.jpg",Breakfast,All,< 60 Mins,636.0
Steak Hache Avec Oeufs a Cheval (Hamburgers W/ Eggs on Horseback,&quot;Hamburgers with &quot;Eggs on Horseback&quot; - Hamburgers served with Fried Eggs. I had these at a bistro in Paris and loved them! Very Low Carb!,https://www.food.com/recipe/steak-hache-avec-oeufs-a-cheval-hamburgers-w-eggs-on-horseback-131833,8m,15m,23m,4 serving(s),"1 1/2  lbs    ground sirloin, shaped into 4 patties | 4   teaspoons    butter | 4   tablespoons    butter | 4       eggs | 6 -12       anchovy fillets (optional) | 2   tablespoons    capers, drained | 1   tablespoon    parsley, finely chopped | salt & freshly ground black pepper","Sprinkle the patties with salt and pepper and grill the hamburgers; Transfer the patties to a warmed platter and start the eggs. | Heat 4 teaspoons of butter in a skillet and carefully break the eggs and cook them sunny side up until the whites are firm. Remove from the skillet and place one egg on each pattie. | Sprinkle the eggs with salt and pepper;. | Arrange the anchovies (if desired) on top of the eggs. | Heat 4 tablespoons in a skillet; When it gets foamy, add the capers and parsley. | When the butter just starts to brown, pour equal amounts of the sauce over each egg/pattie and serve hot.","https://img.sndimg.com/food/image/upload/q_92,fl_progressive,w_1200,c_scale/v1/img/recipes/13/18/33/picVZzjyQ.jpg",Lunch/Snacks,All,"Meat,European,Very Low Carbs,High Protein,High In...,Brunch,< 30 Mins",579.4
Grilled Cheese French Toast With Bacon,Bacon can be skipped or replaced with ham. Tomatoes are also good on the sandwiches. 1 slice of cheese is plenty because of the richness of the eggs. The kids love it. If you like serve with syrup. If using bacon do try this method Recipe #107440 it makes clean up a breeze.,https://www.food.com/recipe/grilled-cheese-french-toast-with-bacon-71187,2m,5m,7m,3 sandwiches,"2   large    eggs | 1/3  cup    buttermilk or 1/3  cup    low-fat milk | 6   slices    white bread | 3   slices    American cheese | 3   slices   crispy cooked bacon, sliced in half  (optional) | 2   tablespoons    butter | syrup (optional) or   raspberry jam, garnish  (optional)","Heat a griddle melt 1 tablespoon butter. | Mix eggs with buttermilk. | Quick dip bread to cover with egg mixture and place on hot griddle, brown one side, and turn place 1 slice of cheese and 2 slices of bacon on cooked side of 3 slices of bread. | Place other 3 slices of bread cooked side down on bacon. | Flip when bottom is browned. | Using the other tablespoon of butter as needed. | Garnish with Syrup or raspberry jam if you want.","https://img.sndimg.com/food/image/upload/q_92,fl_progressive,w_1200,c_scale/v1/img/recipes/71/18/7/vGNOVYS3TtuZKyfLGQdB_tosty3.jpg",Breakfast,All,"Lunch/Snacks,Pork,Cheese,Meat,Kid Friendly,Brunch,< 15 Mins,Stove Top,Easy",306.4
Breakfast Shepherd's Pie,Make and share this Breakfast Shepherd's Pie recipe from Food.com.,https://www.food.com/recipe/breakfast-shepherds-pie-474987,15m,30m,45m,"1 pan, 6 serving(s)","6   cups    Simply Potatoes Diced Potatoes with Onion | 6   slices    bacon | 6       eggs | 1   cup    red bell pepper | 1/4  cup    green onion, diced | 1/4  cup    feta | 1   cup    shredded cheddar cheese | 1   tablespoon    salt | 1   tablespoon    pepper | 1   tablespoon    paprika | 1/4  cup   canned chopped jalapeno | 1   tablespoon    onion powder | 2 (12   ounce) cans   corn beef hash | 2   tablespoons    olive oil | 1       garlic clove","Cook 6 slices of bacon until crisp, drain on paper towel. | Drizzle olive oil in pan, heat up and cook small diced green onion and glove of chopped garlic. | Mix 6 eggs in a bowl. | Salt and pepper to taste. | Crumble in feta to taste. | Crumble in 6 slices bacon. | Add cooked green onion and garlic to egg mixture. | Mix up egg mixture and ingredients and pour into 8x8 casserole dish. | Pre-heat oven to 350 degrees and put egg mixture in for 20-25 minutes. | Chop up Red Pepper. | Heat up olive oil in pan. | Cook Simply Potatoes Diced Potatoes. | Add chopped red pepper. | Add jalapenos to taste (optional). | Salt and pepper to taste. | Add paprika. | Add onion powder. | Mix all up until potatoes are cooked. | Cook up 2 cans of beef hash in another pan. | Once egg mixture is done, take out of the oven and spread the cooked hash on top of eggs. | Next pour potato mixture on top of hash. | Cover the top of potatoes with shredded cheddar cheese. | Put back in oven for 5-10 minutes or until cheese is melted.","https://img.sndimg.com/food/image/upload/q_92,fl_progressive,w_1200,c_scale/v1/img/recipes/47/49/87/W7l5XP0SOG9ibNSnAkQK-131-break-shep-pie.jpg",Breakfast,All,"Potato,Vegetable,< 60 Mins,Easy,Inexpensive",261.2
Blackberry Peach Cobbler Scones,Make and share this Blackberry Peach Cobbler Scones recipe from Food.com.,https://www.food.com/recipe/blackberry-peach-cobbler-scones-538538,PT0S,1h,1h,12 scones,"2 1/2  cups    all-purpose flour, plus more for dusting | 1/3  cup    granulated sugar | 1   tablespoon    baking powder | 1/2  teaspoon    kosher salt | 1 1/2  teaspoons    ground cinnamon | 8   tablespoons   cold unsalted butter, cubed | 6   ounces    blackberries, halved lengthwise | 1       peach, cut into 1/2-inch dice | 1/2  cup   plus 2 tablespoons buttermilk | 2   large    eggs | 2   tablespoons   coarse white sugar or 2   tablespoons    demerara sugar | 3   ounces    blackberries | 1   tablespoon    granulated sugar | 3 -4   tablespoons    lemon juice | 1 1/2  cups    confectioners' sugar","For the scones: Line a baking sheet with parchment paper. | In a large bowl, whisk together the flour, sugar, baking powder, salt and 1 teaspoon of the cinnamon. Using a pastry cutter or a fork, cut in the butter until the mixture is crumbly. Fold in the blackberries and peaches. In a measuring cup, whisk together 1/2 cup of the buttermilk and the eggs and add to the flour mixture, stirring gently to combine. | Turn the dough out onto a work surface dusted with flour and press into a 9-by-6-inch rectangle. Use a bench scraper or knife to make the sides even, then cut the dough into 6 equal pieces (3-inch squares). Cut each square on the diagonal into triangles and transfer the scones to the prepared baking sheet. | In a small bowl, stir together the remaining 1/2 teaspoon cinnamon with the coarse sugar. Brush the top of each scone with the remaining 2 tablespoons buttermilk and sprinkle with the cinnamon-sugar mixture. Place the baking sheet with the scones in the freezer for 20 minutes. | Preheat the oven to 425 degrees F. | For the glaze: Meanwhile, put the blackberries, granulated sugar and 1 tablespoon of the lemon juice in a small saucepan over medium heat. Bring to a simmer and cook until blackberries are softened and the sugar is dissolved, 5 to 8 minutes, mashing as needed to break up the berries. | Strain through a fine-mesh strainer into a medium bowl, pressing with a rubber spatula to release all the juice. Let cool slightly, then whisk in the confectioners' sugar and 2 tablespoons of the lemon juice until smooth. If necessary, add extra lemon juice a teaspoon at a time to adjust the consistency of the glaze. | Bake the chilled scones until golden, 18 to 20 minutes. Let cool slightly on the baking sheet, then drizzle with the glaze.","https://img.sndimg.com/food/image/upload/q_92,fl_progressive,w_1200,c_scale/v1/img/recipes/53/85/38/fP1pme7bRfKkGpe7qR2W_0S9A0188.jpg",Scones,All,"Breakfast,Healthy,< 60 Mins",287.0
Cornmeal Sourdough Waffles,"Light and crispy, that about says it all.  I love cornmeal griddle cakes and have been attempting to adapt them to sourdough waffles.  This works quite well.  Serve with fresh blueberries, maple syrup or jam.  This recipe makes quite a few; however, they freeze well and can be reheated in a toaster oven for a quick weekday breakfast.",https://www.food.com/recipe/cornmeal-sourdough-waffles-280513,20m,20m,40m,14 waffles,"1/2  cup    sourdough starter | 2 -2 1/2  cups    buttermilk, divided | 2   tablespoons    sugar | 1   cup    white flour | 1   cup    whole wheat pastry flour | 3       eggs, egg and white separated | 1   cup    yellow cornmeal | 2 -3   tablespoons    butter, melted | 1   teaspoon    baking soda | 1   teaspoon    salt | 1   teaspoon    vanilla | 1   teaspoon    cinnamon (optional)","Before going to bed, put 1/2 cup starter in a large mixing bowl, stir in 2 cups buttermilk, sugar, white and wheat flour; mix well and cover with cloth. | Next morning, while waffle iron is preheating, beat egg whites until stiff. | Lightly beat egg yolks and add to starter mixture, stir in cornmeal, butter, soda, salt, vanilla and cinnamon if using; add additional buttermilk if batter seems to stiff. | Fold in beaten egg whites and bake in waffle iron as per manufactures directions. | Place on wire racks to cool completely before packaging and freezing. | To reheat, toast in toaster oven to desired degree of crispness. | Please note that the cook time does not reflect the overnight proofing of the batter.","https://img.sndimg.com/food/image/upload/q_92,fl_progressive,w_1200,c_scale/v1/img/recipes/28/05/13/piccP3MF7.jpg",Breakfast,All,"Brunch,Mixer,< 60 Mins,Small Appliance",144.9
Basic Pancake Syrup,Make and share this Basic Pancake Syrup recipe from Food.com.,https://www.food.com/recipe/basic-pancake-syrup-25628,2m,5m,7m,2 cups,1   cup    sugar | 1   cup    brown sugar | 1   cup    corn syrup | 1   cup    water | 2   teaspoons    vanilla,Boil together and cook gently for 3 minutes. | Bottle and store in refrigerator.,"https://img.sndimg.com/food/image/upload/q_92,fl_progressive,w_1200,c_scale/v1/img/recipes/25/62/8/OqmUMya0Sc6ZkYE47HEP_040%20pancake%20syrup.jpg",Sauces,All,"Dessert,Low Protein,Low Cholesterol,Healthy,< 15 Mins,Easy,Inexpensive",1252.7
Creme Brulee French Toast,This is the best french toast EVER.  So sweet and rich!  You prepare it the night before and just pop it in the oven in the morning.,https://www.food.com/recipe/creme-brulee-french-toast-169730,15m,45m,1h,"9 slices, 4 serving(s)",1/2  cup    butter | 2   cups    brown sugar | 1/4  cup    light Karo syrup | 9   slices    Italian bread (sliced 1-inch thick) or 9   slices    challah (sliced 1-inch thick) | 1   dozen    egg | 1   pint    heavy cream | 1   teaspoon    vanilla | cinnamon,"Cook butter, brown sugar and Karo syrup in small saucepan.  Bring to a boil, then pour into a 9x13 pan. | Pack bread slices into mix. | Beat eggs, cream and vanilla. Pour over bread. | Sprinkle with cinnamon. | Cover and refrigerate overnight. | Bake uncovered for 45 minutes at 350 degrees.","https://img.sndimg.com/food/image/upload/q_92,fl_progressive,w_1200,c_scale/v1/img/recipes/16/97/30/umCfklbfRuqnpnoaLwsv_creme-brulee-french-toast-casserole-7133.jpg",Breakfast,All,"Brunch,< 60 Mins,Oven,Refrigerator,Beginner Cook,Stove Top,Easy",1406.0
Blueberry Almond Crepes,"I finally made this recipe for myself after having it posted for a year. It was easy, wonderful, and as Thorsten said- &quot;elegant&quot;. I am glad I posted it!",https://www.food.com/recipe/blueberry-almond-crepes-175776,20m,20m,40m,18 serving(s),4       eggs | 1   cup    flour | 1   cup    milk | 1   tablespoon    light brown sugar | 1/4  teaspoon    almond extract | 1 (16   ounce) container   cottage cheese | 2       egg yolks | 3   tablespoons    sugar | 1/2  cup    sugar | 1   tablespoon    orange zest | 1/2  cup   chopped blanched almond | 2   tablespoons    cornstarch | 2/3  cup    orange juice | 4   cups    blueberries (Fresh or frozen) | 1/2  cup   toasted sliced natural almonds,"First 5 ingredients are for crepes. To prepare Crepes:. | Together mix all crepe ingerdients until smooth. | Spray crepe pan or whatever pan you are using, with non-stick cooking spray; heat over medium heat until hot. | Add about 3 tablespoons batter to pan, tilting to make an even layer. | Cook on one side until crepe begins to brown, about 1 minute. | Place on a sheet of waxed paper, browned side up. | Repeat with remaining batter; layering the crepes with waxed paper. | To prepare filling: | In a blender container, place cottage cheese, egg yolks, 3 tablespoons sugar and orange peel; mix until well combined. | Add chopped almonds; mix until smooth; set aside. | To prepare blueberry sauce: | In a saucepan combine the remaining 1/2 cup sugar and the cornstarch. | Stir in orange juice and blueberries. | Over medium-high heat, bring to a boil, stirring constantly; cook and stir until thickened and clear, about 1 minute. | To assemble: | Place 2 rounded tablespoons of filling on each crepe. | Roll and place on a lightly greased baking sheet. | Cover and refrigerate until ready to serve. | At serving time:  Preheat oven to 300 degrees Fahrenheit. | Bake filled crepes until hot, about 15 minutes. | Top with blueberry sauce, sprinkle with toasted almonds and, if desired, a dollop of sour cream.","https://img.sndimg.com/food/image/upload/q_92,fl_progressive,w_1200,c_scale/v1/img/recipes/17/57/76/picWaTiN7.jpg",Breakfast,All,"Dessert,Berries,Fruit,Brunch,< 60 Mins,For Large Groups",188.9
Eggs in a Nest,Make and share this Eggs in a Nest recipe from Food.com.,https://www.food.com/recipe/eggs-in-a-nest-474518,15m,40m,55m,"12 hash brown/egg cups, 4-6 serving(s)",3   cups    Simply Potatoes&reg; Shredded Hash Browns | 1/3  cup    green onion (chopped) | 1/4  teaspoon    pepper | 1/4  teaspoon    salt | 1 1/2      cooking oil | 1/3  cup    red bell pepper (chopped) | 1/3  cup    bacon (diced) | 5       eggs (beaten) | 1/4  cup    milk | salt and pepper | 1/4  cup    cheddar cheese (grated),"Preheat oven to 400 degrees. | Grease muffin pan with cooking spray. | Mix Simply Potatoes&reg; Shredded Hash Browns, green onion, pepper, salt and oil. | Divide potatoes between 12 muffin cups, pressing against sides and bottom (as high as you can because they shrink down). | Bake 25 minutes. | While contents are in oven fry bacon and red bell peppers for about 7 minutes over medium heat. | Add bacon and pepper mixture with beaten eggs and milk. | Season with salt and pepper to taste. | Pour egg/bacon/bell pepper mixture over cooked hash brown/green onion cups. | Sprinkle cheese on top. | Cook for 15 minutes and cheese is melted. | Enjoy!","https://img.sndimg.com/food/image/upload/q_92,fl_progressive,w_1200,c_scale/v1/img/recipes/47/45/18/MmPrHR6MRHGXhd2oSScj_eggs nest SITE-2.jpg",Breakfast,All,"Potato,Vegetable,< 60 Mins,Easy",189.4
Slow Cooker Cabbage Roll Casserole,"Yummy and less work than the real cabbage rolls.  There is no rice in this recipe, because I don't like rice in my cabbage rolls.",https://www.food.com/recipe/slow-cooker-cabbage-roll-casserole-326509,10m,8h,8h 10m,6 serving(s),"1 -1 1/2  lb    lean ground turkey or 1 -1 1/2  lb    extra lean ground beef | 2   cups   chopped onions | 1/2  cup   chopped green pepper | 3       garlic cloves, crushed | 1/4-1/2  teaspoon    salt | 1/2  teaspoon    pepper | 1/2  teaspoon    thyme | 1   small   head green cabbage, coarsely chopped | 1 (15   ounce) can   diced tomatoes, undrained | 1/2  teaspoon    sugar | 1 (15   ounce) can   tomato sauce, can add another 8- 15 oz if you like more sauce","Spary crock pot with nonstick cooking spray. | Crumble the raw ground turkey (or beef) and spread along bottom of crock pot. | Add the onions, green pepper, garlic, salt, pepper, thyme and cabbage. | Pour the diced tomatoes over top. | Mix the sugar into the tomato sauce and pour over everything.  If you like more sauce, add another 8-oz or 15-oz can of tomato sauce. | Cover and cook on low for about 8 hours or on high for about 4 hours. | When done, remove lid and stir to mix well.","https://img.sndimg.com/food/image/upload/q_92,fl_progressive,w_1200,c_scale/v1/img/recipes/32/65/09/Xhv4qCriT5K1tyYkYcID_Cabbage-roll-casserole-3715.jpg",One Dish Meal,All,"Vegetable,Meat,Low Cholesterol,Healthy,Savory",199.5
Classic Baked Ziti,Make and share this Classic Baked Ziti recipe from Food.com.,https://www.food.com/recipe/classic-baked-ziti-22176,20m,30m,50m,8-10 serving(s),"1   lb    lean ground beef | 1   cup    onion, chopped | 2       garlic cloves, minced | 1 (32   ounce) jar   meatless sauce | 1   cup    chicken broth | 1   teaspoon    dried oregano leaves | 1 (16   ounce) package   ziti pasta, cooked and drained | 2   cups   shredded mozzarella cheese | 1   cup   grated parmesan cheese","Preheat oven to 350 degrees F. | In a large skillet, cook ground beef, onions, and garlic over medium-high heat for 6 to 8 minutes or until beef is browned; stirring frequently. | Stir in spaghetti sauce, chicken broth, and oregano. | Reduce heat and simmer for 10 minutes. | Stir 1 cup of the sauce into the cooked ziti noodles. | Spoon 1/2 of the ziti mixture into a 13x9x2-inch baking dish. | Sprinkle with 1 1/2 cups mozzarella cheese and 1/2 cup Parmesan cheese. | Top with 2 cups sauce, then remaining ziti mixture and remaining sauce. | Cover and bake 20 minutes. | Sprinkle with remaining mozzarella and Parmesan cheese. | Return to oven and bake uncovered for 10 minutes or until heated through.","https://img.sndimg.com/food/image/upload/q_92,fl_progressive,w_1200,c_scale/v1/img/recipes/22/17/6/picDKqCeJ.jpg",Cheese,All,"Meat,European,< 60 Mins,Oven",463.7
Tater Tot Casserole,Make and share this Tater Tot Casserole recipe from Food.com.,https://www.food.com/recipe/tater-tot-casserole-204984,20m,1h,1h 20m,6-8 serving(s),"2   lbs    ground beef, browned and drained | 1/2  cup   diced celery | 1   large    vidalia onion, chopped | 2 -3   cups   shredded cheddar cheese | 1 (10 3/4  ounce) can   cream of mushroom soup | 1 (10 3/4  ounce) can   cream of celery soup | 1 (32   ounce) bag   frozen tater tots (I use the minis) | 2   tablespoons    Worcestershire sauce","Mix celery soup and mushroom soup together, set aside. | Put browned ground beef in a 9x13 dish. | Sprinkle with celery, Worcestershire sauce, onion and cheese. | Cover with soup mixture and arrange tater tots on top to cover. | Bake at 350F for 1 hour.","https://img.sndimg.com/food/image/upload/q_92,fl_progressive,w_1200,c_scale/v1/img/recipes/20/49/84/CGL9mgmvQki17kREbpjI_TTC%206%20final%20-%20tater%20tot%20casserole%20close%20up.jpg",One Dish Meal,All,"Potato,Vegetable,Meat,Oven,Beginner Cook,< 4 Hours,Easy,Inexpensive",963.1
"Beef, Macaroni and Tomato Casserole","Make and share this Beef, Macaroni and Tomato Casserole recipe from Food.com.",https://www.food.com/recipe/beef-macaroni-and-tomato-casserole-90685,20m,35m,55m,4-5 serving(s),"1   lb    lean ground beef | 5 -6       garlic cloves, minced | 1   teaspoon    dried oregano | 1   teaspoon    dried basil | 1       onion, chopped | 1       green bell pepper, chopped | 1/2  teaspoon    salt | 1/4  teaspoon    black pepper | 1 (14   ounce) can   diced tomatoes, undrained | 1 (8   ounce) can   tomato sauce | 8   ounces   uncooked elbow macaroni or 8   ounces    bow tie pasta | 8   ounces   shredded mozzarella cheese | 1/4  cup    parmesan cheese","Cook noodles until al dente, 8-10 minutes, and drain. | Preheat oven to 350&deg;F. | Cook ground beef with garlic, oregano, basil, onion, green pepper, and salt and pepper until beef is browned, cooked through, and veggies are tender. | Drain any fat. | Add tomatoes and tomato sauce to beef mixture, then simmer 5-10 minutes. | Mix beef mixture with cooked macaroni and place in a 9x13-inch casserole dish or lasagna pan. | Top casserole with mozzarella and Parmesan cheeses. | Bake at 350F for 20 minutes, or until cheese is melted and casserole is bubbly.","https://img.sndimg.com/food/image/upload/q_92,fl_progressive,w_1200,c_scale/v1/img/recipes/90/68/5/bGpDkqZZRqWxRnTc7VN8_beef casserole SITE-3.jpg",One Dish Meal,All,"Vegetable,Meat,Kid Friendly,Savory,< 60 Mins,Oven,Easy,Inexpensive",676.6
Pork Chop Casserole,"I cut this out of a cooking magazine, probably Taste Of Home and changed it to suit or our tastes.  It sounds like a very flavorful way to have pork chops and to keep them moist. I haven't made them yet but plan to make them and serve them over mashed potatoes, yummy!!!!!  Note:  This recipe also works great in a crock pot.  My friend and I have decided that it is easier to just mix all the sour cream with the soup and broth in the beginning.",https://www.food.com/recipe/pork-chop-casserole-245591,15m,1h,1h 15m,6 serving(s),"3/4  cup    flour | 1   teaspoon    salt | 1/2  teaspoon    pepper | 6       pork chops (3/4 to 1-inch thick) | 2   tablespoons    vegetable oil | 1 (10 3/4  ounce) can   condensed cream of mushroom soup, undiluted | 2/3  cup    chicken broth or 2/3  cup    dry white wine | 1   cup    sour cream, divided  (8 oz) | 1 (2 7/8  ounce) can   French-fried onions, divided","In a shallow bowl, combine the flour, salt and pepper; dredge pork chops. | Heat oil in a large skillet; cook pork chops for 4 to 5 minutes per side or until browned. | Place pork chops in a single layer in an ungreased 13x9x2 inch baking dish. | Combine cream of mushroom soup, chicken broth and 1/2 cup sour cream; pour over chops. | Sprinkle with half of the French fried onions. | Cover and bake at 350 degrees Fahrenheit for 45 to 50 minutes. | Stir remaining sour cream into the sauce. | Top chops with remaining onions. | Return to oven, uncovered, for 10 minutes.","https://img.sndimg.com/food/image/upload/q_92,fl_progressive,w_1200,c_scale/v1/img/recipes/24/55/91/pichhr10g.jpg",Pork,All,"Meat,Oven,< 4 Hours,Easy",557.2
Vidalia Onion and Rice Casserole,This came from my sister who got it from her sister-in-law at a family reunion. Onions have mild sweet flavor -- not over powering.  Makes excellent side dish.,https://www.food.com/recipe/vidalia-onion-and-rice-casserole-128596,15m,50m,1h 5m,8-10 serving(s),"1   cup    white rice (cook as directed with 1 tsp. salt) | 7   cups    vidalia onions, medium diced  (Seems like a lot, but it cooks down) | 4   tablespoons    butter or 4   tablespoons    margarine | 1 1/2  cups    half-and-half or 1 1/2  cups    2% low-fat milk | 1 1/2  cups    swiss cheese, grated  (1/2 pound)",Sauate onions in butter til soft. | Combine ingredients and place in 9 x 13 baking dish. | Bake at 350 degrees for 50 minutes. | Can be made a day ahead.  Tastes even better the next day. | Makes great leftovers.,"https://img.sndimg.com/food/image/upload/q_92,fl_progressive,w_1200,c_scale/v1/img/recipes/12/85/96/Ha8cwSukT5i64GObdsht_19.jpg",White Rice,All,"Rice,Cheese,Onions,Vegetable,Spring,Summer,Oven,< 4 Hours,Easy",328.4
Hamburger Potato Cheese Casserole,"The name just about says it all.  If you are looking for something exotic, interesting or spicy, you would be happier moving on to the next recipe.  If you need something that will be ready quickly, or is low fat, this is not the dish for you.  You also usually have to soak the pan afterward to clean up.  BUT, if sometimes you or your family members just want some hamburger and cheesy potatoes, and you have a couple of hours before you need to have dinner ready, you might enjoy this.  After all of the fun and interesting things I make for my family - which they enjoy - this is what they ask for. This is a recipe my mother asked for; this is what my son wants to eat so he feels like he's been home during school holidays; my picky 7 year old eats an adult-sized portion of this. My husband is always happy to eat it.  Adapted from the More with Less cookbook - can also be made with other meats/cheeses.",https://www.food.com/recipe/hamburger-potato-cheese-casserole-187672,25m,1h 30m,1h 55m,6 serving(s),"5   large    russet potatoes, peeled and sliced about 1/4-1/2 inch thick | 2 -3   tablespoons   chopped onions | 1   lb    ground beef (really lean is preferable) | salt and pepper | 2   cups    milk (I use skim) | 3   tablespoons    butter | 3   tablespoons    flour | 1/2  teaspoon    salt | 1/2  teaspoon    pepper | 8   ounces   shredded sharp cheddar cheese | ketchup (optional condiment)","I use a 2 1/2 quart covered casserole dish for this.  This will stick unless you have a great non-stick baking dish - I never grease the pan though because of all the fat that's already in this. | Preheat oven to 350. | Brown hamburger and onion. | Place a layer of sliced potatoes in casserole dish, top with half of hamburger/onion mixture. Salt and pepper to taste (kind of depends on how salty your cheese sauce is - you can always salt it later if it needs it). | Repeat layering of potato slices and hamburger mixture (and salt and pepper if desired). | Make Cheese sauce:. | Melt 3 T butter in saucepan over med-high heat. | Add 3 T flour, and the salt and pepper. Stir quickly to blend. | Add 2 cups milk; stir with whisk to incorporate butter/flour mixture. | Reduce heat, stir till thickened and bubbly. | Remove from heat and add shredded cheddar.  Stir until cheese melts. | Pour cheese sauce over hamburger and potatoes in baking dish.  Push potatoes around to let cheese sauce into all of the crevices so it's well coated. | Cover and place in oven.  Bake for about 1 1/2 hours, till potatoes are tender and top is browned. I like to take off the lid for the last 20 minutes or so to brown the top a bit. | Even with the leanest ground beef, this can get little pools of grease on top - I just spoon these off.  It doesn't mean the whole thing is greasy - just cheesy. | My family members consider generous amounts of ketchup a necessary addition to this dish.  I like it fine by itself (ok, maybe a spot of ketchup on the side).","https://img.sndimg.com/food/image/upload/q_92,fl_progressive,w_1200,c_scale/v1/img/recipes/18/76/72/p36hHlTBOlyrBJi8yzbQ_0S9A3308.jpg",Potato,All,"Cheese,Vegetable,Meat,Oven,< 4 Hours",670.9
Creamy Burrito Casserole,Satisfy your craving for something different tonight. It's good and fairly easy. This is stuff I usually have on hand too.,https://www.food.com/recipe/creamy-burrito-casserole-33919,20m,30m,50m,8-10 serving(s),"1   lb    ground beef or 1   lb    ground turkey | 1/2  medium    yellow onion, chopped | 1 (1 1/4  ounce) package   taco seasoning | 6   large    flour tortillas | 1 (16   ounce) can   refried beans | 2 -3   cups   shredded taco cheese or 2 -3   cups    cheddar cheese | 1 (10 3/4  ounce) can   cream of mushroom soup | 4   ounces    sour cream | jarred hot sauce, if desired to spice it up","Brown ground meat/turkey &amp; onion; drain. | Add taco seasoning and stir in refried beans. | Mix soup and sour cream in a separate bowl. | Spread 1/2 sour cream mixture in the bottom of a casserole dish. | Tear up 3 tortillas and spread over sour cream mixture. | Put 1/2 the meat bean mixture over that. | Add a layer of cheese. | You could put some hot sauce on this now. | Repeat the layers. | Sprinkle cheese over the top and bake, uncovered, at 350&deg;F for 20-30 minutes.","https://img.sndimg.com/food/image/upload/q_92,fl_progressive,w_1200,c_scale/v1/img/recipes/33/91/9/eK932J5iRgKgQGjoAwMG_IMG_7036.jpg",Meat,All,"Mexican,< 60 Mins,Oven",512.6
Easy Manicotti,"No cooking the manicotti, so that's the easy part. Sometimes I will add some frozen chopped spinach, cooked and squeezed dry. A real easy meal!",https://www.food.com/recipe/easy-manicotti-56784,20m,45m,1h 5m,4 serving(s),"1   lb    ricotta cheese | 4   ounces    mozzarella cheese, grated | 3   tablespoons    parmesan cheese, grated | 1   teaspoon    sugar | 1       egg, slightly beaten | nutmeg (to taste) | 1   tablespoon    parsley, finely chopped | salt and pepper | 1 (5   ounce) package   manicotti, uncooked | 1 (15 1/2  ounce) jar  prepared meatless marinara sauce (or homemade, if desired)","Combine Ricotta, Mozzarella, grated Parmesan, sugar, egg, nutmeg, parsley, salt and pepper to taste. | Stuff uncooked manicotti generously with the cheese mixture, from both ends. | Arrange manicotti in a single layer in a baking pan. | Bring sauce to a boil and pour over manicotti, covering completely. | Cover baking pan with aluminum foil, crimping the edges to seal tightly. | Bake in a preheated 400 degree Fahrenheit oven for 40 minutes. | Remove foil; sprinkle generously with additional grated cheese. | Bake uncovered for 5 minutes more.","https://img.sndimg.com/food/image/upload/q_92,fl_progressive,w_1200,c_scale/v1/img/recipes/56/78/4/IdrSRRFjQuuOuMY95wQb_MAN%207%20-%20final_5.jpg",Manicotti,All,"Cheese,Weeknight,< 4 Hours,Easy",562.1
Delicious Blue Cheese Broccoli Casserole,"This dish has been served every year at my holiday dinner table, I double the recipe and sometimes even triple depending on how many people I have at my table, there is never anything left and I always receive rave reviews all around! --- two small cloves fresh minced garlic may also be added in and sauteed for one minute in butter before adding in the flour--- you will also find this recipe on my food blog http://kittencalskitchen.com/2009/09/15/blue-cheese-broccoli-bake/",https://www.food.com/recipe/delicious-blue-cheese-broccoli-casserole-75202,20m,30m,50m,4-5 serving(s),"4   cups    fresh broccoli florets, chopped | 2   tablespoons    butter | 2   tablespoons    flour | 4   ounces    cream cheese | 1/2  cup    blue cheese, crumbled  (for a milder blue cheese flavor reduce to 1/4 cup) | 1   cup    milk or 1   cup    half-and-half | fresh ground black pepper (optional and to taste) | 1 1/2  cups    Ritz cracker crumbs | 6   tablespoons    butter, melted","Set oven to 350&deg;F. | Grease a medium casserole dish. | Steam broccoli florets until firm-tender (about 2-3 minutes) drain well then pat dry with paper towels. | In a large saucepan melt 2 tbsp butter over med-low heat; add in flour and stir for 1 minute. | Add cream cheese, blue cheese and milk; stir over low heat until melted and smooth, then add/stir in broccoli. | Mix 6 tbsp melted butter with the cracker crumbs until well combined. | Stir in 1 cup cracker mixture into the broccoli mixture. | Season with black pepper if desired. | Pour mixture into a casserole dish. | Cover with foil or a lid and bake for 15 minutes. | Remove from oven then sprinkle the top with remaining cracker crumbs. | Return to oven and bake uncovered for another 15 minutes. | Allow to cool for 10 minutes before serving.","https://img.sndimg.com/food/image/upload/q_92,fl_progressive,w_1200,c_scale/v1/img/recipes/75/20/2/GpDaq4QTFuR8Wh1jevJd_cheese broccoli SITE-2.jpg",Cheese,All,"Vegetable,< 60 Mins,Oven",433.5
Southwestern Baked Spaghetti,"This is an easy, yet very tasty spaghetti casserole, which reminds me of the spaghetti they used to serve us in elementary school. I loved their spaghetti! I normally only brought my lunch, but not on spaghetti day!",https://www.food.com/recipe/southwestern-baked-spaghetti-87085,30m,30m,1h,6 serving(s),"8   ounces   uncooked spaghetti | 1/2  cup    milk | 1       egg | 1   lb    ground beef | 1   medium    onion, chopped | 1   medium    green bell pepper, chopped | 2       garlic cloves, minced | 1   teaspoon    chili powder | 1/2  teaspoon    cumin | 1/2  teaspoon    oregano | 1/2  teaspoon    salt | 1/4  teaspoon    pepper | 2 (8   ounce) cans   tomato sauce | 1/2  cup    shredded cheddar cheese | 1/2  cup   shredded monterey jack cheese","Cook spaghetti per package direcions. | Combine milk and egg, mix well. | Combine drained spaghetti, milk and egg; mix well. | Pour spaghetti mixture into a buttered 9X13 inch casserole dish. | Brown ground beef with onion, bell pepper and garlic in a large skillet; drain. | Return drained meat back into the skillet and add seasonings; Cook for 2 minutes. | Stir in tomato sauce and cook for 2 more minutes. | Spread meat mixture over spaghetti. | Sprinkle with cheese. | Bake at 425&deg;F for 10 minutes or until cheese melts and is bubbly. | Remove from oven and let stand for 10 minutes.","https://img.sndimg.com/food/image/upload/q_92,fl_progressive,w_1200,c_scale/v1/img/recipes/87/08/5/9TA3cQQwRV2jWyCT29i4_SS%204%20-%20final_1.jpg",One Dish Meal,All,"Spaghetti,Cheese,Meat,Tex Mex,Southwestern U.S.,Kid Friendly,< 60 Mins,Oven,Inexpensive",434.8
Tuna Casserole,Make and share this Tuna Casserole recipe from Food.com.,https://www.food.com/recipe/tuna-casserole-13630,15m,30m,45m,4 serving(s),"8   ounces    egg noodles | 1 (10 1/4  ounce) can   cream of celery soup | 1/2  cup    mayonnaise | 3/4  cup    evaporated milk | 1   cup   grated cheddar cheese, divided | 1/2  cup   finely chopped celery | 1/2  small    onion, finely chopped | 4   ounces    mushrooms, drained  (optional) | 1   teaspoon    black pepper | 1 (7   ounce) can   tuna, with juice","Cook egg noodles to al dente in boiling salted water; drain well. | Preheat oven to 325&deg;F. | Mix all ingredients together in a large casserole dish, reserving 1/2 cup of cheese. | Sprinkle reserved cheese over the top. | Bake for 30 minutes. | Serve hot.","https://img.sndimg.com/food/image/upload/q_92,fl_progressive,w_1200,c_scale/v1/img/recipes/13/63/0/3pEsJWu8SFW2FFJeVFVX_TC%204%20-%20final_2.png",Tuna,All,"< 60 Mins,Oven,Easy",526.7
Shrimp Casserole,Make and share this Shrimp Casserole recipe from Food.com.,https://www.food.com/recipe/shrimp-casserole-14832,20m,40m,1h,8 serving(s),"1 (16   ounce) package   farfalle pasta | 6   tablespoons    butter or 6   tablespoons    margarine | 3       garlic cloves, smashed | 6   tablespoons    all-purpose flour | 1/3  cup    white wine or 1/3  cup    chicken broth | 2 3/4  cups    half-and-half cream | 1/2  cup    clam juice | 1   tablespoon    seafood cocktail sauce (or ketchup) | 3/4  teaspoon    salt | 1/4  teaspoon    cayenne pepper | 1   lb   uncooked medium shrimp, peeled and deveined | 2   teaspoons    dried dill weed | 3/4  cup   freshly grated parmesan cheese","Preheat oven to 350&deg;F. | Grease 3-quart casserole. | Cook and drain pasta as directed on package. | Melt butter in 2 quart saucepan over medium heat. | Cook garlic in butter 1 minute, stirring constantly. | Stir in flour. | Cook, stirring constantly with wire whisk, until smooth and bubbly. | Stir in wine or chicken broth. | Stir in half and half, clam juice, cocktail sauce, salt and cayenne. | Cook over medium heat, stirring constantly, until thickened. | Stir in shrimp, dill weed and 1/4 cup of the cheese. | Stir shrimp mixture into pasta, pour into casserole. | Sprinkle with remaining 1/2 cup cheese. | Baked uncovered 35 to 40 minutes or until light brown and hot.","https://img.sndimg.com/food/image/upload/q_92,fl_progressive,w_1200,c_scale/v1/img/recipes/14/83/2/kzkbFhYnTUOlMttLY6tc_shrimp casserole SITE-2.jpg",Canadian,All,"Potluck,Spring,Summer,Winter,Thanksgiving,< 60 Mins,Oven,Easy",515.0
Make Ahead Mashed Potato Casserole,Make and share this Make Ahead Mashed Potato Casserole recipe from Food.com.,https://www.food.com/recipe/make-ahead-mashed-potato-casserole-15280,20m,40m,1h,10 serving(s),10       potatoes (about 3 1/2 lbs) | 1/2  lb    cream cheese | 1/4  cup    butter | 1   cup   chopped green onion | 1   cup    sour cream | 1/2  cup   minced fresh parsley | 1   pinch    dried marjoram | salt and pepper | 1/2  cup   coarse fresh breadcrumb,"In a large pot of boiling water, cook potatoes for 20 minutes or until tender but not mushy. | Drain and let cool slightly, peel. | With a potato masher, mash until smooth, do not use an electric mixer, blend in cream cheese and butter until melted. | Mix in onions, sour cream, parsley, marjoram, and salt and pepper to taste. | Transfer to 8 inch (2 L) baking dish, smooth top. | Sprinkle with crumbs, (Casserole can be prepared to this point, covered and refrigerated for up to 2 days or frozen for up to 1 week. Let thaw in refrigerator for 24 hours. Add 10 minutes to baking time.) Bake in 400 degree oven for about 20 minutes or until heated through and top is lightly golden.","https://img.sndimg.com/food/image/upload/q_92,fl_progressive,w_1200,c_scale/v1/img/recipes/15/28/0/1vjZAMjtSGGXc8lSnDmr_mashed%20potatoes.JPG",Potato,All,"Vegetable,Canadian,Kid Friendly,Potluck,Winter,Thanksgiving,< 60 Mins,Oven,Freezer,Easy",352.4
Chicken Enchiladas,Make and share this Chicken Enchiladas recipe from Food.com.,https://www.food.com/recipe/chicken-enchiladas-24041,12m,20m,32m,4 serving(s),1 (10 3/4  ounce) can   cream of chicken soup | 1/2  cup    sour cream | 2   tablespoons    butter | 1/2  cup   chopped onion | 1   teaspoon    chili powder | 2   cups   diced cooked chicken | 1 (4   ounce) can  chopped green chilies | 8       flour tortillas | 1   cup   shredded cheddar cheese,"Heat oven to 375&deg;F. | In small bowl, stir soup and sour cream together. | Heat butter in saucepan over medium heat. | Add onion and chili powder, cook until onion is tender. | Stir in chicken, green chilies, and 3 TBS of soup mixture. | Spread 1/4 cup mix along center of each tortilla. | Roll, place seam side down in 12x8 baking dish. | Spread remaining soup mixture over enchiladas. | Bake, covered, for 15 minutes. | Uncover, sprinkle with cheese, and bake 5 minutes more.","https://img.sndimg.com/food/image/upload/q_92,fl_progressive,w_1200,c_scale/v1/img/recipes/24/04/1/pich81fUp.jpg",One Dish Meal,All,"Lunch/Snacks,Chicken,Poultry,Cheese,Meat,Tex Mex,Southwestern U.S.,Mexican,Kid Friendly,Potluck,Spicy,< 60 Mins,Oven,Easy,Inexpensive",614.2
Macaroni and Cheese,"This is my MIL recipe she has made it for years. It is delicious.
The elbow macaroni measurement is for 1--16 ounce box dry.
I can't respond to zmail because of a previous issue.",https://www.food.com/recipe/macaroni-and-cheese-52799,10m,30m,40m,6 serving(s),"16   ounces    elbow macaroni (cooked) | 1/2  cup    butter | 1   teaspoon    salt | 1/2  teaspoon    pepper | 1/2  cup    flour | 3 1/2  cups    milk | 1   lb    cheese, cut into cubes  (I use Velveeta for creamier mac and cheese) | breadcrumbs","Preheat oven to 350 degrees. | In a pan cook butter, salt, pepper and flour and stir until smooth. | Remove from heat add milk, return to heat and bring to a boil. | Boil 1 minute. | Remove from heat and add cheese, stir until melted. | Pour over elbows, sprinkle with breadcrumbs and bake at 350 degrees for 30 minutes.","https://img.sndimg.com/food/image/upload/q_92,fl_progressive,w_1200,c_scale/v1/img/recipes/52/79/9/VgaiZqtbRByPpcH71R9E_Macaroni%20and%20cheese%2052799-7.jpg",Cheese,All,"< 60 Mins,Oven",814.7
New Mexico Style Chili Chicken Casserole,This is an easy to make tasty dish that I clipped from my local newspaper. I especially like that it can be prepared a day ahead.,https://www.food.com/recipe/new-mexico-style-chili-chicken-casserole-107142,20m,30m,50m,8 serving(s),"1 (14   ounce) can   chicken broth | 2 (4   ounce) cans  chopped green chilies, drained | 1   cup   chopped onion | 1   cup    light sour cream | 1/2  teaspoon    salt | 3/4  teaspoon    cumin | 1/2  teaspoon    fresh ground black pepper | 2 (10 1/2  ounce) cans   condensed cream of chicken soup | 1       garlic clove, minced | 20 (6   inch)    corn tortillas | 4   cups   shredded cooked chicken breasts (about 1 pound) | 2   cups   finely shredded low-fat cheddar cheese","Heat oven to 350&deg;F. | Coat a 9x13 dish with cooking spray. | In a large pan, combine broth, chilies, onion, sour cream, salt, cumin, pepper, soup and garlic; mix well. | Bring to a boil, stirring constantly. | Remove from heat. | Spread 1 cup mixture in the dish. | Arrange 6 tortillas over soup mixture (breaking to fit dish) and top with 1 cup chicken and 1/2 cup cheese. | Repeat layers, ending with cheese. | Spread remaining soup mixture over cheese. | Bake 30 minutes or until bubbly. | Note: If you prepare dish a day ahead, cover with nonstick foil and refrigerate. When ready to serve, bake 1 hour; uncover and bake 30 minutes more or until bubbly.","https://img.sndimg.com/food/image/upload/q_92,fl_progressive,w_1200,c_scale/v1/img/recipes/10/71/42/tZUE4qRSmuSDTFyNJcMQ_Mexican%20Style%20chicken%20chili%20casserole%20107142-9.jpg",One Dish Meal,All,"Chicken Breast,Chicken,Poultry,Cheese,Meat,Mexican,Kid Friendly,< 60 Mins,Oven",453.9
Kittencal's Scalloped Potato and Ground Beef Casserole,"Sliced potatoes in a delicious creamy sauce on the bottom then topped with a ground beef mixture --- instead of layering the potatoes you can just mix them with the sauce in a large bowl transfer to the baking dish then top with the ground beef mixture either way is fine but the potatoes will cook a little faster if mixed with the sauce --- feel free to throw in some cooked chopped green beans, mushrooms, corn niblets to the ground beef mixture or whatever you wish, I also like sprinkle some grated cheddar cheese over the potato mixture before topping with the ground beef and then again after the casserole has been cooked, this casserole is very versatile and you don't have to worry about the exact amounts --- to save time you may cook the ground beef mixture a day ahead and refrigerate, all ingredients may be reduced to half if desired to yield 4-6 and baked in a smaller baking dish--- NOTE some of the reviewers are stating that the potatoes are taking a long time to cook so you may want to pop them in the microwave first just to soften slightly,",https://www.food.com/recipe/kittencals-scalloped-potato-and-ground-beef-casserole-215414,20m,1h 30m,1h 50m,8 serving(s),"1 1/2  lbs    ground beef (or use bulk Italian sausage meat, can increase the ground beef slightly) | 1   medium    onion, chopped | 1   small    green bell pepper, seeded and chopped  (optional) | 4       garlic cloves, finely chopped  (or to taste) | 1/2  teaspoon    dried chili pepper flakes (adjust to taste) (optional) | 1   teaspoon    seasoning salt (or to taste) or 1/2  teaspoon   white salt (or to taste) | 1/2  teaspoon    fresh ground black pepper (or to taste) | 5 -6       russet potatoes (peeled and sliced thinly, or use as many as desired) | 2   cups    shredded cheddar cheese (or to taste) | 2 (10 3/4  ounce) cans   condensed cream of chicken soup, undiluted  (using any other flavor of soup will not be as good) | 1   small    onion, chopped  (about 1/3 cup) | 3/4      light cream | 1/2  cup    sour cream | 1/4  cup   grated parmesan cheese | 1   teaspoon    garlic powder | 1/2  teaspoon    seasoning salt | fresh ground black pepper (to taste)","In a skillet cook the ground beef with onion, bell pepper and chili flakes (if using) until no longer pink; drain fat over a colander. | Return to pan and add in garlic, season salt and black pepper; cook stirring with a wooden spoon until the meat is lightly browned (I usually add in about 1-2 tablespoons bacon fat that I keep frozen in my freezer to the meat while browning for added flavor and it also helps to brown the meat) set aside. | For the sauce; in a medium bowl mix together the undiluted soup with onion, milk, sour cream, Parmesan cheese, garlic powder, seasoned salt and black pepper to taste; mix well to combine. | In a greased 13 x 9-inch baking dish or a large oval casserole dish, alternately layer the sliced potatoes on bottom of the baking dish, then soup mixture (I like to sprinkle grated cheddar cheese on top of the soup mixture) then the ground beef mixture on top. | Since this is a large casserole I strongly suggest to place the baking dish on a jelly-roll sheet in case of any spills. | Bake covered with foil for about 1 hour at 350 degrees F. | Uncover and continue baking for another 20-30 minutes or until the potatoes are tender (baking time will vary depending on the thickness of your sliced potatoes). | Remove from oven then sprinkle with grated cheddar cheese; return to oven for 4-5 minutes or until the cheese has melted.","https://img.sndimg.com/food/image/upload/q_92,fl_progressive,w_1200,c_scale/v1/img/recipes/21/54/14/MijsOYrCTdizsli3sfAw-125-potato-gnd-beef-casserole.jpg",Potato,All,"Vegetable,Meat,Kid Friendly,Oven,Beginner Cook,< 4 Hours,Easy,Inexpensive",521.9
Absolute Best Ever Lasagna,"My family's favorite. This is a very meaty lasagna. We prefer it with cottage cheese, but you can easily substitute ricotta.",https://www.food.com/recipe/absolute-best-ever-lasagna-28768,1h 30m,1h,2h 30m,12 serving(s),"1 1/2  lbs    lean ground beef | 1/2  lb    Italian sausage or 1/2  lb    ground veal | 1   large    onion, chopped | 2 -3       garlic cloves, minced | 1   teaspoon    salt | 1   teaspoon    fresh coarse ground black pepper | 1   tablespoon    dried parsley flakes | 1   tablespoon    dried oregano | 1   tablespoon    dried basil | 2 (14 1/2  ounce) cans   whole tomatoes, undrained and chopped  (or canned chopped tomatoes) | 12   ounces    tomato paste | 24   ounces    ricotta cheese | 2       eggs, beaten | 1/2  teaspoon    pepper | 2   tablespoons    parsley | 1/2  cup   grated parmesan cheese | 1   lb    mozzarella cheese, divided | 12 -15       lasagna noodles","Brown ground meat, onion and garlic. | Add salt, pepper, parsley, oregano, basil, chopped tomatoes with juice, tomato paste; stirring until well mixed. | Cover and simmer 1 hour (or longer,but watch for getting too dry). | Cook lasagna noodles according to package directions; drain and set aside. | Spray a 13 x 9&quot; baking pan with cooking spray. | Combine riccota cheese, eggs, pepper, 2 tablespoons parsley, Parmesan cheese and 1/2 1lb of mozzarella cheese; In a lasagna pan, layer noodles, meat sauce, and cheese mixture; repeat. | Top off with layer of noodles; sprinkle evenly with remaining mozzarella cheese; make sure to cover noodles completely. | Bake at 375F for 40-60  minutes, or until cheese mixture is thoroughly melted. (I cover w/ foil for about 40 minutes, then uncover for 15-20 minutes. | Let sit for 15-20 minutes before cutting and serving.","https://img.sndimg.com/food/image/upload/q_92,fl_progressive,w_1200,c_scale/v1/img/recipes/28/76/8/SyAcnUdwTHGQfekagLBj_ABEL%203%20-%20final_1.png",Cheese,All,"Meat,European,Weeknight,Oven,< 4 Hours",540.5
Classic Baked Spaghetti,"I looked everywhere for an easy baked spaghetti that did NOT use mushrooms or cream of mushroom soup (husband is allergic). I am happy to say I found it. You could add mushrooms, green pepper, olives, etc. to this dish for added variety, but I like it just the way it is! This makes a great family meal...just add a tossed salad and some garlic bread, and dinner is ready in about an hour.",https://www.food.com/recipe/classic-baked-spaghetti-32731,25m,30m,55m,6 serving(s),8   ounces    thin spaghetti | 1   lb    ground beef | 1   teaspoon   minced garlic | 1 (26   ounce) can   spaghetti sauce | 2   cups   finely shredded mild cheddar cheese | 1   tablespoon    oregano,"Preheat oven to 350. | Cook noodles in boiling water; drain. | Meanwhile, brown ground beef and garlic over medium heat; drain. | Combine browned ground beef, spaghetti sauce, and oregano. | Spray a casserole dish with cooking spray. | Place 1/3 of noodles in bottom of dish. | Top with 1/3 of spaghetti sauce mixture, and 1/3 of cheese. | Repeat twice, ending with cheddar cheese. | Bake at 350 for 25-30 minutes.","https://img.sndimg.com/food/image/upload/q_92,fl_progressive,w_1200,c_scale/v1/img/recipes/32/73/1/KlFNnga2Q6PbP8LBGU9w_BS%207%20final%20-%20baked%20spaghetti.jpg",Spaghetti,All,"Meat,Kid Friendly,< 60 Mins,Oven,Easy",515.9
Crunchy Tuna Noodle Casserole,"This is my sis-in-law's Linda's recipe. It's quick, easy, and real good. This recipe is easily made lowfat by using tuna packed in water, light cream cheese and Campbell's lowfat soup. My familie's preferences/changes on this recipe are listed after the baking time on the instructions, as I didn't want to change my sis-in-laws orginal recipe.",https://www.food.com/recipe/tuna-casserole-28468,15m,40m,55m,8-10 serving(s),"2   cups   uncooked macaroni | 8   ounces    cream cheese, softened | 2 (6   ounce) cans   tuna in vegetable oil, drained | 1       onion, finely chopped | 2 -3   stalks    celery, finely chopped | 1 (10 3/4  ounce) can   cream of mushroom soup, celery  or 1 (10 3/4  ounce) can   chicken soup | 1/2  cup    milk | 5   tablespoons    butter, melted | 2   cups    breadcrumbs","Cook macaroni until el dente' and drain. | Edited instruction, courtesy of Charlotte M., I think you Have to saute' the onions and celery first if you don't want a crunchy casserole, so much better sautee'd in butter, canola or olive oil. | Combine all ingredients. | Pour into baking dish. | Mix topping and put on casserole. | Bake at 350 degrees for 30 minutes. | Please feel free to change this recipe to suit your familie's tastes.  Personally I like Charlotte's idea with the celery and onions and now saute the onions in butter, along with about an equal amount of chopped celery until tender. That way you never have to worry about the onions getting done enough. | As for the pasta, we personally prefer egg noodles over macaroni in this. Sometimes I just use whatever I have, sometimes a mix of several different pastas. | If you don't like cooking with the cream of mushroom soup, of course you can substitute cream of chicken or celery soup, and if you don't want soup in it at all, you can substitute sour cream or cream cheese and it's also good, but if you don't use the cream of soup I would suggest adding as much of the tuna water as possible to keep that great tuna flavor. | I prefer the tuna in water, and use as much of the tuna water as I can because I think it has a good flavor. Just use your own best judgement as to a good consistency, as this recipe is hard to mess up. Sometimes we don't always eat when I plan to and it stays in the oven a little longer than I'd like, so if yours seems too dry to you just add a little milk. You also can omit the bread crumbs/butter on top if you prefer, I usually do. | And I almost always double the tuna (or even add more), just because tuna is good for you and we love tuna casserole.","https://img.sndimg.com/food/image/upload/q_92,fl_progressive,w_1200,c_scale/v1/img/recipes/28/46/8/u3Fng1lFSYi1oz6naAer_uploads-2.jpg",One Dish Meal,All,"Tuna,Kid Friendly,< 60 Mins,Oven,Easy,Inexpensive",498.4
Cheesy Shrimp &amp; Grits Casserole,Delightful addition to a beautiful brunch or perhaps a light supper with a salad. From Southern Living,https://www.food.com/recipe/cheesy-shrimp-grits-casserole-51003,35m,45m,1h 20m,10-12 serving(s),"4   cups    chicken broth | 1/2  teaspoon    salt | 1   cup   regular grits | 1   cup   shredded sharp cheddar cheese, divided  (4 ounces) | 1   cup   shredded monterey jack pepper cheese (4 ounces) | 2   tablespoons    butter or 2   tablespoons    margarine | 6       green onions, chopped | 1       green bell pepper, chopped | 1       garlic clove, minced | 1   lb    fresh small shrimp, peeled and cooked | 1 (10   ounce) can  diced tomatoes and green chilies, drained | 1/4  teaspoon    salt | 1/4  teaspoon    pepper","Bring 4 cups chicken broth and 1/2 teaspoon salt to a boil in a large saucepan; stir in grits. | Cover, reduce heat, and simmer 20 minutes. | Stir together grits, 3/4 cup Cheddar cheese, and Monterey Jack cheese. | Melt butter in a large skillet over medium heat; add green onions, bell pepper, and garlic, and saut&eacute; 5 minutes or until tender. | Stir together green onion mixture, grits mixture, shrimp, and next 3 ingredients. | Pour into a lightly greased 2-quart baking dish. | Sprinkle top with remaining 1/4 cup shredded Cheddar cheese. | Bake at 350&deg; for 30 to 45 minutes.","https://img.sndimg.com/food/image/upload/q_92,fl_progressive,w_1200,c_scale/v1/img/recipes/51/00/3/cgDDfvgHRrqvgOojorxm_Cheesy%20Shrimp%20Grits%20Casserole%2051003%20-%20final%203.jpg",Cheese,All,"Weeknight,Oven,< 4 Hours",223.8
"Low Carb Sausage, Mushroom and Chicken Casserole",This hearty and delicious dish tastes similar to chicken and dressing.  I am certain that this would be terrific with turkey also.,https://www.food.com/recipe/low-carb-sausage-mushroom-and-chicken-casserole-120106,20m,45m,1h 5m,8 serving(s),"3 -4   cups   diced cooked chicken | 1   lb    pork sausage | 1   stalk    celery, chopped fine | 1   tablespoon    onion, chopped | 1/2  lb    mushroom, sliced | 8   ounces    cream cheese, softened | 16   ounces    frozen cauliflower, cooked well and drained | 8   ounces    cheddar cheese, shredded | salt | 1/2  teaspoon    pepper | paprika (optional)","Brown the sausage with the celery, onion and mushrooms. | Stir the softened cream cheese into the sausage mixture until well blended. | Coarsely chop the cooked cauliflower. | Mix all ingredients, including the chicken,  and spread in a greased 9&quot;x13&quot; baking dish. | If desired, dust the top with paprika. | Bake, covered with foil, at 350&ordm; for about 30 minutes. | Uncover and bake until hot and bubbly and top is lightly browned, about 10 to 15 minutes.","https://img.sndimg.com/food/image/upload/q_92,fl_progressive,w_1200,c_scale/v1/img/recipes/12/01/06/JGOcFITmRbKqT5fSpsQd_030%20low-carb%20sausage%20casserole.jpg",Lunch/Snacks,All,"Chicken,Pork,Poultry,Cauliflower,Vegetable,Meat,Very Low Carbs,Brunch,Oven,< 4 Hours,Easy",493.3
Kittencal's Chicken Crescent Roll Casserole,"This will also work great with turkey; if you do not have chicken breasts, then use any leftover cooked chicken. If desired you can fill the crescents just with the filling mixture and omit the soup, just brush with butter before baking. They are wonderful just stuffed with the filling! A few members have experienced a soggy bottom, so you might want to consider just drizzling half (or even a little less) of the soup mixture on top and a little around the sides of the crescents, then save the rest of the soup mixture for another time (this will help prevent a soggy bottom). You may use the jumbo crescent rolls and stuff with more chicken mixture :)",https://www.food.com/recipe/kittencals-chicken-crescent-roll-casserole-78814,25m,30m,55m,8 serving(s),"2 (8   ounce) cans   Pillsbury Refrigerated Crescent Dinner Rolls | 1 (10 3/4  ounce) can   cream of chicken soup, undiluted | 3/4  cup   grated cheddar cheese (or any cheese of choice) or 3/4  cup    swiss cheese (or any cheese of choice) | 1/2  cup    18% table cream (or use whipping cream) | 4   ounces    cream cheese (very soft) | 4   tablespoons    butter (very soft but not melted) | 1/2-1   teaspoon    garlic powder (optional) | 1/3  cup    onion, finely chopped  (can use green onions) | 2   large    cooked chicken breasts, finely chopped  (or use about 2 cups, can use cooked turkey) | 1/2-3/4  cup   finely grated cheddar cheese | 1/2  teaspoon    seasoning salt (or use 1/2 teaspoon white salt or to taste) | 1/2  teaspoon    ground black pepper (or to taste) | 2 -4   tablespoons    mayonnaise or 2 -4   tablespoons    whipping cream | 1 -2   cup   grated cheddar cheese (for topping)","Set oven to 350&deg;F. | Butter a casserole dish (any size to hold crescent rolls). | In a saucepan, mix half and half cream, 3/4 cup grated cheese (can use more cheese if desired) and undiluted chicken soup (can season with black pepper if desired). | Heat just until the cheese melts (do not boil). | For the filling --- (make certain that the cream cheese and butter are very soft) in a bowl, mix the soft cream cheese with butter until very smooth, then add in garlic powder (if using). | Add in the chopped chicken, onion and cheddar cheese; mix well until combined. | Add in 2 tablespoons whipping cream or mayonnaise; mix to combine (add in a little more if the mixture seems too dry). | Season with seasoned salt or white and black pepper to taste. | Unroll the crescent rolls. | Place 1 heaping tablespoon chicken mixture (or a little more) on top of each crescent triangle, then roll up starting at the thicker end. | Drizzle a small amount of soup mixture on the bottom of the dish. | Then place the crescent rolls seam-side down on top of the creamed mixture in the casserole. | Drizzle the remaining sauce on top (you don't have to use the full amount of cream sauce, just use as much as desired) and sprinkle with 1 cup (or more) grated cheese, or amount desired. | Bake for about 30 minutes.","https://img.sndimg.com/food/image/upload/q_92,fl_progressive,w_1200,c_scale/v1/img/recipes/78/81/4/PDqQz12ERbGnYcExq36x_kittencals%20chicken%20crescent%20roll%20casserole%2078814-7.jpg",Chicken,All,"Poultry,Meat,< 60 Mins,Oven",518.1
Kittencal's Baked Potato Salad Casserole (Or Cold Potato Salad),"This may be served hot as a casserole or reduce the melted butter amount down to 2 tablespoons and serve as a cold potato salad, either way it's delicious! --- If you are serving hot as a casserole I strongly recommend to have the potatoes cooled to room temperature before using in this recipe or use cold potatoes that have been cooked a day ahead, I have even made this using about 5 cups of thawed frozen hash browns, the complete casserole may be assembled and refrigerated for up to 2 days ahead before baking although it's so delicious cold it might not even make it to the oven, and also makes a large amount which makes this *perfect* dish for potlucks --- if you are baking as a casserole use only mayonnaise such as Hellman's using salad dressing will not be as good.",https://www.food.com/recipe/kittencals-baked-potato-salad-casserole-or-cold-potato-salad-65643,15m,30m,45m,8 serving(s),"5   lbs    potatoes, cooked and cubed  (about 9-10 medium potatoes) | 1 1/2  cups    mayonnaise (Hellman's is best for this, do not use salad dressing) | 1 1/2  cups    sour cream | 5   tablespoons   melted butter | 1 -1 1/2  teaspoon    garlic powder | 1   teaspoon    seasoning salt (or to taste, or use white salt) | 1   teaspoon    ground black pepper | 4 -5       green onions, chopped | 1   small    onion, finely | 1 1/2  cups    cheddar cheese, finely cubed  (or coarsley shredded) | 1 1/2  cups    cheddar cheese, shredded  (or to taste) | 2   cups   finely chopped cooked ham (or use cooked chopped chicken or turkey) (optional)","TO SERVE HOT AS A CASSEROLE;  grease a 13 x 9-inch baking dish (or use a casserole dish that will hold the mixture). | Set oven to 350 degrees F. | In a large bowl, mix mayonnaise, sour cream and melted butter, garlic powder, seasoned salt and black pepper until well combined. | Mix in green onion and yellow onion. | Add in the cooked cubed potatoes, cubed cheese and ham (if using) mix with a large spatula until well combined. | Transfer/spread the mixture to prepared casserole dish. | At this point you may cover and refrigerate for up to 24 hours until ready to bake. | Bake 25-30 minutes or until hot and bubbly. | Remove from oven and sprinkle the grated cheddar on top; return to oven and bake 5-8 minutes more or until the cheese has melted. | TO SERVE AS A COLD POTATO SALAD; make as stated in steps 3-5 reducing the melted butter to 2 tablespoons. | Place in a bowl, cover and refrigerate for at least 4 hours or more before serving. | DELICIOUS!","https://img.sndimg.com/food/image/upload/q_92,fl_progressive,w_1200,c_scale/v1/img/recipes/65/64/3/I6CzrRSyR0mGwe8kvJSh_kittencals-baked-potato-salad-casserole_6312.jpg",Potato,All,"Vegetable,Christmas,Thanksgiving,< 60 Mins,Oven",544.0
Loaded Baked Potato &amp; Chicken Casserole,Make and share this Loaded Baked Potato &amp; Chicken Casserole recipe from Food.com.,https://www.food.com/recipe/loaded-baked-potato-chicken-casserole-505862,30m,1h,1h 30m,8 serving(s),"2   lbs    chicken breasts, cubed | 8       potatoes, cubed | 1/3  cup    olive oil | 1 1/2  teaspoons    salt | 1   tablespoon    fresh ground pepper | 1   tablespoon    paprika | 2   tablespoons    garlic powder | 3   tablespoons    hot sauce | 2   cups    cheddar cheese, shredded | 1   cup    bacon, crumbled | 1   cup    green onion, diced","Preheat oven to 500 degrees. | In large bowl mix olive oil, salt, pepper, paprika, garlic powder and hot sauce. | Add potatoes to bowl and allow to marinate for 10 minutes. | Using a strainer and another bowl, drain the potatoes. Collect all remaining sauce in one bowl and set aside. | Coat baking dish with cooking spray. | Spread potatoes evenly in baking dish and bake for 45 minutes, stirring every 15 minutes. | Fry bacon and set aside to drain. | Using the bacon grease, brown the chicken cubes and add them to the remaining sauce. Coat the chicken cubes evenly in the sauce. | Once potatoes are done, spread the chicken on top. Bake for 12 minutes. | Crumble the bacon, grate the cheese, and chop the green onions. | Layer the cheese, bacon, and half of the green onions and bake for 3 - 5 minutes more, until the cheese is melted. | Add fresh green onions before serving.","https://img.sndimg.com/food/image/upload/q_92,fl_progressive,w_1200,c_scale/v1/img/recipes/50/58/62/Z3Rtj7vTvyRLo8G6BIx8_Loaded-Baked-Potato-Casserole-2.png",Chicken,All,"Potato,Poultry,Vegetable,Meat,< 4 Hours",652.2
Crustless Pizza Quiche,Make and share this Crustless Pizza Quiche recipe from Food.com.,https://www.food.com/recipe/crustless-pizza-quiche-484983,30m,35m,1h 5m,10 serving(s),"2       eggs | 2   cups    milk | 1   teaspoon    salt | 1/2  teaspoon    fresh ground black pepper | 1 1/2  teaspoons    dried oregano | 1 1/2  cups    all-purpose flour | 2   cups   chopped pepperoni or 2   cups    salami | 3   cups   shredded mozzarella cheese, divided","In a large bowl, whisk eggs until blended. | Whisk in milk, salt, pepper, and oregano. | Stir in flour until moistened. | Add pepperoni and half the cheese. | Pour into a greased 13 x 9 inch baking dish. | Bake in a preheated 375&deg; oven for 30 minutes or until set. | Sprinkle with remaining cheese; bake for 5 minutes or until cheese is melted.","https://img.sndimg.com/food/image/upload/q_92,fl_progressive,w_1200,c_scale/v1/gk-static/fdc-new/img/fdc-shareGraphic.png",Oven,All,< 4 Hours,436.6
Ro-tel Chicken Spaghetti,"Easy, Easy, Easy!!! I got this recipe from an Aunt who made it for a family reunion. It has a great flavor and makes alot. Very Good! Does not include cooking time for the chicken.",https://www.food.com/recipe/ro-tel-chicken-spaghetti-46461,20m,30m,50m,6-8 serving(s),"4 -6       chicken breasts, cooked & chopped | 1   can    cream of mushroom soup | 1   can    chicken broth | 1   can    Ro-Tel tomatoes | 1   lb    Velveeta cheese, cubed | 12   ounces    spaghetti, cooked & drained","In a bowl mix together the soup, broth& Ro-tel tomatoes. | In a 13x9 greased casserole dish layer as follows: Spaghetti, Chicken, Soup mix, Cheese. | Bake in a preheated 350 degree oven until heated through and cheese melts about 30-45 minutes. | As soon as you remove from the oven stir to mix well, adding salt and pepper to taste.","https://img.sndimg.com/food/image/upload/q_92,fl_progressive,w_1200,c_scale/v1/img/recipes/46/46/1/NFWnkbqT1uRDhcPJEYFa_rotel-spaghetti-casserole-3706.jpg",Chicken,All,"Spaghetti,Poultry,Meat,< 60 Mins,Oven",662.7
Chicken Rice Casserole,"A great use for leftover chicken or turkey.  Uses no Cream of Whatever soup.  A creamy wonderful one dish meal of chicken, rice 'n peas, topped off with a mixture of bread crumbs and Parmesan cheese and baked until golden brown.",https://www.food.com/recipe/chicken-rice-casserole-118072,20m,25m,45m,4 serving(s),"4   tablespoons    butter, divided | 3   tablespoons    flour | 1   teaspoon    dried thyme | 1   cup    chicken broth | 1   cup    milk | 2   cups   diced cooked chicken | 1/4  teaspoon    salt | 1/8  teaspoon    black pepper | 2   cups    cooked rice | 3/4  cup    frozen peas, thawed | 1   tablespoon    dry breadcrumbs | 1   tablespoon   grated parmesan cheese","Melt 3 tablespoons of butter in a saucepan over medium heat, whisk in flour and thyme and cook for 1 minute. | Gradually stir in broth and milk, stirring until thick and smooth. | Stir in chicken and add salt and pepper; set aside. | Grease a 1 1/2 quart shallow baking dish. | Spread rice in prepared baking dish, sprinkle with the peas and then pour creamed chicken mixture over. | Dot with remaining tablespoon of butter and sprinkle with bread crumbs and cheese which you mix together. | Bake at 400&deg; until hot and bubbly, about 20 to 25 minutes.","https://img.sndimg.com/food/image/upload/q_92,fl_progressive,w_1200,c_scale/v1/img/recipes/11/80/72/GVjpdvNQT02H5EPxPg71_Chicken-and-Rice-Casserole-3.png",One Dish Meal,All,"Chicken,Poultry,Meat,< 60 Mins,Oven",442.3
Delicious Chicken Pot Pie,"This chicken pot pie recipe takes a little time, but it is WELL WORTH IT!! This is an all-time favorite in our family. Great on a cold winter day.",https://www.food.com/recipe/delicious-chicken-pot-pie-10744,1h,45m,1h 45m,6-8 serving(s),"1   cup    potato, diced | 1   cup    onion, diced | 1   cup    celery, diced | 1   cup    carrot, diced | 1/3  cup   melted margarine | 1/2  cup    all-purpose flour | 2   cups    chicken broth | 1   cup    half-and-half | 1   teaspoon    salt | 1/4  teaspoon    pepper | 4   cups    chicken, cooked and chopped | 2       pie crusts (either store bought or your own recipe)","Preheat oven to 400&deg;F. | Saute onion, celery, carrots and potatoes in margarine for 10 minutes. | Add flour to sauteed mixture, stirring well, cook one minute stirring constantly. | Combine broth and half and half. | Gradually stir into vegetable mixture. | Cook over medium heat stirring constantly until thickened and bubbly. | Stir in salt and pepper; add chicken and stir well. | Pour into shallow 2 quart casserole dish and top with pie shells. | Cut slits to allow steam to escape. | Bake for 40-50 minutes or until pastry is golden brown and filling is bubbly and cooked through.","https://img.sndimg.com/food/image/upload/q_92,fl_progressive,w_1200,c_scale/v1/img/recipes/10/74/4/AyB790BXQZSOoGfb5I8o_0S9A2765.jpg",Savory Pies,All,"One Dish Meal,Chicken,Potato,Poultry,Vegetable,Meat,Potluck,Winter,Weeknight,Oven,< 4 Hours,Easy",538.3
Summer Squash Casserole,Make and share this Summer Squash Casserole recipe from Food.com.,https://www.food.com/recipe/summer-squash-casserole-13481,45m,25m,1h 10m,"1 casserole, 4 serving(s)","1 1/2  lbs    summer squash | 1/2  cup    butter or 1/2  cup    margarine | 1       egg | 1   medium    onion, chopped | salt and pepper | 12 -15       Ritz crackers, crushed | 3/4  cup   grated cheddar cheese or 3/4  cup    longhorn cheese","Peel and de-seed squash. | Cut into large cubes and boil until tender. | Mash thoroughly and add butter, egg, onion, salt, pepper and crackers. | Place in buttered casserole dish. | Sprinkle grated cheese on top. | Bake at 350 degrees until bubbles appear on edge, about 25 minutes.","https://img.sndimg.com/food/image/upload/q_92,fl_progressive,w_1200,c_scale/v1/img/recipes/13/48/1/Zj8Nu7eGQCKkMYN7QNQG_squash%20casserole.JPG",Vegetable,All,"Winter,Thanksgiving,Weeknight,Oven,< 4 Hours,Easy",393.7
Baked French Toast Casserole With Maple Syrup,This came from the show Paula's Home Cooking with Paula Deen on the Food Network. It is absolutely delicious! Prep time does not include overnight soaking.,https://www.food.com/recipe/baked-french-toast-casserole-with-maple-syrup-90246,20m,40m,1h,6-8 serving(s),1   loaf    French bread (13 to 16 oz) | 8   large    eggs | 2   cups    half-and-half | 1   cup    milk | 2   tablespoons    sugar | 1   teaspoon    vanilla | 1/4  teaspoon    cinnamon | 1/4  teaspoon    nutmeg | 1   dash    salt | 1   cup    butter | 1   cup   packed light brown sugar | 1   cup   chopped pecans | 2   tablespoons    light corn syrup | 1/2  teaspoon    cinnamon | 1/2  teaspoon    nutmeg,"Slice French bread into 20 slices, 1 inch thick. | Arrange slices in a generously buttered 9x13-inch baking dish in 2 rows, overlapping slices. | In a large bowl, combine the eggs, half and half, milk, sugar, vanilla, cinnamon, nutmeg and salt and beat with wire whisk until well blended. | Pour mixture over bread slices, making sure all are covered evenly with egg mixture. | Spoon some of the mixture in between the slices. | Cover with foil and refrigerate overnight. | The next morning, preheat oven to 350&deg;F. | Spread praline topping evenly over bread and bake for 40 minutes, until puffed up and lightly golden brown. | Serve with maple syrup.","https://img.sndimg.com/food/image/upload/q_92,fl_progressive,w_1200,c_scale/v1/img/recipes/90/24/6/S5rEG42MQICa66NLQYWE_DSC00487.jpg",Breakfast,All,"Toddler Friendly,Kid Friendly,Potluck,Sweet,Brunch,< 60 Mins,Oven,Refrigerator",1297.0
Ham and Noodle Casserole,"Need a simple casserole sure to please the kids?  I served this to friends who later left for Kenya...their girls were pining for it overseas, and you can bet I served it to them again when they returned to the States for a visit!  (Talk about easy to please!)  Nothing gourmet here, just yummy and great with salad and crispy garlic bread. (Recipe via my sister, who says she got it from Southern Living way back when...)",https://www.food.com/recipe/ham-and-noodle-casserole-133733,30m,30m,1h,4 serving(s),8   ounces    egg noodles | 1 1/2  cups   chopped cooked ham | 1   cup   shredded cheddar cheese | 1 (10 1/2  ounce) can   cream of chicken soup | 1/2  cup    low-fat milk | 1   tablespoon    margarine or 1   tablespoon    butter,"Cook noodles according to package directions.  Drain. | Place half of noodles in buttered 2 quart casserole dish. | Combine ham and cheese; sprinkle half of ham mixture over noodles. | In small bowl, combine soup and milk. | Spoon half of soup mixture over ham layer. | Then again: noodles, ham/cheese, soup. | Dot with butter. | Cover loosely with foil. | Bake at 375 for 30 minutes.","https://img.sndimg.com/food/image/upload/q_92,fl_progressive,w_1200,c_scale/v1/img/recipes/13/37/33/picpnG4Yi.jpg",One Dish Meal,All,"Ham,Pork,Meat,Kid Friendly,< 60 Mins,Oven,Beginner Cook,Easy",575.3
Baked Ziti,"A quick and easy way to prepare a tasty and filling pasta dish, originally from Mr. Food. Just use your favorite bottled spaghetti sauce. You can use any shape of pasta. I do add more cheese, but I love cheese!",https://www.food.com/recipe/baked-ziti-38669,10m,25m,35m,8 serving(s),"1/2  lb    ziti pasta | 16   ounces    ricotta cheese | 3   cups    mozzarella cheese, grated | 3   cups    spaghetti sauce | 1/2  cup    parmesan cheese, grated","Preheat oven to 350. | Boil ziti, following package directions, drain and place in a large bowl. | Mix all the ricotta cheese and half of the mozzarella with the ziti. | Spray a 13x9 pan with Pam. | Cover the bottom half of the pan with about half the sauce. | Put the ziti mixture on top of sauce. | Pour remaining sauce on top of ziti. | Sprinkle with the parmesan cheese. | Top with the remaining mozzarella cheese. | Bake for 20-30 minutes until cheese is melted and it is lightly golden.","https://img.sndimg.com/food/image/upload/q_92,fl_progressive,w_1200,c_scale/v1/img/recipes/38/66/9/aCbM54xnRz6KoqNT29MA_untitled-5026.jpg",Cheese,All,"High In...,< 60 Mins,Oven,Easy",403.2
Spaghetti Casserole,"A friend of mine brought some of this into work for me to try and I had to get the recipe. It's delicious! I submitted this exactly how it was given to me.  I used thin spaghetti (my preference), melted the cream cheese almost all the way before mixing with spaghetti, mixed the ground beef with tomato sauce before layering (by mistake).  ",https://www.food.com/recipe/spaghetti-casserole-82519,30m,35m,1h 5m,4 serving(s),"8   ounces    spaghetti | 8   ounces    sour cream | 8   ounces    cream cheese (cut up) | 1   lb    ground beef, cooked and drained  (crumbly) | 30   ounces    spaghetti sauce | 1   cup   shredded mozzarella cheese | season with salt and pepper (or anything else as you see fit)","The recipe calls for a 9x13 casserole, but I usually split it between two 8x8 pans (increasing the spaghetti, beef, sauce and mozarella slightly if needed) and freeze one of them for another time. | Cook the spaghetti and drain, but don't rinse. | Put it right back in the warm pot and add the cream cheese. | Blend the cream cheese until melted with the spaghetti and then blend in the sour cream. | Put spaghetti mixture into greased pan. | Layer some of the mozarella, then the beef, then a little more mozarella. | Spread the spaghetti sauce across and then put the rest of the mozarella on top. | Bake at 350 (or maybe 375?) for 30- 35 minutes- until a knife comes out clean. | Let it stand for 5 or 10 minutes.","https://img.sndimg.com/food/image/upload/q_92,fl_progressive,w_1200,c_scale/v1/img/recipes/82/51/9/tHXJ6XpYTyOAXoOPSJa1_Spaghetti-Casserole-2.png",Spaghetti,All,"Meat,Oven,< 4 Hours",949.2
Helen's Zucchini Casserole,This recipe will tempt those anti-zucchini eaters! I could eat a whole pan myself! Have had this recipe for 20 years. Can be made ahead &amp; baked before serving.,https://www.food.com/recipe/helens-zucchini-casserole-27193,15m,40m,55m,8 serving(s),6   medium    zucchini (thinly sliced) | 1   medium    onion (chopped) | 1   large    fresh tomato (chopped) | 1       garlic clove (minced) | 1 (8   ounce) can   tomato sauce | 2   cups    mozzarella cheese (shredded) | 1   teaspoon    Italian spices | 1   tablespoon    olive oil | 1   teaspoon    garlic salt,"Heat oil in large skillet. | Add zucchini, onion, tomato &amp; garlic. | Cover &amp; cook until desired tenderness, about 10 minutes.  Drain. | Stir in tomato sauce &amp; seasonings. | In a 13x9-inch baking dish, place a layer of the zucchini mixture, then top with shredded cheese. | Continue layers until pan is full, ending with the remaining cheese. | Bake uncovered, in a 350&deg;F oven, for 25 minutes. | Top with shredded parmesan or Romano cheese, if desired.","https://img.sndimg.com/food/image/upload/q_92,fl_progressive,w_1200,c_scale/v1/img/recipes/27/19/3/t7wQL5FQAmAZQMsNmaxA-085-zucchini-casserole.jpg",Vegetable,All,"European,Low Cholesterol,Kosher,Free Of...,Potluck,< 60 Mins,Oven",142.2
Southwest Tortellini Casserole,Make and share this Southwest Tortellini Casserole recipe from Food.com.,https://www.food.com/recipe/southwest-tortellini-casserole-199209,10m,1h,1h 10m,4 serving(s),"1 (15   ounce) can   black beans, rinsed and drained | 9 -10   ounces   refrigerated cheese tortellini, can use any type | 1 (4   ounce) can   diced green chilies | 1 (15   ounce) can   diced tomatoes | 1/2  teaspoon    cumin | 1 1/2  cups    low-fat sour cream, can use regular | 1/4  cup    fresh lime juice | 1/2  teaspoon    sugar | 2   cups   shredded monterey jack cheese | 1/2  cup   sliced black olives | 3/4  cup   chopped green onion | 1/4  cup   chopped cilantro","Preheat oven to 350 degrees. Lightly grease/spray a 1 1/2 qt casserole dish. | In a bowl, toss together the black beans, tortellini, green chilies, diced tomatoes and cumin.  Mix well and pour into the prepared casserole dish. | In another bowl, stir together the sour cream, lime juice and sugar; evenly spread this over mixture in the casserole dish. | Evenly sprinkle with cheese, then olives, then green onions, then the cilantro. | Cover with foil and bake at 350 for 30 minutes. | Uncover and continue baking an additional 20-30 minutes until cheese is bubbly and lightly browned. | Let stand 10 minutes before serving. | Garnish with cilantro.","https://img.sndimg.com/food/image/upload/q_92,fl_progressive,w_1200,c_scale/v1/img/recipes/19/92/09/pic7v247Z.jpg",Kid Friendly,All,"Potluck,Oven,< 4 Hours",687.9
Zucchini or Yellow Squash Casserole,This is different from your usual squash recipe.A friend of mine brought it to a pot luck dinner 15 years ago and it has been a family favorite since then.,https://www.food.com/recipe/zucchini-or-yellow-squash-casserole-26557,10m,45m,55m,6 serving(s),"1   medium    bell pepper, cut in 1/2 in cubes | 1/4  cup    margarine | 1   medium    onion, diced | 2   medium    zucchini or 4   small    yellow squash | 1 (16   ounce) can   tomatoes | 4   slices    bread, toasted and cut in small cubes | 1   teaspoon    salt | 1/4  teaspoon    pepper | 1/4  teaspoon    garlic salt | 1/2  teaspoon    oregano | parmesan cheese","Saute onions&amp;bell pepper in margarine for 5 minutes,add squash that has been sliced and cubed. | Saute 5 min more,add tomatoes, (break up whole tomatoes) cook 5 more minutes. | Add bread cubes and seasonings. | Put in 2 quart casserole,sprinkle top with parmesan cheese. | Bake at 350 for 30 to 40 minutes.","https://img.sndimg.com/food/image/upload/q_92,fl_progressive,w_1200,c_scale/v1/img/recipes/26/55/7/XeN96WhXR6eeK8EtGLvc_zucchini-or-yellow-squash-casserole_5998.jpg",Vegetable,All,"Low Protein,Low Cholesterol,< 60 Mins,Oven,Easy",148.8
Mexican-Style Green Chile Chicken Casserole,"This casserole is even better the next day, that is if it even makes it overnight! ---you may omit the jalapeno pepper if desired, we like onions so I always use two and lots of fresh garlic, you can increase the green chiles to whatever amount you desire, and use as much shredded cheese and cooked chicken as desired, the amounts listed are only a guideline, this also works well with cooked turkey, prep time does not include cooking the chicken --- this is *very* good!",https://www.food.com/recipe/mexican-style-green-chile-chicken-casserole-180496,20m,25m,45m,8 serving(s),"2 -3   tablespoons    butter | 1   large    onion, chopped | 2 -3   tablespoons   fresh minced garlic (or to taste) | 1       jalapeno pepper, seeded and finely chopped  (optional) | 1 1/3  cups    chicken broth | 1 1/4  cups   canned green chilies, drained  (can use more!) | 1 -2   teaspoon    cumin | 2 (10   ounce) cans   cream of chicken soup, undiluted | salt and pepper | 24       corn tortillas (you might use a couple less than 24, or use as many as needed) | 4   cups    cooked chicken (or use cooked turkey) | 2   cups    cheddar cheese (or to taste) or 2   cups    monterey jack and cheddar cheese blend, shredded and divided  (or to taste)","Set oven to 350 degrees. | Grease a 13 x 9-inch baking dish. | In a medium heavy pot or saucepan, heat 2-3 tablespoons butter over medium heat; add in chopped onion, garlic and jalapeno pepper, saute for about 3-4 minutes. | Add in the chicken broth, green chiles, cumin and chicken soup, season with salt and pepper; bring to a boil and simmer for about 3 minutes or until heated through and combined; remove from heat. | Spread about 1 cup of the soup mixture into the bottom of the prepared baking dish. | Arrange 5-6 tortillas over the soup mixture, then top with about 1 cup chicken, then about 1/2 cup shredded cheese (or to taste). | Repeat the layers (ENDING with the cheese). | Spread the remaining soup mixture over the cheese. | Bake uncovered for about 25 minutes or until hot and bubbly.","https://img.sndimg.com/food/image/upload/q_92,fl_progressive,w_1200,c_scale/v1/img/recipes/18/04/96/WYTdJQ8CQzf6UiI1IP7s_uploads.jpg",Poultry,All,"Cheese,Meat,Mexican,Savory,< 60 Mins,Oven,Stove Top",504.4
Cracker Barrel's Hash Browns Casserole - Copycat,My parents worked on a Cracker Barrel training video (which they use to train the chefs) and got this recipe a few years ago. Cracker Barrel's recipe seems to have changed a bit over these few years but not for the best. This is their recipe though and has become a family favorite. We usually have it now for Easter and Thanksgiving and its also great for a brunch. Happy Cooking!,https://www.food.com/recipe/cracker-barrels-hash-browns-casserole-copycat-70239,10m,1h,1h 10m,10-12 serving(s),"1 (32   ounce) bag  oreida potato shreds hash browns (they only make one size) | 1       onion, chopped or diced | 1 (10 1/2  ounce) can   cream of mushroom soup | 1 (10 1/2  ounce) can   cream of celery soup | 3   tablespoons    margarine | 1/2  lb    colby cheese, grated","Preheat oven to 350*F. | Mix potatoes, onion, celery and mushroom soups, and 1/2 of the cheese. | Coat a 9&quot; x 13&quot; baking dish with spray oil. | Spread mixture into dish. | Sprinkle other 1/2 of cheese evenly over top. | Dot margarine evenly over the cheese. | Bake at 350*F for 45 minutes to 1 hour or until cheese starts to brown at peaks.","https://img.sndimg.com/food/image/upload/q_92,fl_progressive,w_1200,c_scale/v1/img/recipes/70/23/9/bMpSNE8kRoCZ2yJpc6Za_IMG_1471.jpg",Breakfast,All,"Potato,Cheese,Vegetable,Potluck,Thanksgiving,Weeknight,Brunch,Oven,Beginner Cook,< 4 Hours,Easy",413.3
Paula Deen's Baked Beef Stroganoff Casserole,Make and share this Paula Deen's Baked Beef Stroganoff Casserole recipe from Food.com.,https://www.food.com/recipe/paula-deens-baked-beef-stroganoff-casserole-252773,15m,55m,1h 10m,8 serving(s),"2   lbs    ground chuck | 1   medium    onion, chopped | 2       garlic cloves, minced | 2   tablespoons    Worcestershire sauce | 2   cups   sliced fresh mushrooms | 1 (14 1/2  ounce) can   beef broth | 1 (10 3/4  ounce) can   cream of mushroom soup | 1 (16   ounce) container   sour cream | 3/4  teaspoon    salt | 1   teaspoon    pepper | 8   ounces    wide egg noodles, cooked and kept warm | 2   tablespoons    butter | 1 (3   ounce) can   French fried onion rings","Preheat oven to 350 degrees.  Lightly grease a 13x9x2-inch baking dish. | In a large skillet, cook ground chuck, onion, and garlic over medium heat until meat is browned and crumbles.  Drain. | Return meat to skillet and stir in Worcestershire, mushrooms, and beef broth.  Bring to a boil, reduce heat, and simmer for 15 minutes. | Stir in soup, sour cream, salt and pepper.  Remove from heat. | Combine hot cooked noodles and butter, stirring until butter melts. | Combine noodles and meat sauce.  Spoon into prepared baking dish.  Bake for 30 minutes. | Top evenly with fried onions and bake for 10 more minutes.","https://img.sndimg.com/food/image/upload/q_92,fl_progressive,w_1200,c_scale/v1/img/recipes/25/27/73/BvP8SApLRkyreg97ktOt_paula-deens-baked-beef-stroganoff-casserole_8142.jpg",One Dish Meal,All,"Meat,Oven,< 4 Hours,Easy",559.3
Kittencal's Easy Tuna or Chicken Noodle Casserole,"This is a delicious casserole that can be made using either tuna or 1-1/2 cups or more of cooked cubed chicken or even cooked turkey
 --- for a thinner sauce use 1 cup of milk or half and half instead of 3/4 cup, prep time includes boiling the egg noodles, if you are not a garlic-lover then you may omit the garlic powder and to zing the flavor up even more add in 1-1/2 tablespoons of lemon juice",https://www.food.com/recipe/kittencals-easy-tuna-or-chicken-noodle-casserole-107190,20m,25m,45m,4-6 serving(s),"6   ounces    egg noodles | 2   tablespoons    butter | 1 (10 3/4  ounce) can   condensed cream of mushroom soup, undiluted | 1/2-1   teaspoon    garlic powder (or to taste, I use 1 teaspoon) | 3 -4   tablespoons   grated parmesan cheese (optional) | 3/4  cup    milk (or can use half-and-half cream) | 1/2  cup    sour cream (can increase to to 3/4 cup) | 1/4-1/2  teaspoon    seasoning salt (or to taste, or use white salt) | 1/2  teaspoon    fresh ground black pepper (or to taste) | 1   small    onion, finely chopped  (can use 2 green onions) | 1/4  cup    pimiento, chopped | 1   small    green bell pepper, finely chopped | 1   large    celery rib, diced | 1 (6 1/2  ounce) can   tuna, drained and flaked  (can add another 3 ounces for a more meatier casserole if desired, or use cooked chicken or turkey) | 12 -15       butter flavored crackers, broken in pieces  (such as Ritz Crackers)","Preheat oven to 375 degrees F. | Grease a 2-quart casserole dish. | Cook the egg noodles in boiling salted water; drain then toss with 2 tablespoons butter. | In a large saucepan, mix the undiluted mushroom soup, garlic powder, Parmesan cheese (if using) milk or half and half, sour cream, salt, pepper, chopped onion, pimiento, bell pepper and celery; cook over low heat, stirring frequently for 15 minutes. | Add in the tuna or chicken; mix to combine. | Combine the mixture with the cooked egg noodles. | Transfer to prepared greased baking dish. | Sprinkle top with the broken Ritz crackers. | Bake for about 25 minutes.","https://img.sndimg.com/food/image/upload/q_92,fl_progressive,w_1200,c_scale/v1/img/recipes/10/71/90/HDv3DlmxSNq9Ma0O0IZX_tuna-noodle-casserole-ritz-04880.jpg",Tuna,All,"< 60 Mins,Oven",691.0
Recipes,,https://www.food.com/recipe/all/popular?ref=nav,,,,,,,,,,,
Poppy Seed Chicken Casserole,"My sister made this for her Superbowl party years ago and everyone loved it and asked for the recipe.  There are several recipes for this casserole, but the amounts are different from her recipe.  This could be lightened up by using light or fat-free soup, sour cream.  I serve this over wide egg noodles along with blueberry muffins and corn or a salad.",https://www.food.com/recipe/poppy-seed-chicken-casserole-269300,5m,45m,50m,4-6 serving(s),"1 1/2  lbs    boneless skinless chicken | 2 (10 3/4  ounce) cans   cream of chicken soup | 16   ounces    sour cream | 60       Ritz crackers, crushed | 1   tablespoon    poppy seed | 1/2  cup    butter, melted","Preheat oven to 350&deg;F. | Place chicken in a pan and cover with water and bring to a boil, then reduce heat and simmer until tender and no longer pink(about 10 minutes).  Once cool enough cut into bite size pieces(I use my electric knife). | Mix two cans of soup with sour cream in a 13X9 inch rectangular pan.  Sprinkle the chicken over the soup mixture. | Place Ritz crackers in a plastic bag and gently crush them.  Add poppy seeds and shake to combine and then pour melted butter over the crackers and shake again.  Sprinkle cracker mixture over the chicken. | Bake for 30-40 minutes until it begins to bubble around edges and the crackers are golden brown.","https://img.sndimg.com/food/image/upload/q_92,fl_progressive,w_1200,c_scale/v1/img/recipes/26/93/00/eQgcSL5Q76t4yabRtab4_0S9A8556.jpg",Chicken Breast,All,"Chicken,Poultry,Meat,< 60 Mins,Oven,Easy",1021.1
King Ranch Chicken Casserole,Make and share this King Ranch Chicken Casserole recipe from Food.com.,https://www.food.com/recipe/king-ranch-chicken-casserole-168857,50m,40m,1h 30m,8 serving(s),"2   tablespoons    butter | 1       onion, chopped | 1/2      bell pepper, chopped | 1 (10 1/2  ounce) can   cream of mushroom soup | 1 (10 1/2  ounce) can   cream of chicken soup | 1 (10 1/2  ounce) can   Rotel tomatoes & chilies | 1/2  cup    chicken broth (I used bouillon) | 2   cups   diced cooked chicken (I used a roasted chicken from Albertsons) | 12       corn tortillas, ripped into bite sized pieces | 2   cups   shredded sharp cheddar cheese","Preheat oven to 325&deg;F | In large saucepan, saute the onion and pepper in the butter until tender (about 5 minutes). | Add soups, tomatoes, and broth. | Stir to combine. | Fold in the chicken until well blended. | Lightly grease a 9 x 13&quot; baking dish. | Layer with 1/3 the tortillas, 1/3 the chicken mixture, and 1/3 the cheese. | Repeat layers twice more. | Bake for 40 minutes or until hot and bubbly. | About ten minutes before removing from the oven, sprinkle shredded cheese over the top; replace in oven until cheese is melted. | Remove from oven and let stand 10 minutes before serving.","https://img.sndimg.com/food/image/upload/q_92,fl_progressive,w_1200,c_scale/v1/img/recipes/16/88/57/piccE38lv.jpg",Chicken,All,"Poultry,Meat,Tex Mex,Southwestern U.S.,Potluck,Oven,< 4 Hours,Easy",356.4
Simple Tuna Noodle Casserole,"This is a simple tuna noodle casserole. I found this recipe on Campbell's website, but adjusted it to fit my family's taste.",https://www.food.com/recipe/simple-tuna-noodle-casserole-177046,10m,15m,25m,4 serving(s),"1 (10 3/4  ounce) can   condensed cream of mushroom soup | 1/2  cup    milk | 1   cup    peas (I just use a whole can) | 2 (6   ounce) cans   canned tuna, drained | 2   cups    cooked pasta, I used egg noodles, but any will do","MIX soup, milk, peas, tuna and cooked noodles | Transfer to a casserole dish. | Bake at 400&deg;F for 15 min (may vary a few minutes either way depending on your oven). | Let cool 5-10 minutes before serving.","https://img.sndimg.com/food/image/upload/q_92,fl_progressive,w_1200,c_scale/v1/img/recipes/17/70/46/picOkzXx8.jpg",Tuna,All,"Low Cholesterol,Healthy,Kid Friendly,< 30 Mins,Oven,Easy",314.8
Chicken or Turkey Tetrazzini Casserole,"Three flavors of canned soup takes the place of a creamed sauce for this recipe, I like to use 2 cans cream of mushroom and 1 can cream of chicken, I would suggest to add in salt if needed at the table as the creamed soups have enough salt already added . This is really good! :)",https://www.food.com/recipe/chicken-or-turkey-tetrazzini-casserole-190135,35m,40m,1h 15m,8 serving(s),"1 (16   ounce) package   thin spaghetti (can use regular spaghetti if desired) | 1/3  cup    butter | 1   large    onion, chopped | 1 -2   tablespoon   fresh minced garlic | 1       jalapeno pepper (seeded and finely chopped) (optional) | 2   cups   sliced fresh mushrooms (or use 1-2 cans sliced drained mushrooms) | 1/4  cup    whipping cream | 3   cups   chopped cooked chicken or 3   cups    cooked turkey | 1 (10   ounce) can   condensed cream of mushroom soup, undiluted | 1 (10   ounce) can   condensed cream of chicken soup, undiluted | 1 (10   ounce) can   condensed cream of celery soup, undiluted  (or use 2 cans cream of mushroom and 1 can chicken) | 1 (8   ounce) container   sour cream | 1/2  cup   grated parmesan cheese | 2 1/2  cups   grated cheddar cheese, divided | 1   cup    frozen peas (optional) | fresh ground black pepper (to taste)","Set oven to 350 degrees F. | Butter a 13 x 9-inch casserole dish (or a large oval casserole dish). | Cook the pasta in a large pot of boiling water until al dente (do not overcook the pasta, leave semi-firm as it will cook more in the oven) drain, then transfer to a large bowl. | Add in whipping cream and all three canned soups, cooked chicken or turkey, sour cream, Parmesan cheese, 1-1/2 cup grated cheddar cheese and frozen peas (if using) toss well to combine. | In a large skillet melt butter; add in the mushrooms and cook until all the liquid is removed (about 10 minutes). | To the skillet with the mushrooms, add in onions, garlic and jalape&ntilde;o pepper (if using) saut&eacute; until onions are soft; add to the soup mixture. | Using a wooden spoon mix all ingredients together until well combined. | Season with seasoned salt and pepper (or white salt). | Transfer to prepared baking dish. | Cover with foil and bake about 30-35 minutes (or until hot and bubbly) uncover and sprinkle with about 1 cup grated cheddar cheese, return to oven and bake until cheese is melted (about 5-8 minutes).","https://img.sndimg.com/food/image/upload/q_92,fl_progressive,w_1200,c_scale/v1/img/recipes/19/01/35/753KgfPSdV11aalHBvgS_chicken-or-turkey-tetrazzini-casserole_6481.jpg",Poultry,All,"Meat,Kid Friendly,Christmas,Oven,Beginner Cook,< 4 Hours,Easy",722.2
Pizza Casserole,"This is similar to many Baked Pasta dishes but with the distinct flavors of pizza.  I created this recipe yesterday and took it to a dinner party as the main dish.  It was a big hit and every woman there asked for the recipe.  I decided that anything that popular should be posted here.  You do not have to use the same kind of pasta I did...but should use a pasta which will remain slightly firm after boiling and baking so that it is not mushy.  NOTE** I've had several people ask about when to add the spices...you can either add them to the sauce or to the sausage when you cook it.  Either way works great!  Since this recipe is an original creation of mine, it tickles me so very much that lots of people are enjoying it!  Thanks everyone!",https://www.food.com/recipe/pizza-casserole-118852,30m,40m,1h 10m,8-10 serving(s),"1   lb    bow tie pasta | 1   lb    Jimmy Dean sausage, 'country mild'  (or other flavor if desired) | 1   large    onion, medium size chopped  (cooked with sausage) | 2 (26   ounce) jars   spaghetti sauce (I used Bertolli's Tomato & Basil) | 1/2  lb   cubed cooked ham | 1/2-1   lb   of sliced pepperoni | 3 (8   ounce) bags  of shredded mozzarella cheese | 6   tablespoons   of grated parmesan cheese | 1   teaspoon    garlic powder | 1   teaspoon    dried oregano","Cook pasta in boiling water until al dent&eacute;. | Cook sausage, garlic powder and oregano with onions until the juices run clear. | In a lightly greased 9x13x3 inch pan, pour a small amount of sauce to lightly coat bottom. | Layer ingredients in the order listed below. | 1st layer-1/3 of the pasta, 1/3 remaining sauce, 1 bag of mozzarella cheese, 2 Tablespoons parmesan cheese, sausage and onions. | 2nd layer-1/2 of the remaining pasta, 1/2 remaining sauce, 1 bag of mozzarella cheese, 2 Tablespoons parmesan cheese, ham. | 3rd layer-all remaining pasta, all remaining sauce, 1 bag of mozzarella cheese, 2 Tablespoons parmesan cheese,all the pepperoni(completely covering the entire top with pepperoni). | Bake at 375&deg;F for 40 minutes. | Let sit for 5 minutes before serving.","https://img.sndimg.com/food/image/upload/q_92,fl_progressive,w_1200,c_scale/v1/img/recipes/11/88/52/XsE8EqD4QVSsPvCsw6mV_PepperoniPizzaCasserole%20Still%2001.jpeg",One Dish Meal,All,"Ham,Pork,Meat,Potluck,Oven,< 4 Hours",1027.0
Creamy Ham and Gnocchi Bake,This dish is the perfect comfort food for a weeknight family dinner. It stores great for leftovers too!,https://www.food.com/recipe/creamy-ham-and-gnocchi-bake-536560,20m,20m,40m,4 serving(s),"1 (16   ounce) package  store-bought gnocchi | 1 (8   ounce)    ham steaks | 4   tablespoons    butter | 2       garlic cloves, minced | 1   medium    shallot, finely diced | 3   tablespoons    flour | 3   cups    milk | 1   teaspoon    Dijon mustard | 1   teaspoon    dried thyme | 1   cup    peas, divided | 3/4  cup   shredded cheese (mozzarella, swiss, gruyere, or pepperjack all work well) | 1/4  cup   grated parmesan cheese | salt and pepper, to taste | 1/3  cup    breadcrumbs (optional) | fresh parsley, to garnish","Preheat oven to 375F. | Bring a pot of water to a boil and add a small handful of salt. Add gnocchi to boiling water and cook until they float to the surface. Remove and set aside. | Meanwhile,  heat a deep skillet to medium heat. Lightly oil pan and cook ham steak (4-5 minutes per side). Remove from pan and dice. | In the same pan, melt butter and saute garlic and shallot until fragrant (about 1 minute).  Whisk in flour until incorporated to form a paste. Slowly add the milk to mixture, stirring constantly until thickened. Stir in dijon mustard and thyme. Bring the mixture to a gentle simmer. Season with salt and pepper. Add the cheeses and stir until melted. Stir in ham, gnocchi, and 3/4 cup of peas. | Transfer mixture to a shallow baking dish. Top with remaining 1/4 cup of peas and breadcrumbs if desired. Bake 18-20 minutes or until bubbling. | Remove dish from oven and sprinkle with chopped fresh parsley. | Serve and enjoy!","https://img.sndimg.com/food/image/upload/q_92,fl_progressive,w_1200,c_scale/v1/img/recipes/53/65/60/Z6DLbRhTTgyVC7yDoAiA_0S9A9440.jpg",< 60 Mins,All,,447.0
Delicious Zucchini Casserole,"You've got to try this! This is my mom's recipe--it's delicious and easy to prepare! Kids love it, too! The recipe calls for bread crumbs, but we prefer crushed Ritz crackers. Depending on the size of your zucchini, most people can eat two halves.",https://www.food.com/recipe/delicious-zucchini-casserole-64070,25m,45m,1h 10m,"16 halves, 8 serving(s)",8       zucchini | 1/2  cup    butter | 2/3  cup   grated cheddar cheese | 1   cup    sour cream | 1/2  teaspoon    salt | paprika (to taste) | 1/4  cup   chopped chives | 1   cup    breadcrumbs or 1   cup   crushed cracker | 1/4  cup   grated parmesan cheese,"Wash zucchini; boil whole for 5 to 10 minutes--no more. | Cut off ends and slice in halves lengthwise. | Place in single layer in buttered casserole dish. | Melt butter and mix in cheddar cheese, sour cream, salt, paprika, and chives. | Pour over zucchini. | Sprinkle with bread crumbs or crackers and then parmesan cheese. | Bake at 350 for 45 minutes or until bubbly.","https://img.sndimg.com/food/image/upload/q_92,fl_progressive,w_1200,c_scale/v1/img/recipes/64/07/0/WHhkqg0xRMuPDkjltY7r_zucchini%20cassarole%20SITE-3.jpg",Vegetable,All,"Christmas,Thanksgiving,Weeknight,Oven,< 4 Hours",295.7
Zesty Italian Crescent Casserole,"This is a very good, easy dish that's sure to impress.  I've had great results from others when I've made this.",https://www.food.com/recipe/zesty-italian-crescent-casserole-144439,15m,25m,40m,8 serving(s),"1   lb    ground beef | 1/4  cup    onion, chopped | 1   cup    spaghetti sauce | 1 1/2  cups    mozzarella cheese, shredded | 1/2  cup    sour cream | 1 (8   ounce) can   crescent rolls | 1/3  cup    parmesan cheese, grated | 2   tablespoons    butter","Heat oven to 375 degrees Fahrenheit. | In large skillet, brown beef and onion then drain. | Return meat to pan; add spaghetti sauce. | Meanwhile, in a medium bowl combine mozzarella cheese and sour cream. | Pour hot meat into an ungreased 12 x 8 inch dish. | Spoon cheese mixture over meat. | Unroll crescent roll dough over the top of the mixture. | Mix parmesan cheese and butter together, then spread over the top of the dough. | Bake 18-25 minutes or until golden brown.","https://img.sndimg.com/food/image/upload/q_92,fl_progressive,w_1200,c_scale/v1/img/recipes/14/44/39/piclLF6t7.jpg",One Dish Meal,All,"Cheese,Meat,< 60 Mins,Oven,Inexpensive",359.1
Jalapeno-Corn Casserole,"I've had this at potlucks and barbecues.  I tend to make it a little hotter, using 2 to 3 jalapenos, but I am a fire-eater!  I'm not sure where the recipe originated, but I got it from my friend Lori.  I've made a few changes to it due to personal preferences.  This recipe is easily halved.  Great use for leftover rice....just eliminate step 1 in the directions.",https://www.food.com/recipe/jalapeno-corn-casserole-475267,15m,1h 19m,1h 34m,8-10 serving(s),"1   cup    long-grain rice, uncooked | 1   medium    onion, chopped | 2       garlic cloves, minced | 1   medium    green bell pepper, chopped  (may substitute red bell pepper) | 1   cup    celery, chopped | 1/2  cup    butter, melted | 1 -3       jalapeno pepper, seeded and chopped  (based on your heat tolerance) | 2 (16 1/2  ounce) cans   cream-style corn | 1   cup    mild cheddar cheese, shredded | 1/2  cup    monterey jack cheese, shredded | 1   tablespoon    sugar | green pepper rings, cherry tomatoes, fresh chopped parsley  or   cilantro","Cook the rice according to the package directions; set the rice aside. | Saute onion, garlic, bell pepper, and celery in the melted butter in a large skillet until the vegetables are tender. | Combine the reserved rice and sauteed vegetables in a large bowl.  Add the jalapeno peppers, corn, cheese, and sugar.  Stir well. | Spoon the corn mixture into a lightly greased, shallow 2 quart casserole.  Bake at 350 degrees for 40 to 45 minutes or until thoroughly heated.  Garnish, if desired.","https://img.sndimg.com/food/image/upload/q_92,fl_progressive,w_1200,c_scale/v1/img/recipes/47/52/67/u5JM8MvaRTCrXiY81W5G_untitled-0754.jpg",Cheese,All,"Corn,Peppers,Vegetable,Spicy,Weeknight,< 4 Hours,From Scratch",371.9
Apple French Toast Casserole,Here's another make-it-the-night-before breakfast casserole. You don't need syrup with this one. Prep time does not include refrigerating overnight.,https://www.food.com/recipe/apple-french-toast-casserole-31167,20m,35m,55m,4-6 serving(s),"4   tablespoons    butter | 3   large    apples, peeled and sliced thinly  (I use Cortland or Empire) | 3/4  cup    brown sugar, packed | 2   tablespoons    water | 1   teaspoon    cinnamon | 8   slices    Italian bread, 1 inch thick | 4   large    eggs | 1 1/4  cups    milk | 2   teaspoons    vanilla extract","Melt the butter in a large skillet and add apples. | Cook and stir for 5 minutes. | Add brown sugar, water, and cinnamon and continue to cook and stir for 10 minutes until apples are tender. | Spoon mixture into 13x9 baking dish. | Cover apples with bread slices, making sure to cover the entire surface. | Trim the bread to fit if you must. | Beat eggs until foamy, then beat in milk and vanilla. | Pour egg mixture over the bread slices. | Cover the dish with plastic wrap and refrigerate overnight. | In the morning, remove the dish from the refrigerator and let it stand while oven is preheated to 375 F. | Bake uncovered for 35 minutes, or until bread is golden and firm. | Let sit 10 minutes before serving. | To serve on a platter, run a knife around the edges of the casserole, place platter on top of casserole, and carefully flip. | To serve individually, use a spatula to remove serving, place serving plate on top of serving and carefully flip so apple side is up.","https://img.sndimg.com/food/image/upload/q_92,fl_progressive,w_1200,c_scale/v1/img/recipes/31/16/7/xluvNS5Tu2EUazjMg73A_0S9A8992.jpg",Breakfast,All,"Grains,Apple,Fruit,< 60 Mins,Oven",581.9
Chili dog Casserole,"This is a great solution to the ""I have no idea what to make for dinner"" dilema! Fast, simple, and filling!",https://www.food.com/recipe/chili-dog-casserole-43068,10m,30m,40m,8 serving(s),8       hot dog buns | 8       hot dogs | 1 (15   ounce) can   chili | 1/2  cup   chopped onion | 2   tablespoons    prepared mustard | 2   cups   shredded cheddar cheese,"Preheat oven to 350. | Lightly grease a 9x13 inch baking dish. | Tear up the hot dog buns and arrange the pieces in the bottom of the dish evenly. | Slice the hot dogs into bite size pieces and layer the pieces over the buns. | Pour the chili over the hot dogs, sprinkle with the chopped onion, then spread the mustard over the chili and the onion. | Top off with the cheese. | Bake in the preheated oven for 30 minutes.","https://img.sndimg.com/food/image/upload/q_92,fl_progressive,w_1200,c_scale/v1/img/recipes/43/06/8/lqFVchqKSrymh553hNk5_chilli dog casserole SITE-3.jpg",One Dish Meal,All,"Cheese,Meat,Kid Friendly,Potluck,< 60 Mins,Oven,Easy,Inexpensive",448.8
Ground Beef and Potato Casserole,Make and share this Ground Beef and Potato Casserole recipe from Food.com.,https://www.food.com/recipe/ground-beef-and-potato-casserole-201218,10m,1h,1h 10m,4 serving(s),"3   medium    white potatoes (pared, and sliced very thin) | 1   lb    lean ground beef | 1/2  cup    onion, chopped | 1/4  cup    celery, chopped | 1   teaspoon    garlic, minced | 1   teaspoon    celery leaves (fresh or dried optional) | 1/2  teaspoon    salt | 1/4  teaspoon    pepper | 1/2  teaspoon    red pepper flakes (spicy optional) | 2   tablespoons    butter | 2   tablespoons    flour | 3/4  cup    milk (add a little more if needed) | 1/2  cup   grated cheddar cheese | 1/2  teaspoon    nutmeg | 1/4  teaspoon    chili powder (optional) | 1   pinch    salt | 1   pinch    pepper | 1   pinch    paprika | grated cheddar cheese","Spray a baking dish with cooking spray. | Preheat oven 375 degrees. | Spray a large skillet with cooking spray and brown ground beef. | Drain ground beef, if necessary. | Add onions and celery to same skillet and cook until soft, adding rest of spice ingredients through pepper flakes. Stir well. But in a bowl and set to the side. | In same skillet, melt butter (or use 1 tablespoon of leftover grease from browning ground beef). Add flour to butter, stirring for one minute over medium-high heat. | Gradually add milk and cook till bubbly and thickened. | Add cheese, nutmeg, salt, pepper, and chili powder continue to stir until melted. | Spoon 1/4 cup of the ground beef mixture and spread evenly on bottom of a baking dish. | Add 1 layer of potatoes. | Alternate ground beef mixture, then potatoes until completely used. | Pour cheese sauce over ground beef and potato mixture. | Top with a pinch of paprika and grated cheese. | Bake for 1 hour, or until potatoes and beef are bubbly and done.","https://img.sndimg.com/food/image/upload/q_92,fl_progressive,w_1200,c_scale/v1/img/recipes/20/12/18/lQXBDztITaOIJOBxnC1u_0S9A8464.jpg",Potato,All,"Vegetable,Meat,Oven,< 4 Hours",452.6
Meatball Sub Casserole,Make and share this Meatball Sub Casserole recipe from Food.com.,https://www.food.com/recipe/meatball-sub-casserole-31314,15m,45m,1h,8 serving(s),"1/3  cup   chopped green onion, to taste | 1/4  cup    seasoned bread crumbs | 3   tablespoons   grated parmesan cheese | 1   lb    ground beef | 1   loaf    Italian bread, cut into 1 inch slices | 8   ounces    cream cheese, softened | 1/2  cup    mayonnaise (not low-fat or lite) | 1   teaspoon    italian seasoning | 1/4  teaspoon    pepper | 2   cups   shredded mozzarella cheese, divided | 1 (28   ounce) jar   spaghetti sauce | 1   cup    water | 2       garlic cloves, minced","Preheat oven to 400. | In a bowl, combine onions, bread crumbs and Parmesan cheese. | Add beef and mix well. | shape into 1-inch balls; place on a rack. | In a shallow baking pan, bake for 15-20 minutes or until no longer pink. (Or cook in a skillet on medium heat.). | Reduce oven temperature to 350. | Meanwhile, arrange bread in a single layer in an ungreased 13x9x2&quot; baking dish. | (All of the bread might not be used.). | Combine cream cheese, mayo, Italian seasoning and pepper; spread over the bread. | Sprinkle with 1/2 cup mozzarella. | Combine sauce, water and garlic; add meatballs. | Pour over cheese mixture; sprinkle with remaining mozzarella. | Bake, uncovered at 350 for 30 minutes or until heated through.","https://img.sndimg.com/food/image/upload/q_92,fl_progressive,w_1200,c_scale/v1/img/recipes/31/31/4/0DqRDgzTQbkyfWmMF86J_0S9A1118.jpg",Cheese,All,"Meat,European,Kid Friendly,Potluck,< 60 Mins,Oven,Easy,Inexpensive",476.5
Savory Broccoli Casserole,Make and share this Savory Broccoli Casserole recipe from Food.com.,https://www.food.com/recipe/broccoli-casserole-11168,20m,45m,1h 5m,6-8 serving(s),2 (10   ounce) packages  chopped frozen broccoli | 1   cup   chopped onion | 1 (8   ounce) package  shredded cheddar cheese | 1   cup    mayonnaise | 1   can    mushroom soup | 2       eggs,"In a medium sauce pan, cook broccoli and onion until tender, drain. | In large bowl add remaining ingredients. | Add broccoli and onion. | Mix well. | Put in a 13x9 baking dish. | Bake at 350 for 30-45 minutes .","https://img.sndimg.com/food/image/upload/q_92,fl_progressive,w_1200,c_scale/v1/img/recipes/11/16/8/4quhvAGTrGPpt6gLvIuQ_broccoli casserole SITE-2.jpg",Vegetable,All,"Weeknight,Oven,< 4 Hours,Easy",230.8
Best Ever Tuna Noodle Casserole,"This is a recipe my entire family loves! It's requested at least once a week and for Birthday suppers. The recipe came from the mother of one of my childhood friends, who made some of the best food. If I'm making a double batch, I make it with cream of chicken and celery soups together.",https://www.food.com/recipe/best-ever-tuna-noodle-casserole-199579,15m,40m,55m,4-6 serving(s),10 1/2  ounces    cream of chicken soup | 1/2  cup    mayonnaise | 1/4  cup    milk | 1/2  cup   diced yellow onion | 1/2  cup   diced celery | 6   ounces    albacore tuna | 6   ounces    cooked egg noodles | 1/4  cup    shredded cheddar cheese | salt and pepper,"Mix the cream of chicken, mayonnaise and milk together in a large bowl. | Add the diced celery and onion. | Fold in the tuna, followed by the cooked egg noodles and shredded cheddar cheese. | Salt and pepper to your taste. | Place in a casserole dish. Cook at 375 degrees for about 40-45 minutes, just until the top starts to brown.","https://img.sndimg.com/food/image/upload/q_92,fl_progressive,w_1200,c_scale/v1/img/recipes/19/95/79/uSbouJ4nROuPARyjT7i9_0S9A6306.jpg",One Dish Meal,All,"Tuna,Toddler Friendly,Kid Friendly,Potluck,< 60 Mins,Oven,Beginner Cook,Easy",228.2
Crispy Oven Fish,Make and share this Crispy Oven Fish recipe from Food.com.,https://www.food.com/recipe/crispy-oven-fish-30872,8m,12m,20m,4 serving(s),"1 1/2  lbs    fish fillets, I use halibut  or 1 1/2  lbs    cod | 1/2  cup    milk | 1 1/2  cups   crushed potato chips | 1/4  cup   grated parmesan cheese | 1/4  teaspoon    thyme | 2   tablespoons    dry breadcrumbs | 3   tablespoons    butter, melted","Put milk in a shallow bowl. | Combine potato chips, parmesan, and thyme in another shallow dish. | Dip fish in milk, then coat with potato chip mixture. | Sprinkle a greased baking dish with the bread crumbs. | Put fish over crumbs; drizzle with butter. | Bake, uncovered at 500* for 12 minutes, or until fish flakes easily with a fork.","https://img.sndimg.com/food/image/upload/q_92,fl_progressive,w_1200,c_scale/v1/img/recipes/30/87/2/kn5VpuWRkmzaPvYO3BsS_0S9A9112.jpg",High Protein,All,"Kid Friendly,High In...,< 30 Mins,Oven,Easy,Inexpensive",721.2
Easy Cheddar Potato Cakes (Made With Instant Potatoes),"If you looking for ways to use your instant potato flakes then here is a really great recipe! feel free to adjust all amounts to taste, this takes only minutes to make and my family loves them, don't try this recipe using regular mashed potatoes, it will not work --- this recipe was tested using  Idahoan brand mashed potato flakes but I am sure any brand will work fine, servings is only estimated.",https://www.food.com/recipe/easy-cheddar-potato-cakes-made-with-instant-potatoes-203499,5m,6m,11m,20 serving(s),"2   cups    instant potato flakes | 1   cup   finely shredded cheddar cheese | 2   tablespoons    flour | 1/4  cup   cornmeal cornmeal | 1 -2   teaspoon    seasoning salt | 1   teaspoon    garlic powder (or to taste) | 2       green onions, finely chopped | 1/4  teaspoon    cayenne pepper (optional) | 1/2  teaspoon    fresh ground black pepper (to taste) | 2   cups    milk | 1   large    egg | 1/4  cup   melted butter | vegetable oil (for frying)",In a bowl combine the first 9 ingredients. | In another bowl mix the milk with egg and melted butter whisk until well combined; add to the dry mixture; mix well. | Let mixture stand for about 10-12 minutes until the liquid is absorbed. | Heat oil in a skillet over medium heat. | Using slightly wet hands tightly shape into small balls (about 2 tablespoons) place into hot oil then press down lightly with back of a spoon). | Cook about 3 minutes on each side or until browned adding in more oil as needed. | Remove to paper towels.,"https://img.sndimg.com/food/image/upload/q_92,fl_progressive,w_1200,c_scale/v1/img/recipes/20/34/99/pici8soBH.jpg",Potato,All,"Vegetable,Kid Friendly,Brunch,< 15 Mins,For Large Groups,Beginner Cook,Stove Top,Easy,Inexpensive",93.0
Potachos,"This is a copycat recipe my girlfriend and I made. It's originally from a restaurant here in New Brunswick, called Stuff Yer Face. It's basically potato chip nachos.",https://www.food.com/recipe/potachos-80988,10m,10m,20m,4 serving(s),"1 (9   ounce) bag  kettle cooked potato chips | 1   small    tomatoes, diced | 6   ounces    cheddar cheese, grated | 3       scallions, chopped | 1 (2 1/4  ounce) can  sliced black olives | 4   slices    cooked bacon, crumbled | ketchup, to taste | 1/4  cup    sour cream","Preheat oven to 325 F. | Place potato chips in a large round baking dish. | Top with tomato, cheese, scallions, bacon, and olives (you can do this in layers, if you like). | Drizzle ketchup over other ingredients. | Bake ten minutes or until cheese is melted and dish is well heated throughout. | Dollop sour cream on top of finished dish. | Serve.","https://img.sndimg.com/food/image/upload/q_92,fl_progressive,w_1200,c_scale/v1/img/recipes/80/98/8/DPQ7BrYvTdaB78qp7USw_untitled-5340.jpg",Lunch/Snacks,All,"Potato,Cheese,Vegetable,Kid Friendly,High In...,Savory,< 30 Mins,Oven,Beginner Cook,Easy,Inexpensive",617.2
Easy &amp; Quick Tater Tot Casserole,"I'm posting this recipe because I love it so much! When I'm short on time, energy or ideas (or all 3) this recipe is my ace up my sleeve. I actually got it several years ago by eavesdropping in line at some mega mart on a distinguish established southern belle advising a young newlywed southern belle. But, don't worry, she was pleased to know I, too, was taking notes.  I tweaked her recipe to my liking; I love onions and cheese, and prefer the cream of mushroom.  Also, I prefer to leave out the celery, but my family likes it in.",https://www.food.com/recipe/easy-quick-tater-tot-casserole-137858,10m,25m,35m,5-6 serving(s),1   lb    frozen tater tots | 1/2  cup   melted butter (separated into 2 - 1/4 cup portions) or 1/2  cup    margarine (separated into 2 - 1/4 cup portions) | 1/2  teaspoon    salt | 1/2  teaspoon    pepper | 1/3  cup   minced onion | 1/4  cup    cream of chicken soup or 1/4  cup    cream of celery soup | 1/4  pint    sour cream | 1 1/4  cups   shredded cheddar cheese | 1   cup   crushed potato chips | 1/4  cup    celery | chives,"Defrost tater tots; preheat oven to 350. | Combine 1/4 cup butter, salt, pepper, soup &amp; sour cream (&amp; chives). | Mix tater tots with onion and cheese (&amp; celery). | Mix #2 &amp; #3. | Pour into greased 2-quart casserole dish. | Mix 1/4 cup butter with crushed potato chips; sprinkle on top of casserole. | Bake at 350 for 25 minutes or until topping is golden brown.","https://img.sndimg.com/food/image/upload/q_92,fl_progressive,w_1200,c_scale/v1/img/recipes/13/78/58/LPOUs3pbRZ6qqRpm0HJl_0S9A3788.jpg",< 60 Mins,All,Oven,783.0
Ham and Cheese Noodle Casserole,Make and share this Ham and Cheese Noodle Casserole recipe from Food.com.,https://www.food.com/recipe/ham-and-cheese-noodle-casserole-103365,20m,35m,55m,6 serving(s),"2   tablespoons    butter | 1   medium    onion, chopped | 1/4      green pepper, chopped | 1 (10 3/4  ounce) can   cream of mushroom soup | 1   cup    sour cream | 1/4  cup    milk | salt and pepper | 1 1/2  cups   grated mozzarella cheese | 3   cups   diced cooked ham (work really well) or 3   cups   cooked ham steaks (work really well) | 4   ounces   wide or dumpling egg noodles, cooked and drained, *3 cups uncooked | 2   cups    potato chips (crushed)","Saute butter, onion and peppers. | Mix soup, sour cream, milk, salt and pepper, cheese, ham and noodles. | Mix ingredients together, pour into greased 13x9 pan or casserole dish. | Put crushed potato chips on top. | Bake at 350 until well heated and bubbling, about 35-40 minutes. | *4 ounces medium noodles = 3 cups uncooked/dry noodles, and yields about 4 cups when cooked and drained.","https://img.sndimg.com/food/image/upload/q_92,fl_progressive,w_1200,c_scale/v1/img/recipes/10/33/65/GO5Ew1IgRsSFLKzKZLei_casserole-1100.jpg",One Dish Meal,All,"< 60 Mins,Oven",868.5
Tuna Cheese Flips,Potato chips provide a crunchy coating for this creamy tuna sandwich. Recipe courtesy Marilyn Belschner from the &quot;Best of the Bake-off cookbook.&quot;,https://www.food.com/recipe/tuna-cheese-flips-191791,25m,24m,49m,10 serving(s),"2 (6   ounce) cans   tuna, drained, flaked | 1/8  teaspoon    lemon pepper seasoning | 1/3  cup    sliced ripe olives or 1/3  cup    green olives, drained | 1/3  cup    mayonnaise or 1/3  cup    salad dressing | 2   ounces   shredded monterey jack cheese (1/2 cup) or 2   ounces    cheddar cheese (1/2 cup) | 1 (12   ounce) can   ready-to-bake refrigerated buttermilk flaky biscuits (use the ""Grands"" type) | 1       eggs, beaten  or 2   tablespoons    milk | 1   cup   crushed potato chips","Heat oven to 375&deg;F. | In a small bowl, combine tuna, lemon pepper seasoning, olives, mayonnaise and cheese. | Separate dough into 10 biscuits. | Press or roll out each to 5 inch circle. | Spoon about 1/4 cup tuna mixture onto center of each circle. | Fold dough in half over filling; press edges with a fork to seal. | Brush both sides of each sandwich with egg. | Press both sides in chips. | Place on ungreased cookie sheet. | With sharp knife, make two or three 1/2-inch slits in top of each sandwich. | Bake at 375 for 18 to 24 minutes or until deep golden brown. | Tip: To reheat, wrap loosely in foil; heat at 350F for 10 to 15 minutes or until warm.","https://img.sndimg.com/food/image/upload/q_92,fl_progressive,w_1200,c_scale/v1/img/recipes/19/17/91/picpiDQEf.jpg",Lunch/Snacks,All,"Tuna,< 60 Mins,Oven,Easy",312.8
Dark Chocolate Bark,Make and share this Dark Chocolate Bark recipe from Food.com.,https://www.food.com/recipe/dark-chocolate-bark-510287,5m,2m,7m,9 serving(s),1/2  cup   broken miniature pretzel twists | 1/2  cup   coarsely broken rippled potato chips | 1/4  cup   coarsely chopped lightly salted peanuts | 1 2/3  cups    NESTLÉ® TOLL HOUSE® Dark Chocolate Morsels,"LINE baking sheet with wax paper. | COMBINE pretzels, chips and peanuts in small bowl. | MICROWAVE chocolate in small, uncovered, microwave-safe bowl on MEDIUM-HIGH (70%) power for 45 seconds; STIR. If pieces retain some of their original shape, microwave at additional 10- to 15-second intervals, stirring just until melted. Stir in half of snack-peanut mixture. | POUR onto prepared baking sheet.  Spread mixture to desired thickness.  Sprinkle with remaining snack-pretzel mixture.  Tap sheet several times to spread chocolate and settle pretzels. Refrigerate for 30 minutes or until firm. Break into pieces. Store in airtight container at room temperature.  Best when eaten within 24 hours.","https://img.sndimg.com/food/image/upload/q_92,fl_progressive,w_1200,c_scale/v1/img/recipes/51/02/87/s4ILKWV2QyG87lfTI16Y-RX-TOLLHOUSE2_ChipCookieDarkChocolateandPretzelBar",Dessert,All,"Cookie & Brownie,< 15 Mins,Easy",97.1
Potato Chip Tuna Casserole,Make and share this Potato Chip Tuna Casserole recipe from Food.com.,https://www.food.com/recipe/potato-chip-tuna-casserole-266449,10m,15m,25m,4 serving(s),1 (11 1/2  ounce) bag  jay's potato chips | 1 (7 1/2  ounce) can   tuna | 1 (10 2/3  ounce) can   cream of mushroom soup | milk,Make soup according to directions on label. | In a casserole dish: put a layer of potato chips on bottom. | Alternate with layers of tuna to end up with 3 layers of tuna; 4 layers of chips. | Pour soup over all. Add another layer of chips on top. | Bake in a 350&deg; oven (uncovered) for 15 minutes.,"https://img.sndimg.com/food/image/upload/q_92,fl_progressive,w_1200,c_scale/v1/gk-static/fdc-new/img/fdc-shareGraphic.png",Tuna,All,"< 30 Mins,Oven,Easy",590.3
Crab Cakes With Chardonnay Cream Sauce,The secret to the crisp coating in this recipe?  Crushed potato chips!  This recipe is from Bon Appetit and is my favorite crab cake recipe.,https://www.food.com/recipe/crab-cakes-with-chardonnay-cream-sauce-317141,30m,45m,1h 15m,"16 crab cakes, 8 serving(s)","1 3/4  cups    Chardonnay wine or 1 3/4  cups    other dry white wine | 1/3  cup   chopped leeks or 1/3  cup    green onion | 1   cup    heavy whipping cream | 1 1/2  lbs    crabmeat, drained  (may used canned) | 2 1/2  cups    potato chips, crushed fine | 1 1/4  cups    fresh breadcrumbs, made from French bread | 1 (7 1/4  ounce) jar   roasted red peppers, drained and chopped | 1/2  cup   thinly sliced green onion | 2   large    eggs | 2   tablespoons    fresh dill, chopped | 1   tablespoon    Dijon mustard | 1   tablespoon    whole grain mustard | 1   tablespoon    mayonnaise | 1/4  cup    canola oil or 1/4  cup    olive oil, using more if necessary | salt & pepper","Boil wine and leeks (or green onions) in heavy, medium saucepan until mixture is reduced to 1/2 cup (about 10 minutes).  Reduce heat and add cream; simmer until liquid is reduced to sauce consistency (about 10 minutes).  Season to taste with salt &amp; pepper.  Set aside and keep warm. | In large bowl, mix crabmeat, 1/2 cup crushed potato chips, bread crumbs and next 7 ingredients until well blended.  Using 1/4 cupful of crabmeat for each cake, form mixture into 16 (2-1/2 inch diameter) cakes.  Place remaining potato chips in shallow dish.  Press each cake into chips, turning to coat evenly. | Heat 2 tablespoons oil in large, heavy skillet over medium-high heat.  Working in batches, add crab cakes to skillet and cook until golden brown and heated through, adding more oil as necessary, about 5 minutes per side.  Transfer crab cakes to paper towel lined plate to drain. | How to plate:  Place 2 crab cakes on each plate; spoon sauce around crab cakes and then serve immediately. | NOTE:  You can prepare the crab mixture and form the crab cakes, and make the sauce, 6 hours ahead.  Cover sauce and crab cakes separately and refrigerate.  Re-warm sauce and fry crab cakes just before serving.","https://img.sndimg.com/food/image/upload/q_92,fl_progressive,w_1200,c_scale/v1/img/recipes/31/71/41/KR66DYrzQqmqcd0CVJp9_crabcakes-reisling-cream-sauce-0961.jpg",Crab,All,"Brunch,< 4 Hours",711.2
Oven Fried Onion Rings,"I saw this is America's Test Kitchen today and they looked so delicious!  They used Regular Lay's potato chips and saltine crackers for their breading, but they didn't say how much, I am guessing at least 1/2 cup of each.",https://www.food.com/recipe/oven-fried-onion-rings-316189,20m,25m,45m,"24 Rings, 8-10 serving(s)","4 -5   large    yellow onions, enough to make about 24 rings | 3/4  cup    buttermilk | 1/2  teaspoon    salt | 1/2  teaspoon    ground black pepper | 1/4  teaspoon    cayenne (if you like some heat) (optional) | 1       egg | 1/4  cup    flour | 1/2  cup   lay's regular potato chips | 1/2  cup    saltine crackers | 3   teaspoons    oil","Heat oven to 450&deg;F When hot, oil two baking sheet with the oil and place into the oven to get hot, about 8 minutes. | Cut off the ends of the onions and peel the outer layer off. Slice into 2 Inch thick slices. Remove the inside layers to created the rings. | In a food processor, combine the potato chips and the saltine crackers and mix fine into crumbs. Lay them into a medium sized bowl. | In another separate bowl, combine the buttermilk, egg, and salt, pepper, and cayenne and stir to combined. | In a small bowl add the 1/4 cup of flour. | Now to assemble the onion rings. Dip each ring into the flour first to get it dried. Dip them into the buttermilk mixture and then into the crumb mixture. | Lay them onto a dish. | Remove the baking sheets from the oven and place the rings on the hot pans, allowing enough room to fry. There should be 12 rings on each sheet. | Place back in the oven and cook for about 8 minutes. Remove them from the oven and turn each ring to assure both sides get fried. Place back in the oven and continue cooking for about 8-10 minutes and golden brown. | Allow to cool for a few minutes and enjoy!","https://img.sndimg.com/food/image/upload/q_92,fl_progressive,w_1200,c_scale/v1/img/recipes/31/61/89/picoUAkhO.jpg",Onions,All,"Vegetable,< 60 Mins",96.0
Lollipop Chippy Chicken,Your kids will love this almost as much as the adults in the house.  Experiment with different chips to find your favorite flavor.  Have used just about every kind with success.  Use as a main dish or appetizer.,https://www.food.com/recipe/lollipop-chippy-chicken-342027,15m,20m,35m,10 serving(s),4       boneless skinless chicken breast halves (cut into 1/2 inch cubes) | 1       egg | 2   tablespoons    milk | 2   cups   crushed potato chips | lollipop sticks,"Preheat oven to 350 degrees F (175 degrees C). Grease a baking sheet. | Crush potato chips onto a plate. In a large bowl, whisk together egg and milk. Dip the chicken cubes into the egg mixture, then coat well with potato chips. Spread the nuggets onto the baking sheet. | Bake for 10 minutes. Turn nuggets over, and bake for 10 minutes more, until golden brown. Remove baking sheet from oven, and insert a lollipop stick into each nugget.","https://img.sndimg.com/food/image/upload/q_92,fl_progressive,w_1200,c_scale/v1/img/recipes/34/20/27/picDk16hs.jpg",Chicken,All,"Poultry,Meat,Kid Friendly,< 60 Mins,Easy",61.2
Potato Chip Sandwich,"In the Summer, it's tomato sandwiches all the way but when you want a little more to your sandwich, this is always next on my list. OK- So this is a no brainer but it is sooo good! I've eaten sandwiches like this since I was a kid. I recently posted a picture of this on a swap that I had and I wasn't the only one that liked my sandwich like this! If you've never made this, do yourself a favor and try it out. :)",https://www.food.com/recipe/potato-chip-sandwich-371669,10m,,10m,1 serving(s),"2   slices    bread or 1       sandwich bun | 2 -3   slices   of lunch meat, any kind  (I use peppered turkey) | 1   slice    cheese, any kind  (I use Colby-Jack) | 6   slices    pickles (enough to cover) | 2   slices    tomatoes (not store bought...FRESH) | 2   tablespoons    mayonnaise | 3   slices    onions (optional) | ruffled potato chips (as many as you can stack on)","Spread the mayo on the bread. | Place the meat, cheese, pickle, onion if using, tomato and chips onto one slice of bread and top it off with the second slice of bread. | Smash it down a bit and hang on! It gets a bit messy!","https://img.sndimg.com/food/image/upload/q_92,fl_progressive,w_1200,c_scale/v1/img/recipes/37/16/69/picEaBUhH.jpg",Lunch/Snacks,All,"Cheese,Vegetable,Meat,Summer,< 15 Mins,Beginner Cook,Easy",447.9
Cook's Country Potato Chip Cookies,Oustanding.  You'll need to use Cape Cod 40 percent Reduced Fat  Potato Chips.  They're super crunchy.  Smash them in a baggie with a rolling pin.  Don't use regular potato chips.  They make the cookies too greasy.,https://www.food.com/recipe/cook-s-country-potato-chip-cookies-522283,15m,13m,28m,15 Cookies,"3/4  cup    all-purpose flour | 1/2  cup    potato chips, crushed finely | 1/4  cup    pecans, toasted, chopped fine and cooled | 1/4  teaspoon    salt | 1/2  cup    unsalted butter (softened but still cool) | 1/4  cup    sugar | 1/4  cup    confectioners' sugar | 1   large    egg yolk | 1/2  teaspoon    vanilla extract","Prepare the potato chips and pecans.  Adjust oven rack to middle position and heat oven to 350 degrees.  Line two rimmed baking sheets with parchment paper. | Combine:  flour, potato chips, pecans and salt in one bowl. | In a different bowl, mix together butter and both sugars on med-high until pale and fluffy, about 3 minutes.  Add egg yolk and vanilla.  Beat until combined.  Add in flour mixture.   Roll dough into 1-inch bowls and space 3 inches apart on sheets.   Flatten into 1/4-inch thickness with bottom of floured glass.  (Note:  you don't really have to do that.  I didn't; cooked them the full 13 minutes and they were still great.). | Bake, 1 sheet at a time, until just set and lightly browned around edges/on bottom -- 10-13 minutes.  Let cool completely on sheets, about 15 minutes. | Can be stored in airtight container at room temp for up to 2 days.","https://img.sndimg.com/food/image/upload/q_92,fl_progressive,w_1200,c_scale/v1/gk-static/fdc-new/img/fdc-shareGraphic.png",Dessert,All,< 30 Mins,150.4
Potato Chip Tuna Noodle Casserole,One of my daughter's inlaw shared this delightfully different tuna casserole with me better then ten years ago.  After the first time I made it it was good bye to the retro version.  LOL  Serving and prep time are approximate.  ENJOY..!!  :),https://www.food.com/recipe/tuna-noodle-casserole-190945,15m,45m,1h,6-8 serving(s),"1 (8   ounce) package   egg noodles | 2 (6 1/4  ounce) cans   tuna, drained | 1 (10 1/2  ounce) can   cream of chicken soup | 1 (10 1/2  ounce) can   cream of mushroom soup | 8   ounces    cheddar cheese, shredded | 2   cups    milk | 1/3  cup    margarine, melted | 1/4  cup    onion, chopped | 1/4  teaspoon    ground thyme | 1/4  teaspoon    salt | 1/4  teaspoon    pepper | potato chips, crushed for topping",Cook noodles in boiling salted water per package instructions. | Mix remaining ingredients together well except for chips. | Add drained tuna mixture to cooked and drained noodles. | Place all in greased 2-quart casserole dish. | Sprinkle with crushed chips. | BAKE:  350&ordm;F. oven for 45 minutes.,"https://img.sndimg.com/food/image/upload/q_92,fl_progressive,w_1200,c_scale/v1/img/recipes/19/09/45/e9z6U2E3Rf6pBHZUdds2_IMG_0712.jpg",One Dish Meal,All,"Tuna,Kid Friendly,< 60 Mins,Oven,Beginner Cook,Easy",570.6
Hot Savannah Chicken Salad Casserole (Paula Deen),This sounds like a really odd combination but it is really yummy!  I haven't met a Paula Deen recipe that I haven't liked yet. :)  My notes are in parentheses.  I've also used Recipe #278160 for the soup.,https://www.food.com/recipe/hot-savannah-chicken-salad-casserole-paula-deen-281949,20m,30m,50m,"1 casserole, 8-10 serving(s)","2 (10 3/4  ounce) cans   condensed cream of chicken soup | 1 1/2  cups    mayonnaise (I use low fat) | 1   tablespoon    prepared mustard | 1   tablespoon    Worcestershire sauce | 1 (10   ounce) bag   potato chips, crushed | 1/2  cup    slivered almonds (I omit this) | 4   cups    cooked chicken, cubed  (I sometimes use leftover chicken or turkey) | 2   cups    celery, diced  (I omit this and use a little celery seed instead) | 1/4  cup    onion, finely chopped | 4       hard-boiled eggs, sliced | 1 -2   cup    sharp cheddar cheese, shredded  (This is my addition)","Lightly butter a 13x9 pan.  Stir together the soup, mayonaisse, mustard, and Worcestershire sauce. | In a medium bowl, reserve 1 cup of the potato chips and 2 tablespoons of the almonds for the topping. | Place half of the remaining potato chips in the casserole spreading them evenly. | Place half each of the chicken, celery, onion, eggs, and remaining almonds in the casserole, then spread half of the soup mixture on top. | Repeat the layers, ending with the reserved potato chips and almonds.  Sprinkle with cheese. | Bake at 350 degrees for 30-40 minutes, or until heated through. | Enjoy!","https://img.sndimg.com/food/image/upload/q_92,fl_progressive,w_1200,c_scale/v1/img/recipes/28/19/49/35NpOMGRsaB6phPb1wge_hot-savannah-chicken-salad-casserole-paula-deen-05.jpg",One Dish Meal,All,"Chicken,Poultry,Meat,Brunch,< 60 Mins,Oven,Easy",522.5
Potato Chip Corned Beef Casserole,Make and share this Potato Chip Corned Beef Casserole recipe from Food.com.,https://www.food.com/recipe/corned-beef-casserole-372649,10m,1h,1h 10m,"1 casserole, 4-6 serving(s)","1   lb    elbow macaroni, cooked and drained | 2 (10 3/4  ounce) cans   cream of mushroom soup | 1/2  lb   longhorn cheddar cheese, cubed | 1   cup   crumbled canned corned beef (I use 2 cups) | 1   small    onion, diced | 1   cup    milk | 1   cup   crumbled potato chips (can use more)",Mix all ingredients together and place in a 9 x 13-inch baking dish.  Bake at 350*F for 45 minutes.  Remove from oven and sprinkle crumbled potato chips on top.  Bake for 15 minutes more.,"https://img.sndimg.com/food/image/upload/q_92,fl_progressive,w_1200,c_scale/v1/img/recipes/37/26/49/ZfVnIR8R5eGjEcE4S51g_casserole-1114.jpg",One Dish Meal,All,"Meat,Potluck,< 4 Hours,Easy",1098.4
Cheese Scalloped Cabbage,Like cabbage? You will LOVE this recipe! I found this treasure in a 1968 edition of the Missouri Farm Bureau Cookbook.,https://www.food.com/recipe/cheese-scalloped-cabbage-55512,10m,30m,40m,4 serving(s),"1/4  cup    boiling water | 1/2  teaspoon    salt | 4   cups   shredded cabbage | 2       eggs, beaten | 1/4  cup    white vinegar | 1/2  cup    mayonnaise | 1   cup   shredded cheddar cheese | 1   cup   coarsely crushed potato chips","Preheat oven to 350&deg;F. | Add salt and cabbage to the boiling water, stir and boil 2-3 minutes. | Remove from heat but do not drain. | In a bowl, combine eggs, vinegar and mayonnaise, mix in cabbage and cooking liquid. | Pour into a 1 quart casserole, top with cheese and potato chips and bake 25-30 minutes.","https://img.sndimg.com/food/image/upload/q_92,fl_progressive,w_1200,c_scale/v1/img/recipes/55/51/2/X8BQdvPiR8OFrOPebQAn_cabbage-casserole-2.jpg",Cheese,All,"Vegetable,Kid Friendly,Potluck,< 60 Mins,Oven,Beginner Cook,Easy,Inexpensive",441.2
Cheesy Chicken Spaghetti,This is total comfort food! I made it for dinner and used minced onion and cream of chicken soup instead of how it is posted. My family raved!! I'm afraid to see the calories/fat in this....,https://www.food.com/recipe/cheesy-chicken-spaghetti-333495,30m,30m,1h,8 serving(s),"4 -5       chicken breasts | 12   ounces    spaghetti | 1   lb    Velveeta cheese | 10 3/4  ounces    cream of mushroom soup | 1       onion, chopped | 1/2  cup    butter | 1/2  cup    potato chips, crushed","Boil chicken until done, remove from water and shred. | Using broth from chicken, plus enough water (if needed) to boil spaghetti. | While the noodles are boiling, in a separate pan, cook onion in butter. | Mix cheese and soup with onion until it makes a sauce -- be careful not to burn it! | Drain the spaghetti and add the cheese mixture to it. | Add the shredded chicken and place in a 9x13 baking dish. | Add crushed potato chips on top. | Bake at 350F 20-30 minutes until bubbly.","https://img.sndimg.com/food/image/upload/q_92,fl_progressive,w_1200,c_scale/v1/img/recipes/33/34/95/vozAA0w3Th2AwU5HZYbZ_cheesy-chicken-casserole-0880.jpg",One Dish Meal,All,"Chicken Breast,Chicken,Spaghetti,Poultry,Cheese,Meat,< 60 Mins",660.3
Chocolate Topped Peanut Toffee Bars (Cookie Mix),Potato chips are the secret ingredient that keep sweet in balance with salty in a candy-like toffee bar.,https://www.food.com/recipe/chocolate-topped-peanut-toffee-bars-cookie-mix-281648,10m,3h,3h 10m,"32 bars, 32 serving(s)","17 1/2  ounces   betty crocker peanut butter cookie mix | 3   tablespoons    vegetable oil | 1   tablespoon    water | 1       egg | 1   cup    butter, cut into small pieces | 1   cup    brown sugar, packed | 1 1/2  cups    potato chips, lightly crushed | 1   cup    salted peanuts | 12   ounces    semi-sweet chocolate chips (2 cups)","Heat oven to 350&deg;F | Spray bottom and sides of 13x9-inch pan with cooking spray. | In large bowl, stir cookie base ingredients until soft dough forms. | Press dough in bottom of pan. | Bake 10 minutes or just until dough is set. | Meanwhile, in 1-quart saucepan, melt butter over medium heat. | Stir in brown sugar. | Heat to boiling, stirring frequently. | Boil 1 minute, stirring constantly. | Sprinkle potato chips and peanuts over partially baked base. | Pour brown sugar mixture over chips and peanuts. | Bake 15 minutes longer or until surface is bubbly. | Sprinkle chocolate chips evenly over chips and peanuts; return to oven for 2 minutes to soften chocolate. | Spread chocolate over filling. | Cool completely, about 2 hours. | Refrigerate 30 minutes or until chocolate is set. | For bars, cut into 8 rows by 4 rows. | Store covered at room temperature.","https://img.sndimg.com/food/image/upload/q_92,fl_progressive,w_1200,c_scale/v1/img/recipes/28/16/48/picsfDDCW.jpg",Bar Cookie,All,"Dessert,Cookie & Brownie,For Large Groups,< 4 Hours",183.2
Old Fashioned Tuna-Potato Chip Casserole,This recipe was popular in the 60's. It was one of the first tuna casserole's and is still a great comfort food today. Easy to make and has all the things that are usually on hand. This can also be made with the same size can of chicken. Sometimes I add mushrooms and english peas.,https://www.food.com/recipe/old-fashioned-tuna-potato-chip-casserole-130525,5m,15m,20m,4 serving(s),"1 1/2  cups    noodles | 1 (10 3/4  ounce) can   cream of mushroom soup | 1/2  cup    milk | 1 (5   ounce)    canned tuna, drained | 1/2  cup    potato chips | 1/2  cup   chopped onion | 1   cup   shredded cheese","Cook noodles in unsalted water. | Drain noodles. Mix soup, milk and tuna with noodles. | Add shredded cheese and onion. | Pour into casserole dish. | Crush potato chips and sprinkle on top. Bake 15 minutes at 425 degrees.","https://img.sndimg.com/food/image/upload/q_92,fl_progressive,w_1200,c_scale/v1/img/recipes/13/05/25/picZxIhhA.jpg",One Dish Meal,All,"Tuna,< 30 Mins,Oven,Beginner Cook,Easy,Inexpensive",421.3
Recipes,,https://www.food.com/recipe/all/popular?ref=nav,,,,,,,,,,,
Can You Believe It's Oven Roasted Chicken,"Do you ever wonder what to do with the last of the chips and crumbs in a chip bag?  My DH and DS for some reason never can finish off a bag before starting a new one and I needed to do something.  I saved a sandwich size bag of the crumbs and chips, crushed them up, added some bread crumbs and coated my chicken breasts.  Great flavor from the chips, nice crunch and different texture for the palette. YUMMY

Served this with recipe #46501 French bread, green beans, and wild rice",https://www.food.com/recipe/can-you-believe-its-oven-roasted-chicken-274202,15m,45m,1h,10 serving(s),"4   ounces    potato chips, any flavor 1 sandwich size baggie  (I mixed sour cream and onion with regular, but can see this with BBQ chips as well) | 10   large    chicken breasts, bone in | 2   tablespoons    Worcestershire sauce | 2   tablespoons    garlic powder | 1/2  cup    Italian seasoned breadcrumbs | 1       egg, for wash | 1/4  teaspoon    milk, for wash","Crush the chips finely. | Add enough Italian bread crumbs to mixture for coating chicken (I needed 1/2 cup). | Wash chicken and pat dry. | Dunk in egg/milk wash. | In ziploc bag coat chicken pieces 1 or 2 at a time. | Put in large roasting pan. | Sprinkle on Worcestershire sauce. | Sprinkle on garlic powder. | Use salt &amp; pepper to taste (we do not use salt, chips have enough for our taste). | Bake in oven 45-55 min at 350&deg;F (ovens vary so check after 35 minutes. I have propane so it burns hot).","https://img.sndimg.com/food/image/upload/q_92,fl_progressive,w_1200,c_scale/v1/img/recipes/27/42/02/R5bUzlYLRqqJ5h4TVbrP_0S9A9115.jpg",Chicken Breast,All,"Chicken,Poultry,Meat,High Protein,High In...,< 60 Mins,Beginner Cook,Easy",350.6
Green Beans Au Gratin,One of our special dishes...We have this at most special occasions...easy to make...and so tasty....don't leave out the potato chips...they make it special...,https://www.food.com/recipe/green-beans-au-gratin-87481,15m,30m,45m,4 serving(s),"4   tablespoons    butter | 4   tablespoons    flour | 1   teaspoon    salt | 1/2  teaspoon    pepper | 1/8  teaspoon    dry mustard | 1 1/2  cups    milk | 2/3  cup    swiss cheese, grated | 3   cups    green beans, cooked | 1/4  cup    parmesan cheese | 1/4  cup    potato chips, crushed | 3   slices    bacon, cooked crisp, crumbled | 1   teaspoon    paprika","Preheat oven to 350&deg;F. | Melt butter in pan. | Add flour, salt, pepper and mustard. | Cook over low heat until bubbly and smooth. | Add milk and cook until mixture thickens. | Add cheese, blend well, until all cheese is melted. | Add green beans to cheese mixture. | Pour into a buttered casserole dish and sprinkle with parmesan cheese, potato chips. | bacon and paprika. | Bake at 350&deg;F for 30 minutes.","https://img.sndimg.com/food/image/upload/q_92,fl_progressive,w_1200,c_scale/v1/img/recipes/87/48/1/BjkosOhQe2NYdYo3we7A_green-beans-au-gratin-1.jpg",Vegetable,All,< 60 Mins,405.3
Caviar Dip,From Ina Garten (Barefoot Contessa). This is a great dip for a party and is wonderful served with potato chips or crackers.,https://www.food.com/recipe/caviar-dip-81805,5m,,5m,2 cups,"8   ounces    cream cheese (room temperature) | 1/2  cup    sour cream | 2   teaspoons   freshly squeezed lemon juice | 2   tablespoons   freshly minced dill | 1       scallion, minced  (green and white parts) | 1   tablespoon    milk or 1   tablespoon    cream | 1/4  teaspoon    kosher salt | fresh ground pepper | 3 1/4  ounces    salmon roe, about","Cream the cream cheese until smooth in an electric mixer fitted with the paddle attachment, With the mixer on medium speed, add the sour cream, lemon juice, dill scallion, milk, salt and roe, With a rubber spatula, fold in three quarters of the salmon roe, Garnish with remaining roe and sprigs of fresh dill,.","https://img.sndimg.com/food/image/upload/q_92,fl_progressive,w_1200,c_scale/v1/gk-static/fdc-new/img/fdc-shareGraphic.png",Cheese,All,"Kosher,Brunch,< 15 Mins,Easy",592.1
Barbecue Chip Crusted Chicken,"Chicken recipes that are quick and easy sometimes are not as tasty as we'd like.  I created this one a long time ago after picking up a ton of Pringles chips on sale for 88 cents a can at the local market.  I got one of every kind.  When I put them away, the barbecue flavored was pushed to the far corner and sat there forever.  So after the date ran out (yes...this happens to me sometimes), I knew they'd still be alright to eat, but I didn't care for the flavor as much as I thought I would.  I came up with this to use up a good bargain.",https://www.food.com/recipe/barbecue-chip-crusted-chicken-191221,20m,10m,30m,4 serving(s),4       boneless skinless chicken breasts | 2       eggs | 1/2  cup    flour | 1 (6   ounce) can  pringles barbecue potato chips (See NOTE) | 2   ounces    olive oil | fresh thyme | rosemary | oregano (can also use dried herbs),"NOTE:  If you don't have Pringles where you are, just use other barbecue chips.  The amount of crumbs may vary, but you can always crush more if need be. | Preheat the oven to 300 degrees. | Place the whole can of chips in a gallon-sized zip top bag and crush until very fine crumbs.  Add chopped thyme, oregano and rosemary to potato chips. | Beat the eggs in a bowl. Place 1/2 cup of flour in a tray. Dip chicken breasts in flour. Shake off extra flour. Dip chicken breasts in egg. Coat chicken breasts in crushed BBQ chips (coat generously). | Heat the olive oil and saut&eacute; the chicken until browned. | Place on a baking sheet and pop in the oven for 10 minutes, turning after 5 minutes.","https://img.sndimg.com/food/image/upload/q_92,fl_progressive,w_1200,c_scale/v1/img/recipes/19/12/21/picMi5mAJ.jpg",Chicken Breast,All,"Chicken,Poultry,Meat,High Protein,Toddler Friendly,Kid Friendly,High In...,< 30 Mins,Beginner Cook,Easy",557.5
Potato Chip Sugar Cookies,These are addictive!! I made them once when i was at my parents .. an hour later they were all gone :),https://www.food.com/recipe/potato-chip-sugar-cookies-18349,15m,15m,30m,24 serving(s),"1   cup    butter | 1   cup    icing sugar | 1       egg yolk | 1   teaspoon    vanilla | 1 1/2  cups    flour | 1   cup    potato chips, crushed  (unflavored) | 1   cup   chopped walnuts | icing sugar, for dusting","Preheat oven to 350F degrees. | Cream butter and sugar, mix in vanilla and egg yolk. | Add 1/3 the flour, mix well. | Repeat twice. | Add potato chips and walnuts (if using) and mix until well blended. | Drop small amount onto cookie sheet, press down lightly. | Bake for 15 minutes or until done. | Sprinkle with icing sugar while still hot from the oven.","https://img.sndimg.com/food/image/upload/q_92,fl_progressive,w_1200,c_scale/v1/img/recipes/18/34/9/FUvQz4VcTFeWhL8tv1ZC_potato-chip-cookies-1.jpg",Drop Cookies,All,"Dessert,Cookie & Brownie,Fruit,Nuts,Kid Friendly,< 30 Mins,For Large Groups,Oven,Easy,Inexpensive",195.3
Cuban Lunch Candies,"I'm not sure where the name comes from, but these little treats are a snap to make and look really good on a Christmas sweets platter. I got the recipe from my friend Melanie, who brought these to my Christmas baking exchange. Cook time is chill time.",https://www.food.com/recipe/cuban-lunch-candies-85173,5m,15m,20m,80 pieces,2   cups    peanut butter chips | 2   cups    butterscotch chips | 2   cups    chocolate chips | 1 1/2  cups   crushed ripple potato chips | 1 1/2  cups    peanuts (salted or unsalted),"Melt together the peanut butter, butterscotch and chocolate chips in top of double boiler. | Add crushed potato chips and peanuts. | Mix together with melted chips. | Spoon into mini cupcake paper cups. | (You do not even have to put these into mini muffin pans as they do hold their shape while they are being filled. It is best to put the mini cupcake papers on a plain cookie sheet to make them easier to move before chilling.) Chill until set. | You can also add &#xBD; cup coconut to melted chips and peanuts. | To speed up chilling time, pop them into the freezer for a few minutes.","https://img.sndimg.com/food/image/upload/q_92,fl_progressive,w_1200,c_scale/v1/img/recipes/85/17/3/picm0YvYZ.jpg",Candy,All,"Dessert,Caribbean,Sweet,< 30 Mins,Beginner Cook,Easy",80.8
Blue Cheese Dipping Sauce,"So good! Serve with potato chips, veggies, bread, crackers, chicken wings, OK almost anything!  From Bobby Flay",https://www.food.com/recipe/blue-cheese-dipping-sauce-276675,5m,10m,15m,8 serving(s),"2 1/4  cups    whole milk | 2   tablespoons    unsalted butter | 1   small    Spanish onion, finely chopped | 2   tablespoons    all-purpose flour | 1/4  teaspoon    kosher salt | 1   pinch    cayenne pepper | 1/2  lb    blue cheese, crumbled","Place the milk in a small saucepan and bring to a simmer over low heat. | Heat the butter in a medium saucepan over medium heat. Add the onion and cook until soft. | Stir in the flour and cook for 1 minute. | Slowly whisk in the warm milk, and continue whisking until thickened. | Season with salt and cayenne pepper. | Continue cooking for 5 minutes, whisking occasionally. Remove from the heat and stir in the cheese. | If the sauce is too thick, thin it with a little extra milk. | Serve sauce warm.","https://img.sndimg.com/food/image/upload/q_92,fl_progressive,w_1200,c_scale/v1/img/recipes/27/66/75/pic02d6rD.jpg",Sauces,All,"Cheese,High In...,< 15 Mins",177.2
Salt-And-Vinegar Potato Chip Fish,"Use thick, kettle-cooked chips for best results in this simple twist on fish and chips. Serve with remoulade, of course. 
Recipe Source: Relish Mag",https://www.food.com/recipe/salt-and-vinegar-potato-chip-fish-448102,5m,15m,20m,2 serving(s),2 (6   ounce)    cod fish fillets or 2 (6   ounce)    other white fish | 1/4  teaspoon    sea salt or 1/4  teaspoon    kosher salt | 2   teaspoons    mayonnaise | 1/2  cup   coarsely crushed kettle-cooked salt-and-vinegar potato chips,"Preheat oven to 400&deg;F. | Arrange fish on a small parchment-lined baking sheet. Sprinkle with salt. Smear mayonnaise over top of each fillet. Cover completely with crushed chips, patting gently. Bake 12 to 15 minutes, depending on thickness of fish, until fish flakes easily with a fork.","https://img.sndimg.com/food/image/upload/q_92,fl_progressive,w_1200,c_scale/v1/img/recipes/44/81/02/tvWL3A6Slm5T5ZiMNHwp_salt-and-vinegar-potato-chip-fish-14.jpg",< 30 Mins,All,Easy,411.6
Ground Beef Supreme Casserole,This is such a yummy comfort food casserole that my family back in NJ makes(and I do too). It's cheesy and creamy and even my picky sisters like it.,https://www.food.com/recipe/ground-beef-supreme-casserole-213660,20m,35m,55m,6 serving(s),"1   lb    ground beef | 1   medium    onion, minced | 8   ounces    egg noodles | 1   tablespoon    butter | 1   cup    sour cream | 1 (10 2/3  ounce) can   cream of mushroom soup | salt and pepper | 1/2  cup   grated cheddar cheese (or more if you'd like it cheesier) | crushed potato chips","Brown beef and onion together. | Cook noodles, drain and stir butter into hot noodles. | Mix together sour cream, soup and seasonings. | Alternate layers of noodles, beef mixture, cheese, and soup mixture(spread soup mixture as best you can, okay if it isn't evenly), in a greased 2 or 2 1/2 quart casserole. | Top with potato chips. | Bake at 350 degrees for 25-35 minutes.","https://img.sndimg.com/food/image/upload/q_92,fl_progressive,w_1200,c_scale/v1/img/recipes/21/36/60/I5vWsyh1RLadJnkmUvNg_b1.jpg",One Dish Meal,All,"Meat,Potluck,< 60 Mins,Oven,Easy,Inexpensive",487.5
Mulligan Stew,"My mom taught me this one. Don't know where it came from, but very easy to make when short on time and ingredients. A special favorite for kids and cheap to make.",https://www.food.com/recipe/mulligan-stew-87747,20m,20m,40m,6 serving(s),"1 1/2  lbs    ground beef, cooked and drained | 2 (10 3/4  ounce) cans   vegetarian vegetable soup | 2 (15   ounce) cans  of mac-n-beef macaroni | 1 (12   ounce) bag  of ruffles potato chips or 1 (12   ounce) bag  generic chips",after ground beef is cooked and drained add soups and Mac-n-beef and heat through. | serve onto plates and use chips to scoop up. | goes best with potato salad or like side dish.,"https://img.sndimg.com/food/image/upload/q_92,fl_progressive,w_1200,c_scale/v1/img/recipes/87/74/7/sw9YulswSUGCdFFXntr4_macchicken-1043.jpg",Stew,All,"Meat,< 60 Mins,Easy",1110.9
Neelys' Macaroni and Cheese,"Another delicious recipe from today's episode of Down Home with the Neelys - and since I love baked mac and cheese, I need to try this now too!  Looks FAB!!!",https://www.food.com/recipe/neelys-macaroni-and-cheese-292276,15m,50m,1h 5m,6 serving(s),"6   tablespoons    butter | 1/2  cup    all-purpose flour | 4   cups    milk, warm | 1   teaspoon    dry mustard | 1/4  teaspoon    nutmeg, freshly grated | 1/4  teaspoon    cayenne pepper | 1   dash    salt & freshly ground black pepper | 1   dash    hot sauce | 1   dash    Worcestershire sauce | 3   cups    cheddar cheese, shredded | 1   lb    cavatappi pasta, cooked al dente | 1   cup    potato chips, crushed | 5   slices    cooked bacon, crumbled | 1/2  cup    parmesan cheese, freshly grated for topping","Heat oven to 350&deg;F | Melt 6 tablespoons butter in a large saucepot over medium heat. Add flour and cook, stirring, for 1 minute. Whisk in the warmed milk and bring to a boil, continue to whisk constantly. The mixture will thicken as the heat increases. Continue to stir while adding the dry mustard, nutmeg, cayenne, salt, pepper, hot sauce and Worcestershire. | Stir in the 3 cups of Cheddar until it melts. | Pour the cheese sauce over the noodles and add to a 3 quart casserole dish. | Sprinkle the chips, bacon and Parmesan on top and bake for 35 minutes.","https://img.sndimg.com/food/image/upload/q_92,fl_progressive,w_1200,c_scale/v1/img/recipes/29/22/76/sL1OSrZ6TPGFiS4EqcxL_untitled-1679.jpg",Cheese,All,"Kid Friendly,Savory,Oven,< 4 Hours",1008.6
Peanut Butter Clusters,"Chocolate covered potato chips and nuts? Count me in!  Found this recipe in Simple and Delicious magazine Dec 2008, submitted by Pat Maxwell of California. Only four ingredients and super simple.  Note - preparation time does not include cooling time.",https://www.food.com/recipe/peanut-butter-clusters-334309,5m,5m,10m,"36 candies, 18 serving(s)",2   cups    peanut butter chips | 1   cup    milk chocolate chips | 1 1/2  cups    dry roasted peanuts | 1   cup   crushed potato chips (ridged style),"In microwave safe bowl, melt peanut butter chips and chocolate chips, stir until smooth. | Stir in peanuts and potato chips and drop by level tablespoonfuls onto waxed paper-lined baking sheets. | Refrigerate until firm. Store in airtight container.","https://img.sndimg.com/food/image/upload/q_92,fl_progressive,w_1200,c_scale/v1/img/recipes/33/43/09/W0POhUQ262p2MKYlUJNQ_DSC05104-2.jpg",Candy,All,"Dessert,High Protein,High In...,Microwave,< 15 Mins,For Large Groups,Small Appliance,Easy",319.7
Microwave Salmon Fillets,"This is so easy and quick, but the salmon is perfectly cooked and seasoned. With a bag salad and French bread, a great home cooked dinner is on the table in minutes.  A great recipe with fresh salmon from the great West U.S. region.",https://www.food.com/recipe/microwave-salmon-fillets-37713,2m,12m,14m,4 serving(s),4      individually packaged frozen salmon fillets (about 1-inch thick by 1 1/2-inch wide by 4-inch long) | lemon pepper seasoning | butter or   margarine,"Thaw filet in refrigerator for several hours, or immerse package in cold water for 30 minutes. | Place filet in small microwave casserole dish. | Sprinkle with lemon pepper seasoning. | Top with butter or margarine. | Cover casserole and place in microwave. | Cook on High for 3- 4 minutes. | Repeat for remaining filets.","https://img.sndimg.com/food/image/upload/q_92,fl_progressive,w_1200,c_scale/v1/img/recipes/37/71/3/cRBlooDWSwCIcPI8fOIF_microwave-salmon-fillets-9950.jpg",Very Low Carbs,All,"High Protein,High In...,Microwave,< 15 Mins,Easy",403.9
Lemony Waldorf Fish Fillets for Microwave,Make and share this Lemony Waldorf Fish Fillets for Microwave recipe from Food.com.,https://www.food.com/recipe/lemony-waldorf-fish-fillets-for-microwave-335872,5m,11m,16m,4 serving(s),"1   cup    apple, chopped | 1/2  cup    celery, thinly sliced | 1   tablespoon    butter or 1   tablespoon    margarine | 1   cup    herb seasoned stuffing mix | 1/4  cup    mayonnaise or 1/4  cup    salad dressing | 1/4  cup    walnuts, chopped | 1   tablespoon    lemon juice | 1   lb   frozen cod or 1   lb   other fish fillet, thawed","In a 1-quart microwave-safe bowl combine apple, celery, and butter or margarine. | Micro-cook, covered, on 100% power (HIGH) for 2-3 minutes or until celery is crisp-tender. | Stir in stuffing mix, mayonnaise or salad dressing, walnuts, and lemon juice; set aside. | In a 12 x 7 1/2 x 2-inch baking dish, place block of fish. | Micro-cook, covered for 5 minutes, giving dish a half-turn after 3 minutes. | Drain off juices. | Place stuffing in 4 mounds around fish.  Cook, uncovered, for 2-3 minutes or until fish flakes easily when tested with a fork and stuffing is heated through.","https://img.sndimg.com/food/image/upload/q_92,fl_progressive,w_1200,c_scale/v1/img/recipes/33/58/72/Q3vhZJGATOySEfJpXA1o_fish.jpg",One Dish Meal,All,"Grains,Apple,Fruit,Microwave,< 30 Mins,Beginner Cook,Easy",185.3
Chunky Chicken Nachos,Make and share this Chunky Chicken Nachos recipe from Food.com.,https://www.food.com/recipe/chunky-chicken-nachos-138296,10m,4m,14m,6-8 serving(s),"2   cups   diced cooked chicken | 4   cups    tortilla chips | 1 1/2  cups   shredded taco cheese, seasoned  (or cheddar, divided) | 1/3  cup    salsa | 1/4  cup   pitted ripe sliced ripe olives","Arrange chips on a large microwavable platter. | Top with 1 cup of cheese, chicken, salsa, olives and remaining cheese. | Microwave on High 3 to 4 Minutes or until cheese is melted, turning platter halfway through cooking time.","https://img.sndimg.com/food/image/upload/q_92,fl_progressive,w_1200,c_scale/v1/img/recipes/13/82/96/zLGWEQWXQRW7WGjxJ9aS_chunky%20chx%20nachos.JPG",Lunch/Snacks,All,"Chicken,Poultry,Meat,Mexican,Kid Friendly,Spicy,Brunch,Microwave,< 15 Mins,Easy,Inexpensive",173.0
Creamy Italian Pasta Salad,If you like simple pasta salads you should try this. I love this in the summer but you could have this any time. I didn't see any other recipes like this that used both dressings so I thought I'd share mine. They really do go well together. This is pretty versatile and you can add any veggies that you'd like.,https://www.food.com/recipe/creamy-italian-pasta-salad-204569,25m,,25m,8 serving(s),"1 (12   ounce) package   tri-color spiral pasta (or pasta of your choice) | 1   cup    Italian salad dressing (I like good seasons) | 1   cup    caesar salad dressing | 1   cup   grated parmesan cheese | 1   medium    tomatoes, seeded and diced | 1   medium    cucumber, peeled and diced | 1       green bell peppers or 1       red bell pepper, seeded and diced","Cook pasta as directed, rinse with cold water and drain well. | In a large bowl, combine rest of ingredients and toss to coat. | Add pasta and toss to coat. | Chill at least 2 hours before serving. | *** If pasta &quot;absorbs&quot; the dressing, you may need to add a little more dressing after chill time before serving.","https://img.sndimg.com/food/image/upload/q_92,fl_progressive,w_1200,c_scale/v1/img/recipes/20/45/69/yWDBwndcThm128J0262T_pastasalad1%20(1%20of%201).jpg",< 30 Mins,All,,468.6
Italian Saucy Sausage Sub,Make and share this Italian Saucy Sausage Sub recipe from Food.com.,https://www.food.com/recipe/italian-saucy-sausage-sub-20037,5m,15m,20m,1 serving(s),1       Italian sausage | 10   tablespoons    spaghetti sauce | 1   small    onion | 1/4      bell pepper | 1       hoagie roll,"Fry, boil or grill your sausage. | Saut&eacute; onion and bell pepper with a dash of pepper flakes. | ASSEMBLY----------. | Place sausage on bun. | Place saut&eacute; mixture on top. | Place warm sauce on top. (warm for twenty seconds in microwave). | Enjoy!","https://img.sndimg.com/food/image/upload/q_92,fl_progressive,w_1200,c_scale/v1/img/recipes/20/03/7/pichLQrYL.jpg",Lunch/Snacks,All,"Meat,< 30 Mins,Beginner Cook,Stove Top,Easy,Inexpensive",554.7
Chicken Breast With Honey-Balsamic Glaze,Make and share this Chicken Breast With Honey-Balsamic Glaze recipe from Food.com.,https://www.food.com/recipe/chicken-breast-with-honey-balsamic-glaze-151829,5m,8m,13m,4 serving(s),1 1/2  teaspoons    dried thyme | 1/2  teaspoon    salt | 1/4  teaspoon    black pepper | 1   teaspoon    olive oil | 4 (4   ounce)    boneless skinless chicken breast halves | 2   tablespoons    balsamic vinegar | 2   tablespoons    honey,Combine first 3 ingredients; sprinkle over both sides of chicken. | Heat oil in a large nonstick skillet over medium-high heat.  Add chicken; cook 7 to 8 minutes on each side or until chicken is done. | Transfer chicken to a platter; keep warm.  Reduce heat to medium-low; add vinegar and honey to pan.  Simmer 1 minute or until glaze thickens; stir constantly.  Pour glaze over chicken.,"https://img.sndimg.com/food/image/upload/q_92,fl_progressive,w_1200,c_scale/v1/img/recipes/15/18/29/D2zqov5bSsaHHh5AKZRT_chicken-breast-honey-balsamic-glaze_0940.jpg",Chicken Breast,All,"Chicken,Poultry,Meat,High Protein,Healthy,High In...,Savory,< 15 Mins,Beginner Cook,Stove Top,Easy",180.0
Easy Cheese-Tomato Melt,"I am a true foodie!. And now that I have made the commitment to losing some excess baggage, I look for good tasting dishes.  This is one I use as breakfast, but it is good for any time.  I prefer Pepperidge Farms Light Style Wheat. I also use locally grown medium sized tomatoes from the farmers’ market whenever I can.",https://www.food.com/recipe/easy-cheese-tomato-melt-135171,1m,3m,4m,1 serving(s),2   ounces   shredded lowfat mozzarella cheese | 4   slices   of a medium tomatoes | 2   slices    whole wheat bread | italian seasoning (optional) | coarse sea salt (optional),"Divide tomato slices and cheese evenly on top of bread slices.  Sprinkle seasonings, if desired. | Broil until cheese melts. | Serve immediately.","https://img.sndimg.com/food/image/upload/q_92,fl_progressive,w_1200,c_scale/v1/img/recipes/13/51/71/picwD805v.jpg",Breakfast,All,"Lunch/Snacks,Cheese,Vegetable,< 15 Mins,Easy,Inexpensive",297.0
"Yummy, Fast and Easy Roast Beef Wrap","This is something that I throw together when I am in a crunch for something to feed my kids, or myself. I love wraps, and love trying to make new ones. Dip it in Ranch dressing, or any dressing that you like. Cut them up for appetizers, or use for a snack or light dinner. Yummy yummy!",https://www.food.com/recipe/yummy-fast-and-easy-roast-beef-wrap-89543,1m,1m,2m,1 serving(s),1       8-inch flour tortillas | 2   slices    deli roast beef | 1   slice    provolone cheese,"On cold tortilla, place the roast beef, then cheese slice (divided in half to fit length wise). | Microwave for 30-40 seconds on high.","https://img.sndimg.com/food/image/upload/q_92,fl_progressive,w_1200,c_scale/v1/img/recipes/89/54/3/picui3pO4.jpg",Lunch/Snacks,All,"Roast Beef,Cheese,Meat,High Protein,Toddler Friendly,Kid Friendly,High In...,Microwave,< 15 Mins,Beginner Cook,Easy,Inexpensive",270.1
Simple Pasta Toss,Yet another recipe I have saved on my computer and moving to here foto share!!  This is simple and quick -- my favorites!  :),https://www.food.com/recipe/simple-pasta-toss-285284,15m,,15m,4-6 serving(s),"16   ounces    rotini pasta | 4       boneless skinless chicken breast halves, cut into bite size pieces | 4   tablespoons    olive oil | 3       garlic cloves, minced | 1 1/4  teaspoons    salt | 1 1/4  teaspoons    garlic powder | 1 1/4  teaspoons    dried basil | 1 1/4  teaspoons    dried oregano | 1   cup    sun-dried tomato, chopped | 1/4  cup    parmesan cheese, grated  (optional)","Cook and drain pasta as directed. | While pasta is cooking, in a large pot, heat olive oil and saute chicken, garlic, salt, garlic powder, basil, and oregano until chicken is cooked. | Add sun-dried tomatoes and cook for two minutes. | Remove from heat and toss with pasta. | Serve with grated Parmesan cheese if desired.","https://img.sndimg.com/food/image/upload/q_92,fl_progressive,w_1200,c_scale/v1/img/recipes/28/52/84/aF0eWDOQ5y0FnCXd3TwQ_DSC03008.jpg",Chicken,All,"Poultry,Meat,High Protein,Healthy,High In...,< 15 Mins,Beginner Cook,Easy",719.5
Cheesy Turkey Burger,"This burger is tasty and the shredded cheese gives it a great flavor. I've used cheddar cheese, co-jack, or a Mexican cheese mixture. You may need more breadcrumbs, depending on how moist your turkey is. I like to serve this with Veganaise or mayo on the side.",https://www.food.com/recipe/cheesy-turkey-burger-219782,5m,5m,10m,6 serving(s),1   lb    ground turkey | 1/2  teaspoon    garlic powder | 1/2  teaspoon    onion powder | 1/4  teaspoon    celery seed | 1/4  teaspoon    oregano | 2   tablespoons    Worcestershire sauce | 1/4  cup    breadcrumbs | 1/4  cup   shredded cheddar cheese | salt | pepper,"Mix all ingredients together in large bowl. Add more bread crumbs if necessary. Should form a firm ball. Add salt and pepper to taste. | Shape into six patties, not too thin. | Pan-fry, broil, or grill inside or out until lightly browned and cooked through, about 5 minutes per side.","https://img.sndimg.com/food/image/upload/q_92,fl_progressive,w_1200,c_scale/v1/img/recipes/21/97/82/l5HLsa9cQWWh2iHseHrX_turkey%20burgers.jpg2.jpg",Poultry,All,"Meat,< 15 Mins,Easy",155.1
Ground Beef and Potatoes (Oh so Simple!),"This dish is almost too simple, but my husband loves it. I can make it any night and he's happy. I have tried to dress it up before and he politely has told me that he likes it plain and simple. This is nothing to write home about, but it seems to work in my household. It's fast, inexpensive, easy to make and doesn't require a lot of ingredients. I serve it with plenty of salted white rice and veggies.",https://www.food.com/recipe/ground-beef-and-potatoes-oh-so-simple-282620,5m,20m,25m,4 serving(s),1   lb    lean ground beef | 2   cups   diced potatoes (about 1 large potato) | 2   tablespoons    vegetable oil | 1/2  teaspoon    salt (add additional salt to taste),"Heat about 2 tablespoons of oil in a large skillet. Add diced potatoes (about 1/4 inch cubes) and cook for about 10 mins or until slightly browned and mostly cooked through stirring occasionally. | Add lean ground beef to potatoes and brown, chopping it up into very small pieces and stirring and flipping often (about 10 minutes). (If you use lean ground beef, there is no need to drain - be sure to cook meat with potatoes as it does make a difference in the overall flavor). | Once meat is fully cooked, turn off burner and add about a 1/2 tsp of salt and stir in with spatula. Add more salt to taste if desired. Serve with salted white rice and veggies.","https://img.sndimg.com/food/image/upload/q_92,fl_progressive,w_1200,c_scale/v1/img/recipes/28/26/20/YvkTXCxfRligmW2qLCZV_0S9A2856.jpg",One Dish Meal,All,"Potato,Vegetable,Meat,Free Of...,< 30 Mins,Beginner Cook,Easy,Inexpensive",317.4
Easy Enchiladas,Make and share this Easy Enchiladas recipe from Food.com.,https://www.food.com/recipe/easy-enchiladas-257233,15m,20m,35m,8 serving(s),1   lb    ground beef | 1 (17 1/2  ounce) jar   enchilada sauce | 2   cups    Mexican blend cheese | 8       corn tortillas,Heat oven to 350. | Cook beef until browned. | Stir 1/2 cup of enchilada sauce and 1 cup of cheese into beef mixture. | Spread 1/2 cup of the sauce in a 13 x 9 baking dish. | Spoon about 4 tablespoons of the beef mixture into each tortilla. | Roll up and place seam side down in baking dish. | Top with remaining sauce and cheese. | Bake for about 20 minutes or until the cheese melts.,"https://img.sndimg.com/food/image/upload/q_92,fl_progressive,w_1200,c_scale/v1/img/recipes/25/72/33/uukuPCRxQcKFqIYnqgb9_DSC03051.jpg",One Dish Meal,All,"Meat,< 60 Mins,Easy",322.1
Cheater's Chicken Noodle Soup,"I fall back on this recipe when I need some chicken noodle soup prepared in under 30 minutes. I prefer to broil my chicken tenders about 6 minutes per side or until juices run clear. This produces the moistest, tenderest chicken, in my opinion. I serve it with Recipe #96447.",https://www.food.com/recipe/cheaters-chicken-noodle-soup-210534,15m,3m,18m,"3 quarts, 6 serving(s)","3/4  lb    chicken tenders, cooked and diced | 8   ounces    fine egg noodles | 6   cups    water | 5 -6       chicken bouillon cubes | 1 (15   ounce) can   carrots, undrained","Place water and one bouillon cube in a 3 quart saucepan. (I never measure, I just fill it up about halfway.) | Bring to a boil. Add egg noodles and boil for 3 minutes. (Adjust your time if you aren't using fine egg noodles. Cook for the lowest time in package directions.) Do not drain noodles! | Turn heat to OFF. Add remaining bouillon cubes and stir until dissolved. | Add carrots and chicken. Stir to heat thoroughly. Add a sprinkling of dried parsley, if desired.","https://img.sndimg.com/food/image/upload/q_92,fl_progressive,w_1200,c_scale/v1/img/recipes/21/05/34/picaYVKoM.jpg",Clear Soup,All,"Chicken,Poultry,Vegetable,Meat,Low Cholesterol,Healthy,Kid Friendly,< 30 Mins,Beginner Cook,Stove Top,Easy,Inexpensive",247.8
Club Wrap,This wrap is great even on whole grain bread or sourdough! Add you favorite condiment but make sure its low fat to fat free!,https://www.food.com/recipe/club-wrap-222855,5m,,5m,"1 Wrap or Sandwich, 1 serving(s)","1   large    whole wheat tortilla | mustard or   ranch dressing | 2   slices    cooked bacon | sliced tomatoes | spinach or   lettuce, shredded | 1   slice    ham | 1   slice    turkey | 2   slices    cheese","Streak the tortilla with a bit of your fav sandwich dressing. | Top with lettuce, then tomato. Lay down you meats and then top it off with the cheese. | Wrap, slice in 1/2 and bag it up! | Great Heated UP! or Made HOt!","https://img.sndimg.com/food/image/upload/q_92,fl_progressive,w_1200,c_scale/v1/img/recipes/22/28/55/M5VOfkYQESd0eN7LdGcg_222-club-wrap.jpg",Lunch/Snacks,All,"< 15 Mins,Easy",462.6
Healthy Egg Salad Sandwich,"Because it doesn't use mayo, this is a lighter and healthier version of the standard egg salad sandwich, and the mustard and scallion give it a little kick.",https://www.food.com/recipe/healthy-egg-salad-sandwich-226377,5m,,5m,2 serving(s),"2       hard-boiled eggs | 2      chopped scallions (white and green parts) | 2   tablespoons    Dijon mustard | 2   pieces    lettuce (I prefer romaine) | 4   slices    whole grain bread, toasted | salt and pepper","With the back of a fork, mash egg yolk with mustard to make a thick paste. | Stir in chopped scallions and chopped egg white.  Mix in salt and pepper as desired. | Divide mixture on top of 2 slices of bread. | Top with lettuce leaves, and cover with remaining slices of bread.  Makes 2 sandwiches.","https://img.sndimg.com/food/image/upload/q_92,fl_progressive,w_1200,c_scale/v1/img/recipes/22/63/77/P1og9AWXQmCugQuogEUj_healthy-egg-salad-sandwich-3635.jpg",Lunch/Snacks,All,"Brunch,< 15 Mins,Beginner Cook,Easy",231.4
California Rollwich for Kids,"I've developed this 'rollwich' for my two-year-old grandson Chase. He loves avocados so it'll make it easier to sneak in veggies. For adult tastebuds, I'd add onions and jalapeno peppers to the avocados.",https://www.food.com/recipe/california-rollwich-for-kids-320415,10m,,10m,1 rollwich,"1       flour tortillas (10 inch) or 1       pita bread | 2   tablespoons    mayonnaise | 2   ounces   sliced turkey or 2   ounces    ham, thin deli slices | 1   slice    cheese, cut into strips  (cheddar, provolone, swiss, etc.) | 2   tablespoons    romaine lettuce, shredded | 1   small    avocado | 1/4  cup    fresh tomato, diced | 1   dash    lemon juice or 1   dash    lime juice | 2   tablespoons    carrots (diced or shredded) (optional) | 1   tablespoon    green pepper, diced  (optional)","Avocado Spread:. | Scoop the flesh from the avocado and mash, mixing with a dash of lemon or lime juice. | Mix in diced tomatoes and optional vegetables. | Set aside. | Rollwich:. | Spread the tortilla or pita with mayonnaise, leaving at least 1/2 inch around the outside. | Spread avocado spread over mayonnaise. | Top spread with shredded lettuce. | Carefully place turkey or ham slices on top of topping (leaving room on the edge for rolling). | Add cheese strips down the middle. | Carefully roll the tortilla into a wrap. | Cut into two pieces.","https://img.sndimg.com/food/image/upload/q_92,fl_progressive,w_1200,c_scale/v1/img/recipes/32/04/15/pic725Xvr.jpg",Lunch/Snacks,All,"Toddler Friendly,Kid Friendly,< 15 Mins,Easy",784.9
Apple-Cheddar Panini,Make and share this Apple-Cheddar Panini recipe from Food.com.,https://www.food.com/recipe/apple-cheddar-panini-221685,10m,10m,20m,4 serving(s),"8   slices    whole grain bread | 1/4  cup    honey mustard | 2      crisp apples, thinly sliced  (I like Braeburn or Fuji or Gala) | 8   ounces    mild cheddar cheese, thinly sliced | cooking spray","Preheat panini press on medium heat(or use 2 heavy skillets-one to put on top of the panini while cooking to press it). | Lightly spread honey mustard evenly over each slice of bread. | Layer apple slices and cheese over 4 slices of bread, using about &frac12; apple and 2 ounces of cheese for each sandwich. Top each with remaining bread slices. Lightly coat panini press with cooking spray(or coat skillet. | Grill each sandwich for 3 to 5 minutes or until cheese has melted and bread has toasted. | Remove from pan and allow to cool slightly before serving. Enjoy!","https://img.sndimg.com/food/image/upload/q_92,fl_progressive,w_1200,c_scale/v1/img/recipes/22/16/85/pic0lJuoN.jpg",Lunch/Snacks,All,"Cheese,Apple,Fruit,European,High In...,Brunch,< 30 Mins,Easy",445.6
Healthy Sandwich,"Mashing avocado isn't just for guacamole, it's also a good idea to use as a healthy alternative to butter or margerine. I think there is something in this sandwich for everyone, so don't be turned of that it's healthy or that it applies towards a vegan lifestyle. This recipe easily doubles if you want seconds or are making this for one other person.",https://www.food.com/recipe/healthy-sandwich-441360,5m,,5m,1 serving(s),"1       corn tortilla | 3   tablespoons    avocados | 1/2  cup    garbanzo beans | 1   tablespoon    jalapeno pepper, finely chopped | 2   tablespoons    carrots, slivered | 2   tablespoons    fresh Italian parsley, roughly chopped | 1/3  cup   marbled cheddar cheese, sliced  (optional)","1 Spread the avocado over the tortilla.2 Combine all the other ingredients in a small bowl, then spoon it into the center of the tortilla.3 Fold the tortilla from the bottom first, then the sides, and enjoy immediately.","https://img.sndimg.com/food/image/upload/q_92,fl_progressive,w_1200,c_scale/v1/img/recipes/44/13/60/picdz6FmF.jpg",Lunch/Snacks,All,"Low Cholesterol,Healthy,< 15 Mins,Easy",275.5
Bow Tie Pepperoni Pasta Salad,This is so delicious and quick. This is also great to take to a pot luck. This is very much kid friendly and taste very similar to a pizza.,https://www.food.com/recipe/bow-tie-pepperoni-pasta-salad-162722,5m,10m,15m,10-12 serving(s),16   ounces    bow tie pasta | 1 (3 1/2  ounce) package   pepperoni | 1   cup    Italian salad dressing | 1/2  cup   grated parmesan cheese | 1/2  teaspoon    italian seasoning,"Bring a pot of lightly salted water to a boil. | Add Bow Tie Pasta and cook for 8 to 10 minutes or all dente; drain. | While pasta is boiling, brown pepperoni in skillet until crisp on both sides and place on paper towels to absorb the grease. | Toss pasta with pepperoni, italian dressing, parmesian cheese and italian seasoning.","https://img.sndimg.com/food/image/upload/q_92,fl_progressive,w_1200,c_scale/v1/img/recipes/16/27/22/340Gm57qTuubVLuAWoB3_BOW_TIE_PEPPERONI_PASTA_SALAD_012.jpg",Pork,All,"Meat,Toddler Friendly,Kid Friendly,Brunch,< 15 Mins,Beginner Cook,Easy,Inexpensive",313.4
Portobello Pizzas,Make and share this Portobello Pizzas recipe from Food.com.,https://www.food.com/recipe/portobello-pizzas-535314,10m,10m,20m,4 pizzas,"4   large    portabella mushrooms, cleaned, gills removed | 1/2  cup    pizza sauce | 1   teaspoon    italian seasoning | 1 3/4  cups    mozzarella cheese, shredded | 40      mini pepperoni | 4   large    basil leaves, torn | 2   tablespoons    olive oil | 1   teaspoon    kosher salt | 1   teaspoon    black pepper","Preheat oven to 450 degrees. Line a baking sheet with parchment paper. | Brush inside and outside of mushrooms with olive oil. Season with salt and pepper and place on prepared sheet tray with the tops down. | Build the pizzas by laying tomato sauce, italian seasoning, cheese and pepperoni. | Bake for 10-12 minutes until cheese has melted and the mushroom is tender. Top with basil and serve.","https://img.sndimg.com/food/image/upload/q_92,fl_progressive,w_1200,c_scale/v1/img/recipes/53/53/14/OKWZ46RfTEC1e7vZf9S4_GK-NLE-Portobello-Pizzas_16x9-2.jpg",Vegetable,All,< 30 Mins,343.0
Veggie Delightful Sandwich &agrave; La Subway,"My sandwich of choice from Subway. This is my homegrown version with the addition of avocado! For the bread I used recipe #141038 and by special request recipe #67854 (onion sauce) to top it all off. I don't make these as often as I should, but when I do, the sandwiches are served with fresh fruit in season and a small bag of  multi-grain SunChips. Hubby and I always fight over the last SunChip! Note: omit the red onion slices if using the onion sauce.",https://www.food.com/recipe/veggie-delightful-sandwich-la-subway-193302,20m,,20m,2 sandwiches,"2       hoagie rolls, sliced in half lengthwise | mayonnaise or   mustard, for spreading | shredded romaine lettuce | 2   slices    swiss cheese (Tillamook of course) or 2   slices    cheddar cheese (Tillamook of course) | 6   slices    green bell peppers | 6 -8   slices    cucumbers | 4   slices    red onions | 2   tablespoons    black olives, sliced | 1   medium    tomatoes, sliced | 1/2      avocado, sliced | 1   tablespoon    pepperoncini pepper, slices  (optional)","If you wish, the bread can be warmed first. | Spread mayonnaise or mustard on each slice of bread. | Divide and arrange the ingredients equally on both slices. | Garnish with the onion sauce. | Place both bread slices together and cut in half crosswise. | Prep does not include baking the bread if that is what you choose to do. All amounts are estimated.","https://img.sndimg.com/food/image/upload/q_92,fl_progressive,w_1200,c_scale/v1/img/recipes/19/33/02/hnPWqo5TTCW7WAsrth8c_0S9A0821.jpg",Lunch/Snacks,All,"Vegetable,< 30 Mins,Easy",395.8
Lunchbox Pizza Quesadilla,Lunchbox food for kids!  This is a simple lunchbox &quot;pizza&quot; that can be made 100's of different ways for your child.  *Measurements are an estimation so use more or less to suit your tastes.,https://www.food.com/recipe/lunchbox-pizza-quesadilla-385190,5m,5m,10m,"1 Quesadilla Pizza, 1 serving(s)","2 -8   inches    flour tortillas (small size to fit in lunchbox) | 3   tablespoons    spaghetti sauce or 3   tablespoons    pizza sauce | 1/4  cup   shredded cheese (I like Monterey Jack, but use what you like) | 8   slices    pepperoni","These are made just like any other quesadilla or grilled cheese sandwich. | Spray the bottom of a non-stick skillet with cooking spray and preheat. | When the pan is fairly hot place 1 Flour Tortilla in the pan. | Fairly quickly (because you want to get everything on before the bottom starts to brown) spread on a few tablespoons of sauce. | Then add a layer of Pepperoni (and anything else you like). | Then top with shredded cheese. | Top it off with the 2nd Flour Tortilla. | Just like any other quesadilla or grilled cheese let it brown then flip it over.  If all of the cooking spray was absorbed you can spray on a little more, but you usually don't need to. | After both sides are browned and the insides are hot and melted take the &quot;pizzas&quot; out to cool. | Once cooled slice in 1/4 like a pizza and wrap snugly with plastic wrap or aluminum foil. | Tips and Ideas. | My son is not super picky so I made these in batches and freeze and then take them out the morning of school and pop into his lunchbox.  It is usually thawed and yummy by lunch time.  If you freeze them you need to let the cool completely first the wrap them separately in plastic wrap and then aluminum foil to prevent ice crystals from forming.","https://img.sndimg.com/food/image/upload/q_92,fl_progressive,w_1200,c_scale/v1/img/recipes/38/51/90/0ZwWvAlsSaiIJ8u8om9X_pizza-quesdailla-3.jpg",Lunch/Snacks,All,"High In...,< 15 Mins,Beginner Cook,Easy",236.7
Snack Stackers (Lunch Box Surprise),"Nothing fancy here.... Our 5 year old loves those Snackables, so I make my own rendition for his snack time at kindergarten. I like it better because I get to choose healthier options like real cheese and organic meats. I use the low sodium crackers or the whole wheat ones.",https://www.food.com/recipe/snack-stackers-lunch-box-surprise-251773,5m,,5m,1 serving(s),1   slice   lunch meat | 1   slice    cheese | 4       Ritz crackers,"Cut 4 (1-1/2-inch) circles out of your choice of lunch meat (use small glass if you don't have a cutter that is that small and cut around it), then cut 4 (1-1/4-inch) stars out of your choice of cheese. | Top each cracker with 1 lunch meat circle and 1 cheese star or place in container and ship off in lunch box.","https://img.sndimg.com/food/image/upload/q_92,fl_progressive,w_1200,c_scale/v1/img/recipes/25/17/73/picW2WtKH.jpg",Lunch/Snacks,All,"Cheese,Meat,Toddler Friendly,Kid Friendly,< 15 Mins,Beginner Cook,Easy",250.7
Tomato &amp; Egg Muffin (21 Day Wonder Diet: Day 5),"This is Day 5: Breakfast, on the 21 Day Wonder Diet.  This breakfast is to be followed by a mid-morning snack of 1 medium orange.",https://www.food.com/recipe/tomato-egg-muffin-21-day-wonder-diet-day-5-359198,5m,5m,10m,2 serving(s),"2       eggs | 2      multigrain English muffins, split | 1   small    tomatoes, sliced thinly | 2   teaspoons    balsamic vinegar","Poach the eggs in a pan of gently simmering water, until cooked as you like. | Meanwhile, toast muffins. | Divide tomato between two muffin halves; sprinkle with vinegar, top with eggs, then remaining muffin halves.","https://img.sndimg.com/food/image/upload/q_92,fl_progressive,w_1200,c_scale/v1/img/recipes/35/91/98/Yk7aGiGMRZqU6m6nYMEe_IMG_4227.JPG",Breakfast,All,"Lunch/Snacks,Vegetable,Australian,Brunch,< 15 Mins,Beginner Cook,Easy",211.1
Garlic Prawns in the Microwave,"Another from the mother in law.  I don't leave tails intact, personal preference.  Preparation time includes peeling prawns.  Spring onions also known as scallions or green onions.  UPDATE - thank you to Karen Elizabeth would never have thought to use this as way to cook the prawns to ADD to other dishes such as she did with a vegetable stir fry - great idea, thank you.  A PLEASE NOTE  - I now have a 900W microwave and I find 3 1/2 to 4 minutes does it,  When this recipe was first presented wattages in ovens where very low so the higher wattages today will determine the cooking times.",https://www.food.com/recipe/garlic-prawns-in-the-microwave-178213,30m,5m,35m,4 serving(s),"500   g    prawns (raw) | 1/3  cup    peanut oil | 2       garlic cloves (crushed or minced or 2 teaspoon from jar) | 2   tablespoons    spring onions (white part finely chopped) | 2   tablespoons    dry sherry | 1   dash    Tabasco sauce (or 1 dash chili powder or 1 small chilli pepper, finely sliced, deseed or not) | salt and pepper (to taste)","Peel and devein prawns, leaving tails intact. | Put prawns into a microwave proof dish or divide prawns into 4 microproof ramekins. | Combine all other ingredients and pour over prawns or divide between the 4 ramekins. | Microwave on high for 5 minutes, stirring occasionally. | Serve with crusty bread.","https://img.sndimg.com/food/image/upload/q_92,fl_progressive,w_1200,c_scale/v1/img/recipes/17/82/13/pMOqUZR7QwyfkKv28itp_microwave-prawns-shrimp-0066.jpg",Very Low Carbs,All,"Microwave,< 60 Mins",257.0
Lunchbox Hummus Vegetable Sandwich,"A grown up way of doing a healthy sandwich !
The Tapenade (olive spread) is optional .
                Enjoy ---",https://www.food.com/recipe/lunchbox-hummus-vegetable-sandwich-267593,15m,,15m,"1 sandwich, 1 serving(s)","2   slices    whole wheat bread | 1/2  cup   store bought hummus | 2   tablespoons   store bought tapenade (olive spread) | 1/4      cucumber, thinly sliced | 1      coarsely grated carrot",Spread 1 slice whole wheat bread with half the mixture of hummus and tapenade (optional). | Do the same on the second piece of bread. | Top hummus and tapenade with the 1/4 cucumber thinly sliced and the 1 carrot coarsely grated. | This recipe makes 1 sandwich.,"https://img.sndimg.com/food/image/upload/q_92,fl_progressive,w_1200,c_scale/v1/img/recipes/26/75/93/pic9Gx0ei.jpg",Lunch/Snacks,All,"Vegetable,< 15 Mins,Easy",378.8
Peanut Butter and Jelly Panini,"This recipe is simplicity itself and delicious because of the heat. The panini maker puts beautiful grill lines on the bread and melts the peanut butter and jelly inside. This is as different from a regular PB&J as a scooter is from a bicycle. Try it, you and your kids will love it.",https://www.food.com/recipe/peanut-butter-and-jelly-panini-90257,3m,3m,6m,1 serving(s),2   slices    bread (I prefer multi-grain for nutrition) | real peanut butter (from Wholefoods of Wild Oats) | grape jelly,"Spread peanut butter liberally on one slice of bread. | Spread jelly on the other slice. | Put the two pieces together. | Place the sandwich on a pre-heated panini maker. | Close the top and cook three minutes. | Remove, slice in half and serve. | (If you have toddlers, you might wait a minute to let the bread cool slightly for them).","https://img.sndimg.com/food/image/upload/q_92,fl_progressive,w_1200,c_scale/v1/img/recipes/90/25/7/36pILnF7RdSfI8CRhII1_0S9A0272.jpg",One Dish Meal,All,"Lunch/Snacks,Low Protein,Low Cholesterol,Healthy,Kid Friendly,< 15 Mins,Stove Top,Small Appliance,Easy",133.0
Chorizo and Egg Burritos,Make and share this Chorizo and Egg Burritos recipe from Food.com.,https://www.food.com/recipe/chorizo-and-egg-burritos-52039,5m,20m,25m,6-8 serving(s),"1   lb   fresh chorizo sausage, broken up | 6 -8   large    eggs, lightly beaten | 1   large    onion, chopped | 6   large    flour tortillas, browned in a pan as needed | 1/2  cup   grated monterey jack cheese | sour cream | hot sauce (optional) | chopped avocado (optional)","Fry a chopped onion and chorizo (broken up)together until onion is tender and translucent. | add 6 to 8 beaten eggs after everything is nice and brown. | Keep'em moving until cooked. | Serve it on a sour cream coated pan-grilled tortilla, add a bit of grated Monterrey jack and avocado (if desired). | Serve with more sour cream and hot sauce.","https://img.sndimg.com/food/image/upload/q_92,fl_progressive,w_1200,c_scale/v1/img/recipes/52/03/9/oUfI6eDQGRUiM7Kn9AFH_DSC03351-2.jpg",Breakfast,All,"Lunch/Snacks,Pork,Meat,Mexican,< 30 Mins,Easy",816.9
Fast Chicken and Rice,Make and share this Fast Chicken and Rice recipe from Food.com.,https://www.food.com/recipe/fast-chicken-and-rice-436703,10m,10m,20m,4 serving(s),"1 (8 7/8  ounce) package   rice, white | 1/2  cup    frozen peas | 1   lb    chicken breast tenders, halved crosswise | 1   tablespoon    cooking oil | 1/4  cup   bottled stir-fry sauce | packaged oven-roasted sliced almonds","Stir peas into rice pouch. Heat in microwave according to package directions. | Meanwhile, in a large skillet, cook and stir chicken in hot oil over medium-high heat for 2 to 3 minutes or until no longer pink. Stir rice mixture into skillet. Stir in stir-fry sauce; heat through. Sprinkle each serving with almonds.","https://img.sndimg.com/food/image/upload/q_92,fl_progressive,w_1200,c_scale/v1/img/recipes/43/67/03/FsZEvc2IR78mUkAAthsp_DSC03080.jpg",Chicken,All,"Poultry,Rice,Nuts,Meat,Kid Friendly,Weeknight,< 30 Mins,Easy",396.9
Pizza Scrolls,"A great afternoon snack! If you don't have a favoured pizza sauce use tomato paste and add some dried Italian herbs.
Can be served hot or cold...great  for the lunch box.",https://www.food.com/recipe/pizza-scrolls-229227,10m,20m,30m,24-36 pinwheels,"1/2  small    red capsicum, chopped finely | 100   g    ham or 100   g    salami, chopped fine | 1/2  cup    cheese, grated | 1/4  cup    pizza sauce | 2   sheets   ready rolled puff pastry","Preheat oven to 200c. | Combine the chopped capsicum, ham and cheese in bowl. | Spread the sauce onto each sheet of pastry, leaving a 2cm border along one side, and sprinkle the capsicum mixture over the top. | Roll up the pastry to enclose the filling (like a swiss roll), leaving the plain edge until last. | Brush the edge lightly with water and fold to seal. | Cut each roll into 1cm rounds (use serrated bread knife) and place on lined oven trays. | Bake for 20 min or until golden.","https://img.sndimg.com/food/image/upload/q_92,fl_progressive,w_1200,c_scale/v1/img/recipes/22/92/27/kz2OEDD3Su7NHGSwqkJX_0S9A9846.jpg",Lunch/Snacks,All,"Peppers,Vegetable,Meat,Australian,Kid Friendly,< 30 Mins,Oven,Inexpensive",128.6
Quick and Easy Tuna Salad Sandwich for Kids of All Ages,Make and share this Quick and Easy Tuna Salad Sandwich for Kids of All Ages recipe from Food.com.,https://www.food.com/recipe/quick-and-easy-tuna-salad-sandwich-for-kids-of-all-ages-216839,5m,1m,6m,2 serving(s),6   ounces    tuna | 2 -2 1/2  tablespoons    mayonnaise | 1 -1 1/2  tablespoon    sweet pickle relish | lettuce | American cheese | any type of sliced bread,"Empty tuna into bowl. | Add mayonnaise and pickle relish. | Mix well and taste. Add more mayo or pickle relish if necessary. | Toast bread. | Add lettuce, tuna chef and cheese.","https://img.sndimg.com/food/image/upload/q_92,fl_progressive,w_1200,c_scale/v1/img/recipes/21/68/39/picqlzGH8.jpg",Lunch/Snacks,All,"Tuna,Very Low Carbs,Lactose Free,Low Cholesterol,Egg Free,Toddler Friendly,Healthy,Kid Friendly,Free Of...,< 15 Mins,Beginner Cook,Easy,Inexpensive",189.5
5 Ingredient Spaghetti,Made with five simple ingredients this Barilla spaghetti recipe will have your family dining in no time,https://www.food.com/recipe/5-ingredient-spaghetti-523927,5m,10m,15m,"8 , 8 serving(s)","one box barilla spaghetti | 2      fresh lemons | 2/3  cup    olive oil | 2/3  cup    parmesan cheese, grated | 1/2  cup    fresh basil, chopped | 1   pinch    salt and pepper","Grate lemon peels to yield 1 tablespoon of lemon zest. Juice the lemons to yield 1/2 cup of fresh lemon juice. Whisk together the oil, Parmesan cheese, lemon juice, salt and pepper in large bowl. | Meanwhile, cook pasta according to the package instructions. Drain, reserving 1 cup of the cooking water. | Add the spaghetti to the lemon sauce, and toss with the basil and lemon zest. Season the pasta with salt and pepper to taste.","https://img.sndimg.com/food/image/upload/q_92,fl_progressive,w_1200,c_scale/v1/img/submissions/recipe/0/76q1vVUkSmaRbuS7gvEq_85513H.jpg",Lemon,All,"Citrus,Fruit,Kid Friendly,< 15 Mins,Easy",200.0
Yummy Grilled Tuna and Cheese Sandwiches,Make and share this Yummy Grilled Tuna and Cheese Sandwiches recipe from Food.com.,https://www.food.com/recipe/yummy-grilled-tuna-and-cheese-sandwiches-15595,10m,5m,15m,1 serving(s),"4   slices    bread | 1 1/2  tablespoons    butter or 1 1/2  tablespoons    margarine, soft | 2   slices    cheese | 150   g    solid white tuna, drained and flaked",Spread both sides of the bread thinly with butter. | Place the cheese on the bread and then the tuna. | Grill for 2 minutes on each side or until the bread is golden brown. | Serve or refrigerate and eat later (they are still nice cold).,"https://img.sndimg.com/food/image/upload/q_92,fl_progressive,w_1200,c_scale/v1/img/recipes/15/59/5/picNzbzvv.jpg",Lunch/Snacks,All,"Tuna,Cheese,High Protein,High In...,< 15 Mins,Beginner Cook,Easy",1072.2
Hot Molten Blobs,"This is a really tasty snack, called molten blobs to make it more interesting to my 5 year old.
Super for Halloween or kids parties, and also great to pop in the kids lunches!
Hope you enjoy!
From PIL Halloween Party Recipes",https://www.food.com/recipe/hot-molten-blobs-140969,5m,11m,16m,10 biscuits,"1 (12   ounce) can   buttermilk biscuits | 2   tablespoons    fat-free mayonnaise | 2   tablespoons    yellow mustard or 2   tablespoons    honey mustard | 24   pieces    ham, cubes cut into 3/4 inch cubes | 36   pieces    low-fat cheddar cheese, cubes","Pre-heat oven to 400 degrees. | Coat muffin tins with non-stick cooking spray. | Place a biscuit in each of 10 sections. | In a small bowl, combine mayo and mustard and stir until well blended. | Using thumbs, press down center to make deep indentations in each biscuit. | Spoon equal amounts of the mayo mixture in each, about 1 tsp each. | Top with ham cubes, then with cheddar cubes. | Place muffin tin on foil-lined rack in oven. | Bake until biscuits are golden and puffed, and overflowing with cheese, or about 10-12 minutes. | Remove from oven and let stand 3 minutes before removing from tins. | Serve while hot.","https://img.sndimg.com/food/image/upload/q_92,fl_progressive,w_1200,c_scale/v1/img/recipes/14/09/69/I0vX9oiS2CKTh1G9FUqG_0S9A0380.jpg",Breads,All,"Lunch/Snacks,Ham,Pork,Cheese,Meat,Toddler Friendly,Kid Friendly,Halloween,Brunch,< 30 Mins,Oven,Beginner Cook,Easy,Inexpensive",112.1
Egg Salad on English Muffin,Make and share this Egg Salad on English Muffin recipe from Food.com.,https://www.food.com/recipe/egg-salad-on-english-muffin-469632,10m,10m,20m,2-3 serving(s),"6       eggs, hard-boiled | 1/4  small    onion, thinly chopped | 1   teaspoon    Dijon mustard | 1/2  cup    mayonnaise | salt, pepper to taste | 1   tablespoon    chives, chopped | 6       English muffins, cut in half, toasted | cherry tomatoes, cut in half | cucumber, sliced | mix greens salad leaves","Finely chop boiled eggs. | Mix in chopped onion, Dijon mustard, mayonnaise, chive, salt pepper to taste. | If you like more runny texture you can add 1Tbsp. water. | Spoon egg salad on lightly toasted English muffin. | Top with cherry tomatoes, cucumber and salad leaves. | Tip: if you have any left over cooked bacon, chop it finely and sprinkle on top.","https://img.sndimg.com/food/image/upload/q_92,fl_progressive,w_1200,c_scale/v1/img/recipes/46/96/32/picwkjKZV.jpg",Lunch/Snacks,All,"< 30 Mins,Easy",837.4
Mushroom Quesadilla,"This recipe makes a tasty lunch or have it as part of a traditional Mexican meal. I like using Corn Tortillas but the whole wheat are tasty too.Serve with your favorite Salsa and a green salad The recipe is from the column &quot;The Chopping Block&quot; by Philomena Corradeno, tweaked by Bergy",https://www.food.com/recipe/mushroom-quesadilla-115585,15m,15m,30m,4 serving(s),"2   lbs    mushrooms, fresh, sliced | 1 1/2  tablespoons    garlic, minced | salt & pepper | 4   large    tortillas, Whole wheat  or 4   large    sun-dried tomatoes | 1 1/4  cups    cheddar cheese, grated","Wrap the tortillas in foil and warm them in a 350F oven while you are cooking the mushrooms. | Saute the mushrooms and garlic until most of the water from the mushrooms has evaporated. | Season with salt &amp; pepper. | Divide the mushrooms &amp; cheese between the four tortillas, fold in half. | Serve with salsa, quacamole &amp; sour cream (Optional).","https://img.sndimg.com/food/image/upload/q_92,fl_progressive,w_1200,c_scale/v1/img/recipes/11/55/85/picWKqW7M.jpg",Lunch/Snacks,All,"Vegetable,Mexican,< 30 Mins,Beginner Cook,Easy",552.7
Healthy  Wraps,Posting just to get nutrition content. I make these on the weekends to take for lunch during the week.,https://www.food.com/recipe/healthy-wraps-164567,10m,,10m,"6 wraps, 6 serving(s)",6       flour tortillas | 6   slices    lean ham | 8   ounces   softened low-fat cream cheese | 2   tablespoons    dry ranch dressing mix | 2 -3   tablespoons   chopped green onions | 1 -2   cup    Baby Spinach,"Mix cream cheese, onions and ranch dressing mix in bowl. | Spread 2-3 tablespoons mixture on tortilla in a thin layer. | Place spinach leaves on tortillas. | Place 1 slice of ham on each tortillas. | Wrap up tortillas and put in plastic wrap. | Refrigerate 1 hour before eating.","https://img.sndimg.com/food/image/upload/q_92,fl_progressive,w_1200,c_scale/v1/img/recipes/16/45/67/TlyoRhwXSieIa9C56rKw_healthy-tortilla-wrap-5.jpg",Lunch/Snacks,All,< 15 Mins,191.2
Quick and Delicious Goat Cheese Salad,"I love this salad for many reasons! I make it in 2 minutes, it tastes fantastic and reminiscent of what you get in 5 star restaurants, and served with a grilled fish, is sublime!",https://www.food.com/recipe/quick-and-delicious-goat-cheese-salad-269258,2m,,2m,2-3 serving(s),"4   cups    mixed greens, cleaned and dried  (arugula, radicchio, romaine, baby spinach, etc) | 3   tablespoons    dried cranberries | 1/4  cup    walnuts, halved | 1   tablespoon    raspberry vinaigrette dressing | 4   ounces    soft fresh goat cheese","In a salad bowl, place greens, cranberries, walnuts, and dressing, and mix gently. | With a spoon, break up the goat cheese into uneven chunks on top of the salad. | Serving Suggestions:. | Enjoy as part of a meal with grilled fish and a blush wine | Eat as a light dinner with a cup of warm tea. | Makes for a beautiful presentation when entertaining guests.","https://img.sndimg.com/food/image/upload/q_92,fl_progressive,w_1200,c_scale/v1/img/recipes/26/92/58/DFSpOnUOT9KLqRKCYSkU_1.1saladredo2.jpg",Cheese,All,"Fruit,Kosher,Free Of...,Brunch,< 15 Mins,Beginner Cook,Easy",252.1
Classic BLT Sandwich,"This is a sandwich that I crave a lot.  I am just posting it because I couldn't find it posted already on the Zaar...I couldn't believe that!  My ex-DH wondered how I make these, so I decided to post it and send him the recipe.  Nothing fancy -- just the real, simple, unabridged version.  UPDATE:  After reading Peg629's review, I have tried it that way, with one slice of toast spread with yellow mustard, and I must say it really, really makes an exceptional BLT!  Such a subtle difference, yet genuinely makes a superior BLT, in my opinion!  (Thank you Peg629 for that awesome suggestion!)",https://www.food.com/recipe/classic-blt-sandwich-129615,10m,5m,15m,"4 sandwiches, 4 serving(s)","1/2  lb    bacon (approx. 12 slices) | 8   slices    white bread | 8   leaves    iceberg lettuce, fresh and full | 8   slices   of ripened tomatoes | 8   tablespoons    Hellmann's mayonnaise","Cook bacon until crispy, then drain on paper towels. | Toast the 8 slices of bread. | Spread 1 tablespoon mayo on each slice of toasted bread. (More or less, to taste). | Add 1 slice of lettuce to 4 pieces of mayo-spreaded toast. | Add 2 slices of tomato on top of lettuce. | Arrange 3 slices of bacon evenly on top of tomato. (Break bacon slices in half to fit, if needed.). | Add 1 slice of lettuce on top of bacon. | Put the remaining 4 pieces of mayo-spreaded toast on top to finish the sandwiches. | Enjoy! | NOTE:  I also like to butter the toast slices before adding the mayo -- higher in fat, but tastier, in my opinion!","https://img.sndimg.com/food/image/upload/q_92,fl_progressive,w_1200,c_scale/v1/img/recipes/12/96/15/RCNa1fLaTS2U0FY3yOUq_BLT%205%20-%20final_6.jpg",Lunch/Snacks,All,"Pork,Vegetable,Meat,< 15 Mins,Beginner Cook,Easy,Inexpensive",516.8
Grilled Chicken Flatbread Pizzas,"This is an excellent way to enjoy your gas grill, use up some leftovers and cook up something beautiful and delicious in just a few minutes. Great for the day after a barbecue party when you discovered you made too much of something! This one is leftover grilled chicken, but I think it would work with any leftover grilled meat (except, perhaps, hot dogs). I made this today for lunch, after we finished, my daughter said it would have been better with some fresh basil, so I have added that to the ingredients.",https://www.food.com/recipe/grilled-chicken-flatbread-pizzas-309538,5m,2m,7m,"4 flatbread pizzas, 4-6 serving(s)","4       flat bread (you can use thin pita bread) | 1 1/2  cups   of sliced leftover grilled chicken | 1/2  cup    sun-dried tomato packed in oil, coarsely chopped | 6   leaves    fresh basil, coarsely chopped | 3   cups   grated mozzarella cheese | 1   teaspoon    salt | 1   teaspoon    ground black pepper | 1   teaspoon    red pepper flakes","Heat the grill. Mix all the ingredients together (except the bread) in a bowl. Use your hands. It's easier. | Turn the heat to low on your grill. Lay the flat breads on (high rack if you have one). Mound the mixture on the flat bread, spreading to the edges. Close the grill and give it a minute or two, When it is melted, it's done. (If you leave it on too long, the bread will burn). | Put it on a bread board and cut it with a pizza cutter.","https://img.sndimg.com/food/image/upload/q_92,fl_progressive,w_1200,c_scale/v1/img/recipes/30/95/38/7lUNeFfPRkqX0rEAOGgA_DSC_0480.jpg",Lunch/Snacks,All,"< 15 Mins,Easy",371.0
Recipes,,https://www.food.com/recipe/all/popular?ref=nav,,,,,,,,,,,
Baked Chicken Tenders,These baked chicken tenders are super simple and quick for those hectic weekday meals.  I've put them on top of a salad with homemade honey mustard dressing.  They would also go great with some french fries.  The variations are endless.,https://www.food.com/recipe/baked-chicken-tenders-194400,10m,16m,26m,3 serving(s),1   lb    chicken tenders | 2   tablespoons    light mayonnaise | 1/2  cup    Italian seasoned breadcrumbs | 1/2  cup    parmesan cheese,"Preheat Oven to 425&deg;F. | Mix chicken tenders and mayonnaise in a bowl to lightly coat chicken with mayonnaise. | Mix bread crumbs and cheese in a gallon-size zippie bag. | Prepare baking sheet with cooking spray. | Put 1-2 chicken tenders in the zippie bag with the bread crumbs and shake to coat. | Place chicken tenders in a single layer on prepared baking sheet. | Continue until all tenders are coated and on the baking sheet. | Bake in preheated oven for 8 minutes.  Gently flip each one, so as not to remove the breading, and bake an additional 8 minutes. | Serve with your favorite dipping sauce.","https://img.sndimg.com/food/image/upload/q_92,fl_progressive,w_1200,c_scale/v1/img/recipes/19/44/00/54Jim9iVTQkU7tkVebbK_chicken tenders SITE-2.jpg",Lunch/Snacks,All,"Chicken,Poultry,Meat,< 30 Mins,Easy,Inexpensive",354.4
Easy Pita Bread Pizza,"I once had a craving for a pizza, but I didn't have the things to make pizza dough, so I got this idea! A good recipe for kids, too. I use pocket-less pitas we buy from Indian grocery, but I'm sure regular will work. Note: I edited this recipe by making more exact ingredient amounts, sorry about the previous vagueness, I posted this recipe back when I was just 10 or 11. :)",https://www.food.com/recipe/easy-pita-bread-pizza-110067,5m,5m,10m,"1 mini pizza, 1 serving(s)","1       pita bread | 2   tablespoons    spaghetti or 2   tablespoons    pizza sauce | 1/4  cup    mozzarella cheese, shredded | spices (oregano, basil, garlic powder) or   dried herbs (oregano, basil, garlic powder) | olive oil (optional)","Brush on a little olive oil on the pita. | Spread sauce on top of the pita. | Sprinkle on the shredded cheese. | Sprinkle on pinches of desired herbs and spices, and add any toppings you'd like. | Place on baking sheet, bake for 5-7 minutes at 400&deg;, or until cheese is melted (times may vary). | Slice with pizza cutter and enjoy!","https://img.sndimg.com/food/image/upload/q_92,fl_progressive,w_1200,c_scale/v1/img/recipes/11/00/67/hQp8C5iSFauheZbxikZw_pitapizza3.jpg",Lunch/Snacks,All,"European,Kid Friendly,< 15 Mins,Oven,Beginner Cook,Easy",249.0
Hummus Pizza,Make and share this Hummus Pizza recipe from Food.com.,https://www.food.com/recipe/hummus-pizza-436003,10m,5m,15m,2 serving(s),2       pita breads | 1       tomatoes | 1 (8   ounce) container   hummus | 1 (6   ounce) bag   spinach | 1 (8   ounce) jar   black olives,Heat pita breads in the oven at 350 degrees F. | Spread hummus on warmed pita breads. | Cut the tomato and add slices on top of the hummus. | Place spinach on top of tomatos. | Add olives to taste.,"https://img.sndimg.com/food/image/upload/q_92,fl_progressive,w_1200,c_scale/v1/img/recipes/43/60/03/RwP23d5ROquO2lmsjj5w_DSC05534-2.jpg",Lunch/Snacks,All,"Low Cholesterol,< 15 Mins,Easy",527.8
Baked Pesto Chicken,Make and share this Baked Pesto Chicken recipe from Food.com.,https://www.food.com/recipe/baked-pesto-chicken-23425,5m,30m,35m,4 serving(s),"4       boneless skinless chicken breast halves | 1/2  cup   refrigerated basil pesto | 2 -3       plum tomatoes, sliced  (optional) | 1/2  cup    mozzarella cheese, shredded",Preheat oven to 400 degrees F. | Line baking sheet with heavy-duty foil. | Place chicken and pesto in medium bowl; toss to coat. | Place chicken on prepared baking sheet. | Bake for 20-25 minutes or until chicken is no longer pink in center. | Remove from oven; top with tomatoes and cheese. | Bake for an additional 3-5 minutes or until cheese is melted.,"https://img.sndimg.com/food/image/upload/q_92,fl_progressive,w_1200,c_scale/v1/img/recipes/23/42/5/4KwovvcLSByVJFfBjhWU_0S9A6651.jpg",Chicken,All,"Poultry,Meat,Very Low Carbs,High Protein,Healthy,High In...,< 60 Mins,Oven,Easy",197.5
My Favorite Spinach Salad,"We enjoy having salad for supper. This recipe is a favorite and is quite filling. This is my version of the spinach salad they serve at The Angus Barn, a very popular restaurant in Raleigh, NC. I hope you enjoy it as much as we do!",https://www.food.com/recipe/my-favorite-spinach-salad-30837,5m,,5m,2-4 serving(s),"1 (6   ounce) package   baby spinach leaves | 5       hard-boiled eggs, chopped | 1/2  lb    bacon, fried and crumbled | 1   medium    red onion, thinly sliced | 1 (12 -16   ounce) jar  of your favorite refrigerated poppy seed dressing",Place freshly washed spinach on individual plates. | Sprinkle with chopped hard boiled eggs and crumbled bacon. | Spread sliced onion on top. | Drizzle with poppyseed dressing. | Serves 4 small or 2 meal size.,"https://img.sndimg.com/food/image/upload/q_92,fl_progressive,w_1200,c_scale/v1/img/recipes/30/83/7/bkPHWXvTTxWROh5HTg2c_0S9A1388.jpg",Pork,All,"Beans,Meat,Kid Friendly,Ramadan,Sweet,< 15 Mins,No Cook,Easy,Inexpensive",754.7
Easy Pizza Soup or Dressed-Up Tomato Soup,Make and share this Easy Pizza Soup or Dressed-Up Tomato Soup recipe from Food.com.,https://www.food.com/recipe/easy-pizza-soup-or-dressed-up-tomato-soup-135873,5m,3m,8m,2 serving(s),"1 (10   ounce) can   condensed tomato soup | 10   ounces    milk | 1/2  cup    mozzarella cheese, divided | 8 -10   slices    pepperoni, cut into quarters, divided | 1/4  teaspoon    dried oregano, divided","Mix the condensed soup and milk (use the empty soup can to measure your milk) and heat until warm; either in microwave or on the stove top. | Pour soup into two bowls. | Add 1/4 cup mozzarella cheese, 4-5 slices of pepperoni and 1/8 teaspoons oregano to each bowl. Stir and serve. | Other favorite pizza toppings can be added too.","https://img.sndimg.com/food/image/upload/q_92,fl_progressive,w_1200,c_scale/v1/img/recipes/13/58/73/fujoeTwSjutRbwB1Hqin_pizza-soup-naan-0358.jpg",Lunch/Snacks,All,"Cheese,Kid Friendly,Winter,Microwave,< 15 Mins,Stove Top,Easy,Inexpensive",306.5
Ground Chicken Ranch Burger,I don't remember where I got this recipe but I make the patties ahead and freeze them. They can be cooked frozen on the grill. Serve on crusty rolls with your favorite condiments. Can also use ground turkey but not even close to as tasty as the chicken. No other seasoning is needed other than the ranch dressing mix.,https://www.food.com/recipe/ground-chicken-ranch-burger-356116,10m,8m,18m,"4 Patties, 4 serving(s)","1   lb    lean ground chicken | 1 (1   ounce) package   ranch dressing mix, dry  (Hidden Valley) | 1/2  cup    fresh breadcrumb | 1/2  cup    mushroom, chopped fine","Mix all ingredients together. Mixture will be wet. | Be sure to spray or oil grill and do not turn chicken patties until well browned. | Form into patties and grill or pan fry. | I usually cook about 3-4 minutes on each side, a little longer may be needed if frozen. Juice will run clear when done.","https://img.sndimg.com/food/image/upload/q_92,fl_progressive,w_1200,c_scale/v1/img/recipes/35/61/16/picoZeWch.jpg",Lunch/Snacks,All,"Chicken Breast,Chicken,Poultry,Meat,< 30 Mins,Easy",184.6
Buffalo Chicken Wrap in a Snap,"This is an easy summer or anytime wrap sandwich to put together.  An easy lunch for a warm summer day would be an apple, this sandwich and an iced tea/water.",https://www.food.com/recipe/buffalo-chicken-wrap-in-a-snap-308163,5m,,5m,"1 wrap sandwich, 1 serving(s)",1   tablespoon    mayonnaise | 1   tablespoon    Tabasco sauce (or an variety) | 1       tortilla (10 inch) | 1       lettuce leaf | 6   slices   shaved chicken,"Mix mayo and hot sauce. | Fill tortilla with sauce, lettuce and chicken. | Roll to eat.","https://img.sndimg.com/food/image/upload/q_92,fl_progressive,w_1200,c_scale/v1/img/recipes/30/81/63/pic9tmppB.jpg",Lunch/Snacks,All,"Chicken,Poultry,Meat,Spicy,Camping,< 15 Mins,No Cook,Beginner Cook,Easy",281.0
Grilled Peanut Butter and Jelly Sandwich,"This is a sandwich that my Dh used to make when he was a kid. Crunchy, gooey and sweet, how can you go wrong. If you have a good nonstick skillet you can skip the butter and just brown it in the dry pan.",https://www.food.com/recipe/grilled-peanut-butter-and-jelly-sandwich-447023,5m,10m,15m,1 serving(s),2   slices    whole grain bread | 2   teaspoons    butter or 2   teaspoons    margarine | 2   tablespoons    peanut butter | 1 -2   tablespoon    jelly or 1 -2   tablespoon    jam,"Spread 1 teaspoon margarine on each slice of bread. On the unbuttered side spread peanut butter on one piece and jelly on the other. Put the peanut butter and jelly sides together. | Heat a skillet on medium high heat until warm. Put the sandwich in the pan, butter side down. Cook until golden grown then turn and brown the other side. Enjoy.","https://img.sndimg.com/food/image/upload/q_92,fl_progressive,w_1200,c_scale/v1/img/recipes/44/70/23/piceqFP76.jpg",Lunch/Snacks,All,"Nuts,Kid Friendly,< 15 Mins,Easy",449.5
Boston Fenway Franks,"I can't believe no one has posted a recipe for these.  I grew up enjoying eating these as much as I enjoyed watching the game.  In my opinion, this is the only way to eat a hot dog...  Go Red Sox!",https://www.food.com/recipe/boston-fenway-franks-340935,3m,10m,13m,"1 hot dog, 1 serving(s)","1      kosher all beef frank | 1   teaspoon   frenches yellow mustard | 1   tablespoon   finely chopped onion | 1   tablespoon   green sweet pickle relish | 1       hot dog bun, cut and buttered on the inside","Grill or Steam the frank. | Grill the bun, cut side down. | Push the cooked frank down into the grilled bun and cover with the condiments in the order given, to taste. | Enjoy!","https://img.sndimg.com/food/image/upload/q_92,fl_progressive,w_1200,c_scale/v1/img/recipes/34/09/35/pic5BQwid.jpg",Lunch/Snacks,All,"Meat,< 15 Mins,Beginner Cook,Easy",347.5
Easy Pizza Muffins,,https://www.food.com/recipe/easy-pizza-muffins-45317,,,,,,,,,,,
Whole-Grain No-Bake Granola Bars,These bars are a healthy on the go snack. My picky kids love them and my even pickier hubby loves them! They taste great warm or cold out of the fridge. Portable and packed with nutrition these bars are perfect for families on the go!,https://www.food.com/recipe/whole-grain-no-bake-granola-bars-192786,20m,,20m,"24 bars, 24 serving(s)","2   cups    puffed brown rice cereal (unsweetened) | 2   cups    old fashioned oats | 1/4  cup    roasted almonds, chopped | 1/4  cup    roasted sunflower seeds | 1/2  cup    shredded coconut | 1/2  cup    dried fruit, chopped | 1/2  cup    peanut butter | 1/2  cup    brown rice syrup or 1/2  cup    honey | 1   teaspoon    vanilla | 1   cup    mini chocolate chip (optional)","Combine cereal, oats, nuts, seeds, coconut and fruit in a large mixing bowl. | Heat the peanut butter, syrup, and vanilla in a small sauce pan until warm. Do not boil. | Pour the peanut butter mixture over the cereal mixture. Mix well while syrup is still warm. I use my hands as they are the best tool for this mixing job! | Pour mixture into a 9x13 pan. | Pack the mixture down firmly with moist fingers or the bottom of another 9x13 pan sprayed with cooking spray. | The chocolate lover should sprinkle on the mini chocolate chips at this point and press them in firmly. | Cover with plastic wrap. | Cool completely. | Cut into 24 bars. | Wrap individually and store in fridge. | I have kept these in the fridge for 2 weeks and they still taste fabulous!","https://img.sndimg.com/food/image/upload/q_92,fl_progressive,w_1200,c_scale/v1/img/recipes/19/27/86/gBpF0ySEWbadMl9FEc8w_untitled-7290.jpg",Breakfast,All,"Lunch/Snacks,Grains,Camping,< 30 Mins,For Large Groups",94.5
Bow Tie Pepperoni Pasta Salad,This is so delicious and quick. This is also great to take to a pot luck. This is very much kid friendly and taste very similar to a pizza.,https://www.food.com/recipe/bow-tie-pepperoni-pasta-salad-162722,5m,10m,15m,10-12 serving(s),16   ounces    bow tie pasta | 1 (3 1/2  ounce) package   pepperoni | 1   cup    Italian salad dressing | 1/2  cup   grated parmesan cheese | 1/2  teaspoon    italian seasoning,"Bring a pot of lightly salted water to a boil. | Add Bow Tie Pasta and cook for 8 to 10 minutes or all dente; drain. | While pasta is boiling, brown pepperoni in skillet until crisp on both sides and place on paper towels to absorb the grease. | Toss pasta with pepperoni, italian dressing, parmesian cheese and italian seasoning.","https://img.sndimg.com/food/image/upload/q_92,fl_progressive,w_1200,c_scale/v1/img/recipes/16/27/22/340Gm57qTuubVLuAWoB3_BOW_TIE_PEPPERONI_PASTA_SALAD_012.jpg",Pork,All,"Meat,Toddler Friendly,Kid Friendly,Brunch,< 15 Mins,Beginner Cook,Easy,Inexpensive",313.4
I-Love-You Scones,"I got this from the Betty Crocker website, and I thought I would post it here for the benefit of anyone who might be looking for recipe ideas for Valentine's Day, a special anniversary, or a romantic breakfast for two. I made them only once (with raspberry preserves and homemade applesauce), and they turned out rather well.  It does require using your hands to shape the dough into heart-shaped scones.  But it's not really all that difficult, and well worth that little extra effort for a romantic occasion.  These aren't terribly sweet scones, so you might want to increase the sugar to about 1/2 cup (or more, to suit your taste preference) for a sweetnees boost.",https://www.food.com/recipe/i-love-you-scones-353869,20m,15m,35m,"9 scones, 9 serving(s)","1       egg | 1/3  cup    milk | 1/4  cup    applesauce | 2   tablespoons    butter or 2   tablespoons    margarine, melted | 1   teaspoon    almond extract | 2   cups    all-purpose flour | 1/2  cup    sliced almonds | 1/3  cup    granulated sugar | 3   teaspoons    baking powder | 1/2  teaspoon    salt | 4 1/2  teaspoons    strawberry preserves or 4 1/2  teaspoons    raspberry preserves | powdered sugar, for dusting","Preheat oven to 400&ordm;.  Lightly grease a baking sheet. | Beat egg slightly in a medium bowl.  Add the milk, applesauce, butter, and almond extract, and stir until well blended.  Add the flour, sliced almonds, sugar, baking powder and salt, and stir just until the batter is moist. | Drop 1/4 cupfuls of dough onto the baking sheet about 3 inches apart.  Dust your fingers with flour and, using your dusted fingers, pat the dough into heart shapes about 3 inches wide and 1/2 inch high. | Dip the back of a spoon into the flour, and use the floured spoon to make a shallow well in the center of each heart. Place 1/2 teaspoon of preserves into each well [I used more like a full teaspoonful of preserves for each scone]. | Bake at 400&ordm; for 12 to 15 minutes or until golden brown.  Remove the scones to a cooking rack. Sprinkle with powdered sugar while still warm. | Serve warm. | TIPS - you can measure the ingredients the night before, so all you do is make and bake on serving day.  Also, you can use vanilla extract instead of the almond extract.","https://img.sndimg.com/food/image/upload/q_92,fl_progressive,w_1200,c_scale/v1/img/recipes/35/38/69/maZf2bfpTDi5fBnFPoBY_DSC03382-2.jpg",Scones,All,"Quick Breads,Breads,Breakfast,Healthy,High In...,< 60 Mins",212.1
Lunch Box Muffins,"These moist, filling muffins are a perfect addition to kids lunches. With oatmeal, banana zucchini they are nutritious and delicious!",https://www.food.com/recipe/lunch-box-muffins-39997,20m,30m,50m,18 muffins,1   cup   shredded zucchini (w/ or w/o skin) | 3 -5      ripe bananas | 1/2  cup   firmly packed brown sugar | 1       egg | 1 1/2  teaspoons    baking soda | 1 1/2  teaspoons    baking powder | 1 1/2  cups    all-purpose flour | 1   cup    quick-cooking oatmeal | 1/2  cup   melted butter | 1/2  teaspoon    salt (optional),"Smash bananas into zucchini to equal 2 1/2 cups, (there should be a few lumps of banana). | Add Sugar and eggs. | Mix in melted butter. | In separate bowl combine dry ingredients. | Add dry to wet and mix until incorporated. | Fill buttered and floured muffin cups 3/4 full. | Bake in 350 oven 20-30 minutes or until toothpick comes clean. | Let rest for 2 minutes. | Remove from pan to cooling racks.","https://img.sndimg.com/food/image/upload/q_92,fl_progressive,w_1200,c_scale/v1/img/recipes/39/99/7/VNzAiRILSLC6SJLbuAOX_1MUFFIN.jpg",Quick Breads,All,"Breads,Lunch/Snacks,Fruit,Vegetable,Kid Friendly,< 60 Mins,Oven,Easy",146.2
Creamy Italian Pasta Salad,If you like simple pasta salads you should try this. I love this in the summer but you could have this any time. I didn't see any other recipes like this that used both dressings so I thought I'd share mine. They really do go well together. This is pretty versatile and you can add any veggies that you'd like.,https://www.food.com/recipe/creamy-italian-pasta-salad-204569,25m,,25m,8 serving(s),"1 (12   ounce) package   tri-color spiral pasta (or pasta of your choice) | 1   cup    Italian salad dressing (I like good seasons) | 1   cup    caesar salad dressing | 1   cup   grated parmesan cheese | 1   medium    tomatoes, seeded and diced | 1   medium    cucumber, peeled and diced | 1       green bell peppers or 1       red bell pepper, seeded and diced","Cook pasta as directed, rinse with cold water and drain well. | In a large bowl, combine rest of ingredients and toss to coat. | Add pasta and toss to coat. | Chill at least 2 hours before serving. | *** If pasta &quot;absorbs&quot; the dressing, you may need to add a little more dressing after chill time before serving.","https://img.sndimg.com/food/image/upload/q_92,fl_progressive,w_1200,c_scale/v1/img/recipes/20/45/69/yWDBwndcThm128J0262T_pastasalad1%20(1%20of%201).jpg",< 30 Mins,All,,468.6
Colorful Fruit Kabobs,"This is basically fruit salad - on a stick! It's a great, healthy side for kids or elderly people who have trouble handling plates. It does take a bit of time to assemble, but the results look stunning at a baby shower, birthday party, or cookout! 
The goal is to make the skewer colors red, orange, yellow, green, blue. You can, however, substitute any fruit you'd like. You can also reverse the order in which you put the fruit on the skewer, and dip the bottom of the strawberry in chocolate. Have fun!",https://www.food.com/recipe/colorful-fruit-kabobs-304813,30m,,30m,"50 skewers, 50 serving(s)","50       strawberries, hulled | 50   pieces    cantaloupe or 50   pieces    mandarin oranges | 50   pieces    pineapple, canned | 50   pieces    kiwi fruits or 50   pieces    honeydew melon | 100       blueberries | 50      bamboo or other disposable skewers (such as plastic)","If using wooden or bamboo skewers, make sure all the splinters are off of them by rolling two together in your hands, or rub them over each other, as if you are sharpening a knife. | Cut the fruit that is not already small into 1-inch, or bite-size, chunks. | First, skewer the strawberry. | Then, skewer the cantelope or orange. | Then, skewer the pineapple. | Then, skewer the kiwifruit or honewdew melon. | Then, finish the skewer with 2 blueberries on the pointed end. Make sure to push them up fairly high, so they don't slip off.","https://img.sndimg.com/food/image/upload/q_92,fl_progressive,w_1200,c_scale/v1/img/recipes/30/48/13/pj647t8oSjGjUBcw8j9K_0S9A5911.jpg",Fruit,All,"Summer,< 30 Mins,For Large Groups,No Cook,Beginner Cook,Easy",38.6
Yogurt Fruit Bars,From the American Diabetes Association. Wonderful and healthy to-go breakfast for kids and adults! Freeze well in individual portions.,https://www.food.com/recipe/yogurt-fruit-bars-128810,10m,45m,55m,8 serving(s),"1 1/2  cups    whole wheat flour | 1   teaspoon    baking soda | 1/2  teaspoon    baking powder | 1   teaspoon    cinnamon | 1/2  teaspoon    ground ginger | 1 (6   ounce) package   mixed dried fruit, coarsely chopped | 1/3  cup   chopped walnuts (optional) | 1   cup    plain fat-free yogurt or 1   cup    low-fat plain yogurt | 1   large    egg | 1/4  cup    apple juice concentrate | 2   tablespoons    oil | nonstick cooking spray","Preheat oven to 350&deg;F. | In a large bowl, mix all dry ingredients.  Add dried fruits and walnuts. | In a medium bowl, combine yogurt, egg, apple juice concentrate, and oil. | Make a well in the center of the dry ingredients and add the wet ingredients until blended. | Coat a 9 X 13 inch pan with vegetable spray, spread batter in pan. | Bake 45-50 minutes or until done.  Cool 10 minutes before slicing. | Slice into 8 servings.  Freeze in individual portions if desired.","https://img.sndimg.com/food/image/upload/q_92,fl_progressive,w_1200,c_scale/v1/img/recipes/12/88/10/ycn3CGSUQOG0GNOp2zKp_DSC_0184-2.jpg",Breakfast,All,"Lunch/Snacks,Grains,Fruit,Kid Friendly,< 60 Mins",202.0
Peanut Butter and Jelly Sushi Rolls,These are so cute--I always make them for the kids when we have sushi.  They think they are getting what we have.,https://www.food.com/recipe/peanut-butter-and-jelly-sushi-rolls-143003,5m,,5m,"8 rolls, 1 serving(s)",2   tablespoons    creamy peanut butter | 2   tablespoons    jelly (pick your favorite) or 2   tablespoons    preserves (pick your favorite) | 2   slices    bread,"Remove crusts from bread. With a rolling pin or large soup can, completely flatten bread. | Spread 1 tablespoon of peanut butter and 1 tablespoon of fruit spread on each slice of bread. | Roll each slice into a tight spiral. Cut each spiral into 4 pieces.","https://img.sndimg.com/food/image/upload/q_92,fl_progressive,w_1200,c_scale/v1/img/recipes/14/30/03/D8A36i9lTq7nroK5mFUt_0S9A3897.jpg",Lunch/Snacks,All,"Fruit,Nuts,Toddler Friendly,Kid Friendly,Halloween,< 15 Mins,Beginner Cook,Easy,Inexpensive",432.4
Snack Stackers (Lunch Box Surprise),"Nothing fancy here.... Our 5 year old loves those Snackables, so I make my own rendition for his snack time at kindergarten. I like it better because I get to choose healthier options like real cheese and organic meats. I use the low sodium crackers or the whole wheat ones.",https://www.food.com/recipe/snack-stackers-lunch-box-surprise-251773,5m,,5m,1 serving(s),1   slice   lunch meat | 1   slice    cheese | 4       Ritz crackers,"Cut 4 (1-1/2-inch) circles out of your choice of lunch meat (use small glass if you don't have a cutter that is that small and cut around it), then cut 4 (1-1/4-inch) stars out of your choice of cheese. | Top each cracker with 1 lunch meat circle and 1 cheese star or place in container and ship off in lunch box.","https://img.sndimg.com/food/image/upload/q_92,fl_progressive,w_1200,c_scale/v1/img/recipes/25/17/73/picW2WtKH.jpg",Lunch/Snacks,All,"Cheese,Meat,Toddler Friendly,Kid Friendly,< 15 Mins,Beginner Cook,Easy",250.7
Recipes,,https://www.food.com/recipe/all/popular?ref=nav,,,,,,,,,,,
Lunch Box Fun-Due,"From Rachel Ray's Yum-O cookbook.  This is a recipe that DD7 picked out to make for us for lunch. :)  It fits my requirement that our lunches be healthy and well-balanced.  She washed and trimmed the strawberries, peeled the carrots, cut up the cheese, mixed the salsa/dressing, and helped assemble the lunches.  A 12 year old could probably make this with just some supervision.  The amounts listed are RR's original amounts, but I think unless you are feeding a grown man, this is too much food.  Adjust amounts to fit the appetite.",https://www.food.com/recipe/lunch-box-fun-due-379849,15m,,15m,1 serving(s),"1/2  cup    turkey breast | 1/2  cup    boiled ham | 1/2  cup    monterey jack cheese or 1/2  cup    American cheese | 2   medium    carrots, peeled | 2       celery ribs | 3   tablespoons    salsa | 3   tablespoons    ranch dressing | 1   slice    angel food cake | 1/2  pint    strawberry, hulled","Cut turkey, ham, and cheese into bite sized cubes.  Cut carrots and celery into sticks.  Place these into lunch box. | Mix salsa and ranch dressing in a small sealable container for dipping savory dippers into. | Cut angel food slice into cubes and place in another container in lunch box. | Puree strawberries with a splash of water or juice in a blender.  Pour into another small sealable container for dipping cake cubes into.  This can also be made with frozen strawberries.","https://img.sndimg.com/food/image/upload/q_92,fl_progressive,w_1200,c_scale/v1/img/recipes/37/98/49/hC8pU0jQ3qu7mp8nQhCl_lunch-fun-due-4.jpg",Lunch/Snacks,All,"Kid Friendly,< 15 Mins,No Cook,Beginner Cook,Easy",706.9
Pink Pinwheels,"I got this recipe from a friend of mine at her baby shower. I played with it a bit to make it my own recipe. They are very addictive appetizers that are the first to disappear off the table. The filling comes out a pretty pink color - thus, the name. :) This recipe could easily be cut in half, doubled, or tripled to meet your needs for your own gatherings! Enjoy!

-- Note: Preparation Time includes refrigeration time.",https://www.food.com/recipe/pink-pinwheels-334509,1h 15m,,1h 15m,16 serving(s),"8   ounces    light cream cheese (softened) | 4   ounces    97% fat-free cooked ham, diced  (I use the kind that comes already diced in a bag) | 1   tablespoon    salsa | 1   tablespoon    light sour cream | 8 -10       tortillas","Place cream cheese in food processor and pulse a few times. | Add diced ham and pulse until the ham is well mixed with the cream cheese. (The mixture should start to become pink.). | Add salsa, pulse until entire mixture is pink. | Add sour cream, blend until entire mixture is smooth. | Take each tortilla and spread the mixture evenly over one side. (Amount will change depending on size of tortilla - use what you see fit!) | Roll tortilla up tightly, wrap in foil. | Repeat this with every tortilla. | Place wrapped tortillas in fridge and leave there for at least an hour. (Overnight will make them much better, trust me!) :-). | Take tortillas out and slice each into 1/2 in-1 in pieces, laying down on an appetizer tray horizontally. | Enjoy!","https://img.sndimg.com/food/image/upload/q_92,fl_progressive,w_1200,c_scale/v1/img/recipes/33/45/09/picu1mVCU.jpg",Cheese,All,"Kid Friendly,Potluck,For Large Groups,Beginner Cook,< 4 Hours,Easy,Inexpensive",155.6
Tea Room Tuna Salad,Tuna salad recipe from a tea room in Missouri. Not your average tuna salad--it's delicious used on tuna melts.,https://www.food.com/recipe/tea-room-tuna-salad-20798,10m,,10m,2 serving(s),"1 (6   ounce) can   tuna in water | 1   tablespoon    mayonnaise | 3   tablespoons    French dressing (preferably Ott's) | 1   stalk    green onion, chopped | 1/2  cup   chopped pecans | 1   stalk    celery, finely chopped",Combine all ingredients in a bowl and chill for at least 30 minutes. | For Tuna Melt: Grill tuna salad on rye bread with a slice of Swiss cheese.,"https://img.sndimg.com/food/image/upload/q_92,fl_progressive,w_1200,c_scale/v1/img/recipes/20/79/8/Tkk0PdEYTOi17qhcqiYB_tuna salad-2.jpg",Lunch/Snacks,All,"Tuna,Kid Friendly,< 15 Mins,No Cook,Easy,Inexpensive",417.8
Club Wrap,This wrap is great even on whole grain bread or sourdough! Add you favorite condiment but make sure its low fat to fat free!,https://www.food.com/recipe/club-wrap-222855,5m,,5m,"1 Wrap or Sandwich, 1 serving(s)","1   large    whole wheat tortilla | mustard or   ranch dressing | 2   slices    cooked bacon | sliced tomatoes | spinach or   lettuce, shredded | 1   slice    ham | 1   slice    turkey | 2   slices    cheese","Streak the tortilla with a bit of your fav sandwich dressing. | Top with lettuce, then tomato. Lay down you meats and then top it off with the cheese. | Wrap, slice in 1/2 and bag it up! | Great Heated UP! or Made HOt!","https://img.sndimg.com/food/image/upload/q_92,fl_progressive,w_1200,c_scale/v1/img/recipes/22/28/55/M5VOfkYQESd0eN7LdGcg_222-club-wrap.jpg",Lunch/Snacks,All,"< 15 Mins,Easy",462.6
Evacuation Tuna & Pasta Salad,"Living on the coast we are sometimes forced to evacuate during hurricane season. Put this salad in a covered bowl and throw it in the cooler. It's an entire meal in one bowl and it's easy to serve. Dish it up into a cup and you can eat it in the car, camper or motel room in our case! That's why we call it ""Evacuation Tuna & Pasta Salad""!",https://www.food.com/recipe/evacuation-tuna-pasta-salad-25840,30m,15m,45m,8 serving(s),"3   cups    rotelle pasta, cooked rinsed & drained  (pasta shells or elbow macaroni works well too!) | 3       hard-boiled eggs, chopped | 1 (12   ounce) can   solid white tuna, drained & flaked | 3/4  cup   of shredded 4 blend Mexican blend cheese or 3/4  cup    cheddar cheese | 3/4  cup   chopped celery | 1/4  cup   chopped onion | 1/2  cup    roasted red pepper, sold in a jar or you can roast your own | 1 (8   ounce) can   lima beans, drained | 3/4-1   cup    mayonnaise | 1/2      lemon, juice of | 1   teaspoon    sugar | 1/2  teaspoon    black pepper | 1/2  teaspoon    paprika | salt (we feel salt isn't needed)",Combine salad ingredients in a large bowl. | In a seperate bowl combine dressing ingredients and mix well. | Pour dressing over salad ingredients and mix together.,"https://img.sndimg.com/food/image/upload/q_92,fl_progressive,w_1200,c_scale/v1/img/recipes/25/84/0/F8ho9lkFReePsESqlMGk_evaculation%20tuna%20SITE-2.jpg",Tuna,All,"Summer,< 60 Mins,Easy",317.1
Peanut Butter and Jelly Puffs for Small (And Big) Kids,"My kids love these! They also love to help me make them. I let them put the dollops of peanut butter and jelly inside. What fun, and yummy too!",https://www.food.com/recipe/peanut-butter-and-jelly-puffs-for-small-and-big-kids-163451,25m,15m,40m,"12-14 Puffs, 4 serving(s)",1 (10   ounce) can  refrigerated pizza dough | 1/4  cup    peanut butter | 1/4  cup    jelly | 1   tablespoon    cinnamon-sugar mixture (optional),"Preheat oven to 375&deg;F. | Roll out pizza dough on a lightly floured surface to 1/8 -inch thickness. Using a round cookie cutter or glass 3-inches in diameter, cut circles of dough (re-roll leftover dough). | Place 1/2 teaspoon each of peanut butter and jelly in the center of each circle – do not spread. Wrap dough around filling and pinch shut. Place seam side down on a greased cookie sheet. Brush tops lightly with water or an egg wash, (1 egg beaten with 1 tablespoon water). If desired, sprinkle cinnamon and sugar on top before baking. | Bake for 15 to 17 minutes until lightly browned. Serve warm. Let cool at least 10 minutes before serving; jelly gets extremely hot. To reheat, place in microwave oven on medium heat, about 5 seconds per puff.","https://img.sndimg.com/food/image/upload/q_92,fl_progressive,w_1200,c_scale/v1/img/recipes/16/34/51/glliD45sT2YTxTYtGrHX_0S9A0257.jpg",Lunch/Snacks,All,"Toddler Friendly,Kid Friendly,< 60 Mins,Easy",150.7
Linda's Green Eggs and Ham Appetizers,"These are GREAT around the holidays to bring, especially to a Halloween, Christmas, Easter or St. Patrick's Day Party!!!  Cooking time is time it takes to make your hard boiled eggs.",https://www.food.com/recipe/lindas-green-eggs-and-ham-appetizers-260558,10m,25m,35m,12 egg halves,"2   teaspoons    green food coloring | 6       eggs, hard boiled, peeled, cut in half, cooled, and yolks mashed in a bowl | 1/4  cup    mayonnaise, plus | 2   teaspoons    mayonnaise (I use Cain's) | 1   tablespoon    yellow mustard, plus | 1   teaspoon    yellow mustard (I use French's) | 1/4  cup   cooked country ham, finely chopped  (I use left over smoked shoulder) | black pepper, to taste | 4   tablespoons    green peppers, finely chopped  (optional) | 4   tablespoons    carrots, finely chopped  (optional) | onion, finely chopped, to taste  (optional)","Pour the green food coloring in a bowl and gently roll the egg white halves in it. Your fingers will turn very green unless you use surgical gloves. | Place the whites, hollow side down on a cake rack over a plate or tray to allow to drip-dry. | While whites dry, mix the thoroughly mashed yolks with mayonnaise, mustard, and finely chopped ham. | Season with pepper to taste. No salt is needed as ham is salty. | Add green pepper, carrots, or onion, if using, and mix well. | Before filling the whites, gently dab the green egg halves with paper towels to remove excess food coloring. | When filled place in egg tray or a dish, cover with saran wrap, and chill until serving time.","https://img.sndimg.com/food/image/upload/q_92,fl_progressive,w_1200,c_scale/v1/img/recipes/26/05/58/GJg82guSvmLfjmqJHJaf_green-ham-and-eggs-3.jpg",Ham,All,"Pork,Meat,Christmas,Halloween,St. Patrick's Day,< 60 Mins",44.0
Banana Carrot Muffins,"These muffins are INCREDIBLE. What a great way to get fruits AND veggies. My seven year old is in love--and the dog ran off with a pan full, too!",https://www.food.com/recipe/banana-carrot-muffins-54284,10m,35m,45m,24 muffins,"1   cup    sugar | 4       eggs, large | 5       bananas | 1/3  cup    orange juice | 1 (16   ounce) can   carrots, drained  or 2   cups   grated carrots | 4   cups    flour | 2   teaspoons    baking soda | 1   teaspoon    salt | 1   cup    Crisco, butter flavored","Preheat oven to 350&deg;F. | In medium bowl, combine flour, soda and salt. | In large bowl, cream Crisco and sugar. | Mix in eggs and juice. | Using a fork or an old fashioned potato masher, mash carrots and bananas thoroughly. | Mix the carrots and bananas into the egg-sugar mix. | Stir in dry mix; stir only to moisten. | Put in lined muffin tins. | Bake at 350&deg;F for approximately 30 minutes, until light golden. | To bake in microwave, bake approximately 5 minutes at 50% power for a high powered microwave; 7 minutes at 70% power for low powered microwave.","https://img.sndimg.com/food/image/upload/q_92,fl_progressive,w_1200,c_scale/v1/img/recipes/54/28/4/G667KuaRTtOWebNDroag_0S9A7514.jpg",Quick Breads,All,"Breads,Breakfast,Lunch/Snacks,Grains,Citrus,Tropical Fruits,Fruit,Vegetable,Toddler Friendly,Kid Friendly,Sweet,Brunch,Microwave,< 60 Mins,Oven,Beginner Cook,Easy,Inexpensive",226.7
Crock Pot White Chicken Chili,"This white chicken chili recipe is adapted from a Betty Crocker slow cooker recipes cookbook. I often use frozen chicken breasts, and it can also be prepared conventionally on the stove top. Great comfort food!",https://www.food.com/recipe/crock-pot-white-chicken-chili-114789,5m,10h,10h 5m,8 serving(s),1 1/4  lbs    boneless skinless chicken | 2 (15   ounce) cans   great northern beans or 2 (15   ounce) cans   navy beans | 1 (15   ounce) can   hominy or 1 (15   ounce) can   white corn | 1 (1 1/4  ounce) envelope   taco seasoning | 1 (4 1/2  ounce) can  of chopped green chilies | 1 (10 3/4  ounce) can   condensed cream of chicken soup | 1 (14   ounce) can   chicken broth | 1/2  cup    sour cream | chopped green onion (optional) | monterey jack cheese (optional),"Place chicken in a 4 quart slow cooker. | Top with beans and corn. | In a medium bowl, combine taco seasoning, chiles, condensed soup, and chicken broth. Pour over top of ingredients in the crock pot. | Cover and cook on low for 8 to 10 hours. | Before serving, stir gently to break up chicken, then stir in the sour cream. | Serve topped with green onions and jack cheese, if desired.","https://img.sndimg.com/food/image/upload/q_92,fl_progressive,w_1200,c_scale/v1/img/recipes/11/47/89/ISH9RfKLSNamLhE1Wf6e_314-crock-pot-white-chicken-chili.jpg",One Dish Meal,All,"Chicken Breast,Chicken Thigh & Leg,Chicken,Poultry,Beans,Meat,Winter,Beginner Cook,Stove Top,Easy,Inexpensive",302.6
Chicken Tikka Masala,"This recipe appeared in the Chicago Tribune on 4/17/02. The dish has turned out to be extremely popular but be advised that it's very spicy when the recipe proportions are adhered to. Unless you want a super-hot dish, I recommend cutting back on the ground red pepper in the marinade. It may also be a good idea to remove the seeds and veins from the jalape&ntilde;o chile in the sauce.",https://www.food.com/recipe/chicken-tikka-masala-25587,1h 30m,30m,2h,4 serving(s),"1 1/2  lbs    boneless skinless chicken, cut in 1 inch cubes | 1   cup    plain yogurt | 2   tablespoons    lemon juice | 2   teaspoons    ground cumin | 2   teaspoons    ground red pepper | 2   teaspoons    black pepper | 1   teaspoon    cinnamon | 1   teaspoon    salt | 1   piece    minced ginger (1-inch long) | 6       bamboo skewers (6-inch) | 1   tablespoon    unsalted butter | 2       garlic cloves, minced | 1       jalapeno chile, minced | 2   teaspoons    ground coriander | 1   teaspoon    ground cumin | 1   teaspoon    paprika | 1   teaspoon    garam masala (buy in Indian market) | 1/2  teaspoon    salt | 1 (8   ounce) can   tomato sauce | 1   cup    whipping cream | 1/4  cup   chopped fresh cilantro","Soak bamboo skewers in water. | Thread chicken on skewers, and marinate (in the refrigerator) for an hour or so. | Discard marinade. | For sauce, melt butter on medium heat. | Add garlic &amp; jalapeno; cook 1 minute. | Stir in coriander, cumin, paprika, garam masala &amp; salt. | Stir in tomato sauce. | Simmer 15 minutes. | Stir in cream; simmer to thicken- about 5 minutes. | Grill or broil chicken, turning occasionally, to cook through- about 8 minutes. | Remove chicken from skewers; add to sauce. | Simmer 5 minutes. | Garnish with cilantro Serve with basmati rice, naan or pita bread. | Note: You can make your own garam masala. McCormick also makes garam masala; it's available in super markets.","https://img.sndimg.com/food/image/upload/q_92,fl_progressive,w_1200,c_scale/v1/img/recipes/25/58/7/NxufAx8GTP2G3zUhgxyc_THE%20FOOD%20GAYS%20-%20CHICKEN%20TIKA.jpg",Chicken,All,"Poultry,Meat,Asian,Indian,Weeknight,< 4 Hours",499.1
Traditional Irish Shepherd's Pie,"Posting this per a request.  I've said it once and I'll say it again there is nothing Irish about Corned Beef and Cabbage, but Shepherd's Pie has always been and still is a staple of traditional Irish cooking.  This is a really easy, but tasty recipe that the whole family will enjoy.  It's nutritionally sound with all the major food groups represented.  The British use lamb in their Shepherd's Pie, but we've always used beef.  Do whatever you prefer or even try turkey if you're watching fat content.  This sauce is lovely and rich and should go well with any meat.  You can use fresh or leftover mashed potato.  I usually use 3 tbsp of ketchup instead of the 2tbsp of tomato paste as I like the hint of sweetness, but traditionally the paste would be more sound! You can also make individual pies which are always a hit with the kids.  This freezes beautifully too, so make two and save one! Just let it defrost and glaze with the egg and pop into the oven as directed.  Enjoy! :)",https://www.food.com/recipe/traditional-irish-shepherds-pie-302120,20m,20m,40m,"1 pie, 4-6 serving(s)","1   tablespoon    olive oil | 1   teaspoon    black pepper | 1   lb    lamb or 1   lb    ground beef | 1   large    onion, finely diced | 3 -4   large    carrots, finely diced | 1   cup    frozen peas | 3 -4   sprigs    fresh thyme, finely chopped | 2   tablespoons    flour | 1   tablespoon    butter | 1   glass    red wine | 2   tablespoons    tomato paste | 2   tablespoons    Worcestershire sauce | 1   cup    chicken stock | 1   large   quantity mashed potatoes (estimating 1L or 6 cups, fresh or leftover) | 1       egg, beaten | grated parmesan cheese (optional)","Pre-heat oven to 200C/400&deg;F. | Saute carrots in the olive oil until starting to get tender. | Add in the onions and saute for a minute or two then add the meat. | Season with black pepper and thyme. | Cook until browned then drain fat. | Add the butter and peas. | Sprinkle with flour and stir through. | Add tomato paste, wine and Worcestershire sauce. | Let this reduce slightly then add the chicken stock. Allow to reduce down until you have a thick meaty gravy. Season to your taste. | Remove from heat. Grease an oven proof dish** (9x13 works for me, as does an oval baker) with butter and add the sauce. | Spoon or pipe the mashed potatoes over top. Brush with egg and sprinkle with Parmesan cheese if using. | Bake for about 20 minutes or until the potato is nice and browned on top. | Serve as is or with some crusty bread to mop up that yummy sauce!","https://img.sndimg.com/food/image/upload/q_92,fl_progressive,w_1200,c_scale/v1/img/recipes/30/21/20/LYpurGNlQvWQfP1Ueyjf_0S9A8345.jpg",One Dish Meal,All,"Meat,European,Kid Friendly,St. Patrick's Day,< 60 Mins,Oven,Inexpensive",387.2
Award Winning Chili,"My husband and I created this recipe together. He won a chili cook-off with this recipe at work. We always use venison, but you can use ground beef or turkey.",https://www.food.com/recipe/award-winning-chili-105865,15m,2h,2h 15m,6 serving(s),"1   lb    ground beef or 1   lb    ground turkey | 2       onions, diced | 1       green pepper, diced | 1   tablespoon    jalapeno, finely chopped | 1 (14   ounce) can   Mexican-style tomatoes (like Rotel) | 2 (8   ounce) cans   tomato sauce | 2   tablespoons    cumin | 2   tablespoons    chili powder | 1   teaspoon    salt | 1/2  teaspoon    cayenne pepper | 1/2  teaspoon    paprika (smoked if you can find it) | 1 (14   ounce) can   kidney beans, drained and rinsed | 1 (14   ounce) can   black beans, drained and rinsed | 1   cup    water | sour cream | cheddar cheese | green onion","In a medium Dutch oven over medium-high heat add the olive oil. Add the ground meat and cook, breaking up into pieces, until browned. Add the onions, bell pepper and jalapeno and cook until softened. Drain excess grease. | Add the tomatoes, tomato sauce, cumin, chili powder, salt, cayenne, paprika and 1 cup water. Mix to combine. | Add the kidney beans and black beans, mix and bring to a simmer. Cover and cook for 1-2 hours. | Serve with desired toppings.","https://img.sndimg.com/food/image/upload/q_92,fl_progressive,w_1200,c_scale/v1/img/recipes/10/58/65/G9Ez7rFmQOmtdHERTPgK_AWC%204%20-%20final_2.png",Black Beans,All,"Beans,Meat,Low Cholesterol,Healthy,< 4 Hours,Easy,Inexpensive",300.6
"Pulled Pork BBQ,  BBQ Rub, and BBQ Sauce","Make and share this Pulled Pork BBQ,  BBQ Rub, and BBQ Sauce recipe from Food.com.",https://www.food.com/recipe/pulled-pork-bbq-bbq-rub-and-bbq-sauce-94781,30m,6h,6h 30m,"8-9 lbs., 40 serving(s)",2 -6   lbs    pork butt | 1   cup    brown sugar | 2   tablespoons    garlic salt | 2   tablespoons    onion powder or 1   tablespoon    onion salt | 2   tablespoons    dry mustard | 3   teaspoons    cayenne pepper (or Less if you like) | 2   teaspoons    black pepper | 2   teaspoons    salt | 1   cup    brown sugar | 1   cup    ketchup | 1/2  cup    tomato sauce | 1   cup    molasses | 1/2  cup    A.1. Original Sauce | 1/4  cup    Worcestershire sauce | 2   teaspoons    hot sauce | 2   teaspoons    lemon juice,"Place Dry rub ingredients in a large Ziplock Bag and mix well. | Rinse Pork Buttes and sprinkle heavily with the Dry Rub,&amp; using a Knife, poke some holes over entire surface of the Pork. | Make sure Buttes are well coated with the rub. | Place in a large container covered with saran wrap and refrigerate Buttes for 8 hours or over night. | Add all the Sauce ingredients in a sauce pan and bring to a boil, stirring constantly so it doesn't stick. | Let sauce cool and either pour into a Quart jar or some kind of seal able container. | This Sauce will Keep at least 6 Months if kept sealed and in the fridge. | 8 hours later or the next day, Preheat oven to 300 degrees. | Place Butts in the oven uncovered for 6 hours.  Test to see if the Pork pulls apart after 6 hours.  If not, continue cooking until it does. | Pork will be dark and crusty on the outside. | Inside will be moist and delicious. | After the Pork is Pulled, Pour your Sauce over it and mix well. | This makes a lot of BBQ and I usually Freeze Half. | Freeze up to 6 months. | Serve BBQ on a Bun or just eat it with a fork! | Enjoy!","https://img.sndimg.com/food/image/upload/q_92,fl_progressive,w_1200,c_scale/v1/img/recipes/94/78/1/q3wSvNICT6aXn1K7FuyY_IMG_4594%20bbq%20pork%20sandwich.jpg",Pork,All,"Meat,Free Of...,For Large Groups",129.7
Loaded Potato and Buffalo Chicken Casserole,Make and share this Loaded Potato and Buffalo Chicken Casserole recipe from Food.com.,https://www.food.com/recipe/loaded-potato-and-buffalo-chicken-casserole-493413,15m,1h,1h 15m,4-5 serving(s),"2   lbs    boneless skinless chicken breasts, cut into 1/2-inch cubes | 8 -10   medium    potatoes, cut into 1/2-inch cubes  (I leave the skin on) | 1/3  cup    olive oil | 1 1/2  teaspoons    salt | 1   tablespoon    fresh ground pepper | 1   tablespoon    paprika | 2   tablespoons    garlic powder | 6   tablespoons    hot sauce | 2   cups   fiesta Mexican blend cheese or 2   cups    monterey jack and cheddar cheese blend | 1   cup   crumbled cooked bacon | 1   cup   diced green onion","Preheat oven to 500F (This is NOT a typo, 500F is correct!) . | In a large bowl mix together the olive oil, hot sauce, salt, pepper, garlic powder &amp; paprika. | Add the potatoes and stir to coat. | Add the potatoes to a greased baking dish. | When scooping the potatoes into the baking dish, leave behind any extra olive oil/hot sauce mix. | Add the diced chicken to the &ldquo;left behind&rdquo; olive oil/hot sauce mix and stir to coat all the chicken.  Allow to marinate as the potatoes bake. | Roast the potatoes for 45-50 minutes, stirring every 10-15 minutes, until cooked through and nice and crispy on the outside. | Once the potatoes are fully cooked add the marinated chicken. | Once the potatoes are fully cooked, remove from the oven and lower the oven temperature to 400&deg;F. | In a large bowl mix all the topping ingredients together. | Top the raw chicken with the topping. | Bake 15 minutes or until until the chicken is cooked through and the topping is melted and bubbly delicious. | Serve with extra hot sauce and/or ranch dressing.","https://img.sndimg.com/food/image/upload/q_92,fl_progressive,w_1200,c_scale/v1/img/recipes/49/34/13/c9HvoSAVQ86y2PgJfYsO_buffalo casserole SITE-2.jpg",Vegetable,All,"Meat,Toddler Friendly,Kid Friendly,Weeknight,< 4 Hours,Easy",1138.3
Lemon Baked Cod,Make and share this Lemon Baked Cod recipe from Food.com.,https://www.food.com/recipe/lemon-baked-cod-135272,10m,25m,35m,4 serving(s),"1   lb    cod fish fillet | 1/4  cup    butter or 1/4  cup    margarine, melted | 2   tablespoons    lemon juice | 1/4  cup    all-purpose flour | 1/2  teaspoon    salt | 1/8  teaspoon    white pepper | paprika","If fish fillets are large, cut into serving pieces. | Mix butter and lemon juice. | In another bowl, mix flour, salt and white pepper. | Dip fish into butter mixture; coat fish with flour mixture. | Place fish in ungreased square baking dish, 8x8x2 inches. | Pour remaining butter mixture over fish; sprinkle with paprika. | Cook uncovered in 350 degree oven until fish flakes easily with fork, 25-30 minutes.  Garnish with parsley sprigs and lemon slices if desired.","https://img.sndimg.com/food/image/upload/q_92,fl_progressive,w_1200,c_scale/v1/img/recipes/13/52/72/aML6ha46QVqfQuw5Fgu5_THE%20FOOD%20GAYS%20-%20BAKED%20LEMON%20COD.jpg",Norwegian,All,"Scandinavian,European,< 60 Mins,Oven,Easy",225.3
Garlic and Oregano Stove Top Chicken,"This chicken is basted inside and out with the flavor of garlic-oregano butter. It's simple, with ingredients most people have on-hand, and it goes equally well with potatoes, rice, or pasta. A good weeknight meal!",https://www.food.com/recipe/garlic-and-oregano-stove-top-chicken-85373,20m,30m,50m,2 serving(s),"1       garlic clove, minced | 1/4  teaspoon    salt | 4   tablespoons    butter, softened | 1   teaspoon    dried oregano | 1/4  teaspoon    cayenne pepper | 2      bone-in chicken breasts, with skin | 1 -2   tablespoon    olive oil","Combine butter, garlic, salt, oregano and cayenne pepper. | Cut a 2-inch long pocket horizontally in chicken breasts, cutting deeply but not all the way through. | Put a tablespoon of the butter mixture into each pocket, being sure to get it all the way down in there. | In a large skillet, heat olive oil. | Cook chicken, skin side down, uncovered,until well-browned, about 10 minutes. | Turn chicken and cover skillet, then cook until chicken is cooked through, another 10 to 15 minutes. | Uncover, spread the remaining garlic-oregano butter on the chicken and turn chicken once more skin-side down. | Cover and brown for another 5 to 10 minutes.","https://img.sndimg.com/food/image/upload/q_92,fl_progressive,w_1200,c_scale/v1/img/recipes/85/37/3/LKFyFyeoS9WjtGPV4XI4_garlic-oregano-chicken-breasts-9500.jpg",Chicken Breast,All,"Chicken,Poultry,Meat,Very Low Carbs,High Protein,High In...,< 60 Mins,Stove Top,Easy,Inexpensive",517.0
Jo Mama's World Famous Spaghetti,"My kids will give up a steak dinner for this spaghetti. It is a recipe I have been perfecting for years and it is so good (if I may humbly say) that my kids are disappointed when they eat spaghetti anywhere else but home! In fact they tell me I should open a restaurant and serve only this spaghetti and garlic bread. In response to requests, I have posted the recipe for Recipe #28559 that uses approximately 1/2 of the sauce from this 
recipe. Have spaghetti one night and lasagna later!  Thanks to all of you who have tried my recipe and have written a review.  I read and appreciate every one of them!  Chef Note:  After I posted this recipe I remembered a funny incident--my dear husband usually has a nice bottle of wine handy so when I make a batch of spaghetti I just help myself to a splash of it. On one occasion, there wasn't a bottle opened, but there was a bottle sitting on the counter so I got out the corkscrew and helped myself. For some reason, the spaghetti that night was the best ever. My husband asked what wine I put in it and I showed him the bottle. He nearly fell off the chair. I had opened a rather expensive bottle he had bought to give his boss. Goes to show you--don't use a wine for cooking you wouldn't drink. You get the best results from a good wine!",https://www.food.com/recipe/jo-mamas-world-famous-spaghetti-22782,20m,1h,1h 20m,"4 quarts, 10-14 serving(s)","2   lbs    Italian sausage, casings removed  (mild or hot) | 1   small    onion, chopped  (optional) | 3 -4       garlic cloves, minced | 1 (28   ounce) can   diced tomatoes | 2 (6   ounce) cans   tomato paste | 2 (15   ounce) cans   tomato sauce | 2   cups    water (for a long period of simmering for flavors to meld. If you don't want to simmer it as long, add less) | 3   teaspoons    basil | 2   teaspoons    dried parsley flakes | 1 1/2  teaspoons    brown sugar | 1   teaspoon    salt | 1/4-1/2  teaspoon    crushed red pepper flakes | 1/4  teaspoon    fresh coarse ground black pepper | 1/4  cup    red wine (a good Cabernet!) | 1   lb    thin spaghetti | parmesan cheese","In large, heavy stockpot, brown Italian sausage, breaking up as you stir. | Add onions and continue to cook, stirring occasionally until onions are softened. | Add garlic, tomatoes, tomato paste, tomato sauce and water. | Add basil, parsley, brown sugar, salt, crushed red pepper, and black pepper. | Stir well and barely bring to a boil. | Stir in red wine. | Simmer on low, stirring frequently for at least an hour.  A longer simmer makes for a better sauce, just be careful not to let it burn! | Cook spaghetti according to package directions. | Spoon sauce over drained spaghetti noodles and sprinkle with parmesan cheese.","https://img.sndimg.com/food/image/upload/q_92,fl_progressive,w_1200,c_scale/v1/img/recipes/22/78/2/xy39o2sOTtudkgyDgZtv_spaghettisauce.jpg",Spaghetti,All,"Pork,Meat,European,Kid Friendly,Weeknight,Stove Top,< 4 Hours,Easy",555.9
Southern Buttermilk Biscuits,"These buttermilk biscuits are authentic. This recipe came from my great-great-grandmother, and was handed down to all the women in my family, and we are all Southern. I am the first one to commit the sin of using a food processor (lol) but I find it works very well. I would put these biscuits up against anyone's - they are perfect in every single way. I hope you all enjoy them.",https://www.food.com/recipe/southern-buttermilk-biscuits-26110,10m,12m,22m,10 biscuits,"2   cups    unbleached all-purpose flour, plus more for dusting the board  (if you can get White Lily flour, your biscuits will be even better) | 1/4  teaspoon    baking soda | 1   tablespoon    baking powder (use one without aluminum) | 1   teaspoon    kosher salt or 1   teaspoon    salt | 6   tablespoons    unsalted butter, very cold | 1   cup    buttermilk (approx)","Preheat your oven to 450&deg;F. | Combine the dry ingredients in a bowl, or in the bowl of a food processor. | Cut the butter into chunks and cut into the flour until it resembles course meal. | If using a food processor, just pulse a few times until this consistency is achieved. | Add the buttermilk and mix JUST until combined. | If it appears on the dry side, add a bit more buttermilk. It should be very wet. | Turn the dough out onto a floured board. | Gently, gently PAT (do NOT roll with a rolling pin) the dough out until it's about 1/2&quot; thick. Fold the dough about 5 times, gently press the dough down to a 1 inch thick. | Use a round cutter to cut into rounds. | You can gently knead the scraps together and make a few more, but they will not be anywhere near as good as the first ones. | Place the biscuits on a cookie sheet- if you like soft sides, put them touching each other. | If you like&quot;crusty&quot; sides, put them about 1 inch apart- these will not rise as high as the biscuits put close together. | Bake for about 10-12 minutes- the biscuits will be a beautiful light golden brown on top and bottom. | Do not overbake. | Note: The key to real biscuits is not in the ingredients, but in the handling of the dough. | The dough must be handled as little as possible or you will have tough biscuits. | I have found that a food processor produces superior biscuits, because the ingredients stay colder and there's less chance of overmixing. | You also must pat the dough out with your hands, lightly. | Rolling with a rolling pin is a guaranteed way to overstimulate the gluten, resulting in a tougher biscuit. | Note 2: You can make these biscuits, cut them, put them on cookie sheets and freeze them for up to a month. | When you want fresh biscuits, simply place them frozen on the cookie sheet and bake at 450&deg;F for about 20 minutes.","https://img.sndimg.com/food/image/upload/q_92,fl_progressive,w_1200,c_scale/v1/img/recipes/26/11/0/DmfK6TnxRUqzDwn2P4tb_batch23-7025.jpg",Breads,All,"High In...,< 30 Mins,Oven",162.6
Properly Prepared Spaghetti Squash,"This recipe can be substituted in ANY pasta sauce or recipe, and it can be eaten hot or cold. Very versatile main or side dish - and very hard to screw up.",https://www.food.com/recipe/properly-prepared-spaghetti-squash-162765,15m,50m,1h 5m,4 serving(s),1       spaghetti squash | 1   head    garlic | salt | pepper | olive oil | vegetable oil | meat or   cheese,"Preheat oven to 350-375. | Halve raw spaghetti squash with a sturdy sharp knife, scoop out, and discard the squash poop with a spoon. | Place halves onto an oven safe cooking dish face up. | Clean head of garlic and thinly slice garlic, (the larger pieces of garlic brown nicely, and offer a wonderful layer of complexity to the dish). | Spread garlic into the bowl like shape of the squash, salt and pepper vigorously, drizzle with a 50/50 mixture of olive oil, and vegetable oil (get the oil everywhere inside the squash). | Place onto the upper middle rack of the oven for about 30-40 minutes. (You will know it is ready when the squash separates with little resistance from the skin). | Remove from oven, and place in coldest location possible for at least 20 minutes, before separating from skin. | Use a fork to scoop and separate squash strands, add any other ingredients you like at this point. | Parmesan, Romano, or Pecorino, Feta, are all excellent additions to this dish, as well as, meat, sausage, veggies, olives, the list is endless. | WARNING **** If you use a loose tomato based sauce DO NOT add it immediately  to the squash; this makes the squash runny, mushy, and unpalatable. Instead garnish the dish with a little bit of sauce atop the squash, and then offer more sauce on the side, in a separate dish. | If you ever had it served this way you know what I mean. | You can also take any leftovers and add a little bit of flour, and make into patties and fry.","https://img.sndimg.com/food/image/upload/q_92,fl_progressive,w_1200,c_scale/v1/img/recipes/16/27/65/igx6WO7FR1ebiQ7aszvH_THE%20FOOD%20GAYS%20-%20SQUASH.jpg",One Dish Meal,All,"Vegetable,European,Low Protein,Vegan,Low Cholesterol,Egg Free,Healthy,Free Of...,Potluck,Brunch,Oven,Beginner Cook,< 4 Hours,Easy,Inexpensive",45.8
Skillet Tarragon Chicken,This delicious chicken and easy creamy tarragon wine sauce cook right on the stove top. People will think you went to culinary school to learn how to make something this good! Do not worry about the cream in here. It is only 1/4 cup divided between 6 people. Just enough to give you that smooth creaminess you have been craving! Oh MY this is so good! We love this over some simple white or brown rice with a green salad on the side. Oh and the rest of that bottle of wine! hehee Enjoy!,https://www.food.com/recipe/skillet-tarragon-chicken-253068,10m,20m,30m,6 serving(s),"6       boneless skinless chicken breasts (can use bone in but adjust time) or 6       boneless skinless chicken thighs (can use bone in but adjust time) | salt, to taste | pepper, to taste | 1/4  cup    all-purpose flour | 1/4  cup    butter | 1   tablespoon    onion, finely chopped | 1/4  cup    dry white wine | 1/2  teaspoon    dried tarragon | 3/4  cup    chicken broth | 1/4  cup    heavy cream","Sprinkle chicken with salt and pepper and dredge in flour. Set aside remaining flour. | Heat 3 tablespoons of butter over medium heat in large skillet and brown chicken on both sides. Remove chicken and keep warm. | Saute onion in same skillet until it begins to become clear. | Add wine and cook until liquid is almost evaporated, stirring to loosen browned bits (deglaze) on bottom of skillet. Watch closely- this happens fast! | Reduce heat to medium-low and stir in reserved flour until it becomes a thick paste. | Add tarragon, chicken broth and the cooked chicken.  Cover and cook until tender. | Place chicken on a warm platter. | Add remaining butter and heavy cream to the liquid that is in the skillet and heat through. | Pour sauce over the chicken and garnish with a little more tarragon or some chopped fresh parsley or green onion if desired.","https://img.sndimg.com/food/image/upload/q_92,fl_progressive,w_1200,c_scale/v1/img/recipes/25/30/68/fo5M5VKQTlCk8HFxcfO9_THE%20FOOD%20GAYS%20--%20TERAGON%20CHICKEN_.jpg",Chicken Breast,All,"Chicken Thigh & Leg,Chicken,Poultry,Meat,Very Low Carbs,Brunch,< 30 Mins,Easy,Inexpensive",269.5
Oven-baked Parmesan Chicken Strips,"These are so fast and just plain delicious as either an entree or an appetizer. The aroma is just like pizza as they're baking, very tempting! They're nice with a marinara dipping sauce, but I actually like them plain, with garlic bread and a salad. And if you line your baking sheet with foil, clean-up is a snap!",https://www.food.com/recipe/oven-baked-parmesan-chicken-strips-94907,15m,20m,35m,2-3 serving(s),"2   large    boneless skinless chicken breasts, cut into 8 to 10 strips | 1/4  cup    milk | 1       egg, beaten | 2/3  cup    parmesan cheese, grated | 2/3  cup    plain breadcrumbs (like Progresso) | 1/4  teaspoon    onion powder | 1/4  teaspoon    garlic powder | 3/4  teaspoon    dried thyme | 1 1/2  teaspoons    dried basil | 1/4  teaspoon    black pepper | 1   teaspoon    paprika","Spray a baking sheet with non-stick spray. | In a shallow dish, combine milk and egg. | In a plastic zipper bag, combine Parmesan cheese, bread crumbs, onion powder, garlic powder, thyme, basil, pepper and paprika. | Dip chicken strips first in milk mixture, then toss to coat evenly in the breadcrumb/cheese mixture. | Place on baking sheets and bake at 400 degrees F for 20 minutes or until golden.","https://img.sndimg.com/food/image/upload/q_92,fl_progressive,w_1200,c_scale/v1/img/recipes/94/90/7/lLnZgVKRQsOnzLTeXQ5P_chicken-parmesan-strips-4.jpg",Chicken Breast,All,"Chicken,Poultry,Cheese,Meat,High Protein,Kid Friendly,High In...,< 60 Mins,Oven,Easy",484.7
Perfect Basic White Rice,You do not need to be afraid of cooking rice again! lol Real rice is so much better for you than instant. So here is a basic recipe that will have you cooking rice like a pro! Check out the options too! Your friends and family will think you're a star!&nbsp;,https://www.food.com/recipe/perfect-basic-white-rice-137364,PT0S,20m,20m,4 serving(s),1   cup    long grain rice | 2   cups    water | 1   teaspoon    salt | 1   teaspoon    butter (optional) | 1/2  teaspoon    white vinegar (optional),"In a saucepan with a good fitting lid bring water, salt and optional ingredients if desired to a boil.  The salt and butter are simply for flavor. The vinegar keeps your grains separated and gives you a prettier dish. No one will taste the vinegar at all! | Add rice and stir. | Cover and reduce heat to low. You will know that your temperature is correct if a little steam is visible leaking from the lid. A lot of steam means your heat is too high. | Cook for 20 minutes. | DO NOT LIFT LID! | The steam that is trapped inside the pan is what allows the rice to cook properly. | Remove from heat and fluff with fork. | Serve!","https://img.sndimg.com/food/image/upload/q_92,fl_progressive,w_1200,c_scale/v1/img/recipes/13/73/64/4mN6Zjh5SNmTNKFsca1D_0S9A2673.jpg",Chinese,All,"Asian,Low Protein,Low Cholesterol,Healthy,< 30 Mins,Easy,Inexpensive",168.8
Balsamic Chicken Thighs,This is a quick and easy recipe that never fails to please even my picky DDs. Since chicken thighs are usually inexpensive it makes a economical meal. I like to serve these with some type of rice side dish and a green salad.,https://www.food.com/recipe/balsamic-chicken-thighs-71557,10m,25m,35m,4-5 serving(s),"2   lbs    skinless chicken thighs | salt and pepper, to taste | 1/4  cup   chopped shallot | 1/4  cup    balsamic vinegar | cooking spray","Spray large frying pan, preheat. | Rinse and pat dry thighs. | Season with salt and pepper. | Brown well on all sides. | Cover, reduce heat to medium and cook for approximately 25 minutes,or'til thighs are done depending on size. | Add shallots,cook for 2-3 minutes,until they soften. | Stir in balsamic vinegar, cook for about 1 more minute,turn chicken to coat thoroughly. | Spoon sauce over thighs to serve.","https://img.sndimg.com/food/image/upload/q_92,fl_progressive,w_1200,c_scale/v1/img/recipes/71/55/7/TWRoGlxASseOfsZWQ46u_0S9A0151.jpg",Chicken Thigh & Leg,All,"Chicken,Poultry,Meat,Very Low Carbs,Lactose Free,High Protein,Healthy,Free Of...,High In...,< 60 Mins,Easy",291.1
Perfect Southern Fried Chicken,This is an outstanding recipe. When I found this I decided I didn't need to look for the perfect fried chicken recipe any more - I already had it.,https://www.food.com/recipe/perfect-southern-fried-chicken-39618,2h,35m,2h 35m,4-6 serving(s),"1   whole    chicken, cut into 10 pieces  (2 legs, 2 thighs, 2 wings, 4 breast) | 4   cups    water | 3   teaspoons    salt | 1   cup    buttermilk | 2       eggs | 1   tablespoon    Season-All salt | 1   cup    flour | 2   tablespoons    cornmeal | 2   teaspoons    dried oregano | 2   teaspoons    Season-All salt | vegetable oil or   shortening (for frying)","Soak chicken in water and salt at least 2 hours in the refrigerator. | Mix buttermilk, eggs and Season All and dip chicken pieces in this mixture. | Combine 1 cup flour, 2 tbsp corn meal, 2 tsp dried oregano, and 2 tsp Season All in a bag. | Drop two pieces of dipped chicken in the bag at one time. | Shake to coat. | Place on wire rack to rest. | (I place wax paper under the rack to catch any flour that falls off.) Heat a shallow layer of oil or shortening to 360 F in a jumbo chicken skillet (cast iron is great for this job) or an electric skillet. | Place the chicken in the pan, trying not to crowd the pieces. | Cover for the first five minutes. | Check the chicken. | When golden brown, turn. | Cover for the next five minutes. | Remove cover and cook uncovered, turning occasionally, as needed for a total of an additional 20 minutes or until cooked through. | Watch carefully, and don't allow it to get too dark. | If it's frying too fast, reduce heat slightly. | NOTE- the key is to cover in the beginning to start the cooking process inside the chicken, but to uncover during the last part of the cooking time to get the outside nice and crispy and golden brown.","https://img.sndimg.com/food/image/upload/q_92,fl_progressive,w_1200,c_scale/v1/img/recipes/39/61/8/3izidX0TR4eB7BJzCpQJ_SFC%203%20-%20final_1.jpg",Chicken,All,"Poultry,Meat,Weeknight,Deep Fried,< 4 Hours",683.6
The Ultimate Greek Salad,"This is the most delicious salad - fresh and wonderful-tasting.  FYI, lettuce can very much be a part of any greek salad - if you want it to.  We like lettuce in my family and I often add it.  It would not be 'authentic' in a Horiatiki (village) salad, but who cares?",https://www.food.com/recipe/the-ultimate-greek-salad-90975,15m,,15m,6 serving(s),"6   tablespoons    olive oil | 1 1/2  tablespoons    fresh lemon juice | 1   tablespoon    red wine vinegar | 2       garlic cloves, minced | 1   teaspoon    dried oregano (Mediterranean is best) | 1   head    lettuce, torn into bite-size pieces  ((I use Romaine) | 3   large    plum tomatoes, seeded and coarsely chopped | 1       English cucumber, peeled and coarsely chopped  (the long, thin, almost seedless ones) | 1   medium    red onion, cut into thin rings and soaked for 10 minutes in a small bowl of ice water to make it less sharp | 1   small    green pepper, cut into thin rings | 3/4  cup    kalamata olive | 3/4  cup   crumbled feta cheese","Whisk dressing ingredients together until blended. | Season to taste. | Drain onion from ice water and pat dry with paper towels. | Combine all salad ingredients, except cheese, in large bowl. | Toss with dressing. | Sprinkle cheese over and serve.","https://img.sndimg.com/food/image/upload/q_92,fl_progressive,w_1200,c_scale/v1/img/recipes/90/97/5/xfirb0rQRMPAHtkSwTyA_THE%20FOOD%20GAYS%20-%20GREEK%20SALAD-2.jpg",Vegetable,All,"Greek,European,Low Protein,Kid Friendly,< 15 Mins",223.3
Quick &amp; Easy Stove Top Tuna &quot; Casserole &quot;,"Okay, casseroles aren't made in a skillet, but this is a really easy substitute for tuna casserole.  Everything is done on top of the stove, and it is great for a weeknight after working hard!  Definitely not gourmet fare, so if that is what you are looking for, please don't try and review this recipe.  This is just a simple, everyday quick and easy dinner.",https://www.food.com/recipe/quick-easy-stove-top-tuna-casserole-344025,3m,20m,23m,2 serving(s),"4   ounces    fettuccine pasta, uncooked | 1/2  cup    celery, sliced | 1/3  cup    onion, chopped | 2   tablespoons    butter or 2   tablespoons    margarine, melted | 1/2  cup    frozen English peas | 1 (8   ounce) package   cream cheese, cubed and softened | 2/3  cup    milk | 1/2  teaspoon    salt | 1/4  teaspoon    black pepper | 1 (6 1/8  ounce) can   solid white tuna, drained and flaked | 1/2  cup    parmesan cheese, grated | 1   tablespoon    parsley, fresh, chopped","Cook pasta according to the package directions; drain well, set aside and keep warm. | Cook celery and onion in butter in a large skillet over medium high heat, stirring constantly until tender.  Add English peas, stir until warm. | Add cream cheese, milk, salt, and pepper; cook over medium heat until smooth, stirring occasionally.  Stir in tuna and Parmesan cheese; cook until thoroughly heated, stirring occasionally. | Add pasta and toss well.  Cover at low or warm heat until pasta is warmed up.  Sprinkle with fresh parsley.  Serve immediately.","https://img.sndimg.com/food/image/upload/q_92,fl_progressive,w_1200,c_scale/v1/img/recipes/34/40/25/A9pMM0P9SWi57wIeeIMy_tuna-casserole-9.jpg",Lunch/Snacks,All,"Tuna,< 30 Mins,Stove Top,Inexpensive",1026.4
The Very Best Salisbury Steak,This is our favorite salisbury steak recipe. I always make enough extra sauce to serve over potatoes. Tastes like it took all day to cook.,https://www.food.com/recipe/the-very-best-salisbury-steak-56694,20m,30m,50m,6 serving(s),"1 (10 1/2  ounce) can  campbells French onion soup | 1 1/2  lbs    ground beef | 1/2  cup    dry breadcrumbs | 1       egg | 1/4  teaspoon    salt | 1/8  teaspoon    ground black pepper, to taste | 1   tablespoon    all-purpose flour | 1/4  cup    ketchup | 1 -3   teaspoon    Worcestershire sauce, to taste | 1/2  teaspoon    mustard powder | 1/4  cup    water","In a large bowl, mix together 1/3 cup condensed French onion soup with ground beef, bread crumbs, egg, salt and black pepper. | Shape into 6 oval patties. | In a large skillet over medium-high heat, brown both sides of patties. | Pour off excess fat. | In a small bowl, blend flour and remaining soup until smooth. | Mix in ketchup, water, Worcestershire sauce and mustard powder. | Pour over meat in skillet. | Cover, and cook for 20 minutes, stirring occasionally.","https://img.sndimg.com/food/image/upload/q_92,fl_progressive,w_1200,c_scale/v1/img/recipes/56/69/4/42Ci6hYOTp5pIswQ8Eoa_salisbury-steak-01143.jpg",Meat,All,"< 60 Mins,Oven,Stove Top",332.0
Simple Pasta Toss,Yet another recipe I have saved on my computer and moving to here foto share!!  This is simple and quick -- my favorites!  :),https://www.food.com/recipe/simple-pasta-toss-285284,15m,,15m,4-6 serving(s),"16   ounces    rotini pasta | 4       boneless skinless chicken breast halves, cut into bite size pieces | 4   tablespoons    olive oil | 3       garlic cloves, minced | 1 1/4  teaspoons    salt | 1 1/4  teaspoons    garlic powder | 1 1/4  teaspoons    dried basil | 1 1/4  teaspoons    dried oregano | 1   cup    sun-dried tomato, chopped | 1/4  cup    parmesan cheese, grated  (optional)","Cook and drain pasta as directed. | While pasta is cooking, in a large pot, heat olive oil and saute chicken, garlic, salt, garlic powder, basil, and oregano until chicken is cooked. | Add sun-dried tomatoes and cook for two minutes. | Remove from heat and toss with pasta. | Serve with grated Parmesan cheese if desired.","https://img.sndimg.com/food/image/upload/q_92,fl_progressive,w_1200,c_scale/v1/img/recipes/28/52/84/aF0eWDOQ5y0FnCXd3TwQ_DSC03008.jpg",Chicken,All,"Poultry,Meat,High Protein,Healthy,High In...,< 15 Mins,Beginner Cook,Easy",719.5
Japanese Mum's Chicken,"We have a Japanese girl, Tomoko, living with us, and tonight she and I cooked a Japanese dinner for us and her friends. She phoned her mum,Toshiko, in Japan for this, as it's her favourite recipe, and I wanted to share it here. It's simple and so good, and Tomoko, who is only 16, did such a good job of cooking this, then translating the recipe to English for me.

*The liquid will thicken to a glaze if you are patient. It just takes a bit of time. If you feel your chicken is cooked (and going to overcook) remove it before going on to reduce the liquid. Same thing, if you must use breast meat, remove it (so it doesn't dry out) and continue reducing the liquid . If you do it this way rather than thickening with cornstarch you will get a richer glaze and not need to add stock or broth instead of the water. It just takes patience. AND NOTE: A glaze is sticky and coats the meat, this is NOT a sauce.",https://www.food.com/recipe/japanese-mums-chicken-68955,5m,40m,45m,4 serving(s),"8       chicken drumsticks, skin on  (the skin is important for flavour, and is so tasty to eat!) | 1   cup    water | 1/2  cup    balsamic vinegar | 1/3  cup    soy sauce | 2 1/2  tablespoons    sugar | 1       garlic clove, peeled and bruised | 1   small    hot chili pepper, slit open, seeds removed","Place all the ingredients in a saucepan over a high heat. | Bring to the boil, then reduce to a simmer for about 20 minutes. | Remove any scum that rises to the surface. | Increase the heat, turning the drumsticks frequently in the liquid, and cook until the liquid has reduced to a sticky glaze. | Arrange the chicken on a serving platter, remove the garlic clove and chili from the liquid, and spoon the glaze over. | NOTE It's a glaze rather than a sauce, so there's not a whole lot of it.","https://img.sndimg.com/food/image/upload/q_92,fl_progressive,w_1200,c_scale/v1/img/recipes/68/95/5/TnfcMfTwRVulI0xETm67_jchicken.jpg",Chicken Thigh & Leg,All,"Chicken,Poultry,Meat,Japanese,Asian,Potluck,Spicy,Savory,< 60 Mins,Beginner Cook,Stove Top,Easy,Inexpensive",313.1
Jolean's Cheese Potato &amp; Smoked Sausage Casserole,"This was another one of our favorites in the 70's  Very inexpensive and very easy to make.  Just recently found this recipe hand-written by my Mom, and the warm feelings flood back to me, because this was a true favorite in our house.  Little did I know that she was on such a tight budget, yet made things like this that we all loved!!  NOTE:  The meat that was used in this recipe always varied, according to whatever we had available at the time.",https://www.food.com/recipe/joleans-cheese-potato-smoked-sausage-casserole-126623,20m,40m,1h,4-6 serving(s),"3   cups    idaho potatoes, peeled, boiled and cut into cubes when cool, approx. 1 lb | 4   tablespoons    butter | 4   tablespoons    flour | 2   cups    milk | 1/2  teaspoon    salt | 1/4  teaspoon    pepper | 1/2  lb    Velveeta cheese, diced | 1/2  cup    sharp cheddar cheese, shredded | 1   lb   skinless smoked sausage (Eckrich is my favorite brand) | 1/8  teaspoon    paprika","Cut skinless smoked sausage in half, lengthwise, and then chop into 1/2 inch &quot;half moon&quot; cuts.  Cook in a frying pan for about 15 minutes, turning frequently to SLIGHTLY brown. | Meanwhile, put cooked &amp; diced potatoes in 2 quart casserole.  Add cooked meat and give it a gentle toss. | Mix all remaining ingredients (except for shredded cheddar cheese &amp; the paprika) in a saucepan over medium heat until warm, melted and smooth.  (Use a whisk and stir constantly.). | Pour white/cheese sauce over potatoes and meat.  Sprinkle shredded sharp cheddar cheese on top, and then sprinkle paprika evenly over the top. | Bake in preheated 350&deg;F oven for 35-45 minutes (watch, until golden brown on top). | NOTE:  You can substitute:  1/2 lb. hot dogs, sliced into 1/2-inch slices OR 1/2 lb. ham diced into 1/2-inch dices OR 12 oz. can of Spam diced into 1/2-inch dices, instead of the smoked sausage.","https://img.sndimg.com/food/image/upload/q_92,fl_progressive,w_1200,c_scale/v1/img/recipes/12/66/23/hbXbBzmQTHWGzuks3rrH_0S9A5405.jpg",One Dish Meal,All,"Pork,Potato,Vegetable,Meat,Kid Friendly,< 60 Mins,Oven,Beginner Cook,Easy",871.4
Olive Garden Copycat Zuppa Toscana,"This is a clone of the Olive Garden Zuppa Toscana. Tried and true, approved by former Olive Garden chefs.",https://www.food.com/recipe/olive-garden-copycat-zuppa-toscana-38298,20m,40m,1h,4-6 serving(s),"1   lb    Italian sausage (I like mild sausage) | 2   large    russet baking potatoes, wash, sliced in half, and then in 1/4 inch slices | 1   large    vidalia onion, chopped | 4   slices    cooked bacon, chopped | 1   teaspoon    Accent seasoning (optional) | 1/2  teaspoon    salt | 1/4  teaspoon    black pepper | 1/2  teaspoon    red pepper flakes | 2       garlic cloves, minced  or 1   tablespoon   of minced garlic from jar | 2   cups   packed in measuring cup kale or 2   cups    swiss chard, chopped | 2 (8   ounce) cans   chicken broth, add i envelope of chicken bouillon for extra flavor | 1   quart    water | 2   teaspoons    flour or 2   teaspoons    cornstarch, mixed with enough water to make a paste | 1   cup    heavy whipping cream (tempered)","Chop or slice uncooked sausage into small pieces and cook until browned and meat is ground in bottom of your soup pan over med-high heat. | Add onions, garlic, salt, pepper, and red pepper flakes to Sausage and cook until onions are clear and aromatics of the seasonings blend together. | Reduce heat back to medium and place, potatoes, in the pot. and slowly add the Chicken Stock and water and stir. (use Chicken Bouillon envelope for extra flavor is Chicken Stock is weak). | Cook on medium heat until potatoes are done and stir occasionally. Once Potatoes are done, Add flour or cornstarch and simmer for another 15 minutes. | Reduce heat to lowest setting and sprinkle in your kale and cooked bacon and slowly pour cream while stirring. | Check for taste and then serve.","https://img.sndimg.com/food/image/upload/q_92,fl_progressive,w_1200,c_scale/v1/img/recipes/38/29/8/Z8MMxtVfQfCLy4zZJtZU_0S9A7184.jpg",Pork,All,"Potato,Vegetable,Meat,European,Weeknight,< 60 Mins,Stove Top",840.4
Angel Chicken Pasta,Make and share this Angel Chicken Pasta recipe from Food.com.,https://www.food.com/recipe/angel-chicken-pasta-62012,10m,1h 15m,1h 25m,4-6 serving(s),4 -6       boneless skinless chicken breasts | 1/4  cup    butter | 1 (2/3  ounce) package   Italian salad dressing mix | 1/2  cup    white wine | 1 (10 1/2  ounce) can   condensed golden mushroom soup | 4   ounces    cream cheese with chives | angel hair pasta,"Preheat oven to 325&deg;F. | In large saucepan melt butter. | Add dressing mix, wine and soup. | Mix in cream cheese and stir until smooth. | Place chicken in baking dish and cover with sauce. | Bake for 60 minutes. | Ten minutes before chicken is done cook pasta. | Serve chicken and sauce over pasta.","https://img.sndimg.com/food/image/upload/q_92,fl_progressive,w_1200,c_scale/v1/img/recipes/62/01/2/sjENVyYTQyulQZ8kOZjq_pastadip-5.jpg",Chicken Breast,All,"Chicken,Poultry,Meat,Weeknight,Oven,< 4 Hours",316.6
Chinese Fried Rice,"This Chinese fried rice has the flavor those other recipes are missing. Tastes like takeout. I want to dedicate this dish to Bergy, whose recipe &quot;AM &amp; B's Indonesian Mehoon&quot; has inspired this dish. Make sure you season your rice with salt before it cooks. Add some butter to the cooking water, as well. Other seasonings should be added before you cook, as well, so it has time to get inside the rice. If you like sesame flavor, add 1 tsp. of it after you add the green onions, but do not use it as a cooking oil because it easily burns.",https://www.food.com/recipe/chinese-fried-rice-38748,10m,18m,28m,4 serving(s),"3/4  cup   finely chopped onion | 2 1/2  tablespoons    oil | 1       egg, lightly beaten  (or more eggs if you like) | 3   drops    soy sauce | 3   drops    sesame oil | 8   ounces   cooked lean boneless pork or 8   ounces    chicken, chopped | 1/2  cup   finely chopped carrot (very small) | 1/2  cup    frozen peas, thawed | 4   cups   cold cooked rice, grains separated  (preferably medium grain) | 4       green onions, chopped | 2   cups    bean sprouts | 2   tablespoons    light soy sauce (add more if you like)","Heat 1 tbsp oil in wok; add chopped onions and stir-fry until onions turn a nice brown color, about 8-10 minutes; remove from wok. | Allow wok to cool slightly. | Mix egg with 3 drops of soy and 3 drops of sesame oil; set aside. | Add 1/2 tbsp oil to wok, swirling to coat surfaces; add egg mixture; working quickly, swirl egg until egg sets against wok; when egg puffs, flip egg and cook other side briefly; remove from wok, and chop into small pieces. | Heat 1 tbsp oil in wok; add selected meat to wok, along with carrots, peas, and cooked onion; stir-fry for 2 minutes. | Add rice, green onions, and bean sprouts, tossing to mix well; stir-fry for 3 minutes. | Add 2 tbsp of light soy sauce and chopped egg to rice mixture and fold in; stir-fry for 1 minute more; serve. | Set out additional soy sauce on the table, if desired.","https://img.sndimg.com/food/image/upload/q_92,fl_progressive,w_1200,c_scale/v1/img/recipes/38/74/8/TCTWMVk2RVmMC8K039qk_0S9A2600.jpg",Chicken,All,"Pork,Poultry,Rice,Meat,Chinese,Asian,Low Cholesterol,Healthy,Kid Friendly,< 30 Mins,Stir Fry,Easy,Inexpensive",497.8
"Easy, Creamy Hamburger Stroganoff",This easy version of stroganoff is so delicious. I have people beg me to make it for them when they come over for dinner. Hope you enjoy it!,https://www.food.com/recipe/easy-creamy-hamburger-stroganoff-36784,5m,10m,15m,4-6 serving(s),"1   lb    hamburger | 1       onion, diced | 1       garlic clove, minced | 1 (10 1/2  ounce) can   cream of mushroom soup | 1   cup    sour cream | 2   teaspoons    dry mustard | 4   tablespoons    milk | salt | pepper","Brown hamburger in large skillet with onion and garlic. | Drain out fat and add soup, sour cream, mustard and milk. | Simmer for 5 minutes. | Add salt and pepper for taste, and serve with egg noodles or rice.","https://img.sndimg.com/food/image/upload/q_92,fl_progressive,w_1200,c_scale/v1/img/recipes/36/78/4/xBMfLf5lQRuCtb7Hublv_DSC_0083.JPG",Meat,All,"< 15 Mins,Stove Top,Easy",417.6
Sweet and Sour Chicken,Make and share this Sweet and Sour Chicken recipe from Food.com.,https://www.food.com/recipe/sweet-and-sour-chicken-25487,40m,1h,1h 40m,4 serving(s),"3   tablespoons    soy sauce | 1   tablespoon    sherry wine | 1       egg | 1/4  teaspoon    pepper | 1/4  teaspoon    garlic powder | 1/4  cup    cornstarch | 1   lb    boneless skinless chicken breast, cut into 1-inch pieces | 2   cups    vegetable oil | 1 (15   ounce) can   pineapple chunks, undrained | 2   tablespoons    cornstarch | 1/2  cup    sugar | 1/4  cup    catsup | 1/4  cup    vinegar | 1   tablespoon    soy sauce | 1   medium    green pepper, cut into 1-inch pieces | hot cooked rice","Mix together first 6 ingredients. | Add chicken; coat well. | Heat oil in electric skillet to 375 degrees. | Fry chicken until lightly browned. | Removed chicken; drain. | Drain pineapple, reserving liquid. | Add enough water to juice to make 1 cup. | Add 2 T. cornstarch, mixing well. | Combine pineapple juice mixture and next 4 ingredients in a medium saucepan. | Bring mixture to a boil. | Stir green pepper and chicken into sauce; cook until thoroughly heated. | Serve over rice.","https://img.sndimg.com/food/image/upload/q_92,fl_progressive,w_1200,c_scale/v1/img/recipes/25/48/7/NnbkR9iSTGF5TrsNpleK_sweet-sour-chicken-1690.jpg",Chicken,All,"Pineapple,Poultry,Tropical Fruits,Fruit,Meat,Chinese,Asian,Kid Friendly,Weeknight,< 4 Hours",1367.4
Lemon Pepper Chicken Breasts on a Bed of Rice,"A simple great tasting recipe that makes enough to feed the family. It has a wonderful robust flavor, but not too overpowering. This dish also makes good leftovers. Try it out and see for yourself!",https://www.food.com/recipe/lemon-pepper-chicken-breasts-on-a-bed-of-rice-95312,15m,1h,1h 15m,4-6 serving(s),"1   cup    long grain white rice | 14   ounces    chicken broth | 5   tablespoons   mccormick california style lemon pepper | 1/2  cup   of melted margarine | 4       boneless skinless chicken breasts, thin sliced or tenderloins only","Preheat oven to 350. | Sprinkle lemon pepper on both sides of breasts. Sprinkle the lemon pepper to your own taste. | Using a non-greased 9&quot;x13&quot; glass baking dish place the chicken, and melted margarine (or butter) inside.  Cover. | Bake for 30 Minutes. | Remove from oven.  Remove chicken and set aside. Add one cup of long grain white rice, one can of chicken broth (or equal amount of bouillion).  Stir together and cover tightly with foil. | Put pan back in the oven. | Bake 30 Minutes. | Remove from oven, and place chicken back inside. | Cook for another 15 minutes. | This update to the recipe (11/19/13) brings it back to its roots and eliminates the problems people were having with under cooked rice/overcooked chicken.","https://img.sndimg.com/food/image/upload/q_92,fl_progressive,w_1200,c_scale/v1/img/recipes/95/31/2/JlGbeLjhR46bdLR8nwlN_lemon-pepper-chicken-rice-01123.jpg",One Dish Meal,All,"Chicken Breast,Chicken,Long Grain Rice,Poultry,Rice,Meat,Free Of...,Oven,< 4 Hours,Easy",523.2
Chicken-Macaroni Casserole,Make and share this Chicken-Macaroni Casserole recipe from Food.com.,https://www.food.com/recipe/chicken-macaroni-casserole-351655,30m,30m,1h,8 serving(s),"1/2  cup   chopped onion | 3   tablespoons    butter or 3   tablespoons    margarine, melted | 2 (10 3/4  ounce) cans   cream of chicken soup | 2   cups   shredded cheddar cheese, divided | 1   cup    milk | 3 1/2  cups   chopped cooked chicken | 2 1/2  cups    cooked macaroni | salt | pepper | 1/4  cup    Ritz cracker crumbs","In a large skillet over med-high heat, saute onions in butter until onions are tender. | Add in soup and 1 &frac12; cups cheese; gradually stir in milk. | Cook over medium heat until cheese melts; stir in chicken and macaroni; taste and adjust seasoning with salt and pepper. | Transfer mixture to a greased 2 &frac12; quart casserole; sprinkle with cracker crumbs. | Bake in a preheated 350&deg; oven for 30 minutes or until heated through. | Top with remaining &frac12; cup cheese and bake 5 minutes.","https://img.sndimg.com/food/image/upload/q_92,fl_progressive,w_1200,c_scale/v1/img/recipes/35/16/55/2ayEpndxRBOZggIbpvok_0S9A5523.jpg",< 60 Mins,All,,412.6
Asian Noodle Bowl,"This is the perfect dish to change things up a bit, while still using familiar ingredients that can be found almost anywhere.",https://www.food.com/recipe/asian-noodle-bowl-451000,5m,10m,15m,6 serving(s),"1/4  cup    sliced almonds | 12   ounces    whole wheat spaghetti | 2   cups    broccoli, tops cut into florets, stems peeled and sliced thinly | 2   cups    snow peas, trimmed | 1       red bell pepper, cut into 1 inch pieces | 1/2  cup    almond butter | 1/4  cup    reduced sodium soy sauce | 3   tablespoons    fresh lime juice | 2   tablespoons    brown sugar | 1   tablespoon    chili-garlic sauce, such as Sriracha | 1       scallion, green part only","Bring a large pot of water to a boil. Toast the almonds in a dry skillet over a medium-heat heat, stirring frequently, until they are golden, about 3 minutes. | Cook the pasta according to the directions on the package. Three minutes before the pasta is ready add the broccoli to the pasta pot. One minute before it is ready add the snow peas and red peppers to the pot. | While the pasta is cooking, make the sauce. Place the almond butter, soy sauce, lime juice, brown sugar, chili-garlic sauce and three tablespoon of boiling water (from the pasta pot) into a large bowl and whisk until smooth. | Drain the noodles and vegetables, return them to the pasta pot, add the sauce and toss to coat. Serve garnished with the toasted almonds and scallion greens.","https://img.sndimg.com/food/image/upload/q_92,fl_progressive,w_1200,c_scale/v1/img/recipes/45/10/00/picmU7XVF.jpg",One Dish Meal,All,"Spaghetti,Peppers,Vegetable,Asian,Weeknight,< 15 Mins,Easy",409.9
Ground Beef Stuffed Green Bell Peppers With Cheese,We had these not too long ago and we both decided that they needed a little more seasoning. We put a little hot pepper sauce on them and they were much better. I would probably include 2 teaspoons in the meat mix the next time that I make them.,https://www.food.com/recipe/ground-beef-stuffed-green-bell-peppers-with-cheese-1356,15m,35m,50m,"6 peppers, 3 serving(s)","6   large    green peppers | 1   lb    beef, Ground | 1/2  cup    onion, Chopped | 1 (16   ounce) can   tomatoes, diced | 1/2  cup    long grain rice, any available rice is fine it may affect cooking time though | 1   cup    water | 1   teaspoon    salt | 1   teaspoon    Worcestershire sauce | 1   cup    cheddar cheese, Shredded  (about 4 ounces)","Cut off the tops of green peppers; discard seeds and membranes. | Chop enough of the tops to make 1/4 cup, set aside. | Cook the whole green peppers, uncovered in boiling water for about 5 minutes; invert to drain well. | Sprinkle insides of the peppers lightly with salt. | In a skillet cook ground beef, onion and 1/4 cup chopped pepper till meat is browned and vegetables are tender. | Drain off excess fat. Add drained tomatoes, salt, Worcestershire, and a dash of pepper. | in a separate pot put water bring to boil add rice cook until rice is soft. if needed add more water. | add rice to beef mixture. | Stir in cheese. Stuff peppers with meat mixture. Place in a 10x6x2 baking dish. | Bake, covered in a 350 degree oven for      30    minutes. in the last 5 minutes add any remaining cheese to the top of the peppers.","https://img.sndimg.com/food/image/upload/q_92,fl_progressive,w_1200,c_scale/v1/img/recipes/13/56/skXTuUHHQ1mExOEcczaT_stuffedpeppers3.jpg",Long Grain Rice,All,"Rice,Cheese,Vegetable,Meat,< 60 Mins,Oven",1389.5
Scalloped Potatoes,"Here's a great scalloped potato recipe that's so easy and absolutely delicious. The leftovers are just as good, maybe even better, the next day. This is one of my favorite and most prepared recipes, from my 1971 Florence Junior Welfare League cookbook.",https://www.food.com/recipe/scalloped-potatoes-85629,15m,1h,1h 15m,6 serving(s),"4   cups   thinly sliced potatoes | 3   tablespoons    butter | 3   tablespoons    flour | 1 1/2  cups    milk | 1   teaspoon    salt | 1   dash    cayenne pepper | 1   cup   grated sharp cheddar cheese | 1/2  cup   grated cheese, to sprinkle on top | paprika","In a small sauce pan, melt butter and blend in flour. | Let sit for a minute. | Add all of cold milk, stirring with a whisk. | Season with salt and cayenne. | Cook sauce on low until smooth and boiling, stirring occasionally with a whisk. | Reduce heat and stir in cheese. | Place a half of the sliced potatoes in a lightly greased one quart casserole dish. | Pour half of cheese sauce over potatoes. | Repeat with second layer of potatoes and cheese sauce. | Sprinkle the remaining cheese on top. | Top with some paprika for color. | Bake uncovered for about 1 hour at 350&deg;F.","https://img.sndimg.com/food/image/upload/q_92,fl_progressive,w_1200,c_scale/v1/img/recipes/85/62/9/ALhTKCBsRHu6JnlXk8Qy_0S9A3426.jpg",Potato,All,"Vegetable,Oven,< 4 Hours",288.3
Best Ever Bruschetta,I went through a major bruschetta phase and tried many many recipes until I found the perfect one. This was originally Guy Fieri's but is slightly adapted to my taste after making it about a billion times. Cookingt time is marinating time.,https://www.food.com/recipe/best-ever-bruschetta-443987,10m,15m,25m,4-6 serving(s),"1       baguette, cut in half length-wise and toasted | 2   teaspoons   minced garlic (I use the kind in a jar) | 3   tablespoons   extra-virgin olive oil | 1/4  cup   grated parmesan cheese | 2 1/2  cups   minced roma tomatoes (cut so fine its almost a paste) | 1/3  cup   thinly sliced fresh basil leaf | 2   tablespoons    balsamic vinegar | 1/2  teaspoon    salt | 1   teaspoon    fresh ground pepper","In a medium mixing bowl, add the tomatoes, garlic, basil, vinegar, olive oil, cheese, salt and pepper. | Mix thoroughly and let sit for at least 15 minutes at room temperature to let the flavors marinate. | Slice the bread into individual pieces and spoon the mixture on top.","https://img.sndimg.com/food/image/upload/q_92,fl_progressive,w_1200,c_scale/v1/img/recipes/44/39/87/ncBmKBnmRbCtu4iOlIG0_easy-bruschetta-9766.jpg",Cheese,All,"Vegetable,European,Egg Free,Free Of...,Summer,Weeknight,< 30 Mins,Beginner Cook,Easy,Inexpensive",887.9
Panera Broccoli Cheese Soup,Make and share this Panera Broccoli Cheese Soup recipe from Food.com.,https://www.food.com/recipe/panera-broccoli-cheese-soup-150384,30m,40m,1h 10m,4 serving(s),"1   tablespoon   melted butter | 1/2  medium   chopped onion | 1/4  cup   melted butter | 1/4  cup    flour | 2   cups    half-and-half cream | 2   cups    chicken stock | 1/2  lb    fresh broccoli (chopped into bite size pieces) | 1   cup    carrot, julienned, grated | 1/4  teaspoon    nutmeg | 8   ounces   grated sharp cheddar cheese | salt and pepper | crusty bread or   bread bowl | 2   cups    whole milk","Saut&eacute; onion in butter. Set aside. | Cook melted butter and flour using a whisk over medium heat for 3-5 minutes or until you see a noticeable golden brown color in your pan. | Slowly add in the chicken stock and whisk again to combine. Simmer contents covered (stirring occasionally) for 20 minutes on medium heat. | Add the broccoli, carrots and the sauteed onions, into the pot. Stir, add the milk and half &amp; half. Cook covered over low heat 20-25 minutes but do not bring to a boil. This may cause the milk to curdle. | Add salt, pepper &amp; nutmeg. Note: you can pur&eacute;e half of your soup in a blender or with a handheld immersion blender if you choose however it isn't a requirement. Continue to cook the soup on low heat and slowly add the grated cheese a handful at a time and stir to avoid clumps. Once all the cheese has been added is melted, remove from heat, and serve immediately. Suggestion: serve with crusty bread or in a breadbowl. | Refrigerate leftovers after they have cooled and store in a airtight container up to 5 days in the refrigerator.","https://img.sndimg.com/food/image/upload/q_92,fl_progressive,w_1200,c_scale/v1/img/recipes/15/03/84/CsokZG1NTuqBSLb2lOcf_copycat-panera-cheesy-broccoli-soup-3266.jpg",Cheese,All,"< 4 Hours,Easy",702.6
Yakisoba,"This is a dish that is popular in Japan and usually sold as street food. This version is made with pork, although you could easily substitute chicken or tofu.",https://www.food.com/recipe/yakisoba-82262,15m,35m,50m,4 serving(s),"1   lb    lean pork loin, sliced thinly  (against the grain) | 1/3  cup    soy sauce | 1/3  cup    rice wine | 1 1/2  tablespoons    sugar | 12   ounces    Chinese wheat noodles (udon noodles may be substituted) | 3   tablespoons    vegetable oil | 1       onion, sliced thin | 1   lb    napa cabbage or 1   lb    savoy cabbage, sliced very thin | 3       carrots, grated | 1   tablespoon   chopped ginger | 2       scallions, thinly sliced  (optional)","In a small bowl, mix together soy sauce, rice wine, and sugar, stirring to dissolve. | Cook noodles in boiling water about 8 minutes, or until tender. | Drain noodles and rinse under cold water. | In a large deep skillet or wok, cook onion in oil for about 3 minutes. | Add the cabbage, carrot and ginger and cook until cabbage is softened, about 3-5 minutes. | Add the pork and cook for 2 minutes more. | Cover the mixture with noodles and pour the sauce over all. | Cover and cook for 3-5 minutes, the remove the lid and toss the mixture together until it is well combined. | Place on a serving platter and garnish with chopped scallions, if desired.","https://img.sndimg.com/food/image/upload/q_92,fl_progressive,w_1200,c_scale/v1/img/recipes/82/26/2/naTqLAhTTQCC5YwGVPQi_DSC05318-2.jpg",One Dish Meal,All,"Spaghetti,Pork,Vegetable,Meat,Japanese,Asian,Savory,< 60 Mins,Stir Fry",438.3
My Favorite King Ranch Chicken,"I adopted this recipe from Recipezaar in September 2006.  It was originally submitted by Moxie, but she is no longer a member of Recipezaar.  I've been making Moxie's recipe for several years now and I'm proud to give it a home.  The only change I make is that I use two cans of cream of chicken soup and omit the can of cream of mushroom soup, because my kids dislike mushrooms.  This casserole is a church potluck staple here in Texas and there are as many versions of this dish as there are armadillos in Texas.  However, this is the best King Ranch Chicken recipe that I've found! This casserole also freezes well.",https://www.food.com/recipe/my-favorite-king-ranch-chicken-54086,40m,45m,1h 25m,6-8 serving(s),"6 -8       chicken breasts | salt & pepper | 1 (10 1/2  ounce) can   cream of mushroom soup | 1 (10 1/2  ounce) can   cream of chicken soup | 1   small    onion, diced | 1 (10   ounce) can   diced tomatoes with green chilies, drained | 1 (8   ounce) jar   Cheez Whiz | 1 (11   ounce) bag  cheesy plain Doritos or 1 (11   ounce) bag  other corn chips, crushed | 8   ounces   grated cheddar cheese | 4   ounces   grated mozzarella cheese | paprika, to garnish","Steam or boil the chicken breasts until cooked through (I use my steamer and find it makes the chicken perfectly moist and tender). | When cool, dice into bite-size pieces. | In a large saucepan over medium heat, mix the soups, onion, Ro-tel tomatoes and Cheez Whiz until blended. | Preheat oven to 350 degrees Farenheit. | Layer the bottom of a greased 9x12 casserole dish with crushed chips. | Next, layer half the chicken pieces. | Top with half the sauce. | Sprinkle with half the cheddar cheese. | Repeat the layers, but top with the Cheddar and Mozzarella. | Sprinkle paprika over the top to garnish. | Bake for 30-45 minutes, or until hot and bubbly.","https://img.sndimg.com/food/image/upload/q_92,fl_progressive,w_1200,c_scale/v1/img/recipes/54/08/6/VzvvVi7WTWm3g21zAJMo_DSC_0743.JPG",Chicken,All,"Poultry,Meat,Potluck,Weeknight,Oven,< 4 Hours",929.3
Crock Pot Chicken &aacute; La Antoinette,I use the slow cooker during the summer for this recipe. I just set it on low and leave it all day while I am at work.,https://www.food.com/recipe/crock-pot-chicken-la-antoinette-4981,10m,2h,2h 10m,8 serving(s),"8       boneless chicken breasts | 2   tablespoons    olive oil | 1      whole onion, chopped | 2   cups    mushrooms, sliced | 1 (10 3/4  ounce) can   tomato bisque | 1 (10 3/4  ounce) can   cream of mushroom soup | 1   cup    red wine (beer will work too) | 1   pinch    oregano | 1   pinch    basil | 1   pinch    salt | 1   pinch    pepper",Saute onions and mushrooms in olive oil. | Add chicken. | Combine remaining ingredients and pour over chicken mixture. Slow cook on top of stove  for 1 1/2  to 2 hours. (You can also combine ingredients in the Crock Pot and cook on low for up to 12 hours). | Serve over Rice or Pasta.,"https://img.sndimg.com/food/image/upload/q_92,fl_progressive,w_1200,c_scale/v1/img/recipes/49/81/BhQJFIgQbWIlhRHn9Fow_0S9A5564.jpg",Chicken Breast,All,"Chicken,Poultry,Meat,< 4 Hours",382.6
Bev's Spaghetti Sauce,This is a recipe I have developed over a number of years. This is the only spaghetti sauce my family will request! Very easy to make. I hope your family enjoys it as much as mine does!,https://www.food.com/recipe/bevs-spaghetti-sauce-26217,15m,1h 30m,1h 45m,4-6 serving(s),"1 1/2  lbs    ground beef | 2   tablespoons    olive oil | 1   medium    onion, chopped | 2   cloves    garlic, minced  (to taste) | 2       bay leaves | 1   teaspoon    oregano | 1   teaspoon    dried basil | 1   teaspoon    italian seasoning | 1   teaspoon    salt (, or to taste) | ground pepper | 1 (6   ounce) can   tomato paste | 2 (16   ounce) cans   tomato sauce | 1 (28   ounce) can   diced tomatoes | 8   ounces    fresh mushrooms, sliced and sauteed in butter  (optional) | parmesan cheese, freshly grated  (optional)","Brown the ground beef, onion and garlic in olive oil with bay leaves, oregano, basil, Italian Seasoning, salt and pepper. | Add tomato paste, tomato sauce and diced tomatoes. | Stir well and bring to a simmer over medium heat. | Cover and simmer for 1 1/2 hours. | Use sauce to top your cooked spaghetti. | Top with sauteed mushroom. | Pass the Parmesan.","https://img.sndimg.com/food/image/upload/q_92,fl_progressive,w_1200,c_scale/v1/img/recipes/26/21/7/ZF3VGfKMT8Wyf0Cve4bD_untitled-0860.jpg",Sauces,All,"Vegetable,Stove Top,< 4 Hours",565.1
Crusty French Bread,This recipe produces two crusty and chewy loaves that are so very good and so much better than store bought.,https://www.food.com/recipe/crusty-french-bread-101476,20m,30m,50m,2 loaves,2   cups    warm water | 1   tablespoon    yeast | 1   tablespoon    vegetable oil | 1   tablespoon    sugar | 2   teaspoons    salt | 5 -5 1/2  cups    bread flour,"Dissolve yeast in warm water (110 degrees) and sugar in large bowl; allow yeast to proof or foam (about 10 minutes). | Add salt, oil, and 3 cups flour; beat for 2 minutes. | Stir in 2 cups flour to make a stiff dough. | Knead until smooth and elastic, about 10 minutes. | Place in oiled bowl, turn dough to coat all sides, cover and let rise until doubled. | Punch down and divide in half. | Shape dough into two long slender loaves. | Grease and sprinkle with cornmeal either a french bread pan or large cookie sheet. | Place loaves in pan and cut diagonal gashes on top of each loaf (I use scissors). | Cover and let rise until doubled. | Bake at 375 degrees for about 30 minutes. | Note:  You can sprinkle or spray water on the loaves during baking if you want a really crunchy crust.","https://img.sndimg.com/food/image/upload/q_92,fl_progressive,w_1200,c_scale/v1/img/recipes/10/14/76/T9kb9tQwRqOsl5fVXPzW_newsize-2.jpg",Yeast Breads,All,"Breads,Low Cholesterol,Healthy,< 60 Mins",1241.5
Thin Pizza Crust,I'm a thin crust person and I found this on a web site (not sure which one). Very easy and bakes up crispy not soggy.,https://www.food.com/recipe/thin-pizza-crust-95048,20m,8m,28m,8 slices,"2 1/4  teaspoons    yeast | 1/4  teaspoon    sugar | 3/4  cup    hot water | 1 3/4  cups    flour | 1/2  teaspoon    salt | 1 (14   ounce) jar   pizza sauce | pepperoni | precooked bacon | tomatoes, sliced | green pepper | mozzarella cheese, shredded | chopped garlic","Dissolve yeast and sugar in hot water. | Let sit for 8 minutes. | Meanwhile mix flour and salt. | Pour yeast mixture over flour mixture and mix well with a heavy spoon. | Turn onto floured surface and knead for 2 minutes. | Spread into a 12-14"" circle. | (I do this directly onto a pizza stone with a marble rolling pin). | If you roll it out on a counter top, transfer to a greased pizza pan, stretching to edges. | Cover with sauce and desired topping. | Bake at 500 degrees for 8-12 minutes or until edges are golden.","https://img.sndimg.com/food/image/upload/q_92,fl_progressive,w_1200,c_scale/v1/img/recipes/95/04/8/iO2aNFIgTIFwAUdaMTHk_0S9A5737.jpg",Breads,All,"Vegetable,Meat,Low Cholesterol,Healthy,< 30 Mins,Oven",130.5
Crock Pot - Style Loaded Baked Potato Soup,"If you like loading your baked potatoes will all those delish dairy ingredients, then you'll love this soup recipe, too! Original recipe calls for only four slices of bacon, but I -- being a little piggy -- love the bacon, so we always use more like 8 to 12 slices. You decide which you prefer.",https://www.food.com/recipe/crock-pot-style-loaded-baked-potato-soup-301754,15m,5h,5h 15m,"2 cup servings, 6-8 serving(s)","6   large    baking potatoes, peeled, cut in 1/2 -inch cubes | 1   large    onion, chopped | 1   quart    chicken broth | 3       garlic cloves, minced  (or pressed) | 1/4  cup    butter | 2 1/2  teaspoons    salt | 1   teaspoon    pepper | 1   cup    cream or 1   cup    half-and-half cream | 1   cup   shredded sharp cheddar cheese | 3   tablespoons   chopped fresh chives | 1   cup    sour cream (optional) | 8   slices    bacon, fried & crumbled | cheese, for sprinkling","Combine first seven ingredients in a large crock pot; cover and cook on HIGH for 4 hours or LOW for 8 hours (potato should be tender). | Mash mixture until potatoes are coarsely chopped and soup is slightly thickened. | Stir in cream, cheese and chives. | Top with sour cream (if used), sprinkle with bacon and more cheese.","https://img.sndimg.com/food/image/upload/q_92,fl_progressive,w_1200,c_scale/v1/img/recipes/30/17/54/Sx7f7ZauSmqAhj7XakxM_0S9A3354.jpg",Chowders,All,"One Dish Meal,Pork,Potato,Cheese,Vegetable,Meat,Low Protein,Egg Free,Kid Friendly,Kosher,Free Of...,Potluck,Savory,Easy,Inexpensive",478.7
Tabbouli / Tabouli / Tabbouleh Salad (Parsley Salad),"A Lebanese friend showed me how to make this back in 1996. It's my mother-in-laws favourite salad and I normally make it on request specially for her.  I prefer flat leaf fresh parsley (also known as Italian Parsley) as it's better texture but curly leaf is alright. I normally buy the parsley and spring onions from the supper market prepacked bunches so if your measurements are slightly more or less it's alright, it doesn't have to be exact.  The bourghul also soaks a lot of the moisture and I like Tabbouli to be moist not dried that's why there is a lot of lemons and olive oil.  Like everything we cook it's all about the palate and who we are cooking for so if you choose to put less oil and lemons then it's ok.  Salt and black pepper to taste, so feel free to add less but not to much. The secret to good Tabbouli is that everything should be finely chopped.  Enjoy",https://www.food.com/recipe/tabbouli-tabouli-tabbouleh-salad-parsley-salad-197922,30m,,30m,8-10 serving(s),"150   g    flat leaf parsley (This is about 2 bunches) or 150   g    fresh parsley, finely chopped.  (This is about 2 bunches) | 6       spring onions (About 1 bunch) or 6       green onions, finely chopped  (About 1 bunch) | 4   large    tomatoes, finely chopped | 3       lemons, juice of (Freshly Squeeze) | 5   tablespoons    olive oil | 1   cup    bulgur (Also know as bourghul in Australia which is cracked wheat) or 1   cup    burghul (Also know as bourghul in Australia which is cracked wheat) | 1   cup    water, boiled | 1/8  teaspoon    ground black pepper | 1/8  teaspoon    salt","Add one cup of boiled water and one cup of bourghul (bulgur) in a small bowl and mix. Place a tea towel over the bowl so the steam is unable to escape.  Set aside until cool. | Finely chop the parsley, spring onions and tomatoes and place them into your separate large salad bowl. | Juice all the fresh lemons and pour it over the salad mixture. Add olive oil, black pepper and salt in the salad mixture.  Mix well. | Place over the cool bourghul and mix well. | Serve. | Refrigerate any left overs for about 2-3 days.","https://img.sndimg.com/food/image/upload/q_92,fl_progressive,w_1200,c_scale/v1/img/recipes/19/79/22/2JAPN3nWTGylAkuSNqlh_tabouli-2.jpg",Grains,All,"Greens,Onions,Vegetable,Lebanese,Turkish,Southwest Asia (middle East),Asian,Low Protein,Vegan,Low Cholesterol,< 30 Mins,No Cook,Refrigerator",165.2
Broil a Perfect Steak,"I found this cooking guide on Lindauer Family Farms website when I ran out of gas for my grill. If you like how yor steak is prepared at Outback Steakhouse, then you will love this recipe.",https://www.food.com/recipe/broil-a-perfect-steak-165254,20m,10m,30m,"2 Steaks, 2 serving(s)",2       steaks | kosher salt | fresh coarse ground black pepper | olive oil,"ADDITIONAL ITEMS - Cast Iron Skillet, Spatula or Tongs. | Bring your 1 to 2 inch steaks to room temperature and use a clean cloth to remove excess moisture. | Move oven rack 6 inches from heating element. | Pre-heat oven and skillet by setting the oven to broiler for 15 to 20 minutes. | Rub steaks with olive oil, kosher salt and coarsely ground pepper. NOTE: Use any seasonings of your choice. | Once the skillet is pre-heated, pull out the oven rack and carefully lay steaks on the skillet. NOTE: Pan is Extermely Hot and will spit and splatter. | Close oven and sear the steaks for 3 minutes on one side, turn and sear the opposite side for 3 minutes. DO NOT USE A FORK TO TURN STEAKS! | Once seared, set the oven to 500F and cook using this Time Chart. Turn steaks half way through the remaining cooking time. | Rare (120-130F)1&quot; 0-1 minute,  1 1/4&quot; 2-3 minute,   1 3/4&quot; 4-5 minute | Medium (140-150F) 1&quot; 2-3 minute, 1 1/4&quot; 4-5 minute,  1 3/4&quot; 6-7 minute | Medium Well(150-160F)    1&quot; 4-5 minute,  1 1/4&quot; 6-7 minute,   1 3/4&quot; 8-9 minute | Remove steaks from the oven and let rest for 5 minutes. | Serving on warm plates is recommended to maintain meat temperature. | I can not stress this tip enough -- Keep the fork in the drawer until ready to eat. Never pierce the meat during cooking.","https://img.sndimg.com/food/image/upload/q_92,fl_progressive,w_1200,c_scale/v1/img/recipes/16/52/54/XE7h7mpTK69lpb05OhGB_broil-perfect-steak_4984.jpg",Steak,All,"Meat,Very Low Carbs,High Protein,Healthy,High In...,Broil/Grill,< 30 Mins,Oven,Easy",178.0
Fantastic Taco Casserole,"I originally found this taco casserole recipe in a Taste of Home magazine.  Since then, I have made this recipe at least 50 times.  I love it because the ingredients list isn't complicated and, based on the layers, I can readily remember all ingredients when I am at the store without my recipe card.  I have served this for myself and had wonderful leftovers or many times I have made it for company with a nice green salad to accompany it.  I hope you enjoy it as much as I do.",https://www.food.com/recipe/fantastic-taco-casserole-155186,20m,10m,30m,7-9 serving(s),"1   lb    ground beef | 1 (1 1/4  ounce) package   taco seasoning | 1 (15   ounce) can   refried beans | 2   cups    monterey jack cheese, divided  (or mixed cheddar, jack etc.) | 1   cup    salsa (I prefer mild, but if you would like to kick it up a notch, go for it) | 2       green onions, chopped | 1 (2 1/3  ounce) can  sliced black olives | 1       tomatoes, chopped | 2   cups    corn chips (coarsely crushed or chopped)","Brown ground beef and drain. | Add taco seasoning and cook according to package directions, adding proper amount of water. | Put corn chips on bottom of 8x8&quot; dish. | Cook refried beans on stove until hot. | Add 1 cup cheese and 1 cup salsa. Stir until combined. | Pour beans over corn chips in dish. | Add beef to top of beans. | Sprinkle remaining cheese over top. | Sprinkle green onions and black olives over cheese. | Bake in a 375 degree oven until the cheese is sufficiently melted. | Take out of oven and sprinkle chopped tomatoes on top.  Wait 1-2 minutes and then serve.","https://img.sndimg.com/food/image/upload/q_92,fl_progressive,w_1200,c_scale/v1/img/recipes/15/51/86/iYi3OirmTM2ZelGLCJPf_0S9A5670.jpg",Lunch/Snacks,All,"Beans,Meat,Mexican,Kid Friendly,< 30 Mins,Oven,Easy,Inexpensive",349.9
Baked Salmon,Make and share this Baked Salmon recipe from Food.com.,https://www.food.com/recipe/baked-salmon-28199,15m,45m,1h,2 serving(s),"2       garlic cloves, minced | 6   tablespoons    light olive oil | 1   teaspoon    dried basil | 1   teaspoon    salt | 1   teaspoon    ground black pepper | 1   tablespoon    lemon juice | 1   tablespoon    fresh parsley, chopped | 2 (6   ounce)    salmon fillets","In a medium glass bowl, prepare marinade by mixing garlic, light olive oil, basil, salt, pepper, lemon juice and parsley. | Place salmon fillets in a medium glass baking dish, and cover with the marinade. | Marinate in the refrigerator about 1 hour, turning occasionally. | Preheat oven to 375 degrees F (190 degrees C). | Place fillets in aluminum foil, cover with marinade, and seal. | Place sealed salmon in the glass dish, and bake 35 to 45 minutes, until easily flaked with a fork.","https://img.sndimg.com/food/image/upload/q_92,fl_progressive,w_1200,c_scale/v1/img/recipes/28/19/9/GoX0mmhFTHeYfppn5QH7_herb-salmon-4749.jpg",Very Low Carbs,All,"High Protein,High In...,< 60 Mins,Oven",582.3
Perfect Rump Roast,"For as long as I can remember, my mother has been fixing the perfect rump roast. It is by far my favorite meal. Served with rice and gravy, I am one happy camper. I love mine rare. Lately I have been fixing one on Sunday, having my Sunday meal and then I have the rest to eat on all week long. Life doesn't get any better. One thing my mom used to always remind me was to take your meat out well before you are going to cook it so it gets to room temperature.",https://www.food.com/recipe/perfect-rump-roast-294196,5m,2h,2h 5m,4-6 serving(s),1 (4   lb)    rump roast (room temp.) | 3       garlic cloves | 1   tablespoon    salt | 1   tablespoon    pepper | 1       onion | 1   cup    water,"DO NOT USE A GLASS PAN FOR THIS RECIPE. | Pre-Heat the oven to 500 degrees. | Prep the roast by making 4-5 slits in the roast and filling the holes with salt, pepper and 1/2 of a clove of Garlic. | Now Salt and Pepper the rest of the roast. | Put the Roast in the oven and sear for 20 minutes. | Then add the water, the chopped onion and reduce the temperature to 275 degrees. | Cook for 20 minutes per lb. I like mine rare so that is what you will get if you cook for this period of time.","https://img.sndimg.com/food/image/upload/q_92,fl_progressive,w_1200,c_scale/v1/img/recipes/29/41/96/AwMJ2h3lQp2SodD7s7UJ_0S9A5997.jpg",Roast Beef,All,"Meat,Very Low Carbs,High Protein,High In...,Beginner Cook,< 4 Hours,Easy",916.8
Amazing Chicken Tortilla Soup!,"This recipe has been a huge hit with everyone who has ever tried it. We make it almost weekly, and the leftovers are eaten immediately. It is also very healthy! It is a little spicy, so if you don't have too much of a tolerance for spicy foods, you may choose to leave out the seeds of the jalape&ntilde;o. If you love spicy, like we do, extra cayenne pepper adds even more zing. Enjoy!",https://www.food.com/recipe/amazing-chicken-tortilla-soup-108231,15m,1h,1h 15m,10 serving(s),"2   teaspoons    olive oil | 1   medium    onion, chopped | 4       garlic cloves, minced | 1   medium    jalapeno pepper, chopped | 1/2  medium    green pepper | 4   small    boneless skinless chicken breasts | 2   cups    frozen corn | 1/2  cup    dry white wine or 1/2  cup    water | 2   teaspoons    cumin | 1   teaspoon    chili powder | 1/4  teaspoon    cayenne pepper | 4 (14   ounce) cans   chicken broth | 2 (14   ounce) cans   diced tomatoes | 2 (8   ounce) cans   tomato sauce | 1   cup    non-fat tortilla chips (optional)","Saut&eacute; onion, garlic, jalape&ntilde;o and green pepper with olive oil in a large pot until soft. | Add all the rest of the ingredients to the large pot and bring to a boil. | After about 15 minutes, remove the chicken breasts and shred. | (Two forks work well to pull the chicken apart!). | Return shredded chicken to the pot and simmer an additional 45 minutes. | Serve, topped with crushed tortilla chips if desired.","https://img.sndimg.com/food/image/upload/q_92,fl_progressive,w_1200,c_scale/v1/img/recipes/10/82/31/rpAxVfyiSNOekT4EPhaW_chicken-tortilla-soup-7654.jpg",Chicken Breast,All,"Chicken,Poultry,Meat,Mexican,Lactose Free,Low Cholesterol,Egg Free,Healthy,Kid Friendly,Free Of...,Spicy,Beginner Cook,< 4 Hours,Easy",163.3
Teriyaki Chicken Noodle Salad,Make and share this Teriyaki Chicken Noodle Salad recipe from Food.com.,https://www.food.com/recipe/teriyaki-chicken-noodle-salad-280012,10m,10m,20m,4-6 serving(s),"4       chicken fillets, cut into thin strips | 1/4  cup    teriyaki sauce | 1 (400   g) packet   hokkien noodles (use your favourite noodles) | 1   tablespoon    sesame oil | 1   tablespoon    sesame seeds, toated | 4       spring onions, finely sliced","Marinade chicken in teriyaki sauce for approx 10 minutes. | Prepare noodles according to packet directions. | Drain noodles.  Add oil, seeds and onions, toss to combine. | Cook chicken pieces in a hot pan for approx 3-4 minutes or until cooked through. | Add chicken to noodles and toss to combine.","https://img.sndimg.com/food/image/upload/q_92,fl_progressive,w_1200,c_scale/v1/img/recipes/28/00/12/NCwp5EwOQZSpm2c2bhyF_teriyaki-chicken-noodle-salad_4503.jpg",One Dish Meal,All,"Chicken Breast,Chicken,Poultry,Meat,Asian,Australian,Kid Friendly,< 30 Mins,Easy",447.8
Ground Beef Gyros,This is a great summer meal and quick and easy to put together and tastes wonderful. Refreshing served with the cucumber sauce and is even low in fat. I think this came from Quick Cooking. It's a favorite in our house.,https://www.food.com/recipe/ground-beef-gyros-30081,10m,12m,22m,4 serving(s),"1 (8   ounce) container   plain yogurt | 1/3  cup   chopped seeded cucumber (thinly slice remainder of cucumber) | 2   tablespoons   finely chopped onions | 1       garlic clove, minced | 1   teaspoon    sugar | 1   lb    lean ground beef (I use ground turkey) | 1 1/2  teaspoons    dried oregano | 1   teaspoon    garlic powder | 1   teaspoon    onion powder | 1   teaspoon    salt (optional) | 3/4  teaspoon    pepper | 4       pita breads | 3   cups   shredded lettuce | 1   large    tomatoes, chopped | 1   small    onion, chopped","In a bowl, combine first 5 ingredients. | Cover and refrigerate. (If possible overnight). | In separate bowl, combine ground beef and seasonings. | Mix well. | Shape into 4 patties. | Grill, covered, (you can also use a toaster oven or broil these) over medium to high heat for 10 to 12 minutes or until meat is no longer pink, turning once. | Cut patties into thin slices. | Stuff into pitas. | Add lettuce,cucumber, tomato, and onion. | Serve with yogurt sauce.","https://img.sndimg.com/food/image/upload/q_92,fl_progressive,w_1200,c_scale/v1/img/recipes/30/08/1/uaSpHBwtSIuQpcHZKQeu_0S9A0050.jpg",Lunch/Snacks,All,"Meat,Greek,European,Healthy,Spring,Summer,Broil/Grill,< 30 Mins,Oven,Easy",436.4
Beth's Melt in Your Mouth Barbecue Ribs (Oven),"I almost didn't want to share this ribs recipe because this is one of the dishes that I make that keep my sons coming back home! These can be done with baby back or regular pork ribs. I have also made split chickens this way. The ribs are tender, moist and just slide off of the bone. I know that your family will love them just as much as my family does.
I noticed that some are unable to find hickory smoked salt. You can use smoked paprika or just brush the ribs with liquid smoke before applying the rub. The smoke flavor is nice because it helps give the ribs a cooked-on-the-grill flavor.
Also, the easiest way to remove the membrane is to work a spoon, or I use the tips of my kitchen shears, into the bottom center of the membrane, work it back and forth to form a &quot;pocket,&quot; then I slide my thumbs in and work the membrane off from the center outward to the ends.",https://www.food.com/recipe/beths-melt-in-your-mouth-barbecue-ribs-oven-107786,15m,3h,3h 15m,6 serving(s),"4   lbs    pork ribs, membrane removed | 3/4  cup    light brown sugar | 1   teaspoon    hickory smoke salt, if you cannot find, you can substitute 1 1/2 to 2 teaspoons Hickory liquid smoke | 1   tablespoon    paprika | 1   tablespoon    garlic powder | 1/2  teaspoon    ground red pepper (optional) | 2   cups   of your favorite barbecue sauce (mine is Sweet Baby Ray)","Preheat oven to 300 degrees F. Line a baking sheet with two layers of foil, shiny side out. | Peel off tough membrane that covers the bony side of the ribs. | Season the ribs on both sides with salt and pepper. If using, divide the Hickory liquid smoke evenly over the ribs. | In a medium bowl, combine the light brown sugar, paprika, garlic powder and ground red pepper. Apply the rub to all sides of the ribs. | Lay ribs on the prepared baking sheet, meaty side down. BONE SIDE DOWN FOR GRILLING! | Lay two layers of foil on top of ribs and roll and crimp edges tightly, edges facing up to seal. | Transfer to the oven and = bake for 2-2 1/2 hours or until meat is starting to shrink away from the ends of the bone. | Remove from oven. | Heat broiler. | Cut ribs into serving sized portions of 2 or 3 ribs. | Arrange on broiler pan, bony side up. | Brush on sauce. | Broil for 1 or 2 minutes until sauce is cooked on and bubbly. | Turn ribs over. | Repeat on other side. | Alternately, you can grill the ribs on your grill to cook on the sauce.","https://img.sndimg.com/food/image/upload/q_92,fl_progressive,w_1200,c_scale/v1/img/recipes/10/77/86/mr5ViaW4TBmhRU3uCtLB_0S9A8585.jpg",Pork,All,"Meat,Broil/Grill,Oven,Beginner Cook,< 4 Hours,Easy",1229.3
Frank and Potato Bake,I like this recipe because it's so simple to make. It's from Better Homes and Gardens Low-Cost Cooking.,https://www.food.com/recipe/frank-and-potato-bake-135997,15m,35m,50m,4 serving(s),"4   medium    potatoes, cooked, peeled and sliced | 4 -5       frankfurters, sliced | 1/4      onion, finely chopped | 1   tablespoon    butter | 1   tablespoon    flour | 1/2  teaspoon    salt | 2/3  cup    milk | 3/4  cup    cheddar cheese, shredded | 1   tablespoon    parsley | 2   teaspoons    prepared mustard","In saucepan cook onion in butter till tender but not brown. | Blend in flour and salt. Add milk all at once; cook and stir over medium heat till thickened and bubbly. | Add cheese, stirring to melt. | Stir in parsley and mustard. | Fold in potatoes and Frankfurters. | Place in a 1 quart casserole. | Cover and bake at 350 degrees for about 35 minutes or till heated through. | Prep time does not include cooking and cooling of the potatoes.","https://img.sndimg.com/food/image/upload/q_92,fl_progressive,w_1200,c_scale/v1/img/recipes/13/59/97/9EupokkUQ3qDZcuroubc_hotdogpotato-3.jpg",One Dish Meal,All,"Kid Friendly,< 60 Mins,Oven,Beginner Cook,Easy",450.0
Classic Potato Salad,Make and share this Classic Potato Salad recipe from Food.com.,https://www.food.com/recipe/classic-potato-salad-22747,15m,,15m,8 serving(s),"8   medium    potatoes, cooked and diced | 1 1/2  cups    mayonnaise | 2   tablespoons    cider vinegar | 2   tablespoons    sugar | 1   tablespoon    yellow mustard | 1   teaspoon    salt | 1   teaspoon    garlic powder | 1/2  teaspoon    pepper | 2       celery ribs, sliced | 1   cup    onion, minced | 5       hard-boiled eggs | paprika","Boil peeled potatoes in salted water until done. Cool to room temperature. | Place diced potatoes in large bowl. | Mix mayonnaise, cider vinegar, sugar, mustard, salt, garlic powder, and pepper in another bowl. | Add to potatoes. | Add celery and onions and mix well. | Stir in eggs. | Sprinkle a little paprika on top.","https://img.sndimg.com/food/image/upload/q_92,fl_progressive,w_1200,c_scale/v1/img/recipes/22/74/7/j31txphRKpaYLFhrGyYg_CPS%204%20-%20final_2.jpg",Lunch/Snacks,All,"Potato,Vegetable,German,European,Potluck,< 15 Mins,Easy,Inexpensive",237.9
Addicting Red Lobster Cheddar Bay Biscuit,"Don't you just love the copycat recipes? Here's another one, and if you like Red Lobster's biscuits, this is the recipe for you. They may not be the EXACT biscuits, but you will not notice a difference in the taste.",https://www.food.com/recipe/red-lobster-cheddar-bay-biscuits-89684,15m,10m,25m,10 biscuits,2   cups    Bisquick baking mix | 1/2  cup   cold water | 3/4  cup   shredded sharp cheddar cheese | 1/4  cup    butter | 1   teaspoon    dried parsley | 1/2  teaspoon    garlic powder | 1/2  teaspoon    italian seasoning,"Heat oven to 450. | Combine baking mix, water and grated cheese in a bowl. | Roll out on a lightly floured surface, until 1 inch thick. | Cut biscuits, and place on an ungreased pan. | Melt butter and spices together. | Brush the biscuits with the butter and bake for 8 to 10 minutes.","https://img.sndimg.com/food/image/upload/q_92,fl_progressive,w_1200,c_scale/v1/img/recipes/89/68/4/HkbVfes5TkiIDM3Eyrpl_0S9A5340.jpg",Breads,All,"< 30 Mins,Oven",185.1
Turkey Meatloaf,This recipe came from a package of ground turkey. It is by far the best turkey meatloaf I have ever tasted.,https://www.food.com/recipe/turkey-meatloaf-54752,10m,55m,1h 5m,5 serving(s),"2   tablespoons    butter (or margarine) | 1   cup    onion, chopped | 3       garlic cloves, minced | 1 1/4  lbs    ground turkey | 1/2  cup    breadcrumbs | 1       egg (or 1/4 cup egg substitute) | 3/4  cup    catsup | 2   teaspoons    Worcestershire sauce | 3/4  teaspoon    salt | 1/2  teaspoon    black pepper","Melt butter in a skillet. | Cook onion and garlic in melted butter for 5 minutes, stirring occasionally. | Place mixture in a large bowl to cool for 5 minutes. | Combine turkey, bread crumbs, egg, 1/4 cup of the katchup, Worcestershire sauce, salt, and pepper with onion mixture. | Press meatloaf into an 8x4-inch loaf pan. | Spread remaining catsup on top. | Bake in a 350 degree oven for 50-55 minutes. | (Internal temperature should reach 165 degrees.) Remove from oven and let stand 5 minutes before serving.","https://img.sndimg.com/food/image/upload/q_92,fl_progressive,w_1200,c_scale/v1/img/recipes/54/75/2/wc0parMsS9OTwRMHrOch_0S9A6332.jpg",Poultry,All,"Meat,Weeknight,Oven,< 4 Hours",318.4
Sesame Crusted Tuna Steaks With Balsamic Sauce,Make and share this Sesame Crusted Tuna Steaks With Balsamic Sauce recipe from Food.com.,https://www.food.com/recipe/sesame-crusted-tuna-steaks-with-balsamic-sauce-89901,15m,10m,25m,4 serving(s),"4 (6   ounce)    tuna steaks (room temperature) | 1/2  teaspoon    salt | 1   teaspoon    fresh ground pepper | 2   tablespoons    roasted sesame seeds | 2   tablespoons    cooking oil | 1   teaspoon    sesame oil | 1   tablespoon    green onion, finely chopped | 1   clove    garlic, minced | 2/3  cup    balsamic vinegar | 1/4  cup    soy sauce | 1   tablespoon    honey","In a small sauce pan, heat sesame oil. | Stir in the green onion and garlic and cook, stirring, for about 1 minute. | Add remaining ingredients and heat on medium until reduced by half. | Sprinkle the tuna with the pepper, salt, and sesame seeds. | Rub into meat to create crust. | Heat cooking oil in a large skillet set over medium high. | Add the tuna and cook until almost the desired degree of doneness. | The tuna will continue to cook slightly after it is removed from the pan. | Two or 3 minutes on each side should result in a pink center. | Drizzle sauce over the tuna and serve immediately.","https://img.sndimg.com/food/image/upload/q_92,fl_progressive,w_1200,c_scale/v1/img/recipes/89/90/1/cGuFE2BPQlmhSTVmZq8S_grilled%20tuna.JPG",Tuna,All,< 30 Mins,422.3
Recipes,,https://www.food.com/recipe/all/popular?ref=nav,,,,,,,,,,,
Mexican Rice,"Are you craving that great Mexican rice from your favorite taco stand? Here it is. This is just like a good Mexican restaurant rice. Many recipes taste good... but the texture just isn't right. You know how it is... you have prepared scores of Mexican rice recipes but always have been disappointed. It may be delicious but kinda &quot;gloopy and wet.&quot; Try this. Everything is pureed and cooked in. There are no chunks of anything... just dry fluffy rice with all the seasonings and just the tiniest hint of a tomato flavor. I will throw away all of my Mexican rice recipes- this is the one I have been looking for for years! 

I don't own a rice cooker but some people have had disappointing results using one. You will also need to adjust your cooking time if you want to use brown rice. I recommend following the cooking instructions as directed. Proceed at your own peril if you stray.

Enjoy.",https://www.food.com/recipe/mexican-rice-117892,20m,35m,55m,8-10 serving(s),"12   ounces    tomatoes, very ripe and cored | 1   medium    white onion | 3   medium    jalapenos | 2   cups    long grain white rice | 1/3  cup    canola oil | 4       minced garlic cloves | 2   cups    chicken broth | 1   tablespoon    tomato paste (may omit if using canned tomatoes) | 1 1/2  teaspoons    salt | 1/2  cup    fresh cilantro, minced | 1       lime","Adjust rack to middle position and preheat oven to 350. | Process tomato and onion in processor or blender until pureed and thoroughly smooth. Transfer mixture to measuring cup and reserve exactly 2 cups. Discard excess. | Remove ribs and seeds from 2 jalapenos and discard. Mince flesh and set aside. Mince remaining jalapeno. Set aside. | Place rice in a fine mesh strainer and rinse under cold running water until water runs clear- about 1 1/2 minutes.Shake rice vigorously to remove excess water.This step removes the starch from the rice so it will not stick. IF YOU OMIT THIS STEP YOUR RICE WILL NOT BE DRY AND FLUFFY. | Heat oil in heavy bottomed ovensafe 12 inch straight sided sautee pan or Dutch oven with tight fitting lid over low-medium heat about 2 minutes. (The recipe is very specific about this but I used a 10 inch dutch oven and it worked out fine.) Drop a few rice grains in and if they sizzle then it is ready. Add rice and fry stirring until rice is light golden and translucent, about 6-8 minutes.  Be careful that the oil doesn't get too hot too fast or the oil will splatter. | Reduce heat to medium, add garlic and 2 minced jalapenos and cook , stirring constantly until fragrant, about 1 1/2 minutes. | Stir in broth, pureed mixture,tomato paste, and salt. Increase heat to medium high, and bring to a boil. | Cover pan and transfer pan to oven to bake until liquid is absorbed and rice is tender, 30-35 minutes.Stir well after 15 minutes. | Stir in cilantro, minced jalapeno to taste, and pass lime wedges separately. | Edited to add 6-15-05: If you can't get good fresh tomatoes you are better off using canned tomatoes. Don't use those awful hard and underipe tomatoes that are at most supermarket chains. Just be sure that the processed tomatoes and the one onion equals 2 cups. One the other hand- if you find that after processing your tomatoes and onions that you have less than 2 cups- simply add enough bottled salsa to make up the difference. | Edited 8-21-06: Do not skip any of the steps. It may seem stupid- but rinsing the rice to remove the starch is very important if you want fluffy rice. It will only take two minutes of your time but it makes the difference. | Edited 8-15-08: Leftovers are just as delicious the next day so this is a perfect dish to make ahead time for potlucks. This rice also freezes well. For Freezing Ahead: Cool, portion and freeze in a ziploc bag. To reheat from frozen: Place in a pyrex dish and warm in the microwave, stirring every 2-3 minutes until heated through. | You'll love this rice! Money back guarantee.","https://img.sndimg.com/food/image/upload/q_92,fl_progressive,w_1200,c_scale/v1/img/recipes/11/78/92/WlojZNwSSKqBLqEXjpWA_THE%20FOOD%20GAYS%20-%20MEXICAN%20RICE-2.jpg",Long Grain Rice,All,"Rice,Mexican,Lactose Free,Low Protein,Low Cholesterol,Free Of...,< 60 Mins,Inexpensive",280.1
Chicken Parmesan,Make and share this Chicken Parmesan recipe from Food.com.,https://www.food.com/recipe/chicken-parmesan-19135,8m,15m,23m,4 serving(s),"4       boneless skinless chicken breast halves | salt and pepper | 1/2  cup    Italian breadcrumbs | 1       egg, beaten | 4   tablespoons    butter | 2   cups    spaghetti sauce | 4   slices    mozzarella cheese | parmesan cheese, grated | spaghetti, for serving  (optional) | 2   tablespoons   chopped parsley, for garnish  (optional)","Pound chicken to flatten. | Salt and pepper to taste. | Dip chicken in egg; then in bread crumbs. | Fry in butter in hot skillet, turning and browning for 10 minutes or until chicken is done. | Remove from skillet. | To skillet add spaghetti sauce. | Heat thoroughly. | Add chicken. | Place slices of mozzarella on top of chicken. | Sprinkle with parmesan. | Cover and cook until cheese is melted. | Serve with a side of spaghetti. Optional, garnish with chopped parsley and more parmesan cheese.","https://img.sndimg.com/food/image/upload/q_92,fl_progressive,w_1200,c_scale/v1/img/recipes/19/13/5/Ri4L6zUSRSqPnAvReVAn_0S9A8372.jpg",Chicken,All,"Poultry,Meat,European,< 30 Mins,Stove Top,Easy",454.0
Easy! Oven-Baked Cod,"Taken from Rachael Ray's 30-minute meals, this is amazingly quick, fresh, and light - can be made with any type of fish fillet. Of course, my usual salad-in-a-bag is a lifesaver here, and fresh broccoli steamed in the microwave or asparagus roasted alongside the fish completes the meal!",https://www.food.com/recipe/easy-oven-baked-cod-133718,10m,15m,25m,4 serving(s),"1 1/2  cups    plain breadcrumbs | 1/2  cup    fresh parsley | 2 -3       garlic cloves | 1       lemon, zest of | 3/4  teaspoon    coarse salt | 4 (6 -8   ounce)    cod fish fillets | olive oil","Preheat oven to 400&deg;F Line your pan with aluminum foil and lightly brush with olive oil, or use a bit of cooking spray. | Combine parsley, garlic, lemon zest, and coarse salt on the cutting board. Finely chop, then combine with the breadcrumbs in a shallow plate. | Brush top of each fillet with olive oil. Press fillet into the crumb mixture. Place fillets in baking dish, crust-side up. Bake until firm, about 12-15 minutes, depending on the thickness of the fish. Serve with lemon wedges.","https://img.sndimg.com/food/image/upload/q_92,fl_progressive,w_1200,c_scale/v1/img/recipes/13/37/18/NFhjpaePRMqNuQonZG13_0S9A5509.jpg",< 30 Mins,All,"Beginner Cook,Easy",305.5
The Best Easy Beef and Broccoli Stir-Fry,"I clipped this recipe from Taste of Home magazine several years ago and have found it to be the best-tasting easy beef and broccoli stir-fry. It is credited to Ruth Stahl. I often use charcoal chuck steak, which is very tender and lean. I also like that it doesn't call for any unusual ingredients.",https://www.food.com/recipe/the-best-easy-beef-and-broccoli-stir-fry-99476,15m,10m,25m,4 serving(s),"3   tablespoons    cornstarch, divided | 1/2  cup    water, plus | 2   tablespoons    water, divided | 1/2  teaspoon    garlic powder | 1   lb    boneless round steak or 1   lb   charcoal chuck steak, cut into thin 3-inch strips | 2   tablespoons    vegetable oil, divided | 4   cups    broccoli florets | 1   small    onion, cut into wedges | 1/3  cup    reduced sodium soy sauce | 2   tablespoons    brown sugar | 1   teaspoon    ground ginger | hot cooked rice, for serving | toasted sesame seeds, for serving  (optional)","In a bowl, combine 2 tablespoons cornstarch, 2 tablespoons water and garlic powder until smooth. | Add beef and toss. | In a large skillet or wok over medium-high heat, stir-fry beef in 1 tablespoon oil until beef reaches desired doneness; remove and keep warm. | Stir-fry onion in remaining oil for 4-5 minutes until softened. Add the broccoli and cook for 3 minutes until the broccoli is tender but still crisp. Return beef to pan. | Combine soy sauce, brown sugar, ginger and remaining 1 tablespoon cornstarch and 1/2 cup water until smooth; add to the pan. | Cook and stir for 2 minutes. | Serve over rice and garnish with toasted sesame seeds (optional).","https://img.sndimg.com/food/image/upload/q_92,fl_progressive,w_1200,c_scale/v1/img/recipes/99/47/6/01z114QRWGncDabUUJod_0S9A5937.jpg",One Dish Meal,All,"Steak,Vegetable,Meat,Chinese,Asian,Lactose Free,Free Of...,< 30 Mins",150.1
Melt-In-Your-Mouth Chicken Breasts,Make and share this Melt-In-Your-Mouth Chicken Breasts recipe from Food.com.,https://www.food.com/recipe/melt-in-your-mouth-chicken-breasts-37336,10m,45m,55m,4 serving(s),"4       boneless chicken breast halves | 1   cup    mayonnaise or 1   cup    Greek yogurt | 1/2  cup    parmesan cheese, freshly grated | 1/2  teaspoon    seasoning salt | 1/2  teaspoon    ground black pepper | 1   teaspoon    garlic powder","Mix mayonnaise or yogurt, cheese and seasonings. | Spread mixture over chicken breast and place in baking dish. | Bake at 375&deg;F for 45 minutes.","https://img.sndimg.com/food/image/upload/q_92,fl_progressive,w_1200,c_scale/v1/img/recipes/37/33/6/1KevDZYLSSuYcrmrXpeu_0S9A1389.jpg",< 60 Mins,All,"Oven,Easy",250.2
Easy Stove-Top Macaroni &amp; Cheese,Make and share this Easy Stove-Top Macaroni &amp; Cheese recipe from Food.com.,https://www.food.com/recipe/easy-stove-top-macaroni-cheese-60350,15m,15m,30m,6 serving(s),"16   ounces    elbow macaroni | 1/4  cup    butter | 1/4  cup    all-purpose flour | 1/2  teaspoon    salt | 1   dash    black pepper | 2   cups    milk, warmed | 2   cups    shredded cheddar cheese or 8   ounces    cheddar cheese","Cook macaroni according to package directions. | In medium saucepan, melt butter over medium heat; stir in flour, and cook for 3-5 minutes stirring constantly to form a roux; add salt and pepper; slowly add milk, stirring well after each addition. | Cook and stir until bubbly. | Stir in cheese a small amount at a time until fully melted. | Drain macaroni; add to cheese sauce; stir to coat.","https://img.sndimg.com/food/image/upload/q_92,fl_progressive,w_1200,c_scale/v1/img/recipes/60/35/0/JWYBZJMdS2uM1SwQaI7Q_stovetop-macaroni-cheese-8831.jpg",One Dish Meal,All,"Cheese,< 30 Mins",590.7
Simple Baked Chicken Drumsticks,"I wanted a basic way to cook drumsticks since they are cheaper than the breasts. I didn't want alot of spice or sauce on it so if you are looking that, this is not the recipe for you. We found it just right for us, the flavor of the chicken really comes through. I served with corn and twice baked potato casserole.",https://www.food.com/recipe/simple-baked-chicken-drumsticks-443758,5m,1h,1h 5m,"3 drumsticks, 2-3 serving(s)",9 -12       chicken drumsticks | garlic powder | pepper | salt | olive oil | rosemary (optional) | parsley,"Put some olive oil in the bottom of a 9x13 pan (just enough to put the drumsticks on). | Add drumsticks (space enough apart so they aren't touching each other). | Sprinkle generously with pepper and garlic powder. Sprinkle lightly with salt. Add rosemary to the chicken, if desired. | Bake at 375&deg; F for half an hour. Turn drumsticks over and add more garlic powder, pepper and salt (same as before). Top with the parsley. | Bake another half an hour, or until cooked until 160&deg;F.","https://img.sndimg.com/food/image/upload/q_92,fl_progressive,w_1200,c_scale/v1/img/recipes/44/37/58/P0HhytrsTj2hjf9lUqJ9_0S9A9740.jpg",Very Low Carbs,All,"High Protein,High In...,Oven,Beginner Cook,< 4 Hours,Easy",528.9
Amish Chicken,This recipe copmes from an Amish cookbook from the great state of Ohio. It has a great flavor and makes it's own gravy that go great on mashed potatoes or stuffing. It's a simple recipe to make and my DH and DD'S love it!,https://www.food.com/recipe/amish-chicken-326745,15m,1h 30m,1h 45m,"6-8 pieces of chicken, 2-4 serving(s)","6 -8       chicken pieces, cleaned | 1   cup    flour | 2   teaspoons    garlic powder | 1   tablespoon    salt | 1   teaspoon    pepper | 2   teaspoons    paprika | 1 1/2  cups    heavy whipping cream | 1 1/2  cups    water",Dredge the chicken pieces in the flour and spices and arrange skin side up in a baking dish. | Mix the cream and water and pour over the chicken. | Bake at 350* for 1 1/2 hours or until the skin is golden brown.,"https://img.sndimg.com/food/image/upload/q_92,fl_progressive,w_1200,c_scale/v1/img/recipes/32/67/45/0ebbtCeUQqOIDpEQ42uD_Amish-Chicken-4.png",Chicken,All,"Poultry,Meat,< 4 Hours,Easy",863.0
Grandmas Sloppy Joes,"This was one of my favorite things that my grandma made...it is a comfort food for me. It is so easy, and so delicious!",https://www.food.com/recipe/grandmas-sloppy-joes-32522,5m,30m,35m,6-8 serving(s),"2   lbs    hamburger | 1       onion, diced | 2 (8   ounce) cans   tomato sauce | 2 -3   tablespoons    Worcestershire sauce | 1   tablespoon    brown sugar | 1   teaspoon    vinegar | 1/2  cup    catsup | 2   teaspoons    chili powder | salt and pepper | 1/2  teaspoon    mustard (optional)",Brown hamburger and onion. | Drain out grease. | Add the rest of the ingredients and simmer 15-20 minutes with lid.,"https://img.sndimg.com/food/image/upload/q_92,fl_progressive,w_1200,c_scale/v1/img/recipes/32/52/2/kTsWTDzwTOyMctbywBtv_0S9A8648.jpg",Lunch/Snacks,All,"Meat,< 60 Mins,Stove Top,Easy",349.5
Creamy Burrito Casserole,Satisfy your craving for something different tonight. It's good and fairly easy. This is stuff I usually have on hand too.,https://www.food.com/recipe/creamy-burrito-casserole-33919,20m,30m,50m,8-10 serving(s),"1   lb    ground beef or 1   lb    ground turkey | 1/2  medium    yellow onion, chopped | 1 (1 1/4  ounce) package   taco seasoning | 6   large    flour tortillas | 1 (16   ounce) can   refried beans | 2 -3   cups   shredded taco cheese or 2 -3   cups    cheddar cheese | 1 (10 3/4  ounce) can   cream of mushroom soup | 4   ounces    sour cream | jarred hot sauce, if desired to spice it up","Brown ground meat/turkey &amp; onion; drain. | Add taco seasoning and stir in refried beans. | Mix soup and sour cream in a separate bowl. | Spread 1/2 sour cream mixture in the bottom of a casserole dish. | Tear up 3 tortillas and spread over sour cream mixture. | Put 1/2 the meat bean mixture over that. | Add a layer of cheese. | You could put some hot sauce on this now. | Repeat the layers. | Sprinkle cheese over the top and bake, uncovered, at 350&deg;F for 20-30 minutes.","https://img.sndimg.com/food/image/upload/q_92,fl_progressive,w_1200,c_scale/v1/img/recipes/33/91/9/eK932J5iRgKgQGjoAwMG_IMG_7036.jpg",Meat,All,"Mexican,< 60 Mins,Oven",512.6
Beer Bread,"Per Google.com, the #1 recipe for Beer Bread in the world! There are a few recipes for beer bread out there, but none as simple (and tasty!) as this one. You can even mix it in the baking pan for easy cleanup. This is sensational when served with soups or just as a snack, but don't expect it to be around very long when your family gets a taste of it! Be sure to use a sheet pan on the shelf below the pan to catch any excess butter that may drip during cooking.",https://www.food.com/recipe/beer-bread-73440,3m,1h,1h 3m,6-8 serving(s),3   cups    flour (sifted) | 3   teaspoons    baking powder (omit if using Self-Rising Flour) | 1   teaspoon    salt (omit if using Self-Rising Flour) | 1/4  cup    sugar | 1 (12   ounce) can   beer | 1/2  cup   melted butter (1/4 cup will do just fine),"Preheat oven to 375 degrees. | Mix dry ingredients and beer. | Pour into a greased loaf pan. | Pour melted butter over mixture. | Bake 1 hour, remove from pan and cool for at least 15 minutes. | UPDATED NOTES: This recipe makes a very hearty bread with a crunchy, buttery crust. If you prefer a softer crust (like a traditional bread) mix the butter into the batter instead of pouring it over the top. | Sifting flour for bread recipes is a must-do. Most people just scoop the 1 cup measure in the flour canister and level it off. That compacts the flour and will turn your bread into a &quot;hard biscuit&quot; as some have described. That's because they aren't sifting their flour! If you do not have a sifter, use a spoon to spoon the flour into the 1 cup measure. Try it once the &quot;correct&quot; way and you will see an amazing difference in the end product. | I have had many email from you kind folks about using non-alcoholic beverages instead of beer. That is fine to do but I highly recommend adding a packet of Dry Active Yeast or 2 teaspoons of Bread (Machine) Yeast so that you get a proper rise. | The final result should be a thick, hearty and very tasteful bread, NOT A BRICK! ;). | Thank you all for the incredibly nice comments and those of you who left a bad review - learn to sift sift SIFT! You will be amazed at the results you get.","https://img.sndimg.com/food/image/upload/q_92,fl_progressive,w_1200,c_scale/v1/img/recipes/73/44/0/A5wJAHiTGmrCubWmruoJ_0S9A2475.jpg",Quick Breads,All,"Breads,Weeknight,Oven,Beginner Cook,< 4 Hours,Easy,Inexpensive",422.1
Smothered Flat Iron Steak in a Parmesan Pepper Sauce,This is a super tasty steak dinner!  Throw some medium or large shrimp in with the onion mixture for a surf and turf meal.   Prep time does not include marinade time.,https://www.food.com/recipe/smothered-flat-iron-steak-in-a-parmesan-pepper-sauce-299148,10m,10m,20m,4 serving(s),"1   lb    flat iron steak | 1/2  cup   zesty Italian dressing, divided | 1/3  cup    sour cream | 4 1/2  teaspoons    parmesan cheese, grated | 3/4  teaspoon   course black pepper | 1/4  teaspoon    sea salt | 2       garlic cloves, chopped | 1   large    onion, thinly sliced","Pour 1/4 cup dressing over steak and seal in a Ziploc bag.  Refrigerate at least 30 minutes or overnight to marinate. | Combine sour cream, 2 tbsp of the remaining dressing, Parmesan cheese, salt and pepper.  Refrigerate until serving time. | Heat remaining 2 tbsp dressing and garlic in large nonstick skillet on medium heat.  Add onions; cook until golden brown, stirring frequently.  Remove onions; set aside. | Drain steak; discard marinade.  Cook steak in same skillet on medium heat 3-4 on each side for medium doneness.  Place on cutting board; slice crosswise into thin strips.  Serve steak topped with sauce and onions.","https://img.sndimg.com/food/image/upload/q_92,fl_progressive,w_1200,c_scale/v1/img/recipes/29/91/48/xCNoKL9HTLCOWghO1gr7_flat-iron-steak-1.jpg",Steak,All,"Meat,< 30 Mins",355.2
Simply Sour Cream Chicken Enchiladas,"Easy to assemble, deliciously creamy and a great choice for once-a-month cooking. And there is NO canned cream soup in my enchiladas -- Hope you give them a try!",https://www.food.com/recipe/simply-sour-cream-chicken-enchiladas-129926,25m,20m,45m,8 serving(s),"1   lb    chicken breast, diced | 1   medium    onion, minced | 1   tablespoon    vegetable oil | 8 (8   inch)    flour tortillas, softened | 1 1/2  cups   grated monterey jack cheese or 1 1/2  cups    Mexican blend cheese, divided | 1/4  cup    butter | 1/4  cup    flour | 1 (15   ounce) can   chicken broth | 1   cup    sour cream | 1 (4   ounce) can  chopped green chilies or 2       fresh chili peppers, minced","In a frying pan, cook chicken and onion together in oil over medium-high heat until chicken is just done. | Divide cooked chicken evenly between 8 tortillas; add 1 1/2 tablespoons cheese to each tortilla. | Roll enchiladas and place seam-side down in a 9x13&quot; baking dish that has been lightly sprayed with no-stick cooking spray. | Melt butter in a medium saucepan; stir in flour to make a roux, stir and cook until bubbly, and gradually whisk in chicken broth then bring to boiling, stirring frequently. | Remove from heat; stir in sour cream and green chilies. | Pour sauce evenly over enchiladas. | Top with remaining 3/4 cup cheese (a baking dish may be double-wrapped and frozen at this point) and bake at 400&deg; F for 20 minutes until cheese is melted and sauce near edges of baking dish is bubbly.","https://img.sndimg.com/food/image/upload/q_92,fl_progressive,w_1200,c_scale/v1/img/recipes/12/99/26/fqaHKUZ5Qxe1JYEmj5sO_DSC02592.jpg",Chicken Breast,All,"Chicken,Poultry,Cheese,Meat,Tex Mex,Southwestern U.S.,Mexican,< 60 Mins,Oven,Beginner Cook,Easy",507.3
Famous Challah,"Since I've been making these Challah's my family refuses those bought in the Bakery &amp; whenever we're invited for a holiday meal somewhere else, the only request is...please bring your Challahs! This, with only minor adaptations comes from The Spice &amp; Spirit of Kosher-Jewish Cooking. Please read all the directions first--yes, they do take a long time to prepare, but only 30-40 minutes or less of that is active time &amp; they are truly worth it!",https://www.food.com/recipe/famous-challah-90765,3h,35m,3h 35m,"2 Challahs, 2 serving(s)","3 1/2  cups    all-purpose flour, plus | 3 1/2  cups    all-purpose flour | 2 (1/4  ounce) packages   dry yeast | 1       egg, beaten | 1/2  cup    vegetable oil | 1   tablespoon    salt | 1/2  cup    sugar | 2   cups    warm water (80 -90) | 1       egg, beaten | poppy seeds (optional) or   sesame seeds (optional)","First measure out all your ingredients. | Now from the 1/2 of cup sugar take 1 tablespoon of the sugar &amp; combine it with the yeast&amp; warm water (you know you have the right temperature of warm water when it's the same temperature as the inside of your wrist). | I let my mixer bowl which is metal (kitchen aid) sit in a hot water bath while the yeast dissolves, 10 minutes. | After the yeast has dissolved (it's nice &amp; foamy) add to it the rest of the sugar, salt &amp; 3 1/2 cups flour. | Mix well (I use the bread hook). | Add egg (already beaten) &amp; oil. | Slowly start mixing in most of the remaining 3 1/2 cups of flour. | The dough will become quite thick. | When the dough pulls away from the sides of the bowl, turn it onto a floured surface&amp; knead for approximately 10 minute. | Add only enough additional flour to make dough manageable. | Knead until dough has acquired a &quot;life of its own&quot;; it should be smooth &amp; elastic, springing back when pressed lightly with your fingertip. | Place dough into a large oiled bowl turning the dough once so its oiled on all sides. | Cover with a damp towel &amp; let rise in a warm place for 2 hours, punching down in 4-5 places every 20 minutes. | Now, I always write down what time I started so I don't forget when the 2 hours are up &amp; set a timer every 20 minutes.  (In the summer I let the dough rise on my balcony &amp; in the winter in front of my oven where something is always baking, turning it every time I punch down the dough). | After the 2 hours, turn your dough onto your working surface. | Now comes the forming part. | For Shabbos I always make a 2 level braided challah which looks great &amp; is really easy. | Prepare your baking sheet lining it with parchment paper. | Preheat oven to 375&deg;F. | First, take a large knife &amp; cut the dough in half. | Next, from each 1/2 now cut off a third &amp; place the 2 thirds on the side. | Now, from the first half (where you've removed a third) divide the remaining dough into approximately equal thirds. | Roll each third out till its about 10-12 inches (I'm guessing I never measured it) &amp; braid all 3 roll together pinching the top &amp; bottom half together&amp; turning them slightly under. | Place on baking sheet. | Repeat the same for other half. | Now take the first third you removed earlier&amp; divide in 3, braid just like you did before&amp; place on top of the already braided challah. | Repeat same for other third. | Now let the challah rise for 1/2 an hour. | After the challah has risen glaze with beaten egg &amp; add mohn or sesame if you wish. | Almost done! | Put in preheated oven &amp; let bake for exactly 25 minutes! | Turn off oven &amp; leave Challahs in for exactly another 10 minutes! | Remove from oven. | Enjoy--you deserve every compliment you get!","https://img.sndimg.com/food/image/upload/q_92,fl_progressive,w_1200,c_scale/v1/img/recipes/90/76/5/5yf9KKk6S5G1XnpQ7Ymo_batch23-6520.jpg",Yeast Breads,All,"Breads,Healthy,Kosher,Oven,< 4 Hours",2362.3
Meatloaf,Delicious !! I found this recipe in a United church cookbook and decided to give it a try. It's a keeper for sure. I had tried others looking for just the right one. My search is over. :o),https://www.food.com/recipe/meatloaf-41755,10m,45m,55m,8 serving(s),"2/3  cup    dried breadcrumbs, soaked in | 1   cup    milk | 1 1/2  lbs    ground beef | 2       eggs, slightly beaten | 1/4  cup   chopped onion | 1   teaspoon    salt | 1/8  teaspoon    pepper | 1/2  teaspoon    sage | 3   tablespoons    brown sugar | 1/4  cup    ketchup",Combine meatloaf ingredients. | Put in loaf pan. | Top with glaze. | Bake at 350 degrees for 45 minutes or until no longer pink in center.,"https://img.sndimg.com/food/image/upload/q_92,fl_progressive,w_1200,c_scale/v1/img/recipes/41/75/5/p0f9AvGwTr6jN48rqXzz_DSC_6014.jpg",Meat,All,"Canadian,< 60 Mins,Easy",285.0
Pizza Meatloaf Cups,These are part of my OAMC rotation. My kids love these. I normally double this recipe as they go fast at my house.,https://www.food.com/recipe/pizza-meatloaf-cups-320658,10m,20m,30m,12 serving(s),"1       egg, beaten | 1/2  cup    pizza sauce | 1/4  cup    seasoned bread crumbs | 1/2  teaspoon    italian seasoning | 1 1/2  lbs    ground beef | 1 1/2  cups   shredded part-skim mozzarella cheese | additional pizza sauce (optional)","In a bowl, combine the egg, pizza sauce, bread crumbs and Italian seasoning. | Fold beef into mixture and mix well. | Divide meat mixture into 12 greased muffin cups. | Press mixture into bottom and up the sides. | Fill center with cheese. | Bake at 375&deg;F for 15-18 minutes or until meat is no longer pink. | Serve immediately with additional pizza sauce and cheese if desired. | Or cool, place in freezer bags and freeze for up to 3 months. | To use frozen pizza cups:. | Thaw in the refrigerator for 24 hours. | Heat in microwave on  high for 2-3 minutes or until heated through. | Top with additional pizza sauce and cheese if desired.","https://img.sndimg.com/food/image/upload/q_92,fl_progressive,w_1200,c_scale/v1/img/recipes/32/06/58/uIVLPeQZRb6heOydsVi4_PIZZA1%20(1%20of%201).jpg",Meat,All,"Kid Friendly,Microwave,< 30 Mins,Freezer,Small Appliance",215.2
Teriyaki Pork Chops,"Easy, tasty way to flavour porkchops.
Have used this recipes for years.
You can make another batch of the marinade, heat and thicken with cornstarch to serve over the chops.",https://www.food.com/recipe/teriyaki-pork-chops-334140,2h,,2h,4 serving(s),"4       pork chops | 1/2  cup    orange juice | 1/4  cup    soya sauce | 1/4  cup    water | 2       garlic cloves, minced | 2   tablespoons    honey | 1/2  teaspoon    ginger","Combine all ingredients ,except meat, in a bowl then pour over chops. | Marinade for two hours. | Broil or grill.","https://img.sndimg.com/food/image/upload/q_92,fl_progressive,w_1200,c_scale/v1/img/recipes/33/41/40/UrUfscmCSQWYoxAV1kGP_THE%20FOOD%20GAYS%20--%20TERIKYAKI%20PORK%20CHOP.jpg",High Protein,All,"High In...,< 4 Hours,Easy",398.0
Absolute Best Ever Lasagna,"My family's favorite. This is a very meaty lasagna. We prefer it with cottage cheese, but you can easily substitute ricotta.",https://www.food.com/recipe/absolute-best-ever-lasagna-28768,1h 30m,1h,2h 30m,12 serving(s),"1 1/2  lbs    lean ground beef | 1/2  lb    Italian sausage or 1/2  lb    ground veal | 1   large    onion, chopped | 2 -3       garlic cloves, minced | 1   teaspoon    salt | 1   teaspoon    fresh coarse ground black pepper | 1   tablespoon    dried parsley flakes | 1   tablespoon    dried oregano | 1   tablespoon    dried basil | 2 (14 1/2  ounce) cans   whole tomatoes, undrained and chopped  (or canned chopped tomatoes) | 12   ounces    tomato paste | 24   ounces    ricotta cheese | 2       eggs, beaten | 1/2  teaspoon    pepper | 2   tablespoons    parsley | 1/2  cup   grated parmesan cheese | 1   lb    mozzarella cheese, divided | 12 -15       lasagna noodles","Brown ground meat, onion and garlic. | Add salt, pepper, parsley, oregano, basil, chopped tomatoes with juice, tomato paste; stirring until well mixed. | Cover and simmer 1 hour (or longer,but watch for getting too dry). | Cook lasagna noodles according to package directions; drain and set aside. | Spray a 13 x 9&quot; baking pan with cooking spray. | Combine riccota cheese, eggs, pepper, 2 tablespoons parsley, Parmesan cheese and 1/2 1lb of mozzarella cheese; In a lasagna pan, layer noodles, meat sauce, and cheese mixture; repeat. | Top off with layer of noodles; sprinkle evenly with remaining mozzarella cheese; make sure to cover noodles completely. | Bake at 375F for 40-60  minutes, or until cheese mixture is thoroughly melted. (I cover w/ foil for about 40 minutes, then uncover for 15-20 minutes. | Let sit for 15-20 minutes before cutting and serving.","https://img.sndimg.com/food/image/upload/q_92,fl_progressive,w_1200,c_scale/v1/img/recipes/28/76/8/SyAcnUdwTHGQfekagLBj_ABEL%203%20-%20final_1.png",Cheese,All,"Meat,European,Weeknight,Oven,< 4 Hours",540.5
30 Minute Chicken and Dumplings,,https://www.food.com/recipe/30-minute-chicken-and-dumplings-111257,,,,,,,,,,,
General Tso's Chicken,"Wow! This is even better than the BEST I have had in my fave Chinese restaurant. To make the meal go quickly prep everything the day or night before and store in the fridge. To make this easy to understand I have changed the terms to cornstarch slurry and sauce. The first is used to coat the chicken for frying, the second to coat the fried chicken. HTH I use a grater with small holes for the garlic or you can just zip all the sauce ingredients up in a blender or food processor. Enjoy! NOTE: I really appreciate all the reviews this recipe has received. I know that when making this it seems strange and like it just is not going to work. Trust that it will work even though the method and the way that the cornstarch slurry acts before cooking are so different. I was the same way the first time I made this. It does result in crispy pieces of chicken that are so like you find in a restaurant. The heat here is pretty much a balanced amount because some like it hot and some do not. Taste and add more heat as desired. Thanks again for trying this recipe. I hope that you have the great results that I have had time and again. Here is info, pics and heat levels of different chilies. http://www.foodsubs.com/Chilefre.html",https://www.food.com/recipe/general-tsos-chicken-164706,20m,20m,40m,8 serving(s),"3   lbs    boneless skinless chicken breasts, cut into chunks | 2   cups    green onions, sliced | 8   small    dried chilies, seeds removed  (bird pepper or thai chilies are good) | 1/4  cup    soy sauce, low sodium preferred | 1       egg, beaten | 1   cup    cornstarch | 1/2  cup    cornstarch | 1/4  cup    water | 1 1/2  teaspoons    fresh garlic, minced | 3/4  cup    sugar | 1/2  cup    soy sauce | 1/4  cup    white vinegar | 1/4  cup    sherry wine or 1/4  cup    white wine | 14 1/2  ounces    chicken broth (a can)","Place sauce ingredients in a quart jar with a lid and shake to mix. If you make this ahead of time just refrigerate until needed, shaking it again when you are ready to use it. This also keeps your dirty dishes down. | Mix cornstarch slurry in a large bowl- the mixture will be strange but trust me it works. It will be VERY thick almost paste like. Add ALL the chicken pieces and stir to coat. Using a fork remove ONE chicken piece at a time and let the excess mixture drip off. YES even though the mixture has a weird consistency it will not stick like paste and the excess will drip off. Add chicken to the hot (350 degree) oil and fry until crispy. Only cook 7 or 8 chicken pieces at a time. You do not want to lower the temp of the oil by cooking too many at a time. You can use a simple cooking or candy thermometer to judge the temp of the oil. | Drain on paper towels. Want them extra crispy? Put them on a rack over a sheet pan. Keep warm- I just put them in the oven with the oven off. Repeating until all chicken is fried. | In a separate wok or large skillet add a small amount of oil and heat to 400 degrees. Again, a candy thermometer works great. (Want less dishes?  You can just drain the oil after you fry all the chicken, leave a small amount (about a tsp) in the pan and use the same pan if you like.) | Add green onions and hot peppers and stir fry about 30 seconds. | Stir (or shake jar) sauce mixture, and then add to pan with onions and peppers, cook until thick. Some reviews didn't kniw what &quot;thick&quot; meant. Thick like the same sauce you get at a restaurant.you want it to just coat the chicken. If it gets too thick, add a little water or other liquid. The thickness of the sauce should be similar to what you get when ordering this at a restaurant. | Add chicken to sauce in wok and heat just until the chicken is hot enough for you. It may not even need a minute if you kept the chicken warm. The quicker you serve it the crispier the chicken stays. | Don't be scared by any negative reviews. It's not rocket science though if you have never cooked with a cornstarch slurry it may feel like an experiment. Trust yourself! You've got this! If you have any doubts reread the recipe and get everything in order before you start to cook. I promise you will thank yourself and maybe even me! Enjoy! | Oh it's great served over rice!","https://img.sndimg.com/food/image/upload/q_92,fl_progressive,w_1200,c_scale/v1/img/recipes/16/47/06/lSfuBJlS6WKSVp6VUkAy_general-tsos-chicken-4.jpg",Chicken Breast,All,"Chicken,Poultry,Meat,Asian,< 60 Mins,Deep Fried,Inexpensive",410.1
Huey's Italian Sausage Dog,My adaptation of Huey's Italian version of the classic &quot;hot&quot; dog.  Huey (Iain Hewitson) is a larger than life Melbourne restaurateur and chef who also features on his own extremely popular TV show.  I have posted several of his recipes on Zaar.,https://www.food.com/recipe/hueys-italian-sausage-dog-168034,10m,15m,25m,6 serving(s),"6      well-flavoured thick sausages | 1 (200   g)   jar chargrilled red capsicums | 4       garlic cloves, crushed | 1/2      red onion, cut into wedges | 6       pitted black olives, finely sliced, kalamata are the tastiest | 1   cup    italian tomato, cooking sauce | salt, to taste | fresh ground pepper, to taste | 10   leaves    fresh basil | olive oil | 2       French baguettes | grated mozzarella cheese or   tasty cheese | grated parmesan cheese","Preheat the grill. | Blanch the sausages in simmering water until just firm to the touch; drain well. | Heat 1 tablespoon of oil from the capsicums in a large pan and gently saut&eacute; the garlic and onion until they have softened but not browned. | Add the olives, the capsicums, the tomato cooking sauce and the seasonings. Mix well and cook until thickish. Then stir in 8 torn basil leaves. | While the sauce is cooking, pan fry the sausages in a thin layer of oil in another pan until they are golden brown. | Then cut the two baguettes into three pieces about the length of the sausages; make cuts in the centre (but NOT right through) and insert a sausage topped with the sauce inside each piece of the baguette. | Place on the sausage-filled baguettes on a baking tray, top with cheeses and grill until golden and bubbling. | Serve with a garnish of basil.","https://img.sndimg.com/food/image/upload/q_92,fl_progressive,w_1200,c_scale/v1/img/recipes/16/80/34/picTSGOTk.jpg",Lunch/Snacks,All,"Pork,Onions,Peppers,Vegetable,Meat,Australian,European,Lactose Free,Egg Free,Free Of...,Halloween,Brunch,Broil/Grill,< 30 Mins,Oven,Beginner Cook,Stove Top,Easy,Inexpensive",393.3
Creamy Cajun Chicken Pasta,Make and share this Creamy Cajun Chicken Pasta recipe from Food.com.,https://www.food.com/recipe/creamy-cajun-chicken-pasta-39087,10m,15m,25m,2 serving(s),"2       boneless skinless chicken breast halves, cut into thin strips | 4   ounces    linguine, cooked al dente | 2   teaspoons    cajun seasoning (your recipe, <a href=""https://www.food.com/recipe/cajun-seasoning-mix-14190"">Cajun Seasoning Mix</a> or store-bought) | 2   tablespoons    butter | 1      thinly sliced green onion | 1/2  cup    heavy whipping cream | 2   tablespoons   chopped sun-dried tomatoes | 1/4  teaspoon    salt | 1/4  teaspoon    dried basil | 1/8  teaspoon    ground black pepper | 1/8  teaspoon    garlic powder | 1/4  cup   grated parmesan cheese","Place chicken and Cajun seasoning in a bowl and toss to coat. | In a large skillet over medium heat, saut&eacute; chicken in butter or margarine until chicken is tender, about 5 to 7 minutes. | Reduce heat add green onion, heavy cream, tomatoes, basil, salt, garlic powder, black pepper and heat through. | Pour over hot linguine and toss with Parmesan cheese.","https://img.sndimg.com/food/image/upload/q_92,fl_progressive,w_1200,c_scale/v1/img/recipes/39/08/7/VPeSMiYHRce4BWsyj7Nl_0S9A5582.jpg",Chicken Breast,All,"Chicken,Poultry,Meat,Cajun,Kid Friendly,Spicy,< 30 Mins,Stove Top,Easy",719.1
The Perfect Burger,"Here are the ingredients & the instructions to make the perfect burger! Although it may not be the healthiest, use medium ground beef for moistness & flavour. The leaner varieties produce burgers that are drier with a denser, tighter texture. Don't use previously frozen meat as juices are lost during defrosting. If making ahead, cover with plastic wrap & refrigerate for no more than a day. Enjoy!",https://www.food.com/recipe/the-perfect-burger-92021,15m,15m,30m,4 serving(s),"1       egg | 1   teaspoon    mustard (regular or Dijon) | 1   teaspoon    Worcestershire sauce | 1   small    onion, finely grated | 1   clove    garlic, minced | 1/2  teaspoon    salt | 1/2  teaspoon    pepper | 1   lb   medium ground beef | 1   tablespoon   creamy caesar salad dressing or 1   tablespoon    Greek salad dressing | 1   tablespoon   chopped sun-dried tomato | 1   tablespoon    sour cream or 1   tablespoon    yoghurt | 1   tablespoon   grated fresh lemon rind or 1   tablespoon    lime rind | 1   tablespoon   grated gingerroot | 1   tablespoon    ketchup or 1   tablespoon    barbecue sauce | 1   teaspoon    lemon pepper | 1   teaspoon    curry powder | 1   teaspoon    dried thyme or 1   teaspoon    dried rosemary | 1   tablespoon    fresh herb | 2   teaspoons    cajun seasoning | 1   teaspoon    sesame oil | 1   teaspoon    teriyaki sauce or 1   teaspoon    hoisin sauce | 1       fresh jalapenos or 1       pickled jalapeno pepper, chopped","Lightly oil grill& heat BBQ to medium. | Whisk egg in a bowl& add next 6 ingredients. | Add any of the &#x93;stir-ins&#x94; that appeal to you. | Crumble in beef& using your hands or a fork, gently mix together. | Handle the meat as little as possible &#x96; the more you work it, the tougher it gets. | Gently shape (don&#x92;t firmly press) mixture into burgers about &#xBE; inch thick. | Using your thumb, make a shallow depression in the centre of each burger to prevent puffing up during cooking. | Place burgers on the grill, close lid& BBQ until NO LONGER PINK INSIDE, turning once, about 6 &#x96; 8 minutes per side. | An instant read thermometer should read 160F. | Don't abuse your burgers by pressing with a spatula, pricking with a fork or turning frequently as precious juices will be lost! | Tuck into a warm crusty bun& add your favourite toppings.","https://img.sndimg.com/food/image/upload/q_92,fl_progressive,w_1200,c_scale/v1/img/recipes/92/02/1/ArhyYe9RTCrWPsuTu5hw_0S9A9973.jpg",Meat,All,"Kid Friendly,Spring,Summer,Camping,< 30 Mins,Easy,Inexpensive",320.4
Delicious Chicken Pot Pie,"This chicken pot pie recipe takes a little time, but it is WELL WORTH IT!! This is an all-time favorite in our family. Great on a cold winter day.",https://www.food.com/recipe/delicious-chicken-pot-pie-10744,1h,45m,1h 45m,6-8 serving(s),"1   cup    potato, diced | 1   cup    onion, diced | 1   cup    celery, diced | 1   cup    carrot, diced | 1/3  cup   melted margarine | 1/2  cup    all-purpose flour | 2   cups    chicken broth | 1   cup    half-and-half | 1   teaspoon    salt | 1/4  teaspoon    pepper | 4   cups    chicken, cooked and chopped | 2       pie crusts (either store bought or your own recipe)","Preheat oven to 400&deg;F. | Saute onion, celery, carrots and potatoes in margarine for 10 minutes. | Add flour to sauteed mixture, stirring well, cook one minute stirring constantly. | Combine broth and half and half. | Gradually stir into vegetable mixture. | Cook over medium heat stirring constantly until thickened and bubbly. | Stir in salt and pepper; add chicken and stir well. | Pour into shallow 2 quart casserole dish and top with pie shells. | Cut slits to allow steam to escape. | Bake for 40-50 minutes or until pastry is golden brown and filling is bubbly and cooked through.","https://img.sndimg.com/food/image/upload/q_92,fl_progressive,w_1200,c_scale/v1/img/recipes/10/74/4/AyB790BXQZSOoGfb5I8o_0S9A2765.jpg",Savory Pies,All,"One Dish Meal,Chicken,Potato,Poultry,Vegetable,Meat,Potluck,Winter,Weeknight,Oven,< 4 Hours,Easy",538.3
Beef Nacho Crescent Bake,Make and share this Beef Nacho Crescent Bake recipe from Food.com.,https://www.food.com/recipe/beef-nacho-crescent-bake-159097,30m,30m,1h,8 serving(s),"1   lb    lean ground beef | 1       onion, chopped | 2   tablespoons   fresh minced garlic | 1   small    green bell pepper, seeded and chopped  (optional) | seasoning salt | pepper | 2   teaspoons    chili powder (or to taste) | 2   teaspoons    cumin (or to taste) | 1   teaspoon    dried oregano | 1/4  cup    parmesan cheese (can use more) | 1 (10   ounce) can   condensed cheddar cheese soup, undiluited | 1/2  cup    milk | 1 (8   ounce) can   refrigerated crescent dinner rolls | 1   cup   grated cheddar cheese","Set oven to 375 degrees. | Grease a 13 x 9-inch baking dish. | In a large skillet cook the ground beef with onion, garlic and green bell pepper (if using) until beef is browned; drain fat. | Add in salt, pepper, chili powder, cumin and oregano and Parmesan cheese; cook stirring for 2 minutes longer; remove the skillet from heat. | In a bowl whisk together the cheese soup and milk; set aside. | Separate the crescent dough into 4 rectangles; press perforations together firmly. | Roll each rectangle to 8x4 inches. | Cut each rectangle in half crosswise to form 8 (4-inch) squares (use a pizza cutter for this!). | Spoon about 1/4 cup beef mixture into center of each square. | Lift 4 corners of the dough up over the filling to meet in the center; pinch and twist firmly to seal. | Place the squares into the prepared baking dish. | Drizzle the soup/milk mixture around the squares in the baking dish. | Bake uncovered for about 20-25 minutes, or until the crusts are golden brown. | Remove from oven and sprinkle the grated cheese over each square and return to oven for 5 minutes or until the cheese melted.","https://img.sndimg.com/food/image/upload/q_92,fl_progressive,w_1200,c_scale/v1/img/recipes/15/90/97/dWpNiCl8QCeN11JTTtnx_pancakespastry2-4.jpg",Meat,All,"Savory,< 60 Mins,Oven,Beginner Cook,Easy",322.8
Curry Chicken,my boyfriend is a huge fan of this dish...i like it too. it's a rather sweet curry. my mom sent me this in an email...she said she made it and thought i might like it :) it's EXCELLENT when served over rice,https://www.food.com/recipe/curry-chicken-81591,15m,55m,1h 10m,2-4 serving(s),1/4  cup    butter | 1/2  cup    honey | 2   tablespoons    curry powder | 1/4  cup    Dijon mustard | 4 -6       boneless skinless chicken breasts,"preheat oven to 350. | heat butter, honey, dijon mustard, and curry together in a pan. | place chicken in a baking dish and pour sauce over chicken. | bake for 50-55 mins.","https://img.sndimg.com/food/image/upload/q_92,fl_progressive,w_1200,c_scale/v1/img/recipes/81/59/1/e5InOkLSzGQBpNeyZWFs_Easy-curry-chicken-01251.jpg",Curries,All,"One Dish Meal,Chicken,Poultry,Meat,Asian,Indian,Sweet,Oven,< 4 Hours,Easy,Inexpensive",771.5
Greek Potatoes (Oven-Roasted and Delicious!),"These potatoes are a staple in our home. Whether accompanying roast lamb or chicken, or just on their own, we have them a couple of times a week. They are delicious and the ones that get overly-brown in the pan and stick a bit are MINE!  Clean up is a little tricky with this recipe, unless you line your pans with foil, but I find that just filling the pan up with hot, sudsy water and forgetting for an hour (something I apparently have no problem doing ;-)) helps a lot.",https://www.food.com/recipe/greek-potatoes-oven-roasted-and-delicious-87782,10m,1h 19m,1h 29m,8 serving(s),"8   large    potatoes, peeled, cut into large wedges  (about 6-7 wedges per potato) | 4       garlic cloves, minced  (more garlic is a good thing, less garlic is a no-no for this recipe) | 1/2  cup    olive oil | 1   cup    water | 1   tablespoon    dried oregano (to taste) | 1   large    lemon, juiced | sea salt | fresh coarse ground black pepper","Preheat oven to 420&deg;F  A reviewer has suggested spraying the baking pan with Pam - that sounds like a great idea! | Put all the ingredients into a baking pan large enough to hold them. | Season generously with sea salt and black pepper. | Make sure your hands are very clean and put them in the pan and give everything a toss to distribute. | The garlic will drop into the water/oil solution but its flavour will permeate the potatoes, and this way, it won't burn. | Bake for 40 minutes. | When a nice golden-brown crust has formed on the potatoes, give them a stir to bring the white underside up, season lightly with a bit more sea salt and pepper and just a light sprinkling of oregano. | Add 1/2 cup more water if pan appears to be getting dry, and pop back into oven to brown other side of potatoes. | This will take about another 40 minutes. | Do not be afraid of overcooking the potatoes- they will be delicious. | Note:  I often melt a bouillon cube in the water; if you do, make sure to cut back some on the salt.","https://img.sndimg.com/food/image/upload/q_92,fl_progressive,w_1200,c_scale/v1/img/recipes/87/78/2/GvYCvLdzQb2AyElhhEou_batch23-7123.jpg",Potato,All,"Vegetable,Greek,European,Low Protein,Low Cholesterol,Kid Friendly,< 4 Hours",409.7
Chicken Alfredo!,Quick and Simple!  My jusband and I love to make this recipe together.  He saut&eacute;es the chicken while I do the sauce!  Everyone I have ever made this for raves about it for days!,https://www.food.com/recipe/chicken-alfredo-62343,15m,20m,35m,4-6 serving(s),"4       boneless chicken breasts, cut into strips | olive oil | garlic powder | parsley (fresh or dry) | pepper | salt | tony creole seasoning | 1 (8   ounce) package   Philadelphia Cream Cheese | 1/2  cup    butter | 1/2  cup    milk | 3/4  cup    parmesan cheese or 3/4  cup   any Italian cheese | 1   teaspoon    white pepper | 1 (16   ounce) package   cooked angel hair pasta (drained and not sticking together) or 1 (16   ounce) package   pasta, of your choice  (drained and not sticking together)","Cook your pasta, while your chicken sautes, then add a little olive oil or butter to pasta to prevent sticking, lay on large platter or casserole dish; set aside. | Coat the bottom of a skillet w/olive oil,and heat on med-high heat. | Add chicken strips or chunks, lower heat to med. | Sprinkle seasonings over meat to your liking. | Saute meat until chicken is no longer pink. | Pour chicken and pan drippings over pasta. | In a heavy sauce pan, begin to heat cream cheese and butter on medium heat; slowly add milk. | Stir until all clumps are out, add cheese, continue to stir, then add pepper. | Once all is melted and hot, pour over pasta and chicken.","https://img.sndimg.com/food/image/upload/q_92,fl_progressive,w_1200,c_scale/v1/img/recipes/62/34/3/rn9vs2E9Rvy7C6EyD7Cj_chicken-alfredo-7.jpg",One Dish Meal,All,"Chicken Breast,Chicken,Poultry,Meat,< 60 Mins",928.4
Perfect Pot Roast (Slow-Cooker),"Quick and easy in the crockpot. A juicy roast with potatoes, carrots and onions. I like to thicken the pan juices with cornstarch to make a tasty gravy to serve with this meal.",https://www.food.com/recipe/perfect-pot-roast-slow-cooker-239829,10m,3h,3h 10m,6 serving(s),"2   lbs    beef roast | 4       potatoes, peeled and cut into 1-inch cubes | 1 1/2  cups    baby carrots | 1   large    onion, quartered and pulled apart | 1 1/2  cups    beef broth | 1 (1 1/2  ounce) envelope   dry vegetable soup mix (I use Knorr)","Place roast into crockpot and surround with vegetables. | Combine beef broth and vegetable soup mix, then add to crockpot. | Cover and cook on LOW 6-8 hours or HIGH 3-4 hours.","https://img.sndimg.com/food/image/upload/q_92,fl_progressive,w_1200,c_scale/v1/img/recipes/23/98/29/Oq4Yc2NySRyayCO1oG90_Perfect%20Pot%20Roast%20Slow%20Cooker_final%202.jpg",One Dish Meal,All,"Roast Beef,Potato,Vegetable,Meat,Healthy,< 4 Hours,Easy",343.8
Simple Oven-Roasted Corn on the Cob,"Very easy to do; great results. Of course, you can sprinkle any of your favorite seasonings on the corn after buttering.",https://www.food.com/recipe/simple-oven-roasted-corn-on-the-cob-249168,5m,25m,30m,4 serving(s),4   ears    corn | 2   tablespoons    butter (softened),Preheat oven to 450 degrees. | Remove husks and silks from corn. | Butter corn and wrap in foil. | Place on cookie sheet and roast for 20 to 25 minutes.,"https://img.sndimg.com/food/image/upload/q_92,fl_progressive,w_1200,c_scale/v1/img/recipes/24/91/68/Em4Eg8X8Q8iZcyRte9NR_oven-roasted-corn-on-cob_3521.jpg",Corn,All,"Vegetable,< 30 Mins,Easy",164.2
N. Y. C. Corned Beef and Cabbage,"Here's how to make corned beef and cabbage the right way. My thanks to my great-grandmother Delia O'Dowd and other NYC Irish Catholics who invented it. It is not normally eaten in Ireland, folks!",https://www.food.com/recipe/n-y-c-corned-beef-and-cabbage-15846,2m,3h,3h 2m,8-12 serving(s),"1 (2 -6   lb)    corned beef brisket | 1   teaspoon    peppercorn | 2       dried bay leaves | 1 -3   head   fresh cabbage | 1 -12   medium    red potatoes | 1 (1   lb) bag   fresh carrot | fresh parsley (Dried won't do at all) | real butter (margarine won't do at all. Besides, we now know that butter is better for us than any of the margari) | 1       fresh garlic clove | 1   medium   fresh sweet onion | yellow mustard (whatever floats your boat) | 1   loaf    rye bread (traditional) or 1   loaf    irish soda bread (see my <a href=""https://www.food.com/recipe/n-y-c-irish-soda-bread-15843"">N .y. C. Irish Soda Bread</a> recipe) | Harp lager beer (optional)","------------Selecting the corned beef brisket------------. | Go to the store several days ahead of time or you will have to pick out the best of what has been picked over again and again. The best will disappear first. | Do not freeze. | Pick out a nice thick slab checking the sides to make sure it isn't a very gristly one. | Feel it because some butchers fold it over hiding the gristle if there is a lot of it. | There will always be some gristle and it runs the length of the slab in the center. | The thicker the slab the better. If you are lucky, you may see some chunk style at a higher price per pound. | If there isn't a spice bag in with the brisket, you will need to get some whole peppercorns (white and black) and bay leaves. | ------------Selecting the Cabbage-------------------. | The heavier and more solid it is, the better it is. | Smell it to make sure it isn't too bitter. | You may have to go to another store if the whole batch has a very strong bitter smell. I have had to visit several stores to find a decent batch. | Keep in mind that the outer leaves will be discarded even if the store has already removed the natural outer leaves to make them look better and fresher. | --------------Selecting the Potatoes----------------. | Watch out for the red dyed ones. | Pick out a bag of medium to small sized ones. | The smaller the better. | If you are lucky enough to find the ones as small as salad tomatoes, they are the best. | -------------Selecting the Carrots----------. | Get the smallest bag they have unless you like carrots, because you will only use one per pot of cabbage to take any bitterness out of the cabbage. | Serving a bowl of carrots is a big no no on Saint Patrick's Day. | Preparing and cooking the meal-----------------------. | (It's going to take 3 hours with you there). | Use a large Dutch oven or stock pot that will hold everything all at once. | Place the brisket (best side up) in the bottom of the pot. | There's no need to rinse it because nothing bad will survive what you are about to do to it and you will remove the outer marinate. | Add the spice packet or a teaspoonful of peppercorns and two bay leaves. | Cover the brisket generously with water and a bottle of beer (optional - adds flavor and is a tenderizer). | Bring to a boil. | Reduce heat, cover and simmer for 2 hours. | During the 2 hours------------------------. | Scrub and rinse the new red potatoes. | Remove any eyes and bad spots. | Leave as much of the peel as you can. | Quarter them (halve or whole if tiny). | Cover with water until ready for them. | Remove the outer leaves from the cabbage until the leaves are entirely light green, rinse and cut it into quarters through the spine so they stay together.  Set aside. | Peel one carrot and cut it into quarters.  Set aside. | Peel the onion and cut it into eighths.  Set aside. | Rinse the bunch of fresh parsley and chop up just the tops into very tiny pieces. | I find that kitchen scissors do just fine. | After the 2 hours----------------------. | Add the potatoes on top of the brisket. | Add water to cover everything. | Bring to a boil. | Reduce heat, cover and simmer for 10 minutes. | Add the cabbage on top of the potatoes and add onion and carrot on top of the cabbage. | Add water to cover everything. | Bring to a boil. | Reduce heat, cover and simmer for 20 minutes. | Check the cabbage to see if it is tender. | If not, simmer another 5 minutes. You shouldn't undercook it and it's hard to overcook it. | When done-----------------------. | In a large serving bowl where you can stir the potatoes, crush the garlic clove and rub the inside of the bowl with it. | Place the potatoes in the bowl while still piping hot and add (at least) a quarter pound of butter and add a handful (more is better than less) of chopped fresh parsley. | Gently stir until butter is melted, it coats all the potato pieces and the parsley is evenly distributed. | Put the rest of the parsley into a tiny serving bowl for those who want to add more to their potatoes. | As I said, more is better. | Slice the brisket cross grain. | Hope there is leftovers for breakfast. | See my March 18th Breakfast! It's a family tradition. We make sure we make enough to ensure leftovers for breakfast the next morning. Finely chopped fried corned beef and cabbage (the entire meal) and coffee is divine. We throw in any leftover parsley.","https://img.sndimg.com/food/image/upload/q_92,fl_progressive,w_1200,c_scale/v1/img/recipes/15/84/6/DbERKvW9SWeTU3BYvVxR_DSC_0790.jpg",One Dish Meal,All,"Potato,Vegetable,Meat,European,Spring,Weeknight,St. Patrick's Day,Beginner Cook,Stove Top,< 4 Hours,Easy",563.8
Bourbon Chicken,I searched and finally found this recipe on the internet. It is a copycat of the Bourbon Chicken sold in Chinese carry-outs in my hometown.  This recipe is so good that my sons gobble it up leaving me just a spoonful. Their excuse was they thought I had eaten.  Editor's Note:  Named Bourbon Chicken because it was supposedly created by a Chinese cook who worked in a restaurant on Bourbon Street.,https://www.food.com/recipe/bourbon-chicken-45809,15m,20m,35m,4 serving(s),"2   lbs    boneless chicken breasts, cut into bite-size pieces | 1 -2   tablespoon    olive oil | 1       garlic clove, crushed | 1/4  teaspoon    ginger | 3/4  teaspoon    crushed red pepper flakes | 1/4  cup    apple juice | 1/3  cup    light brown sugar | 2   tablespoons    ketchup | 1   tablespoon    cider vinegar | 1/2  cup    water | 1/3  cup    soy sauce","Editor's Note:  Named Bourbon Chicken because it was supposedly created by a Chinese cook who worked in a restaurant on Bourbon Street. | Heat oil in a large skillet. | Add chicken pieces and cook until lightly browned. | Remove chicken. | Add remaining ingredients, heating over medium Heat until well mixed and dissolved. | Add chicken and bring to a hard boil. | Reduce heat and simmer for 20 minutes. | Serve over hot rice and ENJOY.","https://img.sndimg.com/food/image/upload/q_92,fl_progressive,w_1200,c_scale/v1/img/recipes/45/80/9/MwuCd6HpQ5mDvn4OLRkA_0S9A9886.jpg",Chicken Breast,All,"Chicken,Poultry,Meat,Chinese,Asian,High Protein,High In...,< 60 Mins,Easy",521.4
Leftover Mashed Potato Pancakes,"This recipe was recently submitted to a news group to which I belong. I think it is very good and hope you like it, too. Preparation time in the kitchen is just a few minutes. When the big meal is through, this is a tasty way to use up the leftover mashed potatoes.",https://www.food.com/recipe/leftover-mashed-potato-pancakes-9054,5m,30m,35m,2 serving(s),"2   cups    mashed potatoes (approximately) | 1 -2       egg | 1/4  cup    flour | salt | pepper | garlic | onion (optional) | chives (optional) | cheese (optional) | oil or   Crisco, for frying | sour cream (optional) or   applesauce, for garnish  (optional)","Mix mashed potatoes, egg, flour, salt, pepper, garlic, and any optional ingredients, into mashed potatoes. | Preheat skillet and add a couple of tablespoons of Crisco shortening or oil. | Make sure the mixture is not too thin. | Pour 1/4 cup batter into hot pan; brown on both sides. | Enjoy with sour cream or applesauce. | Enjoy!","https://img.sndimg.com/food/image/upload/q_92,fl_progressive,w_1200,c_scale/v1/img/recipes/90/54/QgpKo1rxQpSiZmN5F5jj_untitled-4303.jpg",Breakfast,All,"Potato,Vegetable,Healthy,Hanukkah,< 60 Mins,Easy",266.9
Hot Dog Sandwich,"We loved it when our mom made these for us when we were kids.  It is a fun way to shake up how you serve a hot dog, brat, etc.  Feel free to sub your favorite hot dog style meat/veg product like turkey dogs, veggie dogs etc.",https://www.food.com/recipe/hot-dog-sandwich-376120,15m,15m,30m,2 serving(s),"2       hot dogs | 4   slices    bread | 2   slices    American cheese | ketchup, to taste | other condiments, to taste","Prepare hot dogs according to package directions. | Meanwhile, toast the bread in the toaster, or if you are grilling your hot dogs, put the bread on the grill for a minute or two on each side. | Spread one piece of bread with ketchup. | Place the cheese slice on a second piece of bread. | When the hot dogs are ready, slice them down the center lengthwise, and then again horizontally.  You will then have four pieces that should fit onto the bread next to one another. | Place the hot dog on the bread with cheese. | Add any other condiments you'd like at this point (I know we like it simple with just the cheese and ketchup!). | Top with the second slice of bread.","https://img.sndimg.com/food/image/upload/q_92,fl_progressive,w_1200,c_scale/v1/img/recipes/37/61/20/picS3jBr1.jpg",Lunch/Snacks,All,"< 30 Mins,Easy",328.5
Linda's Bean and Mayonnaise Sandwich (Sandwiches),"One day my friend at work brought this in for lunch. I turned my nose up at it, and laughed as she told me how delicious it was... The next day she made me one, and made me try it... I was hooked on the first bite...Try it...I bet you will get hooked too!  I would not use black beans on this recipe.  I use Friends or Bush's baked beans.  Try some of my other delicious sandwiches: Recipe #52284 Recipe #234542 Recipe #218337",https://www.food.com/recipe/lindas-bean-and-mayonnaise-sandwich-sandwiches-52286,5m,,5m,1 sandwich,"2   slices    bread, I use white | canned pea beans (out of the can or fridge, NOT HEATED, and drained of any extra juice) or  canned navy beans, as many as you like, loaded about 1-inch thick.  (out of the can or fridge, NOT HEATED, and drained of any extra juice) | mayonnaise, to taste | salt and pepper, to taste","Put a generous amount of mayonnaise on both slices of bread. | Add salt and pepper to taste, onto the mayonnaise. | Put a generous amount of beans onto one slice of bread. | Put top slice of bread onto sandwich, cut and eat. | This is truly delicious. | Try it! | You just might like it. | Note: You can add onion and/or bacon to this sandwich for variation, or how about chow chow or relish.","https://img.sndimg.com/food/image/upload/q_92,fl_progressive,w_1200,c_scale/v1/img/recipes/52/28/6/picE2jTiB.jpg",Lunch/Snacks,All,"Beans,Low Cholesterol,Healthy,< 15 Mins,Easy",133.0
Ham and Egg Salad With Crackers,Make and share this Ham and Egg Salad With Crackers recipe from Food.com.,https://www.food.com/recipe/ham-and-egg-salad-with-crackers-389278,10m,,10m,4 serving(s),"4       hard-boiled eggs, peeled, chopped | 100   g   shaved leg ham, chopped | 1/2  cup   whole egg mayonnaise | 2   tablespoons    parsley, chopped | multi-grain cracker, to serve",Mix together all ingredients except crackers. | Spoon into a container. | Pack into lunch box with chiller brick. | Pack crackers seperately.,"https://img.sndimg.com/food/image/upload/q_92,fl_progressive,w_1200,c_scale/v1/img/recipes/38/92/78/piczIgDhm.jpg",Lunch/Snacks,All,"Kid Friendly,< 15 Mins,Easy,Inexpensive",229.6
Italian Saucy Sausage Sub,Make and share this Italian Saucy Sausage Sub recipe from Food.com.,https://www.food.com/recipe/italian-saucy-sausage-sub-20037,5m,15m,20m,1 serving(s),1       Italian sausage | 10   tablespoons    spaghetti sauce | 1   small    onion | 1/4      bell pepper | 1       hoagie roll,"Fry, boil or grill your sausage. | Saut&eacute; onion and bell pepper with a dash of pepper flakes. | ASSEMBLY----------. | Place sausage on bun. | Place saut&eacute; mixture on top. | Place warm sauce on top. (warm for twenty seconds in microwave). | Enjoy!","https://img.sndimg.com/food/image/upload/q_92,fl_progressive,w_1200,c_scale/v1/img/recipes/20/03/7/pichLQrYL.jpg",Lunch/Snacks,All,"Meat,< 30 Mins,Beginner Cook,Stove Top,Easy,Inexpensive",554.7
Fresh Tomato &amp; Mozzarella Salad,Make and share this Fresh Tomato &amp; Mozzarella Salad recipe from Food.com.,https://www.food.com/recipe/fresh-tomato-mozzarella-salad-173875,15m,,15m,4-6 serving(s),"3   medium    tomatoes | 1/2  lb    fresh mozzarella cheese (if all you can find is the tub, make sure to pat it real dry) | 1/2  cup   torn basil leaves | 3   tablespoons    olive oil | 4   teaspoons    balsamic vinegar | kosher salt or   sea salt, to taste",Cut up the tomatoes and mozzarella into large cubes. | Add basil leaves and drizzle w/ vinegar and olive oil. | Stir lightly. | Sprinkle with a little salt. | Chill at least one hour. | Store in refrigerator.,"https://img.sndimg.com/food/image/upload/q_92,fl_progressive,w_1200,c_scale/v1/img/recipes/17/38/75/picB4fvjd.jpg",Cheese,All,"Vegetable,< 15 Mins,Beginner Cook,Easy",283.7
Smoked Salmon and Philadephia Sandwich,Make and share this Smoked Salmon and Philadephia Sandwich recipe from Food.com.,https://www.food.com/recipe/smoked-salmon-and-philadephia-sandwich-92134,5m,,5m,2 serving(s),"100   g    smoked salmon | 1/2  cup   phildelphia cream cheese | 1       green apple, cored and sliced | 1       tomatoes, sliced | 6   slices    brown bread",Spread the Philadelphia cheese on 3 slices of the bread. | Put a slice of smoked salmon on top. | Add slice of tomato and apple. | Put the remaining slices of bread on top. | You could add some lettuce or other vegetables if you want. | Enjoy this healthy sandwich!,"https://img.sndimg.com/food/image/upload/q_92,fl_progressive,w_1200,c_scale/v1/img/recipes/92/13/4/picXG1D2r.jpg",Lunch/Snacks,All,"Belgian,European,< 15 Mins,Easy",583.2
Cheater's Chicken Noodle Soup,"I fall back on this recipe when I need some chicken noodle soup prepared in under 30 minutes. I prefer to broil my chicken tenders about 6 minutes per side or until juices run clear. This produces the moistest, tenderest chicken, in my opinion. I serve it with Recipe #96447.",https://www.food.com/recipe/cheaters-chicken-noodle-soup-210534,15m,3m,18m,"3 quarts, 6 serving(s)","3/4  lb    chicken tenders, cooked and diced | 8   ounces    fine egg noodles | 6   cups    water | 5 -6       chicken bouillon cubes | 1 (15   ounce) can   carrots, undrained","Place water and one bouillon cube in a 3 quart saucepan. (I never measure, I just fill it up about halfway.) | Bring to a boil. Add egg noodles and boil for 3 minutes. (Adjust your time if you aren't using fine egg noodles. Cook for the lowest time in package directions.) Do not drain noodles! | Turn heat to OFF. Add remaining bouillon cubes and stir until dissolved. | Add carrots and chicken. Stir to heat thoroughly. Add a sprinkling of dried parsley, if desired.","https://img.sndimg.com/food/image/upload/q_92,fl_progressive,w_1200,c_scale/v1/img/recipes/21/05/34/picaYVKoM.jpg",Clear Soup,All,"Chicken,Poultry,Vegetable,Meat,Low Cholesterol,Healthy,Kid Friendly,< 30 Mins,Beginner Cook,Stove Top,Easy,Inexpensive",247.8
Fried Bologna Sandwich,"This is a fried bologna sandwich that I had often growing up. I see so many of my favorite sandwiches on here, but I didn't see this one.",https://www.food.com/recipe/fried-bologna-sandwich-133272,5m,5m,10m,1 serving(s),2   slices    white bread | 1 -2   slice    bologna (depending on preference) | 1/8  teaspoon    oil | 1   slice    American cheese | 1   tablespoon    mustard,Put oil in a frying pan and heat to med. high. | Put slit in bologna from middle to all the way through the end. | Put bologna in heated oil. | Brown both sides. | Add cheese to top while last side is browning. | Spread mustard on both sides of bread. | Add bologna between slices and gobble it up!,"https://img.sndimg.com/food/image/upload/q_92,fl_progressive,w_1200,c_scale/v1/img/recipes/13/32/72/piciiMow7.jpg",Lunch/Snacks,All,"Pork,Meat,< 15 Mins,Beginner Cook,Easy,Inexpensive",282.1
Tomato Sandwich from Italy,"This is a common lunchtime sandwich in Naples, Italy. When I lived there, I ate them at least three times a week. It is perfectly acceptable to add other stuff like capers, oregano, crushed black olives, etc. but the basic sandwich is so glorious that you really don't need to get complicated. This simple recipe is the epitome of summer to me. Feel free to modify to taste, but reme",https://www.food.com/recipe/tomato-sandwich-from-italy-12472,5m,,5m,"2 sandwiches, 2 serving(s)",2      fresh garden tomatoes | 1 -6   clove    fresh garlic | 1   bunch    fresh basil | extra virgin olive oil | 1   loaf    Italian bread | salt | pepper,All ingredients in this recipe are to taste. | Assume that each person will eat at least a half loaf sandwich. | Build these sandwiches immediately before serving. | Slice tomatoes to 1/4 or 1/2 inch slices. | Crush lots of fresh garlic cloves. | Chop some basil leaves leave some whole for decoration. | Cut loaf of Italian bread in half crosswise. | Slice each half loaf lengthwise but NOT all the way through as you would for a sub sandwich. | Open each half loaf flat. | Drizzle a good amount of olive oil on both sides of the loaf. | Spread fresh garlic (to taste) on bottom of loaf. | Spread some chopped basil (to taste) on bottom of loaf. | Lay tomato slices on bottom of loaf slightly overlapping. | Add more garlic if desired. | Salt and pepper to taste. | Add some whole basil leaves for decoration. | Serve open for eye appeal.,"https://img.sndimg.com/food/image/upload/q_92,fl_progressive,w_1200,c_scale/v1/img/recipes/12/47/2/pic3XVu7Z.jpg",Lunch/Snacks,All,"Vegetable,European,Vegan,Summer,< 15 Mins,No Cook,Easy",430.7
Healthy Egg Salad Sandwich,"Because it doesn't use mayo, this is a lighter and healthier version of the standard egg salad sandwich, and the mustard and scallion give it a little kick.",https://www.food.com/recipe/healthy-egg-salad-sandwich-226377,5m,,5m,2 serving(s),"2       hard-boiled eggs | 2      chopped scallions (white and green parts) | 2   tablespoons    Dijon mustard | 2   pieces    lettuce (I prefer romaine) | 4   slices    whole grain bread, toasted | salt and pepper","With the back of a fork, mash egg yolk with mustard to make a thick paste. | Stir in chopped scallions and chopped egg white.  Mix in salt and pepper as desired. | Divide mixture on top of 2 slices of bread. | Top with lettuce leaves, and cover with remaining slices of bread.  Makes 2 sandwiches.","https://img.sndimg.com/food/image/upload/q_92,fl_progressive,w_1200,c_scale/v1/img/recipes/22/63/77/P1og9AWXQmCugQuogEUj_healthy-egg-salad-sandwich-3635.jpg",Lunch/Snacks,All,"Brunch,< 15 Mins,Beginner Cook,Easy",231.4
Apple-Cheddar Panini,Make and share this Apple-Cheddar Panini recipe from Food.com.,https://www.food.com/recipe/apple-cheddar-panini-221685,10m,10m,20m,4 serving(s),"8   slices    whole grain bread | 1/4  cup    honey mustard | 2      crisp apples, thinly sliced  (I like Braeburn or Fuji or Gala) | 8   ounces    mild cheddar cheese, thinly sliced | cooking spray","Preheat panini press on medium heat(or use 2 heavy skillets-one to put on top of the panini while cooking to press it). | Lightly spread honey mustard evenly over each slice of bread. | Layer apple slices and cheese over 4 slices of bread, using about &frac12; apple and 2 ounces of cheese for each sandwich. Top each with remaining bread slices. Lightly coat panini press with cooking spray(or coat skillet. | Grill each sandwich for 3 to 5 minutes or until cheese has melted and bread has toasted. | Remove from pan and allow to cool slightly before serving. Enjoy!","https://img.sndimg.com/food/image/upload/q_92,fl_progressive,w_1200,c_scale/v1/img/recipes/22/16/85/pic0lJuoN.jpg",Lunch/Snacks,All,"Cheese,Apple,Fruit,European,High In...,Brunch,< 30 Mins,Easy",445.6
Cream Cheese and Jelly Sandwich,"You know how things are always popping into your head when you are laying in bed?  Well, that's what happen to me.  My Dad use to make these sandwiches for my brother and me. How can something so simple be so good?  You decide....",https://www.food.com/recipe/cream-cheese-and-jelly-sandwich-118116,12m,,12m,3 sandwiches,6   slices    white bread | 6   ounces    cream cheese | 6   ounces    grape jelly,Spread cream cheese on three slices of bread. | Spread jelly on top of cheese. | Top each with another slice of bread. Cut each sandwich in fours. | Enjoy with a tall glass of milk and don't forget to lick your fingers!,"https://img.sndimg.com/food/image/upload/q_92,fl_progressive,w_1200,c_scale/v1/img/recipes/11/81/16/01471107725.jpeg",Lunch/Snacks,All,"Vegetable,< 15 Mins,No Cook,Easy,Inexpensive",481.7
Dorito Sandwich (for kids),"Sounds gross, and probably is. A friend of mine (yes, an adult)has been eating this since she was little and apparently still eats it. I was so intrigued by the odd-ballness of this sandwich that I thought I should post it.",https://www.food.com/recipe/dorito-sandwich-for-kids-45982,1m,,1m,1 sandwich,1       hard roll | 1   tablespoon    butter | 1   bunch    plain Doritos,Spread butter on hard roll. | Pile on Doritos. | Cut in half and eat it.,"https://img.sndimg.com/food/image/upload/q_92,fl_progressive,w_1200,c_scale/v1/img/recipes/45/98/2/picqxCidP.jpg",Lunch/Snacks,All,"Kid Friendly,< 15 Mins,No Cook,Easy",782.8
Lunchbox Hummus Vegetable Sandwich,"A grown up way of doing a healthy sandwich !
The Tapenade (olive spread) is optional .
                Enjoy ---",https://www.food.com/recipe/lunchbox-hummus-vegetable-sandwich-267593,15m,,15m,"1 sandwich, 1 serving(s)","2   slices    whole wheat bread | 1/2  cup   store bought hummus | 2   tablespoons   store bought tapenade (olive spread) | 1/4      cucumber, thinly sliced | 1      coarsely grated carrot",Spread 1 slice whole wheat bread with half the mixture of hummus and tapenade (optional). | Do the same on the second piece of bread. | Top hummus and tapenade with the 1/4 cucumber thinly sliced and the 1 carrot coarsely grated. | This recipe makes 1 sandwich.,"https://img.sndimg.com/food/image/upload/q_92,fl_progressive,w_1200,c_scale/v1/img/recipes/26/75/93/pic9Gx0ei.jpg",Lunch/Snacks,All,"Vegetable,< 15 Mins,Easy",378.8
Egg &amp; Tomato Sandwich,"So simple and so delicious.  I'm not sure why it never occurred to me to put this combo together, but when I lived in England, the little sandwich stand always had this on hand.  I became completely addicted to it :)  Depending on the size of your eggs, you might want to use 2 - you want enough to layer it down the length of the baguette.",https://www.food.com/recipe/egg-tomato-sandwich-388397,15m,,15m,1 serving(s),"1   piece    baguette, about 6-inch in length | 1   tablespoon    mayonnaise | fresh cracked black pepper, to taste | 1   medium    tomatoes, sliced | 1 -2       egg, hard-boiled and sliced",Slice the baguette open length-wise. | Spread with mayo and sprinkle with the black pepper. | Layer the sliced tomato and eggs on top. | Replace top of baguette and enjoy!,"https://img.sndimg.com/food/image/upload/q_92,fl_progressive,w_1200,c_scale/v1/img/recipes/38/83/97/tCQ95CTRSOP8CBnkrw5R_0S9A1858.jpg",Lunch/Snacks,All,"< 15 Mins,Easy",186.1
"Tomato, Basil, & American Cheese Sandwich","Make and share this Tomato, Basil, & American Cheese Sandwich recipe from Food.com.",https://www.food.com/recipe/tomato-basil-american-cheese-sandwich-101339,5m,,5m,1 serving(s),2   slices   fresh white bread | 2   slices   fresh ripe tomatoes | 3 -4       fresh basil leaves | 1 -2   tablespoon    mayonnaise | 2   slices    American cheese | salt and pepper,Spread Mayo on one side of both slices of bread place basil leaves on Mayo then tomato and cheese on one slice. | Season with salt and pepper. | Place slice of bread on top and slice in half side to side or corner to corner& enjoy. | Hopefully you get the best summer tomatoes that when eating this the juice drips and makes you feel like a kid!,"https://img.sndimg.com/food/image/upload/q_92,fl_progressive,w_1200,c_scale/v1/img/recipes/10/13/39/picezQ8G9.jpg",Lunch/Snacks,All,"Cheese,Greens,Vegetable,European,Summer,Savory,Brunch,< 15 Mins,No Cook,Easy",338.7
Peanut Butter Fruit Sandwich,Make and share this Peanut Butter Fruit Sandwich recipe from Food.com.,https://www.food.com/recipe/peanut-butter-fruit-sandwich-189961,3m,3m,6m,2-4 serving(s),"2   slices    bread | 8   teaspoons    peanut butter | fruit (bests ones are apples, bananas, strawberries, and pears)","Get the two slices of bread and toast them  (don't burn the bread!)(optional). | Once the bread is crispy and warm, spread 4 teaspoonfuls of peanut butter on one slice and the other 4 teaspoons of peanut butter on the other slice. | Now cut the your fruits to thin slices and add them in your sandwich in any order. | Finally enjoy your sandwich with a nice cold cup of milk.","https://img.sndimg.com/food/image/upload/q_92,fl_progressive,w_1200,c_scale/v1/img/recipes/18/99/61/picUSVwC1.jpg",Breakfast,All,"Lunch/Snacks,Apple,Pears,Fruit,High Protein,High In...,< 15 Mins,Beginner Cook,Easy,Inexpensive",194.4
Easy Egg Salad,"This is a basic egg salad I've made for years. I like it just as it is, but you can customize it by adding in chopped onion, tomatoes, relish or whatever you like.",https://www.food.com/recipe/easy-egg-salad-297900,25m,,25m,4 serving(s),6   large    eggs | 1/4  cup    mayonnaise | 1   tablespoon    mustard | salt and pepper,"Place eggs in a pot and add enough water to cover eggs by at least one inch. | Quickly bring the water to a boil, then remove from heat and let the eggs sit in the hot water for 15 minutes. | Remove eggs from hot water and immediately place them in a bowl filled with ice until they're cooled completely. | Peel the cooled eggs and dice or mash them. | Mix together mayonnaise and mustard; combine with the eggs. | Add salt and pepper to taste. | Refrigerate for at least an hour to allow the flavors to combine.","https://img.sndimg.com/food/image/upload/q_92,fl_progressive,w_1200,c_scale/v1/img/recipes/29/79/00/mQs1zNPgQDGuGsjJVS3H_egg%20%20salad.JPG",Lunch/Snacks,All,"< 30 Mins,Easy,Inexpensive",109.8
Ooey Gooey Peanut Butter and Honey Sandwiches (open Faced),"I had a friend in Middle School named Maral who was from Iran, and her mom always made really cool snacks for us whenever we got home from school. This was one of my favorites!",https://www.food.com/recipe/ooey-gooey-peanut-butter-and-honey-sandwiches-open-faced-110160,5m,,5m,2 serving(s),"1       bagel, split in half  (You can also use toast if you want) | smooth peanut butter | honey",Cut bagel in half and toast each side of the bagel until golden brown. | While the bagel is still warm slather on some peanut butter on each side; the peanut butter will soften quite a bit (warning: MESSY!). | Drizzle Honey on top of the peanut butter then do the same thing to the other side of the bagel and enjoy!,"https://img.sndimg.com/food/image/upload/q_92,fl_progressive,w_1200,c_scale/v1/img/recipes/11/01/60/pic1Ad1XZ.jpg",Breakfast,All,"Lunch/Snacks,Low Cholesterol,Toddler Friendly,Healthy,Kid Friendly,Sweet,Brunch,< 15 Mins,Beginner Cook,Easy",144.4
Yummy Grilled Tuna and Cheese Sandwiches,Make and share this Yummy Grilled Tuna and Cheese Sandwiches recipe from Food.com.,https://www.food.com/recipe/yummy-grilled-tuna-and-cheese-sandwiches-15595,10m,5m,15m,1 serving(s),"4   slices    bread | 1 1/2  tablespoons    butter or 1 1/2  tablespoons    margarine, soft | 2   slices    cheese | 150   g    solid white tuna, drained and flaked",Spread both sides of the bread thinly with butter. | Place the cheese on the bread and then the tuna. | Grill for 2 minutes on each side or until the bread is golden brown. | Serve or refrigerate and eat later (they are still nice cold).,"https://img.sndimg.com/food/image/upload/q_92,fl_progressive,w_1200,c_scale/v1/img/recipes/15/59/5/picNzbzvv.jpg",Lunch/Snacks,All,"Tuna,Cheese,High Protein,High In...,< 15 Mins,Beginner Cook,Easy",1072.2
Hannah's Cucumber Tea Sandwiches,"My DD's friend Hannah made these for a tea party they had with their friends; Amanda loved them so she made them at her senior project, a volunteer appreciation tea. They're a classic!",https://www.food.com/recipe/hannahs-cucumber-tea-sandwiches-452653,30m,,30m,"16 tea sandwiches, 8 serving(s)","1 (8   ounce) package   cream cheese, softened | garlic salt, to taste | dill weed, to taste | 1       English cucumber | 16   slices    white bread","Peel and slice the cucumber into very thin rounds. They should be slightly transparent. | Mix softened cream cheese with garlic salt and dill weed. | Spread cream cheese mixture on one half of each sandwich. | Spread cucumber slices on halves. If the slices are thin enough, overlap the slices. | Close the sandwiches, de-edge them with a serrated blade, and cut into triangular halves.","https://img.sndimg.com/food/image/upload/q_92,fl_progressive,w_1200,c_scale/v1/img/recipes/45/26/53/ZiyIYX3FT5a7krupQyyM_untitled-2742.jpg",Lunch/Snacks,All,"European,Labor Day,Brunch,< 30 Mins,Easy",235.8
Easy 5-Ingredient Chili,Make and share this Easy 5-Ingredient Chili recipe from Food.com.,https://www.food.com/recipe/easy-chili-17921,1m,15m,16m,4 serving(s),1   lb    ground beef | chili powder (to taste) | 1   can    tomato soup | 1   can    stewed tomatoes | 1   can    kidney bean,"brown the ground beef. | drain. | add chili powder to taste, I usually cover the ground beef. | add tomato soup. | add stewed tomatoes, undrained. | add kidney beans, undrained. | heat up in skillet. | serve.","https://img.sndimg.com/food/image/upload/q_92,fl_progressive,w_1200,c_scale/v1/img/recipes/17/92/1/picMEJgVk.jpg",Beans,All,"Meat,Low Cholesterol,Healthy,Potluck,Winter,< 30 Mins,Beginner Cook,Stove Top,Easy,Inexpensive",411.3
Mushroom Quesadilla,"This recipe makes a tasty lunch or have it as part of a traditional Mexican meal. I like using Corn Tortillas but the whole wheat are tasty too.Serve with your favorite Salsa and a green salad The recipe is from the column &quot;The Chopping Block&quot; by Philomena Corradeno, tweaked by Bergy",https://www.food.com/recipe/mushroom-quesadilla-115585,15m,15m,30m,4 serving(s),"2   lbs    mushrooms, fresh, sliced | 1 1/2  tablespoons    garlic, minced | salt & pepper | 4   large    tortillas, Whole wheat  or 4   large    sun-dried tomatoes | 1 1/4  cups    cheddar cheese, grated","Wrap the tortillas in foil and warm them in a 350F oven while you are cooking the mushrooms. | Saute the mushrooms and garlic until most of the water from the mushrooms has evaporated. | Season with salt &amp; pepper. | Divide the mushrooms &amp; cheese between the four tortillas, fold in half. | Serve with salsa, quacamole &amp; sour cream (Optional).","https://img.sndimg.com/food/image/upload/q_92,fl_progressive,w_1200,c_scale/v1/img/recipes/11/55/85/picWKqW7M.jpg",Lunch/Snacks,All,"Vegetable,Mexican,< 30 Mins,Beginner Cook,Easy",552.7
BBQ Turkey Meatloaf - 5 Ingredients,"The secret to this tender, flavor-packed BBQ meatloaf is the boxed cornbread stuffing mix!  Beginning cooks will love the convenience, but so will any cook with a keen eye for a healthy, quick entree.  TIP:  We eat one meatloaf for dinner, and I freeze the second one for another meal.",https://www.food.com/recipe/bbq-turkey-meatloaf-5-ingredients-206240,10m,1h,1h 10m,8 serving(s),"16   ounces    ground turkey | 8   ounces    turkey sausage (casings removed) | 1   cup    seasoned stuffing mix (StoveTop type, dry, I like ""Cornbread"" type) | 1       egg, beaten with fork | 1 1/4  cups    barbecue sauce (like KC Masterpiece Original)","Crumble ground turkey into large mixing bowl.  If sausage is in links, remove casings and crumble sausage into bowl. | Add 1 cup dry stuffing mix (about half a box), egg and 1 cup of the barbecue sauce (save 1/4 cup to glaze tops of meatloaves). | Mix gently; divide in two.  Pat into two loaves in a greased/sprayed 9x13 pan (see photo provided). | Use remaining 1/4 cup BBQ sauce to spoon over tops of loaves.  Bake uncovered at 350 degrees for one hour. | Option:  this meatloaf could easily be made with lean ground beef and sausage, but it is SO delicious with the lower-fat ingredients that you should give it a try!","https://img.sndimg.com/food/image/upload/q_92,fl_progressive,w_1200,c_scale/v1/img/recipes/20/62/40/PsjEwd55T9SoBwNThGjO_0S9A4397.jpg",Poultry,All,"Meat,Kid Friendly,Beginner Cook,< 4 Hours,Easy",217.2
Quick and Delicious Goat Cheese Salad,"I love this salad for many reasons! I make it in 2 minutes, it tastes fantastic and reminiscent of what you get in 5 star restaurants, and served with a grilled fish, is sublime!",https://www.food.com/recipe/quick-and-delicious-goat-cheese-salad-269258,2m,,2m,2-3 serving(s),"4   cups    mixed greens, cleaned and dried  (arugula, radicchio, romaine, baby spinach, etc) | 3   tablespoons    dried cranberries | 1/4  cup    walnuts, halved | 1   tablespoon    raspberry vinaigrette dressing | 4   ounces    soft fresh goat cheese","In a salad bowl, place greens, cranberries, walnuts, and dressing, and mix gently. | With a spoon, break up the goat cheese into uneven chunks on top of the salad. | Serving Suggestions:. | Enjoy as part of a meal with grilled fish and a blush wine | Eat as a light dinner with a cup of warm tea. | Makes for a beautiful presentation when entertaining guests.","https://img.sndimg.com/food/image/upload/q_92,fl_progressive,w_1200,c_scale/v1/img/recipes/26/92/58/DFSpOnUOT9KLqRKCYSkU_1.1saladredo2.jpg",Cheese,All,"Fruit,Kosher,Free Of...,Brunch,< 15 Mins,Beginner Cook,Easy",252.1
Classic BLT Sandwich,"This is a sandwich that I crave a lot.  I am just posting it because I couldn't find it posted already on the Zaar...I couldn't believe that!  My ex-DH wondered how I make these, so I decided to post it and send him the recipe.  Nothing fancy -- just the real, simple, unabridged version.  UPDATE:  After reading Peg629's review, I have tried it that way, with one slice of toast spread with yellow mustard, and I must say it really, really makes an exceptional BLT!  Such a subtle difference, yet genuinely makes a superior BLT, in my opinion!  (Thank you Peg629 for that awesome suggestion!)",https://www.food.com/recipe/classic-blt-sandwich-129615,10m,5m,15m,"4 sandwiches, 4 serving(s)","1/2  lb    bacon (approx. 12 slices) | 8   slices    white bread | 8   leaves    iceberg lettuce, fresh and full | 8   slices   of ripened tomatoes | 8   tablespoons    Hellmann's mayonnaise","Cook bacon until crispy, then drain on paper towels. | Toast the 8 slices of bread. | Spread 1 tablespoon mayo on each slice of toasted bread. (More or less, to taste). | Add 1 slice of lettuce to 4 pieces of mayo-spreaded toast. | Add 2 slices of tomato on top of lettuce. | Arrange 3 slices of bacon evenly on top of tomato. (Break bacon slices in half to fit, if needed.). | Add 1 slice of lettuce on top of bacon. | Put the remaining 4 pieces of mayo-spreaded toast on top to finish the sandwiches. | Enjoy! | NOTE:  I also like to butter the toast slices before adding the mayo -- higher in fat, but tastier, in my opinion!","https://img.sndimg.com/food/image/upload/q_92,fl_progressive,w_1200,c_scale/v1/img/recipes/12/96/15/RCNa1fLaTS2U0FY3yOUq_BLT%205%20-%20final_6.jpg",Lunch/Snacks,All,"Pork,Vegetable,Meat,< 15 Mins,Beginner Cook,Easy,Inexpensive",516.8
Recipes,,https://www.food.com/recipe/all/popular?ref=nav,,,,,,,,,,,
Fluffer Nutter Sandwich,Make and share this Fluffer Nutter Sandwich recipe from Food.com.,https://www.food.com/recipe/fluffer-nutter-sandwich-18910,5m,,5m,1 serving(s),2   slices    white bread | 2   tablespoons    marshmallow creme | 2   tablespoons    smooth peanut butter or 2   tablespoons    chunky peanut butter,"Spread marsh mallow creme on to first slice of bread. | Then spread peanut butter on second slice of bread. | Then put both slices together, filling to filling. | Eat! | Then remember your childhood days.","https://img.sndimg.com/food/image/upload/q_92,fl_progressive,w_1200,c_scale/v1/img/recipes/18/91/0/pic1WX7ZQ.jpg",One Dish Meal,All,"Lunch/Snacks,Grains,Fruit,Nuts,Kid Friendly,< 15 Mins,No Cook,Beginner Cook,Easy,Inexpensive",410.8
Simple Tomato Sandwich,"I am only posting such a simple recipe because I actually somehow lived 29 years of life before my husband introduced me to the Tomato Sandwich. If you've only used tomatoes as an accessory in your sandwiches, and not as the Featured Ingredient, you are truly missing summer as it was meant to be tasted. Note: after many years, I have solidly converted to mayo for this sandwich, with fresh ground black pepper too.  (Oct 2012)",https://www.food.com/recipe/simple-tomato-sandwich-98724,5m,,5m,1 serving(s),"2   slices    bread (homemade strongly recommended, cracked wheat is my specific favorite) | 1   medium   organic tomatoes (room temperature or fresh from the stalk, do NOT attempt this with pale, store-bought types!) or 1   medium   garden tomatoes (room temperature or fresh from the stalk, do NOT attempt this with pale, store-bought types!) | 3   tablespoons    Miracle Whip or 3   tablespoons    mayonnaise | salt, to taste","Toast bread. | Slice tomato. | When bread is adequately toasted, liberally spread both sides with Miracle Whip (or butter one side with Miracle Whip on the other). | Lay tomato slices on one side of bread. | Salt tomato to taste. | Slap that baby together and savor summer at its best!","https://img.sndimg.com/food/image/upload/q_92,fl_progressive,w_1200,c_scale/v1/img/recipes/98/72/4/fqgNSlebQaiegGvOdIMo_DSC05725-2.jpg",Lunch/Snacks,All,"Vegetable,Low Protein,Low Cholesterol,Kosher,Summer,Camping,< 15 Mins,Easy",266.0
Peanut Butter and Bacon Sandwich,Make and share this Peanut Butter and Bacon Sandwich recipe from Food.com.,https://www.food.com/recipe/peanut-butter-and-bacon-sandwich-74475,5m,10m,15m,"1 sandwich, 1 serving(s)","1   tablespoon    peanut butter | 2   slices    whole wheat bread, toasted | 2   slices    crisp bacon",Spread peanut butter on one slice of toast. | Top peanut butter with sliced bacon and remaining piece of toast.,"https://img.sndimg.com/food/image/upload/q_92,fl_progressive,w_1200,c_scale/v1/img/recipes/74/47/5/xOGLtMD6RKWGa105pO6z_Unknown-16.jpeg",Lunch/Snacks,All,"Pork,Meat,High Protein,Kid Friendly,High In...,< 15 Mins,Easy",319.0
Bacon and Egg Sandwich,This is our favorite sandwich. The bread can also be toasted. I sometimes make it without the egg for a lighter version.,https://www.food.com/recipe/bacon-and-egg-sandwich-56191,5m,15m,20m,1 serving(s),2   slices    white bread | 3   slices    crisp bacon | 1      fried egg | sliced tomatoes | Miracle Whip,"Spread 1 slice of bread with Miracle Whip. | Add the fried egg. | (While the egg is cooking, I flatten it with a metal spatula to break the yolk-it fits the bread better.) Spread the egg thinly with Miracle Whip. | Add crisp bacon in a single layer. | Next, a layer of tomato slices. | Cover with other slice of bread spread with Miracle Whip.","https://img.sndimg.com/food/image/upload/q_92,fl_progressive,w_1200,c_scale/v1/img/recipes/56/19/1/WDzxa2JqShW56WpWX9a2_0S9A9647.jpg",Breakfast,All,"Lunch/Snacks,Pork,Vegetable,Meat,Canadian,High Protein,High In...,< 30 Mins,Beginner Cook,Stove Top,Easy,Inexpensive",334.3
Simple Tuna Pasta Salad,"Some of the best recipes are the most simple. This is one of those. I prefer it just as written, but you may add any ingredients you choose such as chopped onion, scallions, chives, water chestnuts, chopped hard-boiled eggs, lemon-pepper, dill, parsley, etc. I often take this to potlucks when I need a quick and easy (and economical) dish. I've never had to take home left-overs.  Tuna pasta salads can be found at many pot lucks.  Albacore tuna is plentiful on the Pacific Coast, and this recipe represents the Western U.S.",https://www.food.com/recipe/simple-tuna-pasta-salad-64320,20m,,20m,6-8 serving(s),"12   ounces    pasta shells or 12   ounces    macaroni, cooked and drained | 12   ounces   canned chunk albacore tuna, drained | 1   cup   chopped celery | 1   cup    frozen green pea, thawed | 1 1/2  cups    mayonnaise (this amount is an estimate, you'll need enough to make the salad creamy) or 1 1/2  cups    Miracle Whip (this amount is an estimate, you'll need enough to make the salad creamy) | salt and pepper","Combine the cooked and drained pasta with the drained tuna, chopped celery, peas, and mayonnaise, using only enough mayonnaise for the salad to be creamy. | (If it's made ahead, you may need more because the pasta will absorb the mayo.) Chill at least 1- 2 hours before serving.","https://img.sndimg.com/food/image/upload/q_92,fl_progressive,w_1200,c_scale/v1/img/recipes/64/32/0/0YrmpptRRGSyc0EVsXHd_0S9A3956.jpg",One Dish Meal,All,"Tuna,Pasta Shells,Potluck,< 30 Mins,Refrigerator,Beginner Cook,Easy,Inexpensive",321.0
My Favorite Spinach Salad,"We enjoy having salad for supper. This recipe is a favorite and is quite filling. This is my version of the spinach salad they serve at The Angus Barn, a very popular restaurant in Raleigh, NC. I hope you enjoy it as much as we do!",https://www.food.com/recipe/my-favorite-spinach-salad-30837,5m,,5m,2-4 serving(s),"1 (6   ounce) package   baby spinach leaves | 5       hard-boiled eggs, chopped | 1/2  lb    bacon, fried and crumbled | 1   medium    red onion, thinly sliced | 1 (12 -16   ounce) jar  of your favorite refrigerated poppy seed dressing",Place freshly washed spinach on individual plates. | Sprinkle with chopped hard boiled eggs and crumbled bacon. | Spread sliced onion on top. | Drizzle with poppyseed dressing. | Serves 4 small or 2 meal size.,"https://img.sndimg.com/food/image/upload/q_92,fl_progressive,w_1200,c_scale/v1/img/recipes/30/83/7/bkPHWXvTTxWROh5HTg2c_0S9A1388.jpg",Pork,All,"Beans,Meat,Kid Friendly,Ramadan,Sweet,< 15 Mins,No Cook,Easy,Inexpensive",754.7
Simple Crockpot Boston Butt,"I had a 4 1/2 lb. Boston Butt and didn't want to use it for the usual pulled or BBQ pork. So, this is what I came up with.This is a very plain pork recipe, so if you feel like adding other seasonings or BBQ sauce after cooking go right ahead.The size of the Boston Butt will determine how long the cooking time is.In the case of this recipe it was 8 hours on low.The amount of seasonings you will use is up to you.As I said this is a very plain recipe, and you can use the meat as starting point for all sorts of other dishes. Submitted to &quot; ZAAR &quot; on January 4th, 2010.",https://www.food.com/recipe/simple-crockpot-boston-butt-406664,10m,8h,8h 10m,16 serving(s),4 1/2  lbs    boston butt | 3/4  cup   chopped sweet onion | 2   teaspoons    seasoning salt (to taste) | 2   teaspoons    garlic powder (to taste) | 2   teaspoons    ground black pepper (to taste),"Sprinkle seasonings evenly over meat, and top with onions. | Place in crockpot, and cook on low for 8 hours.","https://img.sndimg.com/food/image/upload/q_92,fl_progressive,w_1200,c_scale/v1/img/recipes/40/66/64/picAgvgeo.jpg",For Large Groups,All,Easy,283.1
Elena Ruz Sandwich (Cuban Turkey Sandwich),"This is a strange combination, but trust me, it is very good! The story goes that Elena Ruz, a society young socialite for which the sandwich is named, would stop at this little all-night restaurant, El Carmelo, in Vedado neighborhood in Havana Cuba, after leaving the dance with her group of friends. She asked the waiter if he could fix her this sandwich after she told them how to make it. After that she would always ask for the Elena Ruz Sandwich and to this day that is how the sandwich is known. This recipe has been printed on many of the Cuban Food web sites.  It is great for leftover turkey. Update 03/13/2006 you can also use sweet rolls(the kind you use for a media noche). However, the real McCoy is white bread without crusts and lightly toasted and then the cream cheese would be spread, then the turkey and strawberry jelly on the other slice and voila!",https://www.food.com/recipe/elena-ruz-sandwich-cuban-turkey-sandwich-141290,5m,,5m,"1 sandwich, 1 serving(s)","2   slices    white bread, toasted & crusts removed | 4   ounces   sliced fresh cooked turkey | 1   tablespoon    cream cheese | 1   tablespoon    jam or 1   tablespoon    strawberry jelly","Spread 1 slice of toasted white bread generously with cream cheese and the other slice with the strawberry preserves. | Place the turkey slices in the middle, close and ENJOY!","https://img.sndimg.com/food/image/upload/q_92,fl_progressive,w_1200,c_scale/v1/img/recipes/14/12/90/picS0Tj9E.jpg",Lunch/Snacks,All,"Poultry,Meat,Caribbean,High Protein,Healthy,Kid Friendly,High In...,< 15 Mins,Beginner Cook,Easy,Inexpensive",430.9
Ground Chicken Ranch Burger,I don't remember where I got this recipe but I make the patties ahead and freeze them. They can be cooked frozen on the grill. Serve on crusty rolls with your favorite condiments. Can also use ground turkey but not even close to as tasty as the chicken. No other seasoning is needed other than the ranch dressing mix.,https://www.food.com/recipe/ground-chicken-ranch-burger-356116,10m,8m,18m,"4 Patties, 4 serving(s)","1   lb    lean ground chicken | 1 (1   ounce) package   ranch dressing mix, dry  (Hidden Valley) | 1/2  cup    fresh breadcrumb | 1/2  cup    mushroom, chopped fine","Mix all ingredients together. Mixture will be wet. | Be sure to spray or oil grill and do not turn chicken patties until well browned. | Form into patties and grill or pan fry. | I usually cook about 3-4 minutes on each side, a little longer may be needed if frozen. Juice will run clear when done.","https://img.sndimg.com/food/image/upload/q_92,fl_progressive,w_1200,c_scale/v1/img/recipes/35/61/16/picoZeWch.jpg",Lunch/Snacks,All,"Chicken Breast,Chicken,Poultry,Meat,< 30 Mins,Easy",184.6
Jiffy Corn Casserole (5 Ingredients) Easy &amp; Delicious!,"Okay, I have made this in the past for &quot;Mexican&quot; night &amp; poker nights... but then we had this again a few weeks ago at a friends party and just had to post the recipe for easy access &amp; safe keeping.  There are several recipes out there for this casserole, but they are all different.  This one has no eggs (which seems to be hard to find) and uses only 5 ingredients.  It's so easy to make but always a crowd pleaser - try it at a BBQ, alongside chili, or as a Holiday side-dish...  ** NOTE: The consistency is supposed to be like a spoonbread, it is a casserole, not like cornbread you would cut into pieces -this is like Chi Chi's corn casserole they served on the side.  PS- I make a double batch &amp; bake in a 9x13x2 casserole dish.  Lastly, if you add about 3/4 cup of sugar to this, you could serve it as a dessert :-)",https://www.food.com/recipe/jiffy-corn-casserole-5-ingredients-easy-delicious-313521,5m,55m,1h,8-10 serving(s),"1 (8   ounce) box   Jiffy cornbread mix | 1 (15   ounce) can   whole kernel corn, drained | 1 (15   ounce) can   creamed corn (not drained) | 1   cup    sour cream | 1/2  cup   melted butter",Mix all ingredients and pour into (greased or sprayed with cooking spray) 8x8&quot; casserole dish. | Cook uncovered for 55-60 minutes at 350 degrees.,"https://img.sndimg.com/food/image/upload/q_92,fl_progressive,w_1200,c_scale/v1/img/recipes/31/35/21/c297UDBRLSEWd8zMT51w-Corn-Casserole-2.jpg",Corn,All,"Vegetable,Mexican,Low Protein,Kid Friendly,Thanksgiving,< 60 Mins,Oven,Easy,Inexpensive",362.2
Buffalo Chicken Wrap in a Snap,"This is an easy summer or anytime wrap sandwich to put together.  An easy lunch for a warm summer day would be an apple, this sandwich and an iced tea/water.",https://www.food.com/recipe/buffalo-chicken-wrap-in-a-snap-308163,5m,,5m,"1 wrap sandwich, 1 serving(s)",1   tablespoon    mayonnaise | 1   tablespoon    Tabasco sauce (or an variety) | 1       tortilla (10 inch) | 1       lettuce leaf | 6   slices   shaved chicken,"Mix mayo and hot sauce. | Fill tortilla with sauce, lettuce and chicken. | Roll to eat.","https://img.sndimg.com/food/image/upload/q_92,fl_progressive,w_1200,c_scale/v1/img/recipes/30/81/63/pic9tmppB.jpg",Lunch/Snacks,All,"Chicken,Poultry,Meat,Spicy,Camping,< 15 Mins,No Cook,Beginner Cook,Easy",281.0
Applesauce Sandwiches,I have used homemade applesauce or store-bought. My kids love these for breakfast. From TOH-Quick Cooking.,https://www.food.com/recipe/applesauce-sandwiches-61154,10m,16m,26m,4 serving(s),"1   cup    applesauce | 8   slices    bread | 1/4  cup    butter or 1/4  cup    margarine, softened | 1   tablespoon    sugar | 1/4  teaspoon    ground cinnamon",Evenly spread the applesauce on four slices of bread. | Top with remaining bread to make 4 sandwiches. | Spread butter on the outsides of the sandwiches. | Place sandwiches (I usually do 2 at a time because of my skillet size) in a skillet over medium-high heat; cook for 3-4 minutes on each side or until golden brown. | Mix together the sugar and cinnamon; sprinkle over hot sandwiches. | Serve immediately. | Note: I quarter each sandwich for my kids; they love these for breakfast.,"https://img.sndimg.com/food/image/upload/q_92,fl_progressive,w_1200,c_scale/v1/img/recipes/61/15/4/hwSJQ5bgReSdC6Iapefi_ApplesauceSandwich_2.jpg",Breakfast,All,"Lunch/Snacks,Apple,Fruit,Kid Friendly,< 30 Mins,Stove Top,Easy",295.8
Grilled Peanut Butter and Jelly Sandwich,"This is a sandwich that my Dh used to make when he was a kid. Crunchy, gooey and sweet, how can you go wrong. If you have a good nonstick skillet you can skip the butter and just brown it in the dry pan.",https://www.food.com/recipe/grilled-peanut-butter-and-jelly-sandwich-447023,5m,10m,15m,1 serving(s),2   slices    whole grain bread | 2   teaspoons    butter or 2   teaspoons    margarine | 2   tablespoons    peanut butter | 1 -2   tablespoon    jelly or 1 -2   tablespoon    jam,"Spread 1 teaspoon margarine on each slice of bread. On the unbuttered side spread peanut butter on one piece and jelly on the other. Put the peanut butter and jelly sides together. | Heat a skillet on medium high heat until warm. Put the sandwich in the pan, butter side down. Cook until golden grown then turn and brown the other side. Enjoy.","https://img.sndimg.com/food/image/upload/q_92,fl_progressive,w_1200,c_scale/v1/img/recipes/44/70/23/piceqFP76.jpg",Lunch/Snacks,All,"Nuts,Kid Friendly,< 15 Mins,Easy",449.5
Boston Fenway Franks,"I can't believe no one has posted a recipe for these.  I grew up enjoying eating these as much as I enjoyed watching the game.  In my opinion, this is the only way to eat a hot dog...  Go Red Sox!",https://www.food.com/recipe/boston-fenway-franks-340935,3m,10m,13m,"1 hot dog, 1 serving(s)","1      kosher all beef frank | 1   teaspoon   frenches yellow mustard | 1   tablespoon   finely chopped onion | 1   tablespoon   green sweet pickle relish | 1       hot dog bun, cut and buttered on the inside","Grill or Steam the frank. | Grill the bun, cut side down. | Push the cooked frank down into the grilled bun and cover with the condiments in the order given, to taste. | Enjoy!","https://img.sndimg.com/food/image/upload/q_92,fl_progressive,w_1200,c_scale/v1/img/recipes/34/09/35/pic5BQwid.jpg",Lunch/Snacks,All,"Meat,< 15 Mins,Beginner Cook,Easy",347.5
Easy Pizza Muffins,,https://www.food.com/recipe/easy-pizza-muffins-45317,,,,,,,,,,,
Abc Sandwich,This looks TOTALLY yummy - submitted by Frank Lane Brooks in the February issue of Rachel Ray Magazine.,https://www.food.com/recipe/abc-sandwich-213996,5m,5m,10m,1 serving(s),"5   slices    bacon | 2   slices    multigrain bread | 1   tablespoon    Dijon mustard, to taste | 1/2  cup    cheddar cheese, shredded  (white preffered) | 1/2      granny smith apple, cored and sliced","Over medium heat,cook bacon until crisp. | Remove from pan and drain on a plate with paper towel. | Spread the mustard on bread, then place the cheese and bacon on one slice of bread. | Top with apple slices and remaining piece of bread. | Slice diagonally and serve with your favorite chips or soup. | Enjoy! ;).","https://img.sndimg.com/food/image/upload/q_92,fl_progressive,w_1200,c_scale/v1/img/recipes/21/39/96/i6tK8BekSoeBHC8cr8ov_acbsandwich-2.jpg",Lunch/Snacks,All,"< 15 Mins,Easy",468.3
Cake Batter Fudge,Make and share this Cake Batter Fudge recipe from Food.com.,https://www.food.com/recipe/cake-batter-fudge-488296,10m,2m,12m,24 serving(s),2   cups    yellow cake mix | 2   cups    powdered sugar | 1/2  cup    butter | 2   tablespoons    colored sprinkles (optional),"*  Stir cake mix and powdered sugar in microwave safe bowl. | *  Cut butter into small pieces and put in bowl. | *  Microwave on high for 2 minutes. | *  Stir until well mixed.  If it is too thick to stir, add 1/2 tsp milk at a time until it is well mixed (should be thick but stirrable). | *  Add sprinkles, if desired.  But do it quickly as they will melt in the hot batter. | *  Spread in a greased 8x8 pan.  Refrigerate for an hour to set.  Cut and serve.","https://img.sndimg.com/food/image/upload/q_92,fl_progressive,w_1200,c_scale/v1/img/recipes/48/82/96/xHW1C7udSQ28XNF5iZDr_cake-batter-fudge-1.jpg",Candy,All,"Dessert,< 15 Mins,For Large Groups,No Cook,Easy",72.8
German Chocolate Icing,This is a recipe from my mom and the cake has always been a real hit when I make it. I do double this when I make it as I like a lot of icing on my cake.,https://www.food.com/recipe/german-chocolate-icing-23218,10m,15m,25m,1 Nine inch two layer cake,"1   cup   canned evaporated milk | 1   cup    sugar | 3       egg yolks, slightly mixed with a whisk | 1/2  cup    butter (real butter) | 1   teaspoon    vanilla | 1 1/2  cups    coconut | 1   cup   chopped pecans","Put butter in a sauce pan and let it melt. | Add milk, sugar, vanilla and whisk in egg yolks. | Cook and stir over medium heat until mixture starts to bubble and then cook for about nine (9) minutes stirring constantly. | Pour over coconut and pecans and mix. | I usually put the nuts and coconut in a metal bowl and then poor the hot mixture over them to help with cooling. | If you are in a hurry, put the mixture in the refrigerator stirring occasionally until it is cool and thick enough to ice your cake. | I find that box cakes are just fine for this.","https://img.sndimg.com/food/image/upload/q_92,fl_progressive,w_1200,c_scale/v1/img/recipes/23/21/8/1qgSLFchTUmJPbpVuBGr_0S9A0442.jpg",Dessert,All,"< 30 Mins,Stove Top",3682.0
Rhubarb Dump Cake,"A &quot;delicious&quot; dump cake!  Main ingredients are: rhubarb, a yellow cake mix, &amp; either
raspberry or strawberry gelatin.",https://www.food.com/recipe/rhubarb-dump-cake-63957,15m,45m,1h,12-16 serving(s),4 -5   cups   diced rhubarb | 3/4  cup    sugar | 1 (3   ounce) package   raspberry gelatin powder or 1 (3   ounce) package   strawberry gelatin | 1 (18 1/2  ounce) box   yellow cake mix (with pudding in the mix) | 1/2  cup    butter | 1   cup    water | vanilla ice cream or  cool whip dessert topping,"Preheat oven to 350 degrees. | Line the bottom of an ungreased 13x9x2-inch baking pan with the rhubarb. | Sprinkle sugar over the rhubarb. | Sprinkle dry raspberry gelatin, ( or strawberry gelatin ) which ever you prefer; over the sugar. | Next, sprinkle the cake mix over the gelatin. | Melt butter; pour over the cake mix. | Pour the 1 cup of water over cake mix. | Bake for 45 minutes. | Cool completely; then chill in refrigerator. | When ready to serve, invert onto plate. | Top with either vanilla ice cream or Cool Whip. | Serves 12 to 16. | Note: If using frozen rhubarb, reduce the amount of water to 1/2 cup. | This cake was baked in a gas oven. | If baking in an electric oven, you may need to increase baking time; depending upon oven and altitude. | Chef sheerkerry baked hers in an electric oven for 1 hour and 10 minutes.","https://img.sndimg.com/food/image/upload/q_92,fl_progressive,w_1200,c_scale/v1/img/recipes/63/95/7/ys0zFF71R9GSAl81fCx3_DSC05563-2.jpg",Dessert,All,"Fruit,Low Protein,< 60 Mins,Oven",340.8
Decadent Krispies Bar,"A childhood favorite grows up. A new twist on the classic Rice Krispies treat makes this snack a hit with kids and adults alike. (This recipe was developed for RSC #9, contest ingredients included here were brown sugar, cinnamon, apricots, white chocolate and orange liquor.)",https://www.food.com/recipe/decadent-krispies-bar-211558,10m,20m,30m,12 bars,"cooking spray | 1/4  cup    light brown sugar | 3   tablespoons    unsalted butter | 1/4  teaspoon    ground cinnamon | 2 1/2  cups    miniature marshmallows | 1/3  cup    sliced almonds, toasted | 1/2  cup    dried apricot, diced | 4 -4 1/2  cups    Rice Krispies | 1/2  cup    white chocolate chips | 1 -3   teaspoon    canola oil | 2   teaspoons    Grand Marnier","This bar comes together rather quickly. Begin by preparing a 9 by 9 inch pan with a good coating of cooking spray and set aside.  Also apply a bit of spray to your cooking spoon (preferably wooden). | If your almonds are not already toasted, place them in a dry non-stick skillet over medium heat. Cook for 2 to 3 minutes, routinely tossing the almonds around the pan. The almonds should add just a small amount of color and become slightly aromatic. | To make the bars, begin by adding the butter and brown sugar together in a large sauce pan over medium to low heat. Stir while the both the butter and sugar melt for 2 minutes or so.  The result is smooth to the feel with a wooden spoon.  In addition, you should be able to move  it about the bottom of the pan with the spoon (sort of a blob). | Add in the 1/4 teaspoon of cinnamon and stir. | Add the miniature marshmallows and stir continuously helping the puffs to melt. Continue mixing until you have a pale brown mixture that is still rather loose. | This is where things begin to move fast.  Once the marshmallows are fully melted and mixed with the sugar, add in the Rice Krispies, almonds and apricots. Stir quickly to get all of the ingredients incorporated. | Turn the mixture out into the 9 by 9 inch pan, distributing as much as possible using your spoon. | To level the bars in the pan, give your palms a quick shot of cooking spray and pat down. | Place the bars in the refrigerator for 30 minutes to set. | Invert pan and give the pan a good whack to release the Krispies bar.  Slice into 12 pieces (4 by 3). | Melt white chocolate chips in a double boiler over very low heat.  (If you do not have a double boiler, you can fashion one using a large bowl over a smaller saucepan. Just be certain the fit is tight and no steam is being released). | Add the oil to the chocolate and stir while the the chips continue to melt.  If the chocolate begins to harden, this is sign the heat is too high and you should lower the flame or remove the top half of the double boiler from the bottom. | Stir the Grand Marnier into the melted chocolate and use a spoon to stripe the bars on the diagonal allowing the melted chocolate to drip down the side.  If you are a big fan of white chocolate, you can skip the drizzling and just dunk the bars into the white chocolate and place on waxed paper to cool. | (Timesaver tip:  If you want to speed things up a bit.  You can melt the chocolate after placing the bars in the pan and drizzle over the entire pan before cooling and cutting.  Not quite as pretty, but just as tasty).","https://img.sndimg.com/food/image/upload/q_92,fl_progressive,w_1200,c_scale/v1/img/recipes/21/15/58/Ii6M6UJIQP2xwRhR14tx_decadent-krispies-bar-16.jpg",Bar Cookie,All,"Dessert,Lunch/Snacks,Cookie & Brownie,Fruit,< 30 Mins",181.5
Paul Bocuse's Creme Brulee,This is an awesome creme brulee.  I'm asked for the recipe each time I serve it.  It is great for company because you fix it the day before. ZWT South region (French burnt cream).,https://www.food.com/recipe/paul-bocuses-creme-brulee-176466,30m,5h,5h 30m,4 serving(s),"4   large    egg yolks | 1/3  cup    granulated sugar | 1   tablespoon    granulated sugar | 2   cups    heavy cream | 1       vanilla bean, split lengthwise and scraped | 1/4  cup    light brown sugar, air dried","Preheat the oven to 275&ordm;F.  In a medium bowl, whisk the egg yolks with half of the granulated sugar.  In a small saucepan, warm the cream with the vanilla scrapings and the remaining granulated sugar until steaming.  Gradually whisk the hot cream into the egg yolks until blended.  Strain the custard and pour it into 5-ounce ramekins or shallow gratin dishes. | Set the ramekins in a small baking dish and add enough hot tap water to the dish to reach halfway up the sides of the ramekins.  Bake for about 1 hour and 15 minutes, or until just set.  Let cool in the water bath for 10 minutes, them remove and let cool completely.  Cover and refrigerate for at least 4 hours or overnight. | Preheat the broiler.  Sift a thin even layer of the air-dried brown sugar over each custard.  Broil 1 ramekin at a time as close as possible to the heat source, until the sugar melts, forming a caramelized crust.  Serve immediately. | Notes: To air dry brown sugar, sift it onto a plate and leave it out, uncovered, for 1 day.  If it's humid, the sifted sugar can also be dried in a 250&ordm;F oven for 20 minutes.","https://img.sndimg.com/food/image/upload/q_92,fl_progressive,w_1200,c_scale/v1/img/recipes/17/64/66/gilfGERIT4yAyf8jdC5F_cremefood2.jpg",Dessert,All,,594.2
Caramel Apple Dump Cake,"An .easy to make, delicious cake and it only has 4 ingredients.  Serve with whipped cream or ice cream.",https://www.food.com/recipe/caramel-apple-dump-cake-515357,10m,50m,1h,12 serving(s),"2 (21   ounce) cans   apple pie filling | 1 (16   ounce) box  butter golden cake mix | 1   cup    butter, melted | 1/2  cup    caramel sauce, like you would put on ice cream | 1/2  teaspoon    cinnamon (optional) | 1   cup   chopped pecans (optional)","In a greased 9 X 13 inch baking dish, mix apple pie filling and caramel sauce. | You may add in the 1/2 teaspoons cinnamon, if desired. | Spread evenly in the pan. | Pour dry cake mix directly on top of the pie filling and spread evenly. | Top with melted butter and pecans. (optional). | Bake at 350 degrees for 50-55 minutes or until top is golden brown and apple filling is bubbly.","https://img.sndimg.com/food/image/upload/q_92,fl_progressive,w_1200,c_scale/v1/img/recipes/51/53/57/LmXfZ0TeQlenOHaNvMJm_uploads-2.jpg",Dessert,All,"Low Protein,< 60 Mins",433.1
Peanut Butter No Bake Cookies,"Posted in response to a request, I got this recipe from a lady at church who make them for Bible School in the 1980s.  I had made chocolate no-bake cookies for YEARS but had never heard of peanut butter no bake cookies.  So delicious that my choco-holic daughter likes them better than the chocolate variety!
No. of servings depends on how big you make the cookies.  Prep time depends on how fast you are scooping the cookies onto the wax paper covered newspaper!  (You get better w/ practice!  :D )",https://www.food.com/recipe/peanut-butter-no-bake-cookies-129040,15m,2m,17m,48 cookies,2   cups    sugar | 1/4  cup    margarine | 1/2  cup    milk | 1   cup    peanut butter | 1   teaspoon    vanilla | 3   cups    rolled oats (old fashioned),"In lg saucepan, mix sugar, margarine, and milk; bring to a full, rolling boil over med heat.  (full, rolling boil = large bubbles rising to surface that can't be stirred down). | Boil for one minute, stirring constantly. | Remove from heat and stir in peanut butter and vanilla, stirring until peanut butter is melted; stir in oats. | Working quickly, drop by spoonfuls onto waxed paper . Let cool completely.","https://img.sndimg.com/food/image/upload/q_92,fl_progressive,w_1200,c_scale/v1/img/recipes/12/90/40/zFnvBQ4HSzqFNerirN8R_no-bake-peanut-butter-cookies-1467.jpg",Drop Cookies,All,"Dessert,Cookie & Brownie,Kid Friendly,< 30 Mins,< 15 Mins,Beginner Cook,Easy",93.4
Boston Cream Pie,"An ancient Good Housekeeping recipe that I religiously make every New Years day.  If you've never made a scratch cake, you don't know what you're missing.  Using cake flour is a must.  See Lennie's recipe #87689.  Be sure to properly measure your flour by lightly spooning into a measure cup until overflowing then using the backside of a knife to level off.  Too little flour will produce a callapsed cake and too much will have wet spots with dense layers.  Cake layers freezeable.

Prep time also includes assembly time.",https://www.food.com/recipe/boston-cream-pie-406237,1h,25m,1h 25m,"1 cake, 8 serving(s)","2   large    eggs | 2   cups   unsifted cake flour | 1   cup    sugar, separated | 2 1/2  teaspoons    baking powder | 1/2  teaspoon    salt | 1/3  cup    vegetable oil | 1   cup    milk | 2   teaspoons    vanilla extract | 1 1/2  cups    milk | 2   tablespoons    cornstarch | 1/4  cup    sugar | 1   pinch    salt | 1   large    egg | 1   tablespoon    vanilla extract | 1/4  cup    water | 2   tablespoons    sugar | 1/2  cup    semisweet chocolate or 1/2  cup    milk chocolate chips","Heat oven to 350 degrees.  Grease and flour two 9&quot; round cake pans or make it easy on yourself and trace the bottom of the cake pans on a piece of waxed paper and cut to fit then place on bottom of pans.  No need to grease;  the cakes will fall right out. | For the cake layers:  Separate eggs; place whites in a small, clean bowl free of any grease or oil and set aside.  In a large mixing bowl, combine cake flour, 3/4 cup of the sugar, baking powder and salt.  Set aside. | In a small bowl with an electric mixer, beat egg whites until soft peaks form.  Very gradually beat in the remaining 1/4 cup sugar; beat until stiff peaks form.  Set aside. | Add egg yolks, oil and 1/2 cup milk to flour mixture.  With electric mixer, beat until smooth, scraping sides of bowl occasionally.  Add remaining 1/2 cup milk and vanilla.  Beat just until combined.  Carefully fold beaten egg whites into batter.  Divide batter into prepared pans. | Bake cakes 20 to 25 minutes or until centers spring back when gently pressed.  Cool in pans on wire rack for 5 minutes.  Loosen cake around edges with a sharp knife then turn cakes out onto racks and remove waxed paper, if used; cool completely.  (Tip:  I make the cake layers in advance, wrap and freeze.  Defrost in wrapper for a couple of hours then proceed with the filling and glaze.). | While cake is baking, make cream filling:  In a 1-quart saucepan, heat 1 cup milk to boiling.  In cup or small bowl, combine remaining 1/2 cup milk, cornstarch, sugar, pinch salt, egg and vanilla until blended. | When milk comes to boiling, gradually stir in cornstarch mixture with wire whisk.  Return to boiling, stirring constantly.  Reduce heat and simmer 1 minutes or until thickened to pudding consistancy.  Set aside to cool to room temperature. | Make chocolate glaze:  In 1 quart saucepan, heat water and sugar to boiling.  Add chocolate chips; stir until glaze is smooth; remove from heat.  Cool 5 to 10 minutes or until slightly thickened. | To assemble, place one cake layer, upside down, on a serving plate.  Spread with cream filling.  Top with remaining cake layer, right side up.  Spoon glaze over top; spread to edges of cake.  Refrigerate.","https://img.sndimg.com/food/image/upload/q_92,fl_progressive,w_1200,c_scale/v1/img/recipes/40/62/37/QVIYYHbJSA6q9cjxDoEO_BCP%204%20-%20final_1.jpg",Dessert,All,"Kid Friendly,Sweet,Weeknight,Freezer,< 4 Hours",470.3
Brazilian  Brigadeiro,"This candy is named after a renowned Brazilian politician of the 1920's, Brigadeiro Eduardo Gomes. He was an Air Force brigadier general who first gained notoriety for playing a part in quashing a communist coup in Rio. He later ran unsuccessfully for the presidency in 1946 and 1950, during a brief breeze of democracy which blew after WWII in Brazil.

The name of the candy is that of his rank, Brigadeiro. Now, why would anyone name candy after an army general? 

Well, back in 1922, he was tall, dark-haired with blue eyes. AND SINGLE!!!

 The Brigadeiro campaign slogan was “Vote no Brigadeiro que &eacute; bonito e &eacute; solteiro”.

 

Or the other version  “Brigadeiro Brigadeiro, e melhor porque e solteiro”.

Today, brigadeiro candy is a must have in any birthday party and kids love them.",https://www.food.com/recipe/brazilian-brigadeiro-343401,35m,25m,1h,20 serving(s),"1 (14   ounce) can   sweetened condensed milk | 1   tablespoon    margarine | 3   tablespoons    cocoa powder | chocolate sprinkles, to decorate  (or jimmies)","PREPARE:. | Cook over medium-low heat, stir vigorously the sweetened condensed milk, margarine and cocoa powder. | Cook the mixture until it thickens enough to show the pan bottom during stirring. | Pour the mixture in a greased dish and let it cool to room temperature. Take small amounts of the mixture with a teaspoon and make 1 &frac12; inch balls. | Roll the balls over chocolate jimmies to decorate. | Hint: Grease your hands with margarine to make the balls easily. | If the balls don't hold the shape and flat down like coins, it means that you did not cook enough. Cook additional five minutes, take a small sample and dip it in a glass with cold water. If you cooked enough, this sample should hold the shape after cooling down in the water. | The cheapest , low grade sweetened condensed milk is the best to make the brigadeiro because they have more starch on them, which helps the candy to hold the shape. | In US, buy the sweet condensed milk from the Walmart brand  &quot;Great Value&quot;, cook this brand for 20 minutes in medium heat stirring continuously and your brigadeiro is with the right consistency.","https://img.sndimg.com/food/image/upload/q_92,fl_progressive,w_1200,c_scale/v1/img/recipes/34/34/01/I6vC42G8SFumbUoPP1eb_0S9A1342.jpg",Candy,All,"Dessert,Brazilian,South American,High In...,< 60 Mins,For Large Groups,Easy",70.6
3 Ingredient Pumpkin Spice Cupcakes,"These are so moist, chewy, and delicious. Plus,  you can make them so easily. Not to mention, it's vegan.",https://www.food.com/recipe/3-ingredient-pumpkin-spice-cupcakes-258970,10m,22m,32m,"1 cupcake, 24-30 serving(s)",2 (18 1/4  ounce) packages   Duncan Hines Moist Deluxe Spice Cake Mix | 2 (15   ounce) cans   pumpkin | 2   teaspoons    vanilla,Preheat oven to 350 degrees. | Combine all ingredients in a large bowl for 2 minutes. Contents will be VERY thick. (Electric mixer may be used.). | Line muffin tin with paper cups. | Fill 2/3 full with batter. | You may add a 1/4 cup of water to make it easier to stir. | Bake 22 to 24 minutes. | Optional: sprinkle tops with cinnamon sugar before placing in oven if you don't use frosting.,"https://img.sndimg.com/food/image/upload/q_92,fl_progressive,w_1200,c_scale/v1/img/recipes/25/89/70/EcbrqGO9RjaEpQWWoSRd_4%20(1%20of%201).jpg",Dessert,All,"Low Protein,Vegan,Low Cholesterol,Healthy,Winter,Thanksgiving,< 60 Mins,For Large Groups,Beginner Cook,Easy,Inexpensive",196.8
Easy Chocolate Mousse,"Usually when I say my grandmother, I mean my maternal one, but this is one of the few recipes I have from my paternal grandmother.  She died when I was a toddler but I sure do remember this mousse!  It really is quite simple to make and is delicious and elegant served with fresh berries of any sort.",https://www.food.com/recipe/easy-chocolate-mousse-185325,30m,,30m,8 serving(s),"8   ounces    semi-sweet chocolate chips (or bits, or mini chips, etc) | 4   tablespoons    hot water | 4       eggs, beaten  (I use the pasteurized ones since the eggs won't be cooked) | 2   tablespoons    Grand Marnier (to taste) | 1   pint    whipping cream, whipped very stiff with no sugar added","Melt chocolate with hot water.  To melt completely, it may be necessary to place the bowl in a pan of hot water. | Cool and then add beaten eggs. | Add Grand Marnier. | Carefully fold in whipped cream. | Chill and serve.","https://img.sndimg.com/food/image/upload/q_92,fl_progressive,w_1200,c_scale/v1/img/recipes/18/53/25/9Rm9OlrkSO49IJ8ROC5D_Chocolate%20mousse.JPG",Dessert,All,"< 30 Mins,Easy",377.4
Blackberry Wine Cake,"I made this recipe a couple of months ago, and my whole family just devoured it.  My mom said it was the best cake she had ever eaten.  It's a little different than the other recipes for Blackberry Wine Cake that are posted here.  I had misplaced the recipe after making it and hunted all over the 'net trying to find it again, with no luck.  I finally found my copy today and I'm posting it so I never lose it again!  The prep time includes the time to let the cake sit in the pan absorbing the glaze.",https://www.food.com/recipe/blackberry-wine-cake-163030,40m,50m,1h 30m,10-12 serving(s),"1/2  cup    nuts, chopped  (I used walnuts) | 18   ounces    white cake mix | 3   ounces    blackberry Jell-O (can use raspberry or black cherry) | 4       eggs | 1/2  cup    cooking oil | 1   cup    blackberry wine (I used Mogan David) | 1   cup    powdered sugar | 1/2  cup    blackberry wine | 1/2  cup    butter | 1 -1 1/2  cup    powdered sugar (to thicken the glaze)","Preheat the oven to 325 degrees. | Grease and flour a Bundt pan; sprinkle the nuts in the bottom of the pan. | In a large bowl, combine the cake mix and gelatin. | Add the eggs, oil and wine. | At low speed, beat just until moistened. | Increase the speed to medium and beat for 2 more minutes; scrape the bowl frequently. | Pour in the Bundt pan and bake for 45-50 minutes. | Glaze:  Bring the 1 c powdered sugar, wine and butter to a boil; the glaze will be fairly thin. | While the cake is still warm and in the Bundt pan, pour half of the glaze on the cake. | Let the cake sit for 30 minutes to absorb the glaze. | Turn the cake out of the pan and completely cool. | Thicken the remaining half of the glaze with additional powdered sugar and pour over the cake. | (NOTE:  I tried to put in just additional powdered sugar to thicken the glaze, but it wouldn't accept it without an amount.  I'm guessing on the additional amount that I actually used.  I think it was about an additional cup of powdered sugar to thicken the glaze to the consistency that I wanted.  Of course, you can use the amount necessary to thicken to the consistency that you like).","https://img.sndimg.com/food/image/upload/q_92,fl_progressive,w_1200,c_scale/v1/img/recipes/16/30/30/4lceCF4dRUaGaHIu4N2g_Blackberrywinecake4.jpg",Dessert,All,"Fruit,Nuts,Brunch,Oven,Beginner Cook,< 4 Hours,Easy",591.9
Dark Chocolate Red Wine Truffles,"PURE HEAVEN. That's all you really need to know. 

I suggest using a metal cookie scoop to form the truffles. I tried a melon baller, tablespoon, and plastic cookie scoop and they were all somewhat difficult to use. Coat your hands in the cocoa powder before hand rolling the truffles. 

I suggest making these at least a day before eating so that the wine flavor intensifies. Best consumed on day three for maximum wine flavor. You should be able to keep them for a week but they never last that long!",https://www.food.com/recipe/dark-chocolate-red-wine-truffles-431238,20m,4h,4h 20m,30 truffles,"1/2  cup    heavy cream | 8   ounces    bittersweet chocolate, baking bar  (Ghirardelli 60%) | 6   tablespoons    unsalted butter, cut into small pieces | 1/2  cup    red wine, cabernet sauvignon | cocoa powder","Coarsley chop chocolate and place into a medium sized bowl. | Bring cream to a simmer, add butter and stir until melted. | Pour the cream over the chocolate. Stir with a spatula until the chocolate is melted. | Add the red wine and stir until wine is incorporated. | Pour into an 8x8 baking dish and refridgerate for at least 4 hours | Use a metal cookie scoop to scoop out a truffle. Coat your hands in cocoa powder and gently roll the chocolate until it forms a ball. Roll in cocoa to coat. | Keep refridgerated.","https://img.sndimg.com/food/image/upload/q_92,fl_progressive,w_1200,c_scale/v1/img/recipes/43/12/38/bopww8WKTGxzOhcG3qOg_0S9A1678.jpg",Candy,All,"Dessert,Very Low Carbs,Low Protein,Easy",37.4
Rice Pudding,Make and share this Rice Pudding recipe from Food.com.,https://www.food.com/recipe/rice-pudding-9160,5m,55m,1h,2-6 serving(s),3/4  cup    medium grain rice or 3/4  cup    long grain rice | 1 1/2  cups    water | 1/4  teaspoon    salt (heaping) | 4   cups    whole milk (I use 2%) | 1/2  cup    sugar | 1/2  teaspoon    vanilla | cinnamon,"Bring rice, water and salt to a boil over med-high heat. | Simmer covered until water has been absorbed (approximately 15 minutes). | Stir in milk and sugar and cook uncovered over medium heat for 30-40 minutes, stirring frequently--especially towards the end of cooking. | The pudding is done when the rice and milk have amalgamated into a thick porridge-like consistency. | DO NOT OVERCOOK or the pudding will be solid instead of creamy once cooled. | Remove from heat and stir in vanilla. | Turn into a bowl or cups. | You can sprinkle cinnamon on the top if you like. | COVER with plastic wrap directly on surface &quot;IF&quot; you don't want a skin. | COOL.","https://img.sndimg.com/food/image/upload/q_92,fl_progressive,w_1200,c_scale/v1/img/recipes/91/60/VDQgwAoWRjClqQlZSKNz_rice%20pudding%20SITE-2.jpg",Dessert,All,"Lunch/Snacks,Medium Grain Rice,Rice,Low Protein,Low Cholesterol,Healthy,Kid Friendly,< 60 Mins,Stove Top,Easy",757.5
Avocado Nut Bread,"This quick-bread is a great way to use up that lone avocado quickly passing it's prime! Not too sweet, pretty color, and no one in my household could guess that it was avocado. It's moist despite containing no oil. Avocados do differ in size, you want 1/2 cup mashed pulp. Walnuts can be substitued for pecans if desired. Number of servings is a broad estimate as it will depend on how thickly you slice it!",https://www.food.com/recipe/avocado-nut-bread-123454,10m,50m,1h,"1 loaf, 10-12 serving(s)","2   cups    all-purpose flour | 3/4  cup    sugar | 1 1/2  teaspoons    baking powder | 1/2  teaspoon    baking soda | 1/2  teaspoon    salt | 1   large    egg | 1       avocado, mashed | 1/2  cup    buttermilk | 1/2  cup    pecans, chopped","Pre-heat oven to 375&deg;F. | Grease a 9 X 5 inch loaf pan. | Combine dry ingredients. | In a separate bowl, beat together egg and avocado; stir in buttermilk. | Add the wet ingredients to the dry and blend well. | Stir in nuts. | Pour into pan and bake 50 minutes to 1 hour, until an inserted toothpick comes out clean.","https://img.sndimg.com/food/image/upload/q_92,fl_progressive,w_1200,c_scale/v1/img/recipes/12/34/54/TuoWJkBuQyWxDvxZbKON_Avocado%20Nut%20bread%20SITE-1.jpg",Quick Breads,All,"Breads,Fruit,Vegetable,Nuts,Healthy,Brunch,< 60 Mins",231.3
French Vanilla Banana Cream Pie,I saw this recipe in Family Circle magazine this month. I love banana cream pie and this looked so delicious and easy I just had to try it! This is a fabulous pie... little effort and oh so good! Cook time = chill time.,https://www.food.com/recipe/french-vanilla-banana-cream-pie-107641,15m,4h,4h 15m,8 serving(s),"1       banana, sliced | 1      premade graham cracker pie crust | 2   cups   cold milk | 2 (3 1/2  ounce) packages   French vanilla instant pudding | 2   cups   thawed french vanilla Cool Whip",Place banana slices in crust. | Pour milk into bowl. | Add pudding. | Beat with wire whisk 2 minutes. | Gently stir in one cup of Cool Whip; spoon into crust. | Refrigerate 4 hours. | Top pie with remaining Cool Whip.,"https://img.sndimg.com/food/image/upload/q_92,fl_progressive,w_1200,c_scale/v1/img/recipes/10/76/41/gGQWJweSsmcQIcew9Dyb_french%20vanilla%20banana%20cream%20pie%20107641-3.jpg",Dessert,All,"Low Protein,Easy",332.1
Tunnel of Fudge Banana Cake,An irresistible reimagining of a fudge-filled banana bread in the shape of a comforting Bundt cake. The best of all worlds!,https://www.food.com/recipe/tunnel-of-fudge-banana-cake-534955,45m,20m,1h 5m,1 12-cup bundt cake,"6   ounces    semisweet chocolate | 6   tablespoons    heavy cream | 2   tablespoons    unsalted butter | 2   tablespoons    unsalted butter, softened | 2   tablespoons    unsweetened cocoa powder | 3/4  cup    unsalted butter, softened | 1   cup    granulated sugar | 3/4  cup    dark brown sugar | 4   large    eggs | 1/2  teaspoon    salt | 1   teaspoon    vanilla extract | 3/4  teaspoon    baking powder | 1/2  cup    vegetable oil | 1/2  cup    mashed banana (about 1 large) | 2   cups    all-purpose flour | 3/4  cup    unsweetened cocoa powder | 2/3  cup    powdered sugar | 3   tablespoons    unsweetened cocoa powder | 3   tablespoons    whole milk | 12       dried banana pieces, for decoration","For the fudge filling:. | Finely chop the chocolate and place into a medium heat-proof bowl. | Heat the cream and butter in a small pot until the butter has melted and the cream is gently steaming. | Pour this over the chocolate in the bowl. Let sit for 5 minutes then gently stir until all the chocolate has melted. | Let this mixture cool at room temperature for 45-60 minutes, stirring occasionally, until thickened but still pipeable. | Prepare the pan:. | Preheat the oven to 350 degrees F. | Use the 2 tablespoons of softened butter and a pastry brush to coat a 12-cup bundt pan very well. Add the cocoa powder to the the pan, tilting and tapping the pan to coat as much of the inside as possible. Tap out any excess cocoa powder. | For the cake:. | In a large bowl, beat the butter, granulated sugar and dark brown sugar together until smooth. Beat in the eggs one at a time until smooth. Add the salt, vanilla, baking powder, vegetable oil and mashed banana and stir together until well-combined. | Add the flour and cocoa powder to the bowl and mix until just combined. | Scoop 3 cups of the cake batter into the prepared bundt pan. Spread out into an even layer. | Transfer the thickened, cooled fudge filling to a piping bag. Pipe the fudge filling in a thick ring all the way around in the centre of the batter. | Cover the fudge filling with the remaining cake batter and spread out evenly in the pan. | Bake for 35-40 minutes. The cake will look risen and dry on top. You won&rsquo;t be able to test this cake with a toothpick as the centre will still be gooey when the cake is finished baking, so you must ensure your oven is at the correct temperature. | Remove the cake from the oven and let cool for 20 minutes in the pan. Loosen the edges of the cake with a small spatula or butter knife, flip the cake out onto a wire rack and leave to cool completely. | For the frosting:. | In a small bowl, stir together the powdered sugar, cocoa powder and milk until smooth. | Spoon over the top of the cooled cake, letting it drip down the sides of the cake. Top with the dried banana chips and leave the icing to set for a few minutes before cutting into the cake. | Tools:. | 12-cup Nordicware Classic Bundt Pan (aka Anniverary Bundt Pan). Buy it now on Amazon: https://www.amazon.com/Nordic-Ware-12-Cup-Bundt-Pan/dp/B0000CFLM2.","https://img.sndimg.com/food/image/upload/q_92,fl_progressive,w_1200,c_scale/v1/img/recipes/53/49/55/G1xFm8feSua0e67vSILc_untitled-0903.jpg",Candy,All,"Dessert,Tropical Fruits,Fruit,< 4 Hours",7032.1
Vanilla Pudding,Make and share this Vanilla Pudding recipe from Food.com.,https://www.food.com/recipe/vanilla-pudding-4271,PT0S,,PT0S,5 serving(s),"3/4  cup    sugar | 1/4  cup    cornstarch | 2 1/2  cups    milk | 1/2  teaspoon    salt | 3       egg yolks, slightly beaten | 1   tablespoon    butter | 1   teaspoon    vanilla","In medium double boiler, cook sugar, cornstarch, milk  and salt. When mixture begins to thicken, add part of mixture  to egg yolks; mix well, then pour egg mixture back into mixture  in double boiler. | Cook until thick; take off stove, then add  butter and vanilla. | You can use as pudding and top with Cool  Whip or use pudding with bananas for banana pudding  You can also add 2 unsweetened chocolate squares at the  beginning and make a chocolate pie or pudding. | For butterscotch pie or pudding, use 3/4 cup light brown  sugar firmly packed and 1/4 cup sugar instead of 3/4 cup sugar,  then cook as directed. | You can also make a banana plate pie with the vanilla  mixture, just cook as directed. | In baked pie shell, line  bottom with bananas; pour a layer of pudding, then a layer of  ba  nanas, then pudding. | You can top with Cool Whip or meringue.","https://img.sndimg.com/food/image/upload/q_92,fl_progressive,w_1200,c_scale/v1/img/recipes/42/71/vtKZLiMzRnyiHRS1GmZ6_Vanilla-Pudding-7.jpg",Dessert,All,< 15 Mins,270.9
Peanut Butter Chocolate Cupcakes,"Since cupcakes are such a big thing right now, these are a sure to be a hit.  They even have a hidden surprise!!  The recipe calls for using jumbo muffin cups, but I use the normal cupcake size.",https://www.food.com/recipe/peanut-butter-chocolate-cupcakes-278542,15m,25m,40m,1 dozen jumbo,"3   ounces    cream cheese, softened | 1/4  cup    peanut butter, creamy | 2   tablespoons    sugar | 1   tablespoon    milk | 2   cups    sugar | 1 3/4  cups    flour | 1/2  cup    cocoa | 1 1/2  teaspoons    baking powder | 1   teaspoon    salt | 1/4  teaspoon    baking soda | 2       eggs | 1   cup    water | 1/2  cup    vegetable oil | 2   teaspoons    vanilla | 1/3  cup    butter, softened | 2   cups    powdered sugar | 6   tablespoons    cocoa | 3 -4   teaspoons    milk","In a small mixing bowl, beat cream cheese, peanut butter, sugar and milk until smooth. | Set aside. | In a bowl, combine sugar, flour, cocoa, baking powder, salt and baking soda. | In another bowl, whisk the eggs, water, oil and vanilla. | Stir into dry ingredients just until moistened. (batter will be thin.). | Fill paper-lined jumbo muffin cups half full with batter. | Drop scant tablespoons of peanut butter  mixture into center of each. | Cover with remaining batter. | Bake at 350 degrees for 25-30 minutes or until toothpick comes out clean. | Cool 10 minutes. | Remove from pans to wire racks. | Cool completely. | Combine frosting ingredients. | Frost cupcakes. | Store in refrigerator.","https://img.sndimg.com/food/image/upload/q_92,fl_progressive,w_1200,c_scale/v1/img/recipes/27/85/42/BiJJMaUcQ0mHRdRhXRbb_PB%20Chocolate%20cupcakes%20SITE-2.jpg",Dessert,All,< 60 Mins,6021.8
3-Ingredient Peanut-Butter-Lover Cookies,Make and share this 3-Ingredient Peanut-Butter-Lover Cookies recipe from Food.com.,https://www.food.com/recipe/peanut-butter-cookies-59792,2m,10m,12m,12 cookies,1   cup    peanut butter | 1/2  cup    sugar | 1   large    egg,Mix ingredients together. | Drop by spoonful onto baking sheet. | Bake for 10 minutes at 325&deg;F or 8-10 minutes at 350&deg;.F.,"https://img.sndimg.com/food/image/upload/q_92,fl_progressive,w_1200,c_scale/v1/img/recipes/59/79/2/SdSSBv61SPeo2Tr3msYV_0S9A1538.jpg",Dessert,All,"Cookie & Brownie,High Protein,Kid Friendly,High In...,< 15 Mins,Easy,Inexpensive",164.6
Fried Oreos,"Okay, I know this is strange but it is in response to a request on the boards. Actually looks interesting and if you're going to blow calories on Oreos why not have them deep fried to boot? :)",https://www.food.com/recipe/fried-oreos-63352,5m,15m,20m,54 cookies,1   bag    Oreo cookies | 2   cups    pancake mix | 1 1/2  cups    milk | 2       eggs | 4   teaspoons    oil | plus oil (for frying),"Preheat deep fryer to 375 degrees F. | Combine pancake mix, milk, eggs and oil. | Mix until there are no lumps. | Dip Oreos into batter, make sure both sides are covered and put the Oreos into the deep fryer. | You will need to watch these as the cookies tend to float- so be sure to turn them. | Also be careful that they don't burn- you just want them golden brown. | Remove the cookies and drain well. | The cookies are best straight out of the deep fryer!","https://img.sndimg.com/food/image/upload/q_92,fl_progressive,w_1200,c_scale/v1/img/recipes/63/35/2/ZA6tKQxxRr29WAPrPEgQ_FO%207%20-%20final_5.jpg",Dessert,All,"Lunch/Snacks,Sweet,< 30 Mins,Deep Fried",73.0
St. Louis Style Gooey Butter Cake,"What is Gooey Butter Cake you ask? It is a super-sweet, rich, St.Louis original treat!  I have made this recipe hundreds of times to rave reviews. My fiances co workers even go as far as to trade work for Gooey Butter Cake!  But what's someone from out-of-town, or in my case, relocated Las Vegas, to do? Follow This Recipe! It's super easy...anyone can make it! ENJOY!",https://www.food.com/recipe/st-louis-style-gooey-butter-cake-195977,20m,30m,50m,10-12 serving(s),1/2  cup    butter (NOT MARGARINE!) | 18   ounces    yellow cake mix (one box) | 3       eggs | 1 (8   ounce) package   cream cheese (cut into quarters) | 1/2  teaspoon    almond extract or 1/2  teaspoon    pure vanilla extract | 4   cups    confectioners' sugar (A.K.A. Powdered sugar),"Preheat oven to 350. | Lightly grease (or spray with Pam) one deep 9x13 rectangular cake pan. I would suggest a 4 in deep pan, as the cake rises when it is cooking, but a oven-safe disposable coffee cake pan from the grocery store would work fine too. | Melt butter. I do this by heating the the microwave on low power for 30 seconds. | Empty cake mix into a large bowl. | Stir melted butter, along with ONE egg, into the cake mix. | PRESS mixture into pan. Mixture will have the consistency of sticky dough. Using a spatula works for me, but pressing with clean fingers will do the trick as well. | In a large bowl, mix cream cheese, almond or vanilla extract, confectioners sugar and the remaining two eggs. | Beat for three minutes with an electric mixer set on medium high speed, or until smooth with NO lumps. | Pour evenly over top of the cake mixture in the pan. Use a spatula to spread. | Place a large cookie sheet on the rack below the cake. Sometimes when you use a cake pan with less depth, the cake bubbles and spills over. The cookie sheet will spare your oven! Bake at 350 for 30-45 minutes until golden brown on top. Cooking time is estimated, you will really have to watch it here! I always take the cake out when it turns a darkish golden brown. Note that there will be a paper thin sugar &quot;crust&quot; that will form while the cake is baking. It the top layer of sugar hardening, and this is what will turn golden brown. It adds great texture! | Allow cake to cool COMPLETELY. This is very important, as the cake will not cut easily until it is completely cool. You will notice that the cake has sunken and set. This is normal. Refrigeration is optional. I personally like it at room temperature. | Dust the top with confectioners’ sugar. | Cut cake into bars and serve with or without utensils, but make sure you have plenty of napkins, because this treat will have you licking your fingers!  (Cake should be gooey underneath the sugar &quot;crust&quot;, so don't over bake!).","https://img.sndimg.com/food/image/upload/q_92,fl_progressive,w_1200,c_scale/v1/img/recipes/19/59/77/W0yEYzVVSKanfRhyVyRQ_0S9A1187.jpg",Dessert,All,"Kid Friendly,Sweet,Mixer,< 60 Mins,Refrigerator,Small Appliance,Easy",588.7
Easy Key Lime Pie,"Not usually my kind of recipe--I am ordinarily kind of a purist (i.e., I'd rather make REAL key lime pie with REAL key limes)--but this is simply fantastic. My friend who lives in my apartment complex made it and gave me the recipe.",https://www.food.com/recipe/easy-key-lime-pie-43292,10m,1h,1h 10m,8 serving(s),"1 (14   ounce) can   sweetened condensed milk | 1/2  cup    key lime juice or 1/2  cup    lime juice | 1 (8   ounce) container   frozen whipped topping, thawed | 1 (6   ounce) package   chocolate crumb pie shell or 1 (6   ounce) package   graham cracker pie crusts | lime zest (optional)",Beat milk and lime juice in large bowl with electric mixer on medium speed until smooth and thickened. | Fold in whipped topping. | Spoon lime mixture into pie crust. | Cover and refrigerate about 1 hour or until set. | Garnish with grated lime peel.,"https://img.sndimg.com/food/image/upload/q_92,fl_progressive,w_1200,c_scale/v1/img/recipes/43/29/2/cUSe19GQKKWnFFKWOxAt_Key%20Lime%20Pie_final%202.jpg",Pie,All,"Dessert,Lime,Citrus,Fruit,Potluck,Spring,Summer,Weeknight,No Cook,Refrigerator,Beginner Cook,< 4 Hours,Easy,Inexpensive",253.9
Special Mocha Cupcakes,"&quot;Topped with a fluffy frosting and chocolate sprinkles, these extra rich, extra delicious cupcakes smell wonderful while baking and taste even better!&quot; Submitted to Taste of Home by Mary Bilyeu. It won first place in a cupcake contest!",https://www.food.com/recipe/special-mocha-cupcakes-218450,25m,20m,45m,12 serving(s),"1 1/2  cups    flour | 1   cup    sugar | 1/3  cup    baking cocoa | 1   teaspoon    baking soda | 1/2  teaspoon    salt | 2       eggs | 1/2  cup   cold brewed coffee | 1/2  cup    vegetable oil | 3   teaspoons    cider vinegar | 3   teaspoons    vanilla extract | 3   tablespoons    semi-sweet chocolate chips | 3   tablespoons    milk chocolate chips | 1/3  cup    butter, softened | 2   cups    confectioners' sugar | 1 -2   tablespoon    brewed coffee | 1/2  cup    chocolate sprinkles","In a small mixing bowl, combine the flour, sugar, cocoa, baking soda and salt. In a small bowl, mix the eggs, coffee, oil, vinegar and vanilla. | Add to dry ingerdients; mix well. | Fill paper-lined muffin cups three-fourths full. | Bake at 350 for 20-25 minutes or until a toothpick comes out clean. | Cool for 10 minutes before removing from pan to a wire rack to cool. | For frosting, in a small microwave-safe bowl, melt chips; stir until smooth. | Add butter; beat until blended. | Gradually beat in confectioners' sugar and coffee. | Pipe frosting onto cupcakes. | Top with sprinkles; gently press down.","https://img.sndimg.com/food/image/upload/q_92,fl_progressive,w_1200,c_scale/v1/img/recipes/21/84/50/emkcEqBqQx6GvSpupW0V_mocha-cupcakes-5886.jpg",Dessert,All,"Sweet,< 60 Mins,Oven,Easy",372.0
Best Banana Bread,Make and share this Best Banana Bread recipe from Food.com.,https://www.food.com/recipe/best-banana-bread-2886,10m,1h,1h 10m,"1 loaf, 10 serving(s)","1/2  cup    butter, softened | 1   cup    granulated sugar | 2       eggs, beaten | 3       bananas, finely crushed  (for serious and extreme moist and delicious, try 4 bananas) | 1 1/2  cups    all-purpose flour | 1   teaspoon    baking soda | 1/2  teaspoon    salt | 1/2  teaspoon    vanilla (optional)","Remove odd pots and pans from oven. | Preheat oven to 350&ordm; / 180&ordm;. | Cream together butter and sugar. | Add eggs and crushed bananas. | Combine well. | Sift together flour, soda and salt. Add to creamed mixture. Add vanilla. | Mix just until combined. Do not overmix. | Pour into greased and floured loaf pan. | Bake at 350&ordm; / 180&ordm; for 55 minutes. | Keeps well, refrigerated.","https://img.sndimg.com/food/image/upload/q_92,fl_progressive,w_1200,c_scale/v1/img/recipes/28/86/wBZxNua1T8yfDwbfo9Fz_0S9A9315.jpg",Quick Breads,All,"Breads,Fruit,Oven,< 4 Hours",272.8
Delicious Oreo Refrigerator Cake (No-Bake),"This has remained a long time favorite, I have even made this in the winter months and served it to guests many times, lemon flavor pudding mix is also very good to use in place of the chocolate --- you can make this well in advance, it can also be served as a frozen dessert just remove from freezer about 6 minutes before slicing this is just as delicious frozen!  if you are serving this at a kid's birthday party place mini Oreo cookies into the topping of Cool Whip facing sideways --- I most always double the chocolate pudding mixture, you may also double the cream cheese mixture if desired --- this is very good!",https://www.food.com/recipe/delicious-oreo-refrigerator-cake-no-bake-77960,30m,,30m,9 serving(s),"1 (15   ounce) bag   Oreo cookies, crushed, divided | 1/2  cup    butter, melted | 1 (8   ounce) package   cream cheese, softened | 1   cup    confectioners' sugar | 1 (12   ounce) container   Cool Whip, frozen topping thawed | 1 (6   ounce) package   chocolate fudge instant pudding mix (lemon flavor is also good) | 2 1/4  cups    half-and-half cream (or use whole milk)","Crush Oreo cookies; set 1/4 cup aside for topping. | Mix the remaining crushed cookies with the melted butter. | Press into the bottom of a greased 13 x 9-in baking pan. | In a bowl, beat the cream cheese with the confectioners sugar on medium speed. | Fold in half of the Cool Whip topping. | Spread over cookie crumb layer. | Refrigerate 1/2 hour. | In the meantime, combine milk with instant pudding mix; beat well, until smooth. | Pour over chilled mixture in the pan. | Refrigerate for 1 hour. | Spread remainder of Cool Whip topping on top of pudding layer. | Sprinkle with remaining reserved cookie crumbs. | Store cake in the refrigerator, covered tightly.","https://img.sndimg.com/food/image/upload/q_92,fl_progressive,w_1200,c_scale/v1/img/recipes/77/96/0/tBpHISgIQRG2Ox5QuLVS_0S9A4968.jpg",Dessert,All,"Low Protein,< 30 Mins,Refrigerator",717.5
Plum Kuchen,"Luscious coffeecake adapted from Squalicum Lake Cottage Bed and Breakfast in Bellingham, WA. The recipe was published in a lovely cookbook, Northwest Mornings, given to me in a zaar swap by my good friend Lulu B.",https://www.food.com/recipe/plum-kuchen-133277,15m,50m,1h 5m,8 serving(s),1   cup    all-purpose flour | 1   tablespoon    granulated sugar | 1   teaspoon    baking powder | 1/2  cup    butter | 2   tablespoons    heavy cream | 1       egg | 2   cups   pitted and sliced plums | 1/2  cup    heavy cream | 1/2  cup    granulated sugar | 1       egg | 1   teaspoon    vanilla,"Preheat oven to 350&deg;F. | Mix flour, 1 tablespoon sugar and baking powder together. | Cut in butter until mixture looks like coarse crumbs; add 2 tablespoons heavy cream and 1 egg. | Press in bottom of 9-inch square pan or pie pan and arrange plums on top. | Bake for 25-30 minutes. | While this is baking, in a bowl combine heavy cream, sugar, egg and vanilla, using a whisk to beat together well. | Pour mixture over plums and bake an additional 20-30 minutes, until custard is set. | Serve warm or cool. | Store in refrigerator.","https://img.sndimg.com/food/image/upload/q_92,fl_progressive,w_1200,c_scale/v1/img/recipes/13/32/77/GFtDYpOISiauIsc5Kl87_Plum%20Kuchen_final_6.jpg",Breakfast,All,"Dessert,Plums,Fruit,Brunch,Oven,< 4 Hours,Easy",316.0
Seven Layer Magic Bars,Make and share this Seven Layer Magic Bars recipe from Food.com.,https://www.food.com/recipe/seven-layer-magic-bars-1293,10m,25m,35m,"24-35 bars, 36 serving(s)","1/2  cup    butter or 1/2  cup    margarine | 1 1/2  cups    graham cracker crumbs | 1 (14   ounce) can  eagle brand sweetened condensed milk | 1   cup    butterscotch chips (6 oz) | 1   cup    chocolate chips (6 oz) | 1 1/3  cups    flaked coconut | 1   cup    nuts, chopped","Preheat oven to 350 (325 for glass dish). In 13x9&quot; baking pan, melt butter in  oven. | Sprinkle crumbs over butter. | Pour sweetened condensed milk over crumbs. | top with remaining ingredients in order listed; press down firmly. | Bake 25  minutes or until lightly browned. | Cool. | Chill if desired. | Cut into bars. | Store  covered at room temperature. TIP: for perfectly cut cookie bars: line entire pan (including sides) with a sheet of aluminum foil first. | When bars are baked, cool; lift of edges of foil to remove from pan. | Cut into individual squares. | Lift off of foil. | Keebler/ReaLemon/Borden.","https://img.sndimg.com/food/image/upload/q_92,fl_progressive,w_1200,c_scale/v1/img/recipes/12/93/hNSfw7TvRTVw4crZ6Fjy_IMG_9364.jpg",Bar Cookie,All,"Dessert,Cookie & Brownie,< 60 Mins,For Large Groups,Oven",157.6
Oreo-Stuffed Panookie,Make and share this Oreo-Stuffed Panookie recipe from Food.com.,https://www.food.com/recipe/oreo-stuffed-panookie-526530,25m,20m,45m,8 slices,1/2  cup    butter | 1/2  cup    sugar | 1/2  cup    brown sugar | 1       egg | 1   teaspoon    vanilla extract | 1 1/4  cups    all-purpose flour | 1/2  teaspoon    salt | 1   teaspoon    baking powder | 1/2  cup    chocolate chips | 7       Oreo cookies | 2   ounces    dark chocolate | 2   ounces    sugar | 2   tablespoons    butter | 2   tablespoons    cocoa powder | 1/4  cup    water | 1/4  cup    heavy cream | 1   pint    vanilla ice cream,"Mix butter and sugar until creamy. | Sift flour, baking soda, and salt. &nbsp;Set aside. | Add egg and vanilla extract to the butter mixture. | Add flour mixture. | Stir in the dark chocolate. | Divide the dough in half. | Spread/press one half of the dough on the bottom of an 8&rdquo; skillet. | Lay out Oreo cookies. | Then add another layer of dough on top. | Bake at 350F for 20-25mins. | TO MAKE CHOCOLATE SYRUP TOPPING. | Add bitter chocolate, sugar, butter, cocoa powder, and water into a pan. | Simmer at low heat. &nbsp;Stir until smooth. | Then add heavy cream and simmer for approximately 3 minutes. &nbsp;Mix thoroughly. | TO SERVE. | Slice panookie and serve with a scoop of vanilla ice cream and chocolate syrup drizzled on top.","https://img.sndimg.com/food/image/upload/q_92,fl_progressive,w_1200,c_scale/v1/img/submissions/recipe/33186/vuUAiZjlTJSpJWMDNNOW_Oreo-Stuffed%20Panookie%2002.jpeg",Dessert,All,"Cookie & Brownie,< 60 Mins",567.2
Puffed Bananas and Caramel,"From James Reeson Alive and Cooking.  A good way to use up scraps of puff pastry, I've listed 1/2 sheet of puff pastry cut into strips but James used some scraps that he had frozen from other recipes and thawed them.  Times are estimated.  Please also note that in Australia pre-rolled pastry sheets are about 22/23 cm square.",https://www.food.com/recipe/puffed-bananas-and-caramel-405164,5m,25m,30m,4 serving(s),4       bananas | 1/2  sheet    puff pastry (cut into strips) | icing sugar | 125   g    unsalted butter (sweet butter) | 125   g    caster sugar,"Preheat oven to 200&deg;C. | Lay out pastry trimmings if using or cut strips from the 1/2 sheet. | Place the banana down on top of pastry. | Dust with icing sugar, then wrap the pastry around the length of the banana. | Bake in pre-heated for 10 to 15 minutes. | Caramel Sauce - in a saucepan, melt the butter and add the sugar and continue to stir until caramel consistency is achieved.","https://img.sndimg.com/food/image/upload/q_92,fl_progressive,w_1200,c_scale/v1/img/recipes/40/51/64/kyVR6eQTnaLCLBv3hEZz_puff-bananas-4.jpg",Dessert,All,"Tropical Fruits,Fruit,Australian,Low Protein,< 30 Mins,Oven,Stove Top",619.2
Southern Living's Cream Cheese Pound Cake,"From the Big Book of Christmas Baking, courtesy MrZ, who describes it as being both &quot;moist and delicious&quot;. Use real butter in this recipe. It will make a difference.",https://www.food.com/recipe/southern-livings-cream-cheese-pound-cake-322805,15m,1h 45m,2h,1 10-inch pound cake,"1 1/2  cups    butter, softened | 1 (8   ounce) package   cream cheese, softened | 3   cups    sugar | 6   large    eggs | 1   tablespoon    vanilla extract | 3   cups    all-purpose flour | 1/8  teaspoon    salt","Preheat oven to 300&deg;F. | Use an electric mixer to mix both butter and cream cheese until creamy. | Gradually add sugar and beat for 5 minutes, then add eggs one at a time, allowing each to incorporate before adding more. Stir in vanilla. | Sift flour and salt and add gradually to the mixer, beating until well blended. | Pour batter into a well greased and floured bundt pan or tube cake pan. | Place 2 cups water in an ovenproof container on the rack in the oven next to the cake. | Bake cake at 300 for an hour and 45 minutes, or until a toothpick can be removed cleanly. | Place pan on a wire rack and cool for 15 minutes, then remove the cake from the pan and complete cooling on the wire rack.","https://img.sndimg.com/food/image/upload/q_92,fl_progressive,w_1200,c_scale/v1/img/recipes/32/28/05/NjGBuspQRuCcJfARdi0p_cream-cheese-pound-cake-1405.jpg",Dessert,All,"Kid Friendly,Christmas,Sweet,Oven,< 4 Hours",7371.9
Peach Cobbler Dump Cake,Make and share this Peach Cobbler Dump Cake recipe from Food.com.,https://www.food.com/recipe/peach-cobbler-dump-cake-60501,5m,45m,50m,10 serving(s),1 (18 1/4  ounce) box   yellow cake mix | 1 (32   ounce) can   peaches in heavy syrup | 1/2  cup    butter | ground cinnamon,Preheat oven to 375&#xBA;F. | Empty peaches into the bottom of a 13 x 9- inch pan. | Cover with the dry cake mix and press down firmly. | Cut butter or margarine into small pieces and place on top of cake mix. | Sprinkle top with cinnamon. | Bake for 45 minutes.,"https://img.sndimg.com/food/image/upload/q_92,fl_progressive,w_1200,c_scale/v1/img/recipes/60/50/1/zLXlRKywR86uMJQbCQb1_PEACH_COBBLER_DUMP_CAKE_024.jpg",Dessert,All,"Fruit,Low Protein,< 60 Mins,Oven,Easy",372.4
Blackberry Dump Cake,"You dump everything into the bottom of a casserole dish, throw &lsquo;er in the oven and waa laa!!  You have a heavenly dessert, a little lovin&rsquo; from the oven.",https://www.food.com/recipe/blackberry-dump-cake-443585,15m,30m,45m,1 cake,"yellow cake mix | 1/2  cup    rolled oats | 4   cups    fresh blackberries | 1/2  cup    white sugar | 1   teaspoon    ground cinnamon | 1   cup    butter, melted  (can also use cold butter shavings)","Preheat oven to 350 degrees. | 2 Mix your berries, sugar and cinnamon together and spread in the bottom of a 9&times;13 pan. | 3 Sprinkle dry cake mix and rolled oats over the top of berry mixture. | 4 Pour melted butter over the cake/oats mix, make sure you cover evenly.  (Melted butter will absorb into the dry cake mix.  Do not stir!  If you use cold butter shavings, scatter over the top of dry cake mix trying to cover evenly). | 5 Bake 30 minutes or until top is golden and berries are bubbling.  You can serve this with ice cream, whipped cream or cool whip.","https://img.sndimg.com/food/image/upload/q_92,fl_progressive,w_1200,c_scale/v1/img/recipes/44/35/85/q4uski2Squ7GuIOYB6x6_blackberry-dump-cake_1042.jpg",Dessert,All,"Berries,Fruit,Low Protein,Sweet,< 60 Mins,Easy",2422.2
The Best Brownies,These brownies are not cake-like. They are more moist and gooey. I always undercook them a bit because we like them very moist.,https://www.food.com/recipe/the-best-brownies-54225,20m,20m,40m,10 serving(s),1/2  cup    vegetable oil | 1   cup    sugar | 1   teaspoon    vanilla | 2   large    eggs | 1/4  teaspoon    baking powder | 1/3  cup    cocoa powder | 1/4  teaspoon    salt | 1/2  cup    flour,"Preheat oven to 350 degrees Fahrenheit or 180 degrees Celsius. | Mix oil and sugar until well blended. | Add eggs and vanilla; stir just until blended. | Mix all dry ingredients in a separate bowl. | Stir dry ingredients into the oil/sugar mixture. | Pour into greased 9 x 9 square pan. | Bake for 20 minutes or until sides just starts to pull away from the pan. | Cool completely before cutting. | Note: I usually double the recipe and bake in a 9 x 13 pan. If you double the recipe, you will need to cook longer than 20 minutes.","https://img.sndimg.com/food/image/upload/q_92,fl_progressive,w_1200,c_scale/v1/img/recipes/54/22/5/DGMPaRDnQzSOR3Kw5Jo6_BB%204%20final%20-%20best%20brownies.jpg",Bar Cookie,All,"Dessert,Cookie & Brownie,Sweet,< 60 Mins,Oven",218.6
Fresh Peach Turnovers,I came up with this recipe cuz of an abundance of peaches on my tree. I just love the sweet peaches in the flaky puff pastry!,https://www.food.com/recipe/fresh-peach-turnovers-126965,30m,20m,50m,8 serving(s),"1/2  cup    sugar | 2   tablespoons    cornstarch | 2   lbs    fresh peaches, peeled and sliced | 1   tablespoon    butter | 1/2  teaspoon    cinnamon | 1/4  teaspoon    nutmeg | 2   sheets    frozen puff pastry, thawed | 1       egg (beaten with 1 teaspoon water) | 1/2  cup    powdered sugar","Preheat oven to 400&ordm;. | As you're slicing the peaches, save the juice. | Combine peach juice with sugar and cornstarch in saucepan. Cook until thick and bubbly. | Add peaches, butter, cinnamon and nutmeg. | Cool slightly. | Lightly roll out each pastry sheet on floured surface. | Cut each sheet into 4 squares. | Place some of peach filling on half of each square. Brush edges with beaten egg. Fold over into a triangle (or rectangle) and press to seal edges (or crimp with fork). | Place on baking sheets. | Bake at 400&ordm; for 10-15 minutes until lightly brown and puffy. | Cool on racks. | Sprinkle with powdered sugar. Or frost with a powdered sugar frosting.","https://img.sndimg.com/food/image/upload/q_92,fl_progressive,w_1200,c_scale/v1/img/recipes/12/69/65/Z5xw2MESLWGB4fN9V1mg_peach-turnovers-1.jpg",Dessert,All,"Fruit,Kid Friendly,Spring,Summer,< 60 Mins",490.2
Puff Pastry Glazed Apricot Twists,"These are best served warm out of the oven. This is a double recipe for 16 pastries, you can cut the recipe in half and use just one puff pastry sheet for 8 pastries if desired.",https://www.food.com/recipe/puff-pastry-glazed-apricot-twists-157010,20m,15m,35m,16 serving(s),"1 (17   ounce) package   frozen puff pastry (thawed according to package directions) | 1   cup    apricot jam, melted  (melt just enough to make spreading easy) | 1/2  cup    confectioners' sugar | 2   tablespoons    whipping cream (unwhipped) | 1   tablespoon    fresh lemon juice","Set oven to 400 degrees. | Line a baking sheet with parchment paper (you will most likely need two baking sheets for 16 pastries). | Roll out one puff pastry sheet onto a lightly floured surface into a 12x10-inch rectangle, then cut in half lengthwise (I use a pizza cutter for this). | Cut each half crosswise into four 5x3-inch strips (for a total of 8 strips). | Spread each strip with about 1/2 tablespoon apricot jam, then fold the strips in half lengthwise to form 1-1/2-inch wide strips. | Twist each strip 3 times, then place on the parchment-lined baking sheet. | Repeat with the remaining puff pastry (you should have 16 pastries when done,  you might have to use two baking sheets. | Bake for about 15-20 minutes. | Transfer the twists to a rack. | In a small bowl whisk together confectioners sugar, whipping cream and lemon juice; brush over the warm pastries.","https://img.sndimg.com/food/image/upload/q_92,fl_progressive,w_1200,c_scale/v1/img/recipes/15/70/10/Tx6CtJbFS123zBltbSRl_apricot-twists-1.jpg",Dessert,All,"Fruit,Kid Friendly,Sweet,Brunch,< 60 Mins,For Large Groups,Oven,Beginner Cook,Easy",235.9
The Only Chocolate Cake Recipe You'll Ever Need! (Devil's Food),"This chocolate cake is absolutely thee best we have ever had. It is so moist and rich, I never make anything else (unless I am short on time :) The frosting recipe included goes perfectly with this cake, but you can use any frosting you like. Try this once and you'll see why I call it &quot;The Only Chocolate Cake Recipe You'll Ever Need&quot;!!  Adding 2/18/06: I want to note that I recently used sweetened whipped heavy cream with vanilla and it was just as fabulous as the frosting recipe listed, plus much easier.  I also used hazelnut coffee in the cake and it added even more of a little extra something!",https://www.food.com/recipe/the-only-chocolate-cake-recipe-youll-ever-need-devils-food-26370,30m,45m,1h 15m,16 serving(s),"2   cups    all-purpose flour | 1   teaspoon    salt | 1   teaspoon    baking powder | 2   teaspoons    baking soda | 3/4  cup    unsweetened cocoa powder | 2   cups    sugar | 1   cup    vegetable oil | 1   cup    hot coffee | 1   cup    milk | 2   large    eggs | 1   teaspoon    vanilla | 1   cup    milk | 5   tablespoons    all-purpose flour | 1/2  cup    butter, softened | 1/2  cup    shortening | 1   cup    sugar | 1   teaspoon    vanilla","Preheat oven to 325&deg;F. | In a large mixing bowl, sift together dry ingredients. Add oil, coffee and milk and mix at medium speed for 2 minutes. Add eggs and vanilla and beat 2 more minutes. Expect batter to be thin. | Pour into a 9&quot; x 13&quot; greased and floured pan or 2- 9&quot; round pans. Bake 9 x 13 pan for about 45 minutes or 9&quot; pans for about 30 minutes. Cool in pans for about 15 minutes and then cool completely on racks. | While cake is cooling make the icing: Combine the milk and flour in a saucepan and cook over low heat until thick, whisking constantly. Cover and refrigerate until chilled. | In a medium bowl, beat butter, shortening, sugar and vanilla until creamy. Add chilled milk and flour mixture and beat for 10 minutes. Frost cooled cake and enjoy! The frosting sounds intimidating, but it is worth it! By the way, for some reason, we prefer this cake chilled, right out of the refrigerator. The rich chocolate and cool frosting just seem to taste best this way.","https://img.sndimg.com/food/image/upload/q_92,fl_progressive,w_1200,c_scale/v1/img/recipes/26/37/0/bzwUWgTTGZ83fb1AbjMQ_CC%208%20-%20final_6.jpg",Dessert,All,"Kid Friendly,Potluck,Weeknight,For Large Groups,Oven,< 4 Hours",477.9
Very Berry Sugar Cookie Cobbler,"A cobbler that is as easy as it gets, using frozen berries, canned apple pie filling and a topping of refrigerated sugar cookie dough. To make it the ultimate, serve with vanilla ice cream or whipped cream.",https://www.food.com/recipe/very-berry-sugar-cookie-cobbler-70493,10m,45m,55m,12 serving(s),"2 (12   ounce) bags  frozen mixed berries, thawed | 1 (21   ounce) can   apple pie filling | 1/3  cup    sugar | 1 1/2  teaspoons    cinnamon | 1 (18   ounce) package  prepared cookie dough","Preheat oven to 350&#xB0;. | In large bowl, mix berries, pie filling, sugar and cinnamon. | Transfer fruit mixture to 9 x 13 baking dish. | Crumble cookie dough over fruit, covering thickly and completely. | Bake uncovered until cookie crust is golden and crisp and juices are bubbly, about 45 minutes.","https://img.sndimg.com/food/image/upload/q_92,fl_progressive,w_1200,c_scale/v1/img/recipes/70/49/3/KpNqeJWSXmqFLr4sguvS_apple-berry-cookie-cobbler-1483.jpg",Dessert,All,"Apple,Berries,Fruit,< 60 Mins,Oven,Easy",128.3
Chocolate Cookarolis (Fried Ravioli Cookies),"You make these chocolate treats like ravioli. While this recipe requires a bit of work, the results will astound you.",https://www.food.com/recipe/chocolate-cookarolis-fried-ravioli-cookies-254057,20m,5m,25m,"20 raviolis, 20 serving(s)","16   ounces    refrigerated sugar cookie dough (Pillsbury refrigerated log style) | 1/2  cup    bittersweet chocolate chips | 2   cups    all-purpose flour | 2   teaspoons    baking powder | 3/4  teaspoon    kosher salt | 6   tablespoons    shortening | 3/4  cup    milk | 1       egg, beaten with | 2   teaspoons    water | vegetable oil, for frying | confectioners' sugar, for dusting","MAKE THE COOKAROLIS: Cut cookie dough in half lengthwise and place onto a long sheet of plastic wrap (about 2 feet). Place one half of the dough into the center, then place another sheet of plastic wrap loosely over top. Roll out cookie dough into a 4&quot; wide strip 1/4&quot; thick. Lift off top sheet of plastic wrap and discard. Place 3-4 chocolate morsels in a group onto the bottom of cookie strip 1/2&quot; apart. | Using the top part of the plastic wrap, fold top half of cookie strip over filling. Using your finger, gently press between and bottom the cookaiolis to seal. Holding the ends of the plastic wrap taut, place the strips onto a cookie sheet and freeze till needed. Repeat with the other half of cookie dough. | MAKE THE PASTRY DOUGH: In the bowl of a food processor, combine the flour, baking powder and salt. Pulse for a few seconds and then pour into a large mixing bowl. | Add the shortening and knead it into the flour with your hands until it is crumbly. Add the milk all at once and mix in with a spatula until it begins to come together. | Lightly flour your hands and the countertop and turn the dough out onto the countertop. Knead the dough ball, folding over about 12 times. Divide dough in half. Roll each half out to 6&quot; wide strips and about 1/8&quot; thin. | Remove cookarolis from the freezer and separate them into individual pieces using a knife or pizza pie cutter. Place cookarolis onto the dough 1/4&quot; apart on the bottom half of the dough. Brush the edges of half of the dough lightly with the egg wash (remember egg wash sticks to dough, but not itself). Fold top part of dough over and separate (using a pizza cutter works well) and then gently seal the edges together with the tines of a fork, dipping the tines into some flour as needed. Repeat with second ball of dough. Place on cookie sheet and refridgerate for a minimum of 30 minutes. NOTE: at this point, they can be frozen on the cookie sheets, then placed into a ziploc bag and frozen for up to a year till needed. | DEEP FRY: Heat oil in a deep fryer to 350&deg;F Carefully fry in batches for about 3 minutes until just light brown. Drain on paper towels. When cooled (about 5 minutes), dust with powdered sugar. Serve immidiately but be careful, as filling may still be hot.","https://img.sndimg.com/food/image/upload/q_92,fl_progressive,w_1200,c_scale/v1/img/recipes/25/40/57/2DEzzyYfSKuS07e2JaQX_IMG_9706.png",Dessert,All,"Cookie & Brownie,Toddler Friendly,Kid Friendly,< 30 Mins,For Large Groups,Easy",204.7
Chocolate Chip Cookie Bars,"Great for potlucks, you may double the complete recipe and bake in two pans these freeze very well, in place of the nuts dried cranberries or raisins may be used or any dried fruit desired, this is a fairly sweet bar so you might want to reduce the sugars slightly if desired --- servings is only esimated depending on the size of the bars --- for greasing pan see recipe#78579",https://www.food.com/recipe/chocolate-chip-cookie-bars-265826,15m,25m,40m,25 serving(s),"1   cup    butter, softened | 1   cup    white sugar | 1   cup    brown sugar, packed | 2       eggs | 1   teaspoon    maple extract or 1   teaspoon    vanilla extract | 2 1/4  cups    all-purpose flour | 1/2  teaspoon    cinnamon (optional) | 1   teaspoon    baking soda | 3/4  teaspoon    salt | 1   cup    semi-sweet chocolate chips | 1/2  cup   chopped walnuts or 1/2  cup    pecans","Set oven to 350 degrees F. | Set oven rack to second-lowest position. | Grease a 13 x 9-inch pan (for thinner bars bake in a larger pan and reduce the baking time slightly). | In a large mixing bowl cream butter with both sugars until fluffy. | Add in eggs and vanilla; beat until well combined. | In another bowl mix together flour with cinnamon, baking soda and salt; gradually add to the creamed mixture until combined. | Mix in chocolate chips and nuts (batter will be very thick). | Transfer the mixture to prepared baking pan then spread out using a spoon. | Bake for about 25-30 minutes or until golden brown.","https://img.sndimg.com/food/image/upload/q_92,fl_progressive,w_1200,c_scale/v1/img/recipes/26/58/26/lMOpHMK0ShuF2Bkqbyy2_CCB%204%20-%20final_2.jpg",Bar Cookie,All,"Dessert,Cookie & Brownie,Kid Friendly,Potluck,Sweet,< 60 Mins,For Large Groups,Oven,Beginner Cook,Easy,Inexpensive",224.2
Cannoli,"This is one of my favorite Italian desserts and the perfect ending to any Italian dinner. The shells are pretty simple to make, and taste so much better than the ready-made shells you buy in the Italian markets. Note that cooking time also includes chilling time.",https://www.food.com/recipe/cannoli-95546,1h,45m,1h 45m,24 serving(s),"4   cups   sifted all-purpose flour | 2   tablespoons    sugar | 1/4  teaspoon    salt | 3   tablespoons    butter, softened | 2       egg yolks | 3/4  cup    white wine | shortening, for frying | 4   cups    whole milk ricotta cheese | 1 1/2  cups    powdered sugar | 1   tablespoon    vanilla extract | 1/3  cup   finely chopped maraschino cherry | 1/4  cup    semisweet mini chocolate chips | 1   cup    heavy whipping cream, optional","To make shells, mix flour, sugar and salt in a bowl. | Cut in butter. | Add egg yolks; stir with a fork. | Stir in wine, 1 tablespooon at a time, with a fork until dough clings together. | Form a ball with the dough and let stand for 30 minutes. | Roll dough almost paper thin, on a well-floured surface. | Using the rim of a margarita glass (about 3-4 inches across), make circle imprints into rolled dough. | Using a paring knife, make sure circles are cut all the way through. | Roll each circle of dough around a metal cannoli tube, overlaping the ends and press to seal, flaring out the edges slightly. | Fry one or two at a time in hot melted shortening (about 360&#xB0;F) for approximately 1 minute, turning to brown all sides. | Remove from hot grease and drain on paper towels, seam side down. | Let cool a minute or two before trying to remove metal tube. | To remove the tube hold cannoli shell down on the paper towel and carefully slide the tube out one end. | Leave cannoil shells on paper towel, seam side down to cool completely. | ~NOTE~Shells can be stored in airtight containers and made several days prior to filling. | For filling, drain ricotta cheese over cheesecloth if ricotta is watery. | Combine ricotta cheese, powdered sugar, and vanilla extract until combined. | Squeeze Maraschino cherries with paper towels to remove all liquid. | (If you don't squeeze them good, you will have a pink water filling!). | Stir in cherries and chocolate chips into the ricotta mixture, being careful not to over mix. | For a lighter filling, you may whip 1 cup of heavy whipping cream to form stiff peaks, and fold into filling mixture at this step. | Chill filling for about 30 minutes before piping into cooled cannoli shells. | You may garnish the cannoli by sprinkling powdered sugar on top. | Whipped cream, a cherry, and shaved chocolate can also be used to garnish the top. | Keep refrigerated until time of serving.","https://img.sndimg.com/food/image/upload/q_92,fl_progressive,w_1200,c_scale/v1/img/recipes/95/54/6/DLN9WtsdR9euCddvgrVg_CAN%207%20-%20final_2.jpg",Dessert,All,"Cheese,European,Sweet,For Large Groups,< 4 Hours",247.7
Brandy Bread Pudding,Make and share this Brandy Bread Pudding recipe from Food.com.,https://www.food.com/recipe/bread-pudding-16136,30m,45m,1h 15m,"12 dessert dishes, 8 serving(s)","1/2  cup    raisins | 1/2  cup    brandy or 1/2  cup    water | 1/4  cup    butter or 1/4  cup    margarine, melted | 8 -10   slices    dry bread | 1   cup   packed brown sugar | 1   teaspoon    cinnamon | 1/4  teaspoon    allspice | 3       eggs | 1/4  teaspoon    salt | 1   teaspoon    vanilla | 3   cups    milk, scald & cooled","Cover raisins with brandy or water. | Set aside. | Melt butter or margarine. | Break up bread, set aside. | Combine brown sugar, cinnamon, allspice. | Reserve 3 tablespoons of this mixture for topping. | Pour melted margarine on before you toss the bread crumbs. Your sugar mixture will stick better that way. | Toss bread with remaining sugar mixture. | Place 1/2 of bread mixture in a lightly greased 1 1/2 quart baking dish. | Drain raisins, place 1/2 raisins over bread crumbs. | Repeat layers. | Combine egg, salt, and vanilla in a bowl. | Beat for 1 minute. | Add milk slowly. | Pour over mix in dish. | Let stand for 5 minutes. | Sprinkle reserved sugar mix on top. | Bake at 325F for 45 to 50 minutes.","https://img.sndimg.com/food/image/upload/q_92,fl_progressive,w_1200,c_scale/v1/img/recipes/16/13/6/pIhdLrhtTDCK4pcTouw9_0S9A9016.jpg",Healthy,All,"Winter,Christmas,Thanksgiving,Weeknight,Oven,< 4 Hours",377.8
Light My Fire Brownie Sundaes,Make and share this Light My Fire Brownie Sundaes recipe from Food.com.,https://www.food.com/recipe/light-my-fire-brownie-sundaes-279737,30m,1h 30m,2h,16 serving(s),"3/4  cup    butter | 4   ounces    unsweetened baking chocolate | 1 3/4  cups    sugar | 4   large    eggs | 1   teaspoon    vanilla extract | 2/3  cup    all-purpose flour | 1/4  cup    unsweetened cocoa powder | 1/2  teaspoon    salt | 1   cup    pecans, toasted, cooled and coarsely chopped | 2 (21   ounce) cans   cherry pie filling | 1   cup    cranberry juice cocktail | 4   teaspoons    cornstarch | 2   tablespoons    sugar | 1/2  teaspoon    almond extract | 1/3  cup    cherry brandy | 1   pint    vanilla ice cream","Heat oven to 325&deg;F  You'll need 16 heart-shaped foil baking cups (raynoleds' fun shapes) on a rimmed baking sheet, or a 3in heart shaped cookie cutter and a 13 x 9 in baking pan lined with nonstick foil(let foil extend about 2 in above pan at both ends). | Brownies: Microwave butter and chocolate in large bowl on high, stirring every 20 seconds, until melted and smooth.  Whisk in sugar, then eggs, 1 at a time, then vanilla.  With a rubber spatula, stir in flour, cocoa powder and salt just until blended.  Stir in pecans.  Divide batter evenly amoun baking cups, or spread into baking pan. | Bake 20 to 22 minutes for foil cups, 24 to 26 minutes for baking pan, or until a wooden pick inserted in center comes out with moist crumbs clinging. Transfer to a wire rack; cool completely.  Remove brownies from cups or, holding foil by ends, lift from pan, cut out 12 hearts with cookie cutter and carefully remove foil. | Sauce: Drain pie filling in a colander; discard liquid.  Mix 1 tbsp cranberry juice and the cornstarch in a small bowl.  Stir remaining juice and the sugar in a 10 in skillet over medium-high heat until it boils and sugar dissolves.  Using a whisk, stir in cornstarch mixture.  Cook, stirring, until thickened.  Add almond extract and cherries; stir 3 minutes or until hot. | Slowly pour brandy over cherries and carefully ignite with a long match.  Shake pan back and forth until flames die out. | Top each with a small scoop of ice cream, then warm or room temperature sauce.","https://img.sndimg.com/food/image/upload/q_92,fl_progressive,w_1200,c_scale/v1/img/recipes/27/97/37/Z5NtEMG7TlmfblJVn23g_LightMyFireBrownieSundae%20Still%2001.jpg",Dessert,All,"Cookie & Brownie,For Large Groups,< 4 Hours",421.5
Coconut Coffee Cake,Cheese soup in a coffee cake?!! This makes a great snack cake that you can just pick up and eat with your hands. I brought it to work and it got raves. No one can believe it has the cheese soup in it! The recipe is from The Carriage House a bed and breakfast inn in California,https://www.food.com/recipe/coconut-coffee-cake-203947,20m,50m,1h 10m,18-24 serving(s),"1 (18 1/4  ounce) box   yellow cake mix | 1 (11   ounce) can   condensed cheddar cheese soup | 1/2  cup    water | 2       eggs | 1   tablespoon   grated lemon rind | 1   cup    shredded coconut | 1/2  cup    crushed pineapple, drained | 1/2  cup   chopped nuts | 3   tablespoons    butter, softened | 1/2  cup    unsifted all-purpose flour | 1/4  cup    brown sugar, firmly packed | 1/2  cup    shredded coconut","In a large mixing bowl combine the cake mix, soup, water, eggs, and lemon rind. Beat until blended. | Stir in 1 cup of coconut, pineapple, and nuts. Spread the batter evenly in a greased and floured 9x13-inch pan. | In another bowl, cut butter into the flour until crumbly. Stir in sugar and the remaining coconut. Sprinkle over the batter. | Bake in a 350 oven for 50 minutes or until done.","https://img.sndimg.com/food/image/upload/q_92,fl_progressive,w_1200,c_scale/v1/img/recipes/20/39/47/jQmn4ZeXS1yF88naoUmn_untitled-0517.jpg",Breads,All,"Breakfast,Coconut,Tropical Fruits,Fruit,Nuts,Sweet,Brunch,For Large Groups,Beginner Cook,< 4 Hours,Easy",260.3
Strawberry Cream Cheese Bread,"Awesome flavors!!!  If you are a strawberry lover, this one is for you!  A rich creamy texture to enjoy.  The nuts are optional, but does add to flavor combination.  If used, chopped pecans are recommended.",https://www.food.com/recipe/strawberry-cream-cheese-bread-261637,15m,55m,1h 10m,12 serving(s),"1/2  cup    butter, softened | 1   cup    sugar | 1 (3   ounce)    cream cheese, softened | 2       eggs | 1   teaspoon    vanilla extract | 2   cups    flour | 2   teaspoons    baking powder | 1/2  teaspoon    baking soda | 1/2  teaspoon    salt | 1/2  cup    milk (half 'n half) | 1 1/2  cups    strawberries, chopped | 1/2  cup   finely chopped pecans (optional)","With electric mixer cream butter, sugar and cream cheese until fluffy.  Add eggs one at a time.  Mix in vanilla. | In separate bowl, mix flour, baking powder, baking soda and salt.  Blend flour mixture with butter mixture just until blended.  Add half 'n half and only stir just to blend -- do not overstir! | Drain strawberries and blot dry.  Carefully just fold in strawberries and nuts. Dough mixture will be thick. | Grease and flour a 9x5 inch loaf pan.  Bake in a 350 degree oven for 50 to 60 minutes.  Let bread mellow for one day and then serve.","https://img.sndimg.com/food/image/upload/q_92,fl_progressive,w_1200,c_scale/v1/img/recipes/26/16/37/FCS9PixbRQGtiiBZzdii_DSC03747-2.jpg",Quick Breads,All,"Breads,< 4 Hours",258.0
Cookie Dough Brownies,Rich and gooey brownies layered with cookie dough and chocolate on top! Betcha can't eat just one! This is by far the most requested recipe in my house.,https://www.food.com/recipe/cookie-dough-brownies-110216,30m,30m,1h,"1 9x13 pan, 18 serving(s)","1   cup    shortening | 3   ounces    unsweetened chocolate | 2   cups    sugar | 4       eggs | 1   teaspoon    vanilla | 1 3/4  cups    flour | 1/2  teaspoon    salt | 2   teaspoons    baking powder | 1/2  cup    butter, softened | 1/2  cup   packed brown sugar | 1/4  cup    sugar | 2   tablespoons    milk | 1   teaspoon    vanilla | 1   cup    flour | 1   cup    semi-sweet chocolate chips | 1   tablespoon    canola oil","For brownies, melt shortening and chocolate. | Transfer to large mixing bowl. | Blend in sugar, eggs and vanilla. | Add flour, salt and baking powder. | Bake at 350 degrees for 30 minutes in a 9x13 pan (grease bottom of pan). | Cool completely. | For the cookie dough, cream the butter and sugars till fluffy. | Add remaining ingredients, blending well. | Spread over cooled brownies. | Combine glaze ingredients in a small bowl. | Microwave just until the chocolate is melted (about 1 min.), stir till smooth. | Spoon glaze over cookie dough and spread carefully to cover. | Sprinkle with chopped walnuts, if desired (I don't). | Store in the refrigerator.","https://img.sndimg.com/food/image/upload/q_92,fl_progressive,w_1200,c_scale/v1/img/recipes/11/02/16/y9CH145OQhSiHq0Sylgl_34%20(1%20of%201).jpg",Bar Cookie,All,"Dessert,Cookie & Brownie,Toddler Friendly,Kid Friendly,Sweet,< 60 Mins,For Large Groups",429.3
Sweet Potato Pie,Make and share this Sweet Potato Pie recipe from Food.com.,https://www.food.com/recipe/sweet-potato-pie-30766,15m,55m,1h 10m,6-8 serving(s),"1/3  cup    butter or 1/3  cup    margarine, softened | 1/2  cup    sugar | 2       eggs, lightly beaten | 3/4  cup    evaporated milk | 2   cups    mashed sweet potatoes | 1   teaspoon    vanilla extract | 1/2  teaspoon    ground cinnamon | 1/2  teaspoon    ground nutmeg | 1/4  teaspoon    salt | 9   inches    unbaked pie shells","In a mixing bowl, cream butter and sugar. | Add eggs; mix well. | Add milk, sweet potatoes, vanilla, cinnamon, nutmeg, and salt; mix well. | Pour into pie shell. | Bake at 425 degrees for 15 minutes. | Reduce heat to 350 degrees; bake 35-40 minutes longer or until pie tests done. | Cool; Store in refrigerator.","https://img.sndimg.com/food/image/upload/q_92,fl_progressive,w_1200,c_scale/v1/img/recipes/30/76/6/ZL30qHpS02TlJSlICMaj_sweet potato pie SITE-4.jpg",Pie,All,"Dessert,Yam/Sweet Potato,Potato,Vegetable,Potluck,Winter,Thanksgiving,Weeknight,Oven,< 4 Hours",459.1
Easy Lemon Marble Cheesecake,Recipe courtesy of Alice Medrich and Food Network. Make this cheesecake one day before serving. Original recipe: http://www.foodnetwork.com/recipes/lemon-marble-cheesecake-recipe.html,https://www.food.com/recipe/easy-lemon-marble-cheesecake-527553,14h,45m,14h 45m,"1 cheesecake, 10-12 serving(s)","1/2      lemon, zest of, grated | 1/3  cup   strained lemon juice | 5   tablespoons    sugar | 1   large    egg | 1/2  teaspoon    vanilla extract | 1   cup    sugar | 2   cups   2% low-fat small-curd cottage cheese, drained at least 30 minutes in a strainer set over a bowl in the refrigerator | 8   ounces    neufchatel cheese | 3   large    eggs | 1   tablespoon    vanilla extract | 1 1/2  teaspoons   strained lemon juice | 1/4  teaspoon    salt | 3 -4   tablespoons   crushed chocolate cookies or 3 -4   tablespoons    gingersnaps","Make the lemon curd: Combine the lemon zest, juice, and sugar in a small saucepan and bring to a simmer. Meanwhile beat the egg until light in a small bowl. Beat some of the hot lemon mixture into the egg. Scrape the egg mixture back into the saucepan. Cook, stirring constantly and reaching all over the bottom and sides of the pan, until the mixture barely starts to simmer around the edges. Continue to cook and stir for about 15 seconds. Pour through a strainer set over a clean bowl. Stir in the vanilla. Cool to room temperature. | Make the cheesecake batter: Position rack in lower third of oven and preheat to 350 degrees. Place a round of parchment paper in the bottom of the cake pan and spray sides of pan with vegetable oil spray. Put water kettle on to boil for baking procedure. | Process the cottage cheese in a food processor for 2 1/2 to 3 minutes or until silky smooth, scraping the sides and bottom of the bowl once or twice as necessary. Set aside. | In a small microwave safe bowl, soften the Neufchatel cheese in microwave on high for about 30 seconds. Or, warm gently in the top of a double boiler. Stir until smooth. Scrape into the processor. Add the eggs, sugar, vanilla, lemon juice, and salt. Pulse until incorporated and perfectly smooth. Do not over process. | Scrape the batter into the prepared pan. Distribute slightly rounded tablespoons of lemon curd evenly over the cheesecake batter. Using a table knife or teaspoon, use circular strokes to marble the batters until nicely but not to completely mingled. | Slide oven rack part way out. Place cheesecake pan in baking dish or skillet and set on oven rack. Carefully pour boiling water around the pan to a depth of about 1-inch. Slide oven rack in gently to avoid sloshing. Bake until cheesecake has puffed and risen slightly and is just beginning to shrink from the edges of the pan, about 40 to 45 minutes. Remove cheesecake from water bath and cool on a rack. When completely cool, cover and chill for at least 12 hours or up to 2 days before serving. | To unmold and serve: Cover the pan with tightly stretched plastic wrap. Place a flat dish on top of plastic. Invert pan and dish and rap the pan gently until cheesecake is released from pan. Remove pan and peel parchment liner from bottom of cake. Place cake circle or serving plate on the cake and carefully invert so that cake is right side up. Remove plastic wrap. Press crumbs around sides of cake. Cut with a sharp thin knife. Dip the knife in hot water and wipe it dry between cuts. | TIPS:. | The suave texture of this cheesecake relies on ultra smooth cottage cheese. This requires a food processor and at least 2 1/2 to 3 minutes of processing, no cheating. | Once the Neufchatel Cheese has been added, pulse only enough to incorporate. over processing thins the batter. | If you use nonfat cottage instead of low fat, the results will be not be nearly as good and you would save only about .4 grams of fat per serving. It's not worth it.","https://img.sndimg.com/food/image/upload/q_92,fl_progressive,w_1200,c_scale/v1/img/submissions/recipe/33186/uX0f3bMTn58OskfTGWgv_Devour-23.jpg",Cheesecake,All,"Dessert,Lemon,Cheese,Citrus,Fruit",239.7
Jiffy Cinnamon Rolls with Cream Cheese Frosting,These cinnamon rolls are wonderfully versatile as they can be frozen after you cut them or placed in the refrigerator and baked in the morning.,https://www.food.com/recipe/jiffy-cinnamon-rolls-with-cream-cheese-frosting-68591,35m,15m,50m,12 rolls,"4 -5   cups    all-purpose flour | 1   box   jiffy cake mix | 2   packages    fast rising yeast | 1   teaspoon    salt | 2   cups    warm water | 2   tablespoons    butter | 1/2  cup    sugar | 1   tablespoon    cinnamon | 1 (3   ounce) package   cream cheese, softened | 1/4  cup    butter, softened | 1 1/2  cups    confectioners' sugar | 1/2  teaspoon    vanilla extract | 1/8  teaspoon    salt","In a large mixing bowl, combine 3 cups flour, cake mix, yeast, salt, and warm water; mix until smooth. | Add enough remaining flour to form a soft dough. | Turn out onto a lightly floured surface and knead until smooth (6-8 minutes). | Roll dough into a 9 X 18-inch rectangle. | Spread with butter and sprinkle with sugar and cinnamon. | Roll dough jelly-roll style, starting with the long end. | Slice the roll into 1-inch circles with a piece of dental floss or heavy thread placed under roll. | Bring ends of floss up and crisscross at top of roll and pull strings in opposite directions. | Place rolls on a greased cookie sheet. | Cover and let rise on a warm place until doubled, about 15 minutes. | Bake at 350 for 15-18 minutes. | While rolls are baking, beat together cream cheese, butter, confectioners sugar, vanilla extract, and salt. | Spread frosting on warm rolls before serving.","https://img.sndimg.com/food/image/upload/q_92,fl_progressive,w_1200,c_scale/v1/img/recipes/68/59/1/LnqVVOlyRrAX7RtnIOOw_untitled-1662.jpg",Breads,All,"Breakfast,Healthy,Christmas,Sweet,Brunch,< 60 Mins",509.5
Pina Colada Pineapple Cakes,Make and share this Pina Colada Pineapple Cakes recipe from Food.com.,https://www.food.com/recipe/pina-colada-pineapple-cakes-535829,1h 30m,20m,1h 50m,6 serving(s),"2   cups    yellow candy melts | 1/2  cup    green candy melts | 1      standard box white cake mix | 1 (3 1/2  ounce) box   vanilla instant pudding mix | 1/2  cup    water | 1/3  cup    light rum | 1/4  cup    vegetable oil | 4   large    eggs | 1 (8   ounce) can   crushed pineapple | 1   cup    unsweetened dried shredded coconut | 1 (8   ounce) container   Cool Whip, thawed | 2 -3   drops    yellow food coloring | 3   tablespoons    semi-sweet chocolate chips, melted","To make yellow pieces:. | Place the yellow candy melts into a medium, heatproof bowl. | Fill a small pot of water with a 2-inch depth of water. Set over a low heat with the bowl of yellow candy melts on top. Stir until the yellow candy melts have melted and are smooth. Remove from the heat. | Drop a small dollop (about 1/4 to 1/8 tsp) of the melted candy melt onto a baking sheet lined with parchment paper. Using a small, offset spatula make a brushstroke motion over the dollop of candy melt to spread it out into a thin oval. | Repeat this with all of the melted yellow candy melts &ndash; you may need to re-melt it in the bowl if it&rsquo;s starting to set. | Chill for 15-20 minutes until set. | To make green leaf crown top:. | Place the green candy melts into a small, heatproof bowl. | Fill a small pot of water with a 2-inch depth of water. Set over a low heat with the bowl of green candy melts on top. Stir until the green candy melts have melted and are smooth. Remove from the heat. | Drop a small dollop of green candy melt onto a baking sheet lined with baking paper. Use a brushstroke motion (similar to before, but in a longer motion to make a longer stripe) to make one thin, long leaf. Repeat with dollops of candy melt close together, connecting them at the base, to make the green leaf crown. | Repeat with the green candy melts to make a total of 6 crowns. | Chill for 15-20 minutes until set. | To make pineapple cake:. | Preheat the oven to 350 degrees F. Grease two quarter-sheet pans (9 x 13 inches). | In a large bowl, mix the white cake mix, half the vanilla pudding mix, all of the vegetable oil, the 4 eggs, the water and half of the rum. | Drain the crushed pineapple but reserve the juice. Add half of the crushed pineapple to the cake batter along with all of the shredded coconut.  Fold together to combine. | Divide the cake batter evenly between the two prepared cake pans, spreading out into even layers. Bake for 15-20 minutes until golden and a toothpick inserted into the centre of the cake comes out clean. | Let cool completely before assembly. | To make the frosting:. | In a large bowl combine the remaining crushed pineapple, remaining light rum, the reserved pineapple juice and remaining vanilla pudding mix, stirring until smooth and thickened. | Fold in the thawed cool whip. Add the yellow food colouring and fold together to combine. | Assemble:. | Remove the cooled cake layers from the baking sheets. Use a 3-inch round cookie cutter to punch out 9 circles from each of the cake layers (so you have a total of eighteen 3-inch circles). | Stack 3 cake circles on top of each other, sandwiching them together with 1 tbsp frosting between each layer. Repeat so you get six small 3-layer cakes. | Use a serrated knife to carefully carve each small cake into a pineapple shape. | Cover each small cake with frosting in an even layer. | Cover with the chilled yellow candy melt ovals: start at the top of the cake, layering in rings going around the cake, allowing the candy melts to overlap slightly, until each cake is completely covered. | Transfer the melted semisweet chocolate chips to a disposable piping bag. Snip off the very tip so you have a tiny opening. Pipe dots of dark chocolate randomly onto the yellow candy melts to represent the &lsquo;eyes&rsquo; of the pineapple. | Top each cake with one of the green candy melt crowns. | Serve. | NOTE:. | Adding shredded coconut to your cakes will make it easier to trim into pineapple shapes &ndash; the coconut addition is not shown in the recipe video.","https://img.sndimg.com/food/image/upload/q_92,fl_progressive,w_1200,c_scale/v1/img/recipes/53/58/29/HKDBlxgXTaKXTo1nzoy8_untitled-2858.jpg",Dessert,All,"Pineapple,Tropical Fruits,Fruit,< 4 Hours",852.6
Simple Jello Salad,"I like Jell-O only served two ways, this is my favorite of the two. I usually see this at family reunions or sunday dinner. I could eat this any time.",https://www.food.com/recipe/simple-jello-salad-49902,15m,,15m,6 serving(s),"1 (12   ounce) carton   whipped topping | 1 (3   ounce) package   Jello gelatin, any flavor | 1 (8   ounce) carton   cottage cheese | 1 (8   ounce) can   crushed pineapple, drained",Empty whipped topping into a medium sized bowl. | Sprinkle Jell-O over the top and fold in so it is well blended. | Add cottage cheese and pineapple and fold into Jell-O mixture. | Chill for about 4 hours so that the jello softens and slightly sets up. | Serve.,"https://img.sndimg.com/food/image/upload/q_92,fl_progressive,w_1200,c_scale/v1/img/recipes/49/90/2/Pxd9nkoCQJesHmMcTqoY_december%20files-5.jpg",Gelatin,All,"Dessert,Pineapple,Tropical Fruits,Fruit,Potluck,< 15 Mins,Refrigerator,Easy,Inexpensive",270.7
Raspberry Walnut Torte,"This is good during the winter, to bring memories of summertime berry harvests.  Sauce recipe follows in directions.",https://www.food.com/recipe/raspberry-walnut-torte-186332,1h,40m,1h 40m,9 serving(s),"1 1/4  cups    flour, divided | 1/3  cup    confectioners' sugar | 1/2  cup    butter, softened | 10   ounces    frozen raspberries, thawed | 3/4  cup    walnuts, chopped | 2       eggs | 1   cup    granulated sugar | 1/2  teaspoon    salt | 1/2  teaspoon    baking powder | 1   teaspoon    vanilla extract","Preheat oven to 350&deg;F. | Combine 1 cup flour, confectioners’ sugar and butter; blend well. | Press mixture into bottom of 9-inch x 9-inch pan.  Bake for 15 minutes.  Cool. | Drain raspberries (reserve liquid for sauce).  Spoon berries over cooled crust; sprinkle with walnuts. | Beat eggs with sugar in a small bowl until light and fluffy.  Add salt, 1/4 cup flour, baking powder, and vanilla; blend well.  Pour over walnuts. | Bake at 350F for 30-35 minutes until golden brown. | Cool and cut into squares.  Serve with ice cream or whipped cream and sauce. | TO MAKE SAUCE:. | Combine reserved berry juice with 1/2 cup water, 1/2 cup sugar and 2 tablespoons cornstarch, in saucepan.  Cook over medium heat, stirring constantly, until thickened and clear.  Stir in 1 tablespoon lemon juice.","https://img.sndimg.com/food/image/upload/q_92,fl_progressive,w_1200,c_scale/v1/img/recipes/18/63/32/GxCIsA31SruPbqlF2df3_raspberry%20torte%20SITE-3.jpg",Dessert,All,"Raspberries,Berries,Fruit,< 4 Hours",370.5
Southern Lemon Chess Pie,Mother's recipe for my Dad's favorite pie! It's a lemon lover's dream. I often make these for Holiday gifts or potluck suppers.,https://www.food.com/recipe/southern-lemon-chess-pie-54346,25m,50m,1h 15m,"1 9inch pie, 8 serving(s)","2   whole    eggs, separated | 1   cup    granulated sugar | 1 1/2  tablespoons   all-purpose yellow cornmeal (can use white) | 1/4  cup    fresh lemon juice | 1/4  cup    butter (not margarine) | 1       9 inch pie shell (not deep dish)","Preheat oven to 400 degrees. | In small bowl, beat egg whites until stiff. | Set aside. | In large bowl, cream together sugar, cornmeal, lemon juice, butter and egg yolks for 5 minutes or more until creamy. | Gently fold beaten egg whites into this lemon mixture. | Gently pour filling into pie crust. | Bake about 15 minutes or until top of pie begins to brown. | Reduce oven temperature to 300 degrees and bake an additional 25 to 30 minutes or more until pie is just set in the middle. | It should be a little jiggly, not runny, in the middle. | Remove from oven and cool. | It can be refrigerated, but is best served at room temperature. | Covered, this pie will keep unrefrigerated for up to 4 days; however, it won't last that long!","https://img.sndimg.com/food/image/upload/q_92,fl_progressive,w_1200,c_scale/v1/img/recipes/54/34/6/3dF6L4g4S420Q65tWXaq_Southern-lemon-chess-pie-54346-2.jpg",Pie,All,"Dessert,Lemon,Citrus,Fruit,Weeknight,Mixer,Oven,Small Appliance,< 4 Hours,Inexpensive",268.0
Cream Cheese Brownies!,Make and share this Cream Cheese Brownies! recipe from Food.com.,https://www.food.com/recipe/cream-cheese-brownies-36627,30m,45m,1h 15m,24 brownies,"2/3  cup    flour | 1/2  teaspoon    baking powder | 1/4  teaspoon    salt | 1/2  cup    butter | 1/2  cup    cocoa | 1   cup    sugar | 2       eggs | 3/4  teaspoon    vanilla | 1   cup    cream cheese, softened | 1/3  cup    sugar | 1       egg | 1/2  teaspoon    vanilla","Preheat oven to 350 degrees F. | Stir together flour, salt and baking powder. | Melt butter and remove from heat. | Stir in the cocoa. | Beat in the eggs, sugar and the vanilla. | Fold in the dry ingredients. | Pour in 1/2 the batter in a 9&quot; greased square casserole dish or baking pan. | Spread Cream Cheese Filling on top CAREFULLY! | Top with remaining chocolate batter. | Pull a knife through all of the layers to create a marbled effect. | Bake covered with tin foil or a glass lid for 40-45 minutes or until a toothpick inserted into the brownies comes out clean. | Cream Cheese Filling: Beat the cream cheese. | Gradually add the 1/3 cup sugar, 1 egg and the 1/2 tsp vanilla until the filling is very smooth.","https://img.sndimg.com/food/image/upload/q_92,fl_progressive,w_1200,c_scale/v1/img/recipes/36/62/7/19qbdcEnTIGsTq94IQZO_classic-cream-cheese-brownies%20(4%20of%204).jpg",Bar Cookie,All,"Dessert,Cookie & Brownie,Weeknight,< 4 Hours",138.9
Buttermilk Pie,"This recipe was originally noted by my wife on a cooking show on TV.  It was touted as an Amish recipe.  All we had for a long time was the list of ingredients on the back of an old envelope.  We lost it for a good while and after I found it, I originally posted it so I would never lose it again.   Thank you all for all your interest ... this is my absolute favorite pie.  During the &quot;lost&quot; phase I must have gained 20 pounds trying numerous different buttermilk pie recipes ... I was so glad when I found it again as only a few even came close in taste and texture.  I've noted a lot of people mentioning reducing the sugar, which is fine, but bear in mind that the sugar quantity was a major difference between this and other recipes I tested when it was lost. Hey, it is a PIE, it is SUPPOSED to be sweet.  Enjoy",https://www.food.com/recipe/buttermilk-pie-56,20m,1h,1h 20m,8 serving(s),"1/2  cup    butter or 1/2  cup    margarine, melted | 1 1/2  cups    sugar | 3   tablespoons    flour | 3       eggs, beaten | 1   pinch    salt | 1   teaspoon    vanilla | 1   cup    buttermilk | 1       deep dish pie shell (either your own recipe or storebought)","Preheat oven to 400&deg;F. | Beat the butter and sugar together until light. | Add the eggs and beat; then beat in vanilla. | Sift the dry ingredients together and add to the batter alternatively with the buttermilk; beat until smooth. | Pour into a deep dish pie shell and bake at 400F for 10 minutes, reduce heat to 350F and bake for 50-60 additional minutes. | Pie should turn a nice golden brown and a knife inserted should come out clean. | I think it is absolutely best when it is just still warm. (Not too hot, or it will be like napalm.).","https://img.sndimg.com/food/image/upload/q_92,fl_progressive,w_1200,c_scale/v1/img/recipes/56/nTwHmSmmRqGCr5HAUapC_pie-1194.jpg",Pie,All,"Dessert,Oven,< 4 Hours,Easy",395.9
Chocolate-Peanut Butter Cookie Pie,"If you like chocolate and peanut butter, you will probably like this recipe. It is kind of like a Reeses, except our family thinks it is better because of the powdered sugar/peanut butter mixture and the cookie on the bottom. This dessert doesn't last very long at our house! The recipe was on the cover of the 1998 Pillsbury Quick and Easy Bake-Off.",https://www.food.com/recipe/chocolate-peanut-butter-cookie-pie-54213,20m,18m,38m,16 serving(s),"1 (18   ounce) package  of pillsbury refrigerated chocolate chip cookie dough | 3   cups    powdered sugar | 1   cup    peanut butter | 2   tablespoons    butter or 2   tablespoons    margarine, softened | 1/4  cup    water | 1   cup    milk chocolate chips, melted | 16       pecan halves, if desired","Heat oven to 350 degrees. | Remove cookie dough from wrapper. | With floured fingers, prss dough in bottom of ungreased 10 or 9 inch springform pan. | Bake cookie dough at 350 degrees for 14 to 18 minutes or until golden brown. | Cool baked cookie for 15 minutes. | In medium bowl, combine powdered sugar, peanut butter, butter and water; mix well. | (If necessary, add additional water 1 t. at a time until mixture is smooth.) Drop spoonfuls of mixture over baked cookie crust; press evenly over crust. | Spread melted chocolate chips over peanut butter mixture. | If desired, swirl chocolate with a fork. | Garnish with pecan halves. | Refrigerate 1 hour or until chocolate is set.","https://img.sndimg.com/food/image/upload/q_92,fl_progressive,w_1200,c_scale/v1/img/recipes/54/21/3/2C5BH2emSpGIuWFSwvPG_DSC03111.jpg",Bar Cookie,All,"Dessert,Cookie & Brownie,Sweet,< 60 Mins,For Large Groups,Oven,Refrigerator",413.4
Chocolate Molten Lava Cakes,When my Mom is in a bad mood this is the only dessert that makes her happy. These cakes are warm rich ooey gooey chocolatey heaven.,https://www.food.com/recipe/chocolate-molten-lava-cakes-400797,15m,13m,28m,"4 cakes, 4 serving(s)","1/2  cup    butter | 2   ounces    unsweetened chocolate | 2   ounces    semisweet chocolate | 1   cup    powdered sugar | 2       eggs | 2       egg yolks | 6   tablespoons    all-purpose flour | whipped cream, for serving","Preheat oven to 425 degrees and grease 4 (6 ounce) ramekins, place on baking sheet. In a large microwavable bowl microwave butter and chocolate for 1 minute or until butter is melted, stir until chocolate is completely melted. | Stir in powdered sugar until well blended. Whisk in eggs and egg yolks, then stir in flour. Divide batter between prepared ramekins. Bake for 13 to 14 minutes or until sides are firm but centers are soft. Let stand for 1 minute. | Run a small knife around the cakes to loosen, invert cakes onto plates. Top with whipped cream and serve immediatley.","https://img.sndimg.com/food/image/upload/q_92,fl_progressive,w_1200,c_scale/v1/img/recipes/40/07/97/12ArB6DRTRaWHxVBTvda_lavafood.jpg",Dessert,All,"< 30 Mins,Easy",565.1
Recipes,,https://www.food.com/recipe/all/popular?ref=nav,,,,,,,,,,,
Blow-Your-Mind Banana Pudding,A co-worker gave me this recipe and I fell in love. My husband who really doesn't like banana pudding eats this up everytime I make it!,https://www.food.com/recipe/blow-your-mind-banana-pudding-46690,25m,,25m,6-8 serving(s),1 (14   ounce) can   Eagle Brand Condensed Milk | 1 1/2  cups    cold water | 3 1/2  ounces    instant banana pudding mix | 1   pint    heavy whipping cream | sliced banana | vanilla wafer,Combine the condensed milk; water and pudding mix in a bowl. | Mix thoroughly and chill in the refrigerator. | Pour heavy whipping cream in a bowl and beat until stiff. | Combine your whipping cream and the pudding mixture together. | Place a layer of Nilla Wafers on the bottom of your dish and then layer your bananas on top of the wafers and then spoon your creamy pudding mixture on top and continue this process until all of your ingredients are gone. | Refrigerate until ready to serve. | ENJOY! | *Ifyou would like you can always place your banana slices in the creamy pudding mixture if you would like and just spoon on top of the wafers*.,"https://img.sndimg.com/food/image/upload/q_92,fl_progressive,w_1200,c_scale/v1/img/recipes/46/69/0/bRsniXquTqeIww8hqbmA_0S9A1029.jpg",Dessert,All,"Kid Friendly,Potluck,< 30 Mins,No Cook,Refrigerator,Easy",560.3
Greek Baklava,Make and share this Greek Baklava recipe from Food.com.,https://www.food.com/recipe/greek-baklava-54872,30m,1h,1h 30m,10 serving(s),"1   lb    phyllo pastry, thawed if frozen | 1   cup    butter, melted at room temp | 3/4  cup    sugar | 1   teaspoon    ground cinnamon | 2   cups   chopped walnuts | 1/2  cup    water | 1/4  cup    lemon juice | 1/4  cup    honey","Preheat oven to 325. Layer half of the sheets of phyllo one sheet at a time, in a greased 11x7x2 baking pan, brushing each sheet evenly with butter and folding ends over if necessary to fit into pan. | Keep unused sheets covered with plastic wrap while assembling baklava to prevent drying. | Mix 1/4 cup of the sugar and cinnamon; stir in walnuts. | Sprinkle nut mixture evenly over buttered phyllo in pan. | Layer remaining phyllo, one sheet at a time, over nut mixture, brushing each sheet evenly with butter. | Cut diagonally into squares, cutting completely through all layers. | Bake in preheated oven until crisp and golden, about one hour. | Combine remaining sugar, the water, lemon juice and honey in small saucepan; cook and stir over low heat until sugar dissolves. | Heat to boiling; pour evenly over hot baklava. | Let stand loosely covered 8 hours or overnight.","https://img.sndimg.com/food/image/upload/q_92,fl_progressive,w_1200,c_scale/v1/img/recipes/54/87/2/adfOwroyTgGY7wlrsn6a_baklava-1294.jpg",Dessert,All,"Lemon,Citrus,Fruit,Nuts,Greek,European,Sweet,Weeknight,Oven,< 4 Hours",537.5
Big Ol Cowboy Cookies,"These are the best cookies! I always mix the chocolate chips (mini's, milk choc chunks, and semi sweet morsels). They are big, almost a meal in themselves!",https://www.food.com/recipe/big-ol-cowboy-cookies-72752,30m,1h,1h 30m,36 Cookies,"3   cups    all-purpose flour | 1   tablespoon    baking powder | 1   tablespoon    baking soda | 1   tablespoon    cinnamon | 1   teaspoon    salt | 1 1/2  cups    butter, at room temperature | 1 1/2  cups    granulated sugar | 1 1/2  cups    brown sugar, firmly packed | 3   large    eggs | 1   tablespoon    vanilla | 3   cups    chocolate chips (a mixture of milk or semi) | 3   cups    old fashioned oats | 2   cups    sweetened flaked coconut | 2   cups   chopped pecans","Heat over to 350&deg;. | Mix flour, baking soda, cinnamon and salt in bowl. | Beat butter on medium speed until smooth and creamy, gradually beat in sugars, beat to combine. | Add eggs one at a time, add vanilla. | Stir in flour mixture until just combined. | Add chocolate chips, oats, coconut and pecans. | For each cookie drop 1/4 cup dough onto ungreased baking sheet (I use a large ice cream scoop). | Bake at 350&deg; for 17-19 minutes or until edges are lightly browned. | Cool cookies on rack.","https://img.sndimg.com/food/image/upload/q_92,fl_progressive,w_1200,c_scale/v1/img/recipes/72/75/2/qgZvUeiiSu6kEIGPQg4C_25.jpg",Drop Cookies,All,"Dessert,Cookie & Brownie,Weeknight,< 4 Hours",341.1
Key Lime Zucchini Bread,Make and share this Key Lime Zucchini Bread recipe from Food.com.,https://www.food.com/recipe/key-lime-zucchini-bread-538529,10m,2h 30m,2h 40m,"1 9-inch round bread, 12 serving(s)","nonstick cooking spray, for the pan | 3   cups    all-purpose flour | 2   cups    granulated sugar | 1   tablespoon    pumpkin spice, blend | 1   teaspoon    baking soda | 1/2  teaspoon    kosher salt | 1/4  teaspoon    baking powder | 1   cup    canola oil | 2   tablespoons    key lime juice | 1   tablespoon    vanilla extract | 3   large    eggs | 2   cups   grated zucchini | 1 1/2  cups    confectioners' sugar | 2   teaspoons   key lime zest plus 2 tablespoons key lime juice plus 1 key limes, cut into 7 to 8 thin rounds and made into twists","For the bread: Position an oven rack in the center of the oven and preheat to 350 degrees F. Spray a 9-inch round tube pan with nonstick cooking spray; set aside. | Whisk together the flour, granulated sugar, pumpkin spice blend, baking soda, salt and baking powder in a large bowl. Whisk together the oil, lime juice, vanilla and eggs in a medium bowl or large measuring cup. Add the wet ingredients to the flour mixture along with the grated zucchini and mix well. | Spoon the batter into the prepared tube pan and spread in an even layer. Bake until a cake tester or skewer inserted in the center of the bread comes out clean, 1 hour to 1 hour 5 minutes. Transfer the pan to a wire rack to cool completely, then remove from pan to a plate or cake stand. | For the glaze: Whisk together the confectioners' sugar and lime zest and juice in a medium bowl until smooth and pourable. If the icing is too thick, add water a teaspoon at a time until the desired consistency is reached. | Pour the icing over the bread, then top with lime twists.","https://img.sndimg.com/food/image/upload/q_92,fl_progressive,w_1200,c_scale/v1/img/recipes/53/85/29/RsqaAQhqT6GYmFM72xRc_0S9A0155.jpg",Breads,All,< 4 Hours,488.3
Easy Cherry Delight Dessert (No-Bake),"This is a really great dessert, plan ahead this needs to chill for a minimum of 3 hours or overnight is even better.",https://www.food.com/recipe/easy-cherry-delight-dessert-no-bake-82002,25m,,25m,12 serving(s),"1 3/4  cups   crushed graham cracker crumbs | 1/3  cup    sugar | 1/4  cup   melted butter | 2   cups   whipped dream whipped topping (1 envelope) | 1/2  teaspoon    vanilla | 1 (8   ounce) package   cream cheese, softened | 1 (28   ounce) can   cherry pie filling","Prepare a 9 x 9&quot; baking pan. | In a bowl, mix the graham cracker crumbs, melted butter and 1 tbsp sugar; spread on bottom of prepared baking pan to form a crust. | Mix the Dream Whip topping according to directions on the package, then beat in the softened cream cheese into the Dream Whip a little at a time. | Add the remaining sugar and vanilla until well blended. | Smooth on top of the crust. | Top with the cherry pie filling. | Chill at least 3 hours (overnight is even better) if storing in the fridge overnight, cover with plastic wrap.","https://img.sndimg.com/food/image/upload/q_92,fl_progressive,w_1200,c_scale/v1/img/recipes/82/00/2/HM9BYVRbQMmQ8p8aOGKQ_easy-cherry-delight-3.jpg",Dessert,All,"Cherries,Fruit,Low Protein,< 30 Mins,Refrigerator",274.2
Milk &amp; Cookie Cups,Make and share this Milk &amp; Cookie Cups recipe from Food.com.,https://www.food.com/recipe/milk-cookie-cups-528101,30m,2h,2h 30m,24 milk & cookie cups,"2   tablespoons    water | 1 1/4  teaspoons    gelatin powder, 1/2 of a sachet or 1/4 ounce | 3/4  cup    whole milk | 2   tablespoons    granulated sugar | 1/2  cup    heavy cream | 1/2  cup    unsalted butter, softened | 1/2  cup    granulated sugar | 1   large    egg | 1/2  teaspoon    vanilla extract | 1/4  teaspoon    salt | 1/4  teaspoon    baking powder | 1 1/2  cups    all-purpose flour | 1/4  cup    mini chocolate chip","Make the panna cotta filling:. | Pour the water into a small bowl. Sprinkle the gelatin powder over this and set aside to bloom for 5 minutes. | In a medium pot, add the milk and sugar. Heat over a medium heat whilst stirring until gently steaming. Turn the heat down to low and pour in the gelatin mixture, stir together until the gelatin has melted inches. | Remove from the heat and pour in the heavy cream. | Strain into a bowl resting in an ice bath. Let sit for 1-2 hours cool, stirring occasionally, until thick but still pourable. (If it isn&rsquo;t thickening, chill in the fridge for 30-60 minutes to speed it up). | While the panna cotta filling chills, make the cookie cups:. | Preheat the oven to 350 degrees F. Spray a non-stick 24-cup mini muffin pan with oil or cooking spray. | In a large bowl, cream the softened butter and sugar together until smooth. Add the egg, vanilla, salt and baking powder, mix to combine. | Add the flour and stir to get a thick dough. Fold in the chocolate chips until evenly distributed throughout the dough. | Divide the dough between the wells in the muffin tin &ndash; you should be using about 1 level tablespoon of dough for each well. | Use your fingertips to press the cookie dough in each well into a cup shape. | Place in the freezer for 10-15 minutes. | Bake for 10 minutes &ndash; the cookie dough should still be a bit soft in the centre but the edges should be starting to set. They may rise and lose some of their &lsquo;cup&rsquo; shape, this is okay! | While the cookies are still soft, use the end of a wooden spoon (or the end of a pestle from a pestle &amp; mortar) to push a large indent back into the centre of each cup. | Return to the oven for an additional 3 minutes. | Let cool in the pan for a few minutes then remove from the pan using a small spatula or butter knife. Place into a wire rack to cool completely. | Fill the cups:. | Transfer the thickened, pourable panna cotta filling to a jug. | Fill the cooled cookie cups with the panna cotta filling up to the brim. | Place onto a tray or large plate and transfer to the fridge to chill for at least an hour until the panna cotta has completely set. | Store in the fridge. | Tools:. | Wilton 24 cup mini muffin pan. | Buy it on Amazon: https://www.amazon.com/Wilton-Perfect-Results-Non-Stick-Cupcake/dp/B004EBS16G.","https://img.sndimg.com/food/image/upload/q_92,fl_progressive,w_1200,c_scale/v1/img/recipes/52/81/01/2jc9z0TTKI7MMbdIdA0W_untitled-1034.jpg",Dessert,All,"< 4 Hours,Easy",116.6
Cookie-Crust Lemon Bars,"This recipe combines two of my DH's favorite desserts -- sugar cookies and lemon bars. Using packaged cookie dough makes this come together really quickly. I adapted this from a recipe I got in an email, and love the result of the three different sources of tart-lemonness.",https://www.food.com/recipe/cookie-crust-lemon-bars-182413,20m,40m,1h,36 serving(s),"1 (18   ounce)   roll refrigerated sugar cookie dough | 3       eggs, slightly beaten | 1   cup    sugar | 1/4  cup    all-purpose flour | 1   teaspoon    baking powder | 1/2  cup    fresh lemon juice | 2   teaspoons    lemon extract | 1   teaspoon    lemon zest | 1/4  cup    powdered sugar","Heat oven to 350&deg;F | Slice cookie dough as directed on package. Arrange slices in bottom of ungreased 13x9-inch glass pan. With lightly floured fingers, press dough evenly in pan. (Even though the cookie dough is cold/just out of the fridge, pressing it down is pretty easy. It'll take the whole roll to cover the 13x9 pan). | Bake at 350&deg;F for 15 to 20 minutes or until light golden brown. | In large bowl, combine eggs, sugar, flour and baking powder; blend well. Blend together lemon juice, lemon extract and lemon zest. Add lemon mixture to egg-sugar mixture, and pour over warm crust. | Bake at 350&deg;F for an additional 20 to 30 minutes or until top is light golden brown. Cool completely. Sprinkle with powdered sugar; cut into bars.","https://img.sndimg.com/food/image/upload/q_92,fl_progressive,w_1200,c_scale/v1/img/recipes/18/24/13/nSOp21BR0OkTV9fD96yl_11.jpg",Bar Cookie,All,"Dessert,Cookie & Brownie,< 60 Mins,For Large Groups,Easy",97.2
Sour Cream Yellow Cake,Starts with a mix but tastes totally homemade from scratch. Same recipe can be used with other flavor mixes. Great when you need a last minutes dessert.,https://www.food.com/recipe/sour-cream-yellow-cake-99866,10m,30m,40m,12-16 serving(s),1 (18 1/4  ounce) package   yellow cake mix | 1   cup    sour cream | 1/3  cup    vegetable oil | 1/4  cup    water | 1/4  cup    sugar | 4   large    eggs | 1   teaspoon    vanilla extract,Preheat oven to 350&deg; and lightly grease and flour a 13x9 pan. | Combine all ingredients in large mixing bowl and blend on low speed of mixer for 1 minute. | Scrape down sides with spatula. | Increase mixer speed to medium and beat an additional 2 minutes. | Pour batter into prepared pan. | Bake for 30 to 35 minutes or until golden brown and tests done when a toothpick inserted in the center comes out clean. | Cool on a wire rack and frost as desired.,"https://img.sndimg.com/food/image/upload/q_92,fl_progressive,w_1200,c_scale/v1/img/recipes/99/86/6/FwssTSRTTe2VUmtGNae3_yellow-cake-06.jpg",Dessert,All,< 60 Mins,318.0
Barefoot Contessa's Carrot Cake Cupcakes,Make and share this Barefoot Contessa's Carrot Cake Cupcakes recipe from Food.com.,https://www.food.com/recipe/barefoot-contessas-carrot-cake-cupcakes-208486,30m,45m,1h 15m,22 cupcakes,"2   cups    sugar | 1 1/3  cups    vegetable oil | 1   teaspoon    pure vanilla extract | 3       extra-large eggs | 2   cups    all-purpose flour | 2   teaspoons    ground cinnamon | 2   teaspoons    baking soda | 1 1/2  teaspoons    kosher salt | 3   cups   grated carrots (less than 1 pound) | 1   cup    raisins | 1   cup   chopped walnuts | 3/4  lb    cream cheese, at room temperature | 1/2  lb    unsalted butter, at room temperature | 1   teaspoon    pure vanilla extract | 1   lb    confectioners' sugar","Preheat the oven to 350&deg;F | Beat the sugar, oil, and vanilla together in the bowl of an electric mixer fitted with a paddle attachment. | Add the eggs, 1 at a time. | In another bowl, sift together the flour, cinnamon, baking soda, and salt. | With the mixer on low speed, add 1/2 of the dry ingredients to the wet ingredients. | Add the grated carrots, raisins, and walnuts to the remaining flour, mix well, and add to the batter. | Mix until just combined. | Line muffin pans with paper liners. | Scoop the batter into 22 muffin cups until each is 3/4 full. | Bake at 400&deg;F for 10 minutes then reduce oven temperature to 350&deg;F and cook for a further 35 minutes (**see note at bottom), until a toothpick comes out clean. | Cool on a rack. | Frosting:. | Cream the cream cheese, butter, and vanilla in the bowl of an electric mixer fitted with a paddle attachment. | Add the sugar and beat until smooth. | When the cupcakes are cool, frost them generously and serve. | **I don't need to cook these for the entire additional 35 minutes.  After I lower the temperature to 350&deg;F; I start checking the muffins at around 15 minutes.  Just keep watching them until a toothpick inserted in center comes out clean.","https://img.sndimg.com/food/image/upload/q_92,fl_progressive,w_1200,c_scale/v1/img/recipes/20/84/86/UjR0LoneQJKKH50bz9n7_food.com-55.jpg",Dessert,All,"Vegetable,< 4 Hours",509.9
Momofuku Crack Pie,"This variation on chess pie was created by David Chang for his restaurant Momofuku in New York. (Another version of this is posted as recipe #414696 but that one has some quantities misstated.) The homemade cookie crust makes it special. If you don't have 10&quot; pie pans, you can use 9&quot;, but the filling will be deeper, so it will need an extra 5-10 minutes cooking time. Prep time includes 1 hour for cooling the cookie. Published in my local paper http://bit.ly/aEhE8I",https://www.food.com/recipe/momofuku-crack-pie-415283,1h 30m,1h 10m,2h 40m,"2 10"" pies, 16 serving(s)","3   ounces    all-purpose flour (2/3 cup plus 1 tablespoon) | 1/8  teaspoon    baking powder, scant | 1/8  teaspoon    baking soda, scant | 1/4  teaspoon    salt | 1/2  cup   softened butter (1 stick) | 2 1/2  ounces    light brown sugar (1/3 cup) | 1 1/4  ounces    white sugar (3 tablespoons) | 1       egg | 3 1/2  ounces    rolled oats (scant 1 cup) | 1/4  cup    butter (1/2 stick) | 3/4  ounce    light brown sugar (1 1/2 tablespoons) | 1/8  teaspoon    salt | 10 1/2  ounces    white sugar (1 1/2 cups) | 7   ounces    light brown sugar (1 cup less 3 1/2 tsp) | 1/4  teaspoon    salt | 3/4  ounce    powdered milk (1/3 cup plus 1 teaspoon) | 1   cup    butter, melted  (2 sticks) | 7/8  cup    heavy cream (3/4 cup plus 2 tablespoons, scant) | 1   teaspoon    vanilla extract | 8       egg yolks | powdered sugar, for garnish","Preheat oven to 375&deg;F. | In a large bowl, sift together flour, baking powder, baking soda and salt. | In a stand mixer with the paddle attachment (or a large mixing bowl with a hand-held electric mixer), beat together butter, brown sugar and white sugar until light and fluffy. Add egg and beat until combined. | With mixer running on low, add flour mixture in small increments until fully combined. Add oats and mix until combined. | Spread mixture into an unlined, ungreased 9x13 baking sheet. Bake in preheated oven 20 minutes until golden brown and set. Cool a few minutes in pan, then turn out onto a rack until cool to the touch. Lower the oven to 350&deg;F while the cookie cools. | Crumble the cooled cookie into the workbowl of a food processor. Add butter, brown sugar and salt. Pulse until combined (a clump of the mixture should hold together when pinched together). Divide the mixture between 2 10&quot; pie pans, pressing into an even, thin layer on the bottom and sides. (The top edge will be ragged.). | In a large bowl, whisk together white sugar, brown sugar, salt and powdered milk. Add melted butter, cream and vanilla and whisk until smooth. Whisk in egg yolks one at a time. Be careful not to incorporate too much air. | Divide the filling evenly between the two pie crusts. Bake one pie at a time for 15 minutes, then reduce heat to 325&deg;F for 10 minutes, until the filling is golden brown but still jiggly (like a pecan pie). Place pie pans on a rack to cool. | Refrigerate the pies until well-chilled; the filling will be gooey. Dust with powdered sugar before serving.","https://img.sndimg.com/food/image/upload/q_92,fl_progressive,w_1200,c_scale/v1/img/recipes/41/52/83/HiU7TnMtRGwadG3NZSBv_DSC_5926.jpg",Pie,All,"Dessert,Kosher,Sweet,Mixer,For Large Groups,Oven,Small Appliance,< 4 Hours",452.0
Honeybee Gluten-Free Dump Cake,"The cult classic with a gluten-free lower fat twist!! You can use any canned fruit pie filling you wish! Cherry tastes great with pineapple, and it's in the original dump cake but blueberry is great too! Tastes great hot or cold, by itself or with whipped cream or vanilla ice cream! Please use the polenta that comes in a tube, as this is how this recipe was tested. You can get it at any health food store like Whole Foods, and Trader Joe's has it at a really great price!! Created this recipe for RSC Contest #13.",https://www.food.com/recipe/honeybee-gluten-free-dump-cake-354030,20m,40m,1h,"1 9X9 cake, 8 serving(s)","1 (20   ounce) can   pineapple chunks, drained | 1 (21   ounce) can   cherry pie filling | 1 (18   ounce) package  plain-flavored prepared polenta, cut into chunks | 1/4  cup    honey (raw, thick works best) | 1/8  cup    plain yogurt (I used Dannon plain) | 1/2  teaspoon    ground cinnamon | 1/8  teaspoon    ground cardamom | 3   tablespoons    salted butter, softened","NOTE: You will need a food processor or blender for best results. | Preheat oven to 350 degrees F. | In a 9X9 nonstick baking pan; dump in the drained pineapple chunks then spread in the cherry pie filling. | Place the polenta chunks with the honey and the yogurt into a food processor or blender and mix until blended. | Add the cinnamon and cardamom to the polenta mix and process until well blended. Scrape down the sides of the processor, if necessary. | Add the softened butter to the polenta mixture and process once more until well blended. | Spread the polenta mixture over the cherry-pineapple mixture then bake, uncovered, for 40 minutes in the middle of the oven. | Remove and let cool a little bit then enjoy!","https://img.sndimg.com/food/image/upload/q_92,fl_progressive,w_1200,c_scale/v1/img/recipes/35/40/30/OFdn7YaQzG0PE3GPtpTm_gluten-free-dump-cake-02943.jpg",Dessert,All,< 60 Mins,201.3
Maple Krispie Cookies,Make and share this Maple Krispie Cookies recipe from Food.com.,https://www.food.com/recipe/maple-krispie-cookies-21770,5m,12m,17m,3 dozen,"1 (18   ounce) package   white cake mix | 1   cup    crisp rice cereal | 1/2  cup    butter, melted | 1   large    egg, beaten | 1   teaspoon    maple flavoring","Preheat oven to 350&deg;F degrees. | In large bowl, mix all ingredients well (will be crumbly). | Roll into 1-inch balls. | Place 2 in apart on lightly sprayed cooking sheet. | Bake for 10-12 minutes.  Cool for 1 minute. | Remove and cool completely.","https://img.sndimg.com/food/image/upload/q_92,fl_progressive,w_1200,c_scale/v1/img/recipes/21/77/0/M0C6stw0QbGvo0Tmkart_DSC05171-2.jpg",Dessert,All,"Lunch/Snacks,Cookie & Brownie,Grains,Kid Friendly,Potluck,< 30 Mins,Oven,Beginner Cook,Easy",1062.7
Awesome Apple Bread,"This bread is so moist and flavorful that my kids even eat the ends, which for most quick breads I usually have to throw away. At Christmas, I make the mini loaves and give as gifts to my neighbors. The oil can be replaced with 1 cup of unsweetened applesauce. Still flavorful but not quite as moist. If possible, don't skip the walnuts, they really add to it.",https://www.food.com/recipe/awesome-apple-bread-647,20m,2h 50m,3h 10m,2-3 loaves,"1   cup    oil | 3       eggs | 2   cups    sugar | 1   teaspoon    vanilla | 3   cups    apples, diced | 3   cups    flour | 1   teaspoon    cinnamon | 1   teaspoon    baking soda | 1   teaspoon    salt | 1   cup    walnuts, chopped  (optional)","Combine and set aside the oil, eggs, sugar, and vanilla. | Sift flour, cinnamon, soda, and salt. Add dry ingredients to oil mixture gradually. | Add apples and nuts. | Bake in 2 regular loaf pans or 3 foil loaf pans for 1 1/2 hours at 300 degrees. | Cool 10 minutes in the pan. | Sprinkle with sugar, if desired. | Note: I bake it at 325 degrees for about 70 minutes.","https://img.sndimg.com/food/image/upload/q_92,fl_progressive,w_1200,c_scale/v1/img/recipes/64/7/ZsjcWILS468aWD0Ku4uq_DSC_5969.jpg",Quick Breads,All,"Breads,Apple,Fruit,Oven,< 4 Hours",2634.1
Best Buckeyes (Peanut Butter and Chocolate Candies),"I make about 30 varieties of cookies and candies during the holidays and these are the most requested. They are fairly easy and delicious. I serve them on a tray in miniature muffin liners. I have tried many different buckeye recipes, but this one, given to me years ago, is the best one I have used. ADDED 12/17/06: Instead of chips and paraffin wax, this year I used chocolate bark coating and it worked really well.  You will need about Five - 2 oz. blocks of bark.",https://www.food.com/recipe/best-buckeyes-peanut-butter-and-chocolate-candies-26555,45m,,45m,80 Buckeyes,1 (18   ounce) jar   creamy peanut butter | 1/2  cup    butter (softened) or 1/2  cup    margarine (softened) | 1   lb    confectioners' sugar (about 3.5 cups) | 1   tablespoon    vanilla | 12   ounces    chocolate chips (milk or semi-sweet) | 3 -4   ounces    paraffin wax (I use 1/4 of a standard block) | use 1/2 tsp of shortening per oz of chocolate instead paraffin wax,Cream peanut butter and butter. | Add sugar and vanilla and mix well. | Form into 1 inch balls and refrigerate. | Melt chocolate chips with parafin wax in a double boiler. | Dip balls into chocolate with a toothpick about 3/4 of the way covered. | Place chocolate side down on waxed paper. | Let set at room temperature or refrigerate.,"https://img.sndimg.com/food/image/upload/q_92,fl_progressive,w_1200,c_scale/v1/img/recipes/26/55/5/OAgt1R3jQQmFZXx0bVbk_GQ4A4483.JPG",Candy,All,"Dessert,Fruit,Nuts,Kid Friendly,Potluck,Christmas,< 60 Mins,No Cook,Easy",94.1
Irish Dessert,"I call this &quot;Irish Dessert&quot; because my husband, who loves it, is Irish plus it's green! I don't know the original name for it. My mother in law gave me the recipe, but I have messed with it a bit. I am not into the marshmallows, but kids seem to like them. It is refreshing and different from run of the mill pudding :) Chill time not included.",https://www.food.com/recipe/irish-dessert-26779,15m,,15m,6-8 serving(s),"1 (20   ounce) can   crushed pineapple | 1 (3 1/2  ounce) package   instant pistachio pudding mix | 1/2  cup   chopped walnuts | 1   cup    miniature marshmallow (optional) | 1 (8   ounce) container   non-dairy whipped topping, defrosted  (Cool Whip)",Combine pineapple and juice with pudding mix. | Add nuts and marshmallows (if desired) and stir until combined. | Fold in Cool Whip and mix well. | Place in individual serving dishes or a medium bowl. | Chill for at least an hour. | Enjoy!,"https://img.sndimg.com/food/image/upload/q_92,fl_progressive,w_1200,c_scale/v1/gk-static/fdc-new/img/fdc-shareGraphic.png",Dessert,All,"Pineapple,Tropical Fruits,Fruit,European,Kid Friendly,Potluck,St. Patrick's Day,< 15 Mins,No Cook,Refrigerator,Easy",240.8
Fudgy Salty Peanut Butter Brownies,"This is for all my friends that adore peanut butter!  These are a little time consuming, but definitely worth it! Very rich and very  fantastic! Actually, you can use natural peanut butter but they will make the layer harder.  Reviewers said to make about 25% more ganache, so you might try that. Taken from  Anne Thornton Show: Dessert First, Episode: Brownie Bonanza",https://www.food.com/recipe/fudgy-salty-peanut-butter-brownies-459888,30m,40m,1h 10m,12-16 ,"5/8  cup    unsalted butter, plus more, softened, for pan | 1   cup   unsweetened natural cocoa powder | 1/2  teaspoon    fine sea salt | 1 1/3  cups    sugar | 1 1/4  teaspoons    pure vanilla extract | 2       eggs, at room temperature | 2/3  cup    all-purpose flour | 1 1/2  cups    semi-sweet chocolate chips | 1   cup    creamy peanut butter (don't use old-fashioned or natural) | 1/4  cup    unsalted butter, at room temperature | 1   cup    powdered sugar | 1/4  teaspoon    fine sea salt | 1 1/4  tablespoons    milk | 1   teaspoon    pure vanilla extract | 1 1/2  cups    salted peanuts | 2   cups    semi-sweet chocolate chips | 7   tablespoons    unsalted butter","Preheat your oven to 325 degrees F. | For your brownie batter: Melt your butter in a medium (or large) heatproof bowl over a pot of simmering water. | While the butter is melting, whisk the cocoa powder, sea salt and sugar in a separate bowl. (The sugar and salt will work as abrasive agents to get any lumps out of the cocoa.) Whisk the cocoa/sugar/salt combo into the melted butter until the sugar has dissolved fully. The mixture should look like fudge and pull away from the bowl into a ball. Take off the stove and set the pan on a dishtowel on your counter. Allow the fudgy mixture to cool down until it's warm, but not hot anymore. | While that is cooling, line the bottom and sides of your 9 by 13-inch baking pan with parchment paper or foil. You want to leave about 4 inches of overhang on the 2 opposite sides. These serve as your handles to remove the brownies from the pan in 1 piece, so make sure that there is enough of the overhang for you to have a solid grip. Grease the parchment or foil well. | Stir in the vanilla into the cooled fudge mixture to loosen it up. Add the eggs into the mixture 1 at a time, adding the second egg after the first egg is fully incorporated. The batter should look shiny and well blended. Add in your flour and stir it until it's fully incorporated. Once it looks fully blended, beat the batter vigorously for at least 45 strokes. This'll not only get out any pent up stress, but it will make the brownies chewy. Fold in your chocolate chips. Spread the very thick and fudgy brownie batter evenly in the lined pan with an offset spatula or your greased hands. | Pop the brownies in the oven and bake until they get a nice crust and your house smells like brownies, 30 to 35 minutes. Let them cool completely on a rack or a dishtowel on your counter. | While the brownies are cooling make the buttercream and ganache. | For the buttercream: Mix your peanut butter and butter together in a stand mixer until they are totally blended. Turn your mixer down and slowly add your powdered sugar and fine sea salt. Stop the mixer and scrape the sides and bottom of the bowl. Turn your mixer back to medium, add your milk and vanilla and keep mixing until it's fully blended. Dollop the peanut butter buttercream in heaping spoonfuls on top of the cooled brownies. Evenly spread it with the back of a butter knife the over the surface. Scatter the peanuts evenly over the buttercream, pressing into the buttercream so that the ganache has something to hold on to and the peanuts are all covered. | For the ganache: Melt the chocolate chips and butter together in a small saucepan over low heat, stirring constantly. Allow the ganache to cool down slightly for 10 minutes or so, then pour it evenly over the peanut butter buttercream layer. Smooth the ganache out with the back of a butter knife, making sure to cover the buttercream and peanuts completely. Chill the brownies in the refrigerator until the toppings are set, 1 1/2 hours or so. | Remove these delicious guys from the refrigerator. Lift up the ends of the foil liner and place the Fudgy Salty Chocolate Peanut Butter Brownies on a cutting board. Cut into squares. Enjoy!","https://img.sndimg.com/food/image/upload/q_92,fl_progressive,w_1200,c_scale/v1/img/recipes/45/98/88/ob1w63x0TMagiuPXmMFJ_PEANUT%20BUTTER%20BROWNIES.jpg",Dessert,All,"Cookie & Brownie,Peanut Butter,Birthday,< 4 Hours,From Scratch",887.5
Coffee Shop Style Easy Cake Mix Biscotti,Very similar in taste and texture to the ones sold in your favourite coffee shops! Variations are endless.,https://www.food.com/recipe/coffee-shop-style-easy-cake-mix-biscotti-219623,10m,40m,50m,40 biscotti,"1 (18   ounce) box   cake mix, your choice of flavor avoid those with pudding in the mix | 1   cup    all-purpose flour | 4   large    eggs, room temperature | 1/2  cup    margarine, melted | 2   teaspoons    vanilla extract, substitute with whatever suits the cake mix flavour | 3/4  cup    nuts or 3/4  cup    chocolate piece","Preheat the oven to 350F degrees. | Pour the cake mix into a mixing bowl. Stir in sifted all purpose flour. | Make a well in the centre and add the eggs, margarine and vanilla extract. | With an electric beater mix on medium speed for 2 to 3 minutes until the dough does not stick to the sides of the mixing bowl. It will look and feel like play dough! | On a lightly floured board, divide dough into two halves. | Roll each half into a log about 1&quot; in diameter. | Roll each log gently to the edge of the board and then continue rolling it onto a lightly sprayed 11” x 15” baking sheet. | Flatten the top of each cookie log until it is about 3&quot; wide. | Bake for 20 minutes. | Remove baking sheet from the oven and let stand for 10 minutes. | Reduce oven temperature to 325 and do not turn off. | Gently slide one cookie log onto the board that you rolled out the dough on. | Using a serrated knife or better still an electric carving knife, slice each log across the width into 3/4&quot; slices. | Place cookies cut side down back onto the baking sheet and return them to the oven for another 10 minutes. | Remove cookies to cooling rack to cool completely. | Store cooled cookies in an airtight container or freeze. | Variations include:. | PECAN BISCOTTI: butter pecan cake mix - chopped pecans - maple extract. | APRICOT BISCOTTI: golden cake mix - chopped dried apricots - toasted slivered almonds - almond extract. | CRANBERRY BISCOTTI: vanilla cake mix - chopped dried cranberries - toasted slivered almonds - almond extract. | ORANGE SPICE BISCOTTI: spice cake mix - walnuts - grated orange zest. | GINGER BISCOTTI: spice cake mix - walnuts - chopped crystalized ginger pieces. | CHOCOLATE-CHOCOLATE BISCOTTI: chocolate cake mix - chocolate piece or chips, freeze first so they retain their shape during baking. | LEMON ALMOND BISCOTTI: lemon cake mix - toasted slivered almonds.","https://img.sndimg.com/food/image/upload/q_92,fl_progressive,w_1200,c_scale/v1/img/recipes/21/96/23/80MmOUKcRZ6vX0XS87wA_untitled-1694.jpg",Dessert,All,"Cookie & Brownie,European,Christmas,Mixer,< 60 Mins,Small Appliance,Inexpensive",109.4
Easy Strawberry Jell-O Pie,The pie my brother always wants for his birthday. Very good in a Cream Cheese Crust (recipe #97877).,https://www.food.com/recipe/strawberry-pie-97984,15m,,15m,8 serving(s),"1   cup    sugar | 1   cup    water | 6   teaspoons    cornstarch | 3   ounces    strawberry Jell-O gelatin dessert | 1 -2   pint   washed and hulled strawberry | 1       9 in.baked pastry shell, cooled","Bring sugar, water and cornstarch to a boil over medium high heat. | Add Jell-O, stir until dissolved. | Cool and then add strawberries. | Refrigerate about 45 minutes or until it starts to congeal. | Put in pie shell and cool completely. | Top with whipped cream or ice cream to serve.","https://img.sndimg.com/food/image/upload/q_92,fl_progressive,w_1200,c_scale/v1/img/recipes/97/98/4/vrVOSvu3TX6ZRGiZDfxG_strawberry-pie-13.jpg",Pie,All,"Dessert,Strawberry,Berries,Fruit,Low Protein,Low Cholesterol,Healthy,< 15 Mins",225.0
New Orleans Double-chocolate Praline-fudge Cake,"This recipe makes an elegant cake that is beautiful garnished with fresh fruit such as strawberries.  Despite the lengthy instructions and long list of ingredients, the cake is very easy to prepare and assemble.",https://www.food.com/recipe/new-orleans-double-chocolate-praline-fudge-cake-119449,45m,25m,1h 10m,8-10 serving(s),"1   cup    butter | 1/4  cup    cocoa | 1   cup    water | 1/2  cup    buttermilk | 2   large    eggs | 1   teaspoon    baking soda | 1   teaspoon    vanilla extract | 2   cups    sugar | 2   cups    all-purpose flour | 1/2  teaspoon    salt | 2   cups    semisweet chocolate morsels | 1/3  cup    whipping cream | 1/4  cup    butter, cut into pieces | 1/4  cup    butter | 1   cup    brown sugar, firmly packed | 1/3  cup    whipping cream | 1   cup    confectioners' sugar | 1   teaspoon    vanilla extract | 1   cup   chopped pecans, toasted","Cake: | Preheat oven to 350 degrees. | Combine butter, cocoa and water in a saucepan. | Cook, stirring constantly, over low heat until the mixture is smooth and butter has melted; remove from heat and cool. | Combine the buttermilk, eggs, baking soda and vanilla; beat on medium speed with a mixer until smooth. | Combine the butter mixture and buttermilk mixture; beat until well blended. | Combine the sugar, flour and salt in a bowl; mix well. | Gradually add the flour mixture to the buttermilk mixture; beat until blended. | The batter should be thin. | Spray three 8&quot; round cake pans with cooking spray and line them with wax paper. | Pour the batter evenly into the pans and bake at 350 degrees for 22-24 minutes or until cake tests for doneness. | Cool in pans on wire racks for 10 minutes; remove from pans and cool completely. | To assemble the cake:. | Spread 1/2 c ganache between the cake layers; spread the remainder on the sides of the cake and chill for 30 minutes. | Slowly pour the frosting over the center of the cake. | Spread it to the edges of the cake, allowing some frosting to run down the sides. | Chocolate Ganache:. | Microwave the chocolate and cream in a glass bowl for 2-3 minutes, or until the chocolate is melted; whisk until smooth. | Gradually add the butter, whisking until smooth and melted. | Cool, whisking often, until spreading consistency, about 15-20 minutes. | Praline Frosting:. | Combine the butter, brown sugar and whipping cream in a 2 quart saucepan; bring to a boil, stirring often. | Boil 1 min; remove from heat and whisk in powdered sugar and vanilla. | Add the pecans and stir gently for 2-5 minutes, or until the frosting begins to cool and thicken slightly. | Pour immediately over the cake.","https://img.sndimg.com/food/image/upload/q_92,fl_progressive,w_1200,c_scale/v1/img/recipes/11/94/49/DrsFILPSA27p4YFVCVbS_23.jpg",Dessert,All,"Microwave,Oven,< 4 Hours",1194.5
Chocolate! Chocolate! Chocolate! Bundt Cake With Chocolate Glaze,Need I say more...CHOCOLATE! Decadently rich and moist. Add a scoop of vanilla ice cream and you're in Heaven.,https://www.food.com/recipe/chocolate-chocolate-chocolate-bundt-cake-with-chocolate-glaze-27144,15m,50m,1h 5m,"1 Cake, 16 serving(s)","1 (18 1/4  ounce) package   devil's food cake mix | 1 (4   ounce) package   instant chocolate pudding mix | 2   cups    semi-sweet chocolate chips | 1 3/4  cups    water | 2       eggs, beaten | 1   teaspoon    vanilla extract | 3   tablespoons    cocoa | 2   tablespoons    butter, melted | 1   cup    powdered sugar (10X) | 2 -3   tablespoons    hot water","Cake: Preheat oven to 350&deg;. | Grease and flour bundt pan, set aside. | In large mixing bowl, combine cake mix, pudding mix and chocolate chips. | In another bowl, combine water, eggs, and vanilla mixing well. | Add egg mixture to dry mixture and mix with spoon until just blended. | Pour into prepared pan. | Bake for 50 to 55 minutes or until cake tests done when wooden pick in center comes out clean. | Cool 15 to 20 minutes before removing cake from pan. | When completely cool, drizzle cake with Chocolate Glaze. | Chocolate Glaze: Combine all ingredients in bowl. | Mix with spoon until smooth.","https://img.sndimg.com/food/image/upload/q_92,fl_progressive,w_1200,c_scale/v1/img/recipes/27/14/4/YSWmkLQtRpinfqX46cc0_1choccake3.jpg",Dessert,All,"For Large Groups,< 4 Hours,Easy",321.6
Mimi's Red Velvet Cake,"This is so pretty and good.  I have served it with whipped cream on top of the slice and have not frosted the cake, although most people do.  If you want to frost it please see Recipe #93537.   This is pretty at Christmas time.",https://www.food.com/recipe/mimis-red-velvet-cake-212480,20m,30m,50m,1 cake,1/2  cup    shortening | 1 1/2  cups    sugar | 2       eggs | 2 1/2  cups    flour | 2   tablespoons    cocoa | 1   teaspoon    salt | 1   cup    buttermilk | 1   teaspoon    vanilla | 2   ounces    red food coloring | 1   tablespoon    vinegar | 1   teaspoon    baking soda,"Cream the shortening and sugar. | Add the eggs and beat till smooth and well blended. | Add the flour, cocoa, and salt to the above, alternately with the buttermilk, beating well after each addition. | Add the vanilla and food coloring. | Mix the baking soda and vinegar together and fold into the batter by hand; stir just enough to get it inches. | Pour into a greased and floured angel pan and bake in a 350 degree oven for 30 minutes; can be baked in two layers also.","https://img.sndimg.com/food/image/upload/q_92,fl_progressive,w_1200,c_scale/v1/img/recipes/21/24/80/mFoVaYJSciVPnVaBvGKg_velvet%20cake-1194.jpg",Dessert,All,< 60 Mins,3500.4
Rocky Road Cookie Pizza,Make and share this Rocky Road Cookie Pizza recipe from Food.com.,https://www.food.com/recipe/rocky-road-cookie-pizza-86643,10m,30m,40m,16 serving(s),1 (20   ounce) package  pillsbury refrigerated cookie dough | 1/2  cup    salted peanuts (chopped) | 1   cup    miniature marshmallow | 1 (6   ounce) package   semi-sweet chocolate chips (1 c) | 1/3  cup    caramel ice cream topping,"Preheat oven at 350 degrees. | Press or roll (using powder sugar) cookie dough to a lightly buttered 12 inch pizza pan. | Cook 15- 20 minutes till lightly brown. | Remove from oven. | Sprinkle evenly with peanuts, chocolate chips, and marshmallows. | Drizzle with caramel topping. | Bake addition 5-10 till marshmallows are lightly brown. | Let cool for 10 minutes. | Cut into slices or squares. | Yummy served with vanilla ice cream.","https://img.sndimg.com/food/image/upload/q_92,fl_progressive,w_1200,c_scale/v1/img/recipes/86/64/3/EvIzjsuWRZGdv9N5JISH_Rocky%20Road%20Cookie%20Pizza_final%205.jpg",Dessert,All,"Cookie & Brownie,< 60 Mins,For Large Groups,Easy,Inexpensive",119.8
Silky Chocolate Peanut Butter Pie,"A pie made with tofu! Though I've made this twice already, no one in my family has guessed there's tofu in it and everyone loves it.",https://www.food.com/recipe/silky-chocolate-peanut-butter-pie-38401,10m,,10m,8 serving(s),"1   cup    chocolate chips | 16   ounces    soft silken tofu, drained | 2/3  cup    creamy peanut butter | 1/2  cup    sugar | 1/2  teaspoon    vanilla | 1       prepared graham cracker crust","Melt chocolate chips in a small bowl in microwave at high power 90 seconds. | Stir until smooth. | Cool slightly. | Place tofu, peanut butter, sugar &amp; vanilla in blender or food processor and whirl until smooth. | Add chocolate and whirl until combined. | Pour into crust. | Cover with plastic wrap and refrigerate several hours until filling is set. | Can garnish with peanuts, melted chocolate or whipped cream.","https://img.sndimg.com/food/image/upload/q_92,fl_progressive,w_1200,c_scale/v1/img/recipes/38/40/1/n2KbUbsUTE2dQ8UJHJj4_0S9A1081.jpg",Pie,All,"Dessert,Soy/Tofu,Beans,Vegan,Kid Friendly,< 15 Mins,Refrigerator",455.2
Peanut Butter Chocolate Chip Muffins,"This is our favourite Peanut Butter muffin recipe, (having tried a few). The balance of flavours is just right, they're not too heavy and very moreish. That said I deliberately make just six at a time! However should you want to bake a full batch  this recipe doubles with equal success.",https://www.food.com/recipe/peanut-butter-chocolate-chip-muffins-240340,10m,23m,33m,"6 muffins, 5-6 serving(s)","3/4  cup    flour (96g) | 3/4  teaspoon    baking powder | 1/4  teaspoon    baking soda | 1/4  teaspoon    salt | 1/2  teaspoon    vanilla extract | 1/2  cup    sugar | 1       egg | 1/4  cup    milk | 1   tablespoon    butter (melted) | 1/3  cup    peanut butter, i use half crunchy half smooth  (86g) | 1/3  cup    semi-sweet chocolate chips","Preheat oven to 350/gas 4. | Measure flour using the spoon (not scoop) method. | Into a medium sized bowl sift flour, baking powder, baking soda and salt. Whisk to combine and set aside. | In a small jug mix vanilla extract and milk, set aside. | In a large bowl mix melted butter with peanut butter followed by sugar, beat until light and fluffy. | With a fork, whisk egg until lightly beaten and in two steps pour into butter/sugar mixing to combine. | Next in three steps start to add the flour alternating with the milk (flour, milk, flour, milk, ending with flour). | Finally fold in chocolate chips. | Spoon batter into paper lined muffin tin and bake for 20-23 minutes.","https://img.sndimg.com/food/image/upload/q_92,fl_progressive,w_1200,c_scale/v1/img/recipes/24/03/40/yaSzreMlQLSdT3KdtpFg_peanut-butter-chocolate-chip-muffins-1553.jpg",Quick Breads,All,"Breads,Lunch/Snacks,< 60 Mins,Easy",344.4
Alessi's Tiramisu,"I have made many different Tiramisus, this one is one of the best and very authentic. The recipe actually came from the package of Alessi Savoiardi Cookies.",https://www.food.com/recipe/alessis-tiramisu-72179,30m,30m,1h,12 serving(s),"5   large    egg yolks, from large grade eggs | 1/4  cup    sugar | 1/2  cup    marsala | 1   cup    whipping cream, chilled | 4   tablespoons    sugar | 1   lb    mascarpone cheese | 2   cups   freshly brewed espresso or 2   cups    strong coffee | 1/2  cup    brandy or 1/2  cup    marsala | 1   tablespoon    vanilla | 2 (14   ounce) packages  alessi Savoiardi cookies | 2   tablespoons    cocoa powder | chocolate curls or   fresh edible flower (to garnish) (optional)","Zabaglione Cream: In the top part of a double boiler, beat eggs and sugar together until the mixture is pale yellow in color. | In the bottom part of the double boiler, bring water to a boil then reduce heat to simmer. | Place egg yolk mixture over water and gradually add Marsala, beating continously. | Scrape bottom and sides of pan occasionally and cook 6 to 10 minutes or until soft mounds can be formed. | Transfer to bowl, cover and refrigerate 30 minutes. | Whip cream with 2 Tbsp. | sugar until soft peaks form. | Fold in Mascarpone and Zabaglione and mix until well blended. | Cover and refrigerate 1 hour. | In a separate bowl, mix espresso, 2 Tbsp. | sugar, Brandy and vanilla. | Arrange cookies on the bottom of a 9&quot; by 13&quot; pan. | Carefully spoon about 1 Tbsp. | of the coffee mixture over each cookie so they are well saturated but not falling apart. | Spoon 1/2 cheese mixture over cookies and sprinkle with 1 Tbsp. | cocoa. | Repeat one more time ending with cocoa. | Cover and refrigerate at least 5 hours or overnight so that cookies can soften as they absorb moisture. | Garnish and serve.","https://img.sndimg.com/food/image/upload/q_92,fl_progressive,w_1200,c_scale/v1/img/recipes/72/17/9/N36VSdamRoiaGpi8trDq_0S9A9798.jpg",Dessert,All,"European,< 60 Mins",197.9
Sangria Shortcakes,Make and share this Sangria Shortcakes recipe from Food.com.,https://www.food.com/recipe/sangria-shortcakes-538531,PT0S,2h,2h,6 serving(s),"2   cups    red wine | 1/3  cup   plus 3 tablespoons sugar | 8   ounces    blackberries | 8   ounces   pitted cherries (fresh or frozen) | 8   ounces    strawberries, sliced | 2       nectarines, skin on, sliced thin | 2 1/4  cups    all-purpose flour | 2 1/4  teaspoons    baking powder | 1/2  teaspoon    kosher salt | 1 3/4  cups    heavy cream | 3   cups    whipped cream | 6       mint sprigs","Combine the red wine and 1/3 cup sugar in a medium saucepan. Bring to a boil over medium-high heat, then reduce to a simmer and continue to cook until the liquid is reduced to about 1/4 cup, 10 to 15 minutes. Let cool completely. | Combine the cool syrup with the blackberries, cherries, strawberries and nectarines in a large bowl. Let marinate, refrigerated, until the fruit starts to macerate and release juices, about 1 hour and up to 4 hours. | Preheat the oven to 400 degrees F. | Whisk to combine the flour, baking powder, salt and remaining 3 tablespoons sugar in a large bowl. Add the heavy cream and mix until combined. | Press the dough into an 8-inch square baking pan and bake until the edges are golden and the shortcake is cooked through, 18 to 20 minutes. Transfer the pan to a wire rack to cool completely. | Cut into 6 pieces and split each shortcake in half horizontally. Spoon fruit on the bottom of each shortcake and top with a generous spoonful of whipped cream. Place the top of each shortcake over the whipped cream, then top with the remaining fruit. Drizzle the fruit sauce over the fruit and garnish each with a dollop of whipped cream and a mint sprig.","https://img.sndimg.com/food/image/upload/q_92,fl_progressive,w_1200,c_scale/v1/img/recipes/53/85/31/wNert6lMRSaCPeoyrCav_0S9A0215.jpg",Dessert,All,< 4 Hours,671.6
Cake Mix Cookie Bars,"Rita L has a cake mix cookie recipe #77465
That I love and everyone should try it,so easy and soooo good.I just changed it a bit to make bars so I would not have to watch them.They turned out great a bit like cake brownies...Go look at the cake mix chrismas cookie recipe#77465 reveiws for things you may want to try..Thanks Rita L",https://www.food.com/recipe/cake-mix-cookie-bars-200514,10m,30m,40m,"18 Big bars, 18 serving(s)",1 (18   ounce) box   cake mix (any you like) | 3       eggs | 2   tablespoons    water | 1/2  cup    Crisco | 1   cup   of any chocolate chips,Grease and flour a 9x11 pan. | Mix all together by hand.It will be thick. | Spread in pan. | Cook at 325 for 30 min or untill middle is done.,"https://img.sndimg.com/food/image/upload/q_92,fl_progressive,w_1200,c_scale/v1/img/recipes/20/05/14/9ZCuOzQsTYupPlpxJacV_cq2.jpg",Bar Cookie,All,"Dessert,Cookie & Brownie,< 60 Mins,For Large Groups,Easy",228.8
Homemade Yellow Cake and Variations,I was in search of a great yellow cake made from scratch that would taste good if not better than the box.  I use this one all the time for my catering business.  It makes a thick cake.  6/3/08 Made some changes to make it better.,https://www.food.com/recipe/homemade-yellow-cake-and-variations-208645,20m,45m,1h 5m,"1 cake, 15-20 serving(s)","3 1/2  cups    cake flour | 1   tablespoon    baking powder | 1   teaspoon    salt | 2   cups    sugar | 1 (3 1/2  ounce) package   instant vanilla pudding | 6   tablespoons    butter, softened | 6   tablespoons    butter flavor shortening | 1 1/2  cups    milk | 1   tablespoon    vanilla extract | 1/2  cup    sour cream | 4       eggs","Cream together butter, shortening, sugar, and pudding. | Add eggs in one at a time. | Add in sour cream and vanilla. Mix well. | Sift together flour, baking powder, and salt. | Add flour mixture into butter mixture alternately with milk starting and finishing with flour mixture. | Pour into well greased and floured 13x9 pan. | Bake at 350 for 40-50 minutes. | Variation for White Cake: Use 4 egg whites instead of the 3 whole eggs. | Variation for Spice Cake: Add 1-1/2 teaspoons cinnamon, 1/4+1/8 teaspoon ground allspice, 1/4+1/8 teaspoon ground cloves to the flour mixture. | Variation for Chocolate Cake: Use chocolate pudding mix and 1/3 cup cocoa.  (I then up the milk a little.).","https://img.sndimg.com/food/image/upload/q_92,fl_progressive,w_1200,c_scale/v1/img/recipes/20/86/45/3mcjqvWhT36ffxJu3drx_food.com-47.jpg",Dessert,All,"Mixer,For Large Groups,Oven,Small Appliance,< 4 Hours",382.3
Mexican Wedding Cookies,Make and share this Mexican Wedding Cookies recipe from Food.com.,https://www.food.com/recipe/mexican-wedding-cookies-8278,15m,10m,25m,36 serving(s),"1   cup    butter, softened | 1   cup    powdered sugar | 2   cups    flour, sifted | 1   cup    nuts, ground | 1   teaspoon    vanilla",Combine all ingredients. | Form into 1 1/2&quot; balls. | Bake on cookie sheet at 350&deg;F for about 10-15 minutes or until set. | Roll in additional powdered sugar while still warm.,"https://img.sndimg.com/food/image/upload/q_92,fl_progressive,w_1200,c_scale/v1/img/recipes/82/78/NIa2EZqySFaaJaBfl6xS_mexican-wedding-cookies-6035.jpg",Dessert,All,"Cookie & Brownie,Mexican,< 30 Mins,For Large Groups,Oven,Easy",106.4
Dump Cake     the Loretta Lynn Dump Cake for Ray Charles,Make and share this Dump Cake     the Loretta Lynn Dump Cake for Ray Charles recipe from Food.com.,https://www.food.com/recipe/dump-cake-the-loretta-lynn-dump-cake-for-ray-charles-442291,15m,1h,1h 15m,15 serving(s),1 (18 1/4  ounce) box   chocolate cake mix (just so long as it isn't one of the extra-moist varieties) | 1 (12   ounce) can   condensed milk | 1 (8   ounce) jar   caramel sauce | 1 (8   ounce) container   Cool Whip | 6       Nestle Crunch bars,"Try not to think about it. There's a reason people in this country are addicted to fatty foods that are bad for you, and this cake is going to appeal to all of those urges in you and more. Best cake in the world, remember? It's worth a shot.Preheat oven to 350. Follow the instructions on the cake mix box for baking. | So, make your cake in the usual way, and when it's hot from the oven, use the cylindrical end of a large wooden spoon to poke holes in the cake. | Oh, I should mention that I'd recommend the cake be baked in a 9x12 glass pan. | And, the holes should be poked in neat columns and rows, let's say about an inch and a half apart. Maybe an inch. Maybe two inches. Maybe an inch and a half. | Holes poked? Pour the can of condensed milk all over the cake. | Pour the jar of caramel sauce all over the cake.Spread a liberal layer of Cool Whip all over the cake. | While your cake was baking, you should have pounded the Nestl&eacute; Crunch bars into half-inch or less (or maybe a bit more) pieces. Now sprinkle those on top. | DON'T EAT THE CAKE! | If you must, if you really must, go ahead and have some, but it's not fair to judge your creation at this stage. It has not become the best cake in the world yet. Here, it's just a recipe for instant diabetic keelover. | Put the cake in the refrigerator. | Now you must leave that cake in there for as long as you can stand. Ideally, this means overnight. At least. But, if you're pressed for a choc fix, at least let it get nice and cold. | But, again, it really is a &quot;this gets amazing after a day in the fridge&quot; recipe. | And that's it. That is the very best cake in the world. Like so many precious artifacts, one would not expect to find such a powerful recipe in the hands of a kitchen simpleton such as myself, but I have come forth with the treasure. | Now the world is forever changed. Or, if not the world, then your weekend, if you're smart (and want to be really, really popular with the rest of your household). | Eat! Enjoy!","https://img.sndimg.com/food/image/upload/q_92,fl_progressive,w_1200,c_scale/v1/img/recipes/44/22/91/wQFg9wnMSDyXH8HjrAAO_IMG_1417.jpg",Candy,All,"Dessert,For Large Groups,< 4 Hours,Easy",399.6
Lemonade Pie (No Bake),Make and share this Lemonade Pie (No Bake) recipe from Food.com.,https://www.food.com/recipe/lemonade-pie-no-bake-11913,10m,24h,24h 10m,"1 pie, 8 serving(s)",1 (6   ounce) can   frozen lemonade | 1 (14   ounce) can   sweetened condensed milk | 1 (8   ounce) container   Cool Whip | 1       graham cracker crust (I buy this all ready made),Use mixer and mix the first three ingredients until fluffy. | Pour into ready made crust. | Refrigerate until firm. I let it set overnight. | This can also be made with limeade and/or chocolate cookie crusts.,"https://img.sndimg.com/food/image/upload/q_92,fl_progressive,w_1200,c_scale/v1/img/recipes/11/91/3/JN9ggTZbSPuGI7czJihM_20%20(1%20of%201).jpg",Pie,All,"Dessert,Weeknight,No Cook,Refrigerator,Easy",441.0
Individual Baked Alaska,"This is an ""Impress Your Friends"" dessert for sure, and it's incredibly simple to make. I've included recipes for sauces here, but you can use whatever sauces, whatever cake bases, whatever ice-cream you like. It's really simple, and delicious. I used to make these all the time in the restaurant I worked in.",https://www.food.com/recipe/individual-baked-alaska-51667,30m,12m,42m,6 serving(s),"7   ounces   good quality bittersweet chocolate (do not use chips!) | 1   cup    heavy whipping cream | 1   pint    frozen raspberries, without syrup | 2   tablespoons    granulated sugar (approx.) | 1/2  teaspoon   freshly squeezed lemon juice | 1   pinch    salt | 1       sponge cake, any flavor,that has been baked in a sheet pan,jelly-roll style | 1   quart   of your favorite flavor ice cream | 1/2  cup    egg white, warmed to room temperature | 2/3  cup    granulated sugar | 1/4  cup    light corn syrup | 1/4  cup    water | 1/4  cup    confectioners' sugar","To make the chocolate sauce: chop the chocolate to a rough consistency. | Heat the cream just to a scald, then pour over the chocolate. | Do not stir. | Let it sit for about 5 minutes, then stir with a whisk until smooth. | Makes about 1 cup. | To make the raspberry sauce: Puree the raspberries in a blender with the remaining ingredients. | Strain through a fine mesh strainer to remove the seeds. | Refrigerate until needed. | Makes about 1 cup. | To assemble the ice-cream bases: line a baking sheet with parchment. | Using a 3"" round cookie cutter (or a glass) cut 6 circles out of the cake, and place them on the parchment. | Place a scoop of ice cream in the center of each piece of cake, making sure you leave a small margin of cake visible all the way around. | Place in the freezer until the meringue is ready. | To prepare the meringue: combine the sugar, corn syrup and water in a heavy, 1-quart saucepan over medium heat. | Bring to a boil, then cook until the syrup reaches 230 degrees F. | (thread stage) on a candy thermometer. | Meanwhile, place the egg whites in the bowl of your mixer, and fit the whip attachment to your mixer. | When the syrup reaches the thread stage, start whipping your egg whites on high speed. | When the syrup reaches 245-250 degrees F. | (firm-ball stage), lower the speed of the mixer to low, and very, very, VERY slowly start pouring the syrup in, in a slow, steady, thin stream until it is all used up. | Immediately return the mixer to high speed and continue whipping until the meringue reaches a very stiff peaked consistency. | Transfer the meringue to a piping bag fit with a plain tip. | Remove the ice cream bases from the freezer. | Now you are going to create a meringue""beehive"" around each scoop of ice cream. | I find it easier to do this by removing one ice-cream scoop at a time to a cake turntable or a flat-work surface that I can spin around, like a small plate, pipe the meringue, then using a thin spatula, returning it carefully to the parchment. | To pipe the meringue you need to start at the bottom edge of the cake, pipe a ring of meringue around the icecream so that it completely covers the cake edge. | Then continue to pipe a line of meringue all around the scoop of ice cream, making sure you completely cover the ice cream, and that each line of meringue rests on top of the previous one. | Finish with a small circle at the top. | Repeat with remaining ice cream bases. | Return them to the freezer until ready to serve. | Just before service, decorate your plate: choose an oversize plate, like a dinner plate. | Then using the sauces, paint or spoon or swirl them on to your hearts content. | Any design you like. | I like to just use squiggles, but anything goes at this point. | Now- if you don't have a torch, you will need to turn your oven to broil. | If you have a torch, get it ready. | Remove the meringues from the freezer, and dust the top of each one with the confectioners sugar in a fine mesh strainer. | If you are using a broiler, place the baking sheet under the broiler but leave the door open and watch. | You will only need about 30-45 seconds, just enough time for the meringue to turn golden brown. | Remove from the oven, place one in the center of each plate, and serve. | If you are using a torch, turn your torch to a med-low setting, and carefully, gently use the torch to brown the outside of the meringues. | Place one meringue on each plate, and serve. | Notes: You can use any type of cake you want here- this recipe is more a method than anything. | I've used chocolate chiffon as a base, I've used spongecake, poundcake, leftover slices of cupcakes! | Anything, anyflavor, but it needs to be at least 1/4"" thick. | You can also use any flavor ice-cream- experiment, go wild. | Sorbet is great this way- I've done mango sorbet, and lime sorbet- they taste terrific. | Experiment, have fun, and don't be intimidated by this dessert. | It's fun, and it's easy, and your friends and relatives will""oooohhhh! | ""and""ahhhhh! | ""you to death!","https://img.sndimg.com/food/image/upload/q_92,fl_progressive,w_1200,c_scale/v1/img/recipes/51/66/7/gXKnk2ZoRqR9hlRzb7oQ_0S9A1621.jpg",Frozen Desserts,All,"Dessert,Low Protein,< 60 Mins",796.8
Why-I-Joined-Zaar Carrot Cake,"On October 2, 2001, I discovered the Recipezaar Web site. I immediately joined so I could post a request for a recipe I had lost. In less than an hour, I had a reply: this recipe. Unfortunately, I never posted it into the database -- until now. My mistake. This cake was the reason I joined, and the friendly response I received was the reason I stayed!",https://www.food.com/recipe/why-i-joined-zaar-carrot-cake-73825,20m,45m,1h 5m,12 serving(s),"2   cups    all-purpose flour | 2   teaspoons    baking soda | 1   teaspoon    baking powder | 1   teaspoon    salt | 2   teaspoons    ground cinnamon | 1 3/4  cups    white sugar | 1   cup    vegetable oil | 3       eggs | 1   teaspoon    vanilla extract | 2   cups   shredded carrots | 1   cup    flaked coconut | 1   cup   chopped walnuts | 1 (8   ounce) can   crushed pineapple, drained | 1 (8   ounce) package   cream cheese, softened | 1/4  cup    butter, softened | 2   cups    icing sugar","Preheat oven to 350 degrees F (175 degrees C). Grease and flour a 9x13 inch pan. | Mix flour, baking soda, baking powder, salt and cinnamon; make a well in the center and add sugar, oil, eggs and vanilla. Mix with wooden spoon until smooth. | Stir in carrots, coconut, walnuts and pineapple. Pour into 9x13 inch pan and bake for about 45 minutes. Don't panic, the centre will sink a little. | Allow to cool; when cool, ice the cake. You can certainly use your favourite cream cheese frosting to ice this cake, but the one I've included is highly recommended (I usually leave the cake in the 13x9 pan and just ice the top). | To make the frosting: Cream the butter and cream cheese until smooth; add the icing sugar and beat until creamy.","https://img.sndimg.com/food/image/upload/q_92,fl_progressive,w_1200,c_scale/v1/img/recipes/73/82/5/VIfjsbVmSubdAsbjKPXX_0S9A1692.jpg",Dessert,All,"Pineapple,Coconut,Tropical Fruits,Fruit,Vegetable,Nuts,Kid Friendly,Kosher,Potluck,Thanksgiving,Weeknight,Brunch,Oven,< 4 Hours",662.1
Cookie Dough Cheesecake,This is an altered recipe from Taste of Home magazine. I used store bought cookie doughfrom the refrigerator section to speed things up a bit. Very good.,https://www.food.com/recipe/cookie-dough-cheesecake-15532,20m,55m,1h 15m,12-14 serving(s),"1 3/4  cups    chocolate wafer crumbs | 1/4  cup    sugar | 1/3  cup    butter, melted | 3 (8   ounce) packages   cream cheese, softened | 1   cup    sugar | 3       eggs | 1   cup    sour cream | 1/2  teaspoon    vanilla extract | 1   package    refrigerated chocolate chip cookie dough (refrigerator section) | mini chocolate chip","In a small bowl, combine cookie crumbs and sugar, stir in butter. | Press into the bottom and sides of a greased 9"" springform pan, set aside. | In a mixing bowl, beat cream cheese, sugar until smooth. | Add eggs, beat until combined. | Add sour crem and vanilla, beat until well blended. | Pour over crust, set aside. | Cut up cookie dough into teaspoon sized cubes. | Drop over filling, pushing below the surface. | Dough should be completely covered. | Bake at 350F for 45-55 minutes or until the center is almost set. | Cool on a wire rack for 10 minutes. | Run a knife around the edge of the pan to loosen. | Cool 1 hour longer. | Refrigerate overnight, remove sides of pan. | Sprinkle with mini chocolate chips.","https://img.sndimg.com/food/image/upload/q_92,fl_progressive,w_1200,c_scale/v1/img/recipes/15/53/2/oKRdYYcaRje1B79u37dZ_CookieDoughCheesecake3.jpg",Cheesecake,All,"Dessert,Cheese,Kid Friendly,Potluck,Christmas,Weeknight,Oven,Beginner Cook,< 4 Hours,Easy",634.9
The Original Bisquick&reg;  Strawberry Shortcakes,"The original Old Fashioned Shortcake recipe appeared on the first Bisquick&reg;  box in 1931.  It's said that an advertising slogan promised – “Here’s the Kind of Strawberry Shortcake Your Husband Will Rave About.”  Shortcakes are the sweet cousin of the dinner bisquit, and these easy-to-prepare treats have stood the test of time in my family.  It started with my mom who made her Bisquick&reg;  strawberry shortcakes with her garden grown strawberries and REAL homemade whipping cream.  Some thirty years later my sistes and I are still baking up these sweet treats.",https://www.food.com/recipe/the-original-bisquick-strawberry-shortcakes-381418,10m,12m,22m,6 serving(s),"4   cups    strawberries, stems removed and sliced | 2/3  cup    white sugar | 2 1/3  cups   original Bisquick baking mix | 1/2  cup    milk | 3   tablespoons    butter or 3   tablespoons    margarine, melted | 1/2  cup    whipping cream | vanilla | 1   teaspoon    white sugar","In medium bowl, stir together strawberries and 1/2 cup sugar; set aside for about 1 hour. | Heat oven to 425&deg;F | In another medium bowl, stir Bisquick&reg; mix, milk, 3 tablespoons sugar, and melted butter until a soft dough forms. | Drop the dough by rounded tablespoonfuls into 6 mounds onto ungreased cookie sheet; dust with sugar. | Bake 10 to 12 minutes or until golden brown. | Meanwhile, in a chilled small bowl whip the cream, adding a drop or two of vanilla and a teaspoon of sugar.  Beat with an electric mixer on high speed until soft peaks form. | Serve one of two ways:. | 1.  Split warm shortcakes; fill and top with strawberries and whipped cream, or | 2.  Break up one biscuit per person into big pieces into a dessert bowl.  Ladle strawberries over the biscuit; add a dolop of whipped cream. | COOK'S TIP:  Alternatives to strawberries could include raspberries, blueberries &amp; peaches, and my favorite, apricots &amp; honey (Soak dried apricots in warm water for 1 hour; chop fine. Gently toss apricots with honey and let stand awhile to blend flavors.  Serve over shortcakes.).","https://img.sndimg.com/food/image/upload/q_92,fl_progressive,w_1200,c_scale/v1/img/recipes/38/14/18/qqcnjKN6TsWWI1VlMLwe_The%20original%20bisquick%20strawberry%20shortcakes%20381418-4.jpg",Dessert,All,"Raspberries,Strawberry,Berries,Fruit,Low Protein,Toddler Friendly,Kid Friendly,Weeknight,Brunch,< 30 Mins,Beginner Cook,Easy",464.8
Super Easy Peanut  Butter Fudge,"This recipe is very simple, but if you do not know how to make candy then please follow instructions precisely. I have altered the instructions after a few reviews that it was crumbly. This is not the recipes fault, it is inexperience. Proper candy making is about temperatures. 4 minutes of boiling (from the time the first small bubbles form) bring this candy up to proper fudge/softball temperature as long as you are cooking over medium heat. When in doubt, use a thermometer.",https://www.food.com/recipe/super-easy-peanut-butter-fudge-332323,20m,4m,24m,"48 1 inch squares, 20 serving(s)",4   cups    granulated sugar | 1   cup    milk | 2   cups    peanut butter | 1   tablespoon    butter | 1   tablespoon    vanilla extract,"Prepare a 9x11 glass dish by buttering the bottom. | In heavy bottom sauce pan combine sugar and milk. | Measure and set aside remaining ingredients. | Cook over MEDIUM HEAT (temperature too high will cause it to reach temperature sooner and lead to overcooking) stirring occasionally till it comes to a boil then stir constantly. | Let boil for 4 minutes EXACTLY, over cooking leads to crumbly fudge as it has moved past softball stage and into softcrack (measure from the first sight of littlest bubbles or use a thermometer - softball stage) I use a stop watch. Remove from heat. | Stir in remaining ingredients till all melted and smooth. | Pour into prepared dish and refrigerate until firm.","https://img.sndimg.com/food/image/upload/q_92,fl_progressive,w_1200,c_scale/v1/img/recipes/33/23/23/JIveudjMQ6OlAVgHMnUu_fudge1.jpg",Candy,All,"Dessert,Potluck,Sweet,< 30 Mins,For Large Groups,Easy",321.3
Toffee Brownie Trifle,"This is from the December 2002 edition of Quick Cooking, I believe.  This is so easy and so wonderful!  I am not allowed to come to work on my birthday if I don't bring this - I am asked all year long if my birthday is soon just so people can get a taste of this.  I end up giving out the recipe every year! (Prep time and serving size are a guess and do not include chilling time).",https://www.food.com/recipe/toffee-brownie-trifle-140674,15m,,15m,10-12 serving(s),"1 (18   ounce) package   brownie mix (9x13 pan size) | 2 1/2  cups   cold milk | 1 (3 1/2  ounce) package   cheesecake flavor instant pudding and pie filling mix or 1 (3 1/2  ounce) package   instant vanilla pudding | 1 (3 1/2  ounce) package   instant white chocolate pudding and pie filling mix (can also use the small boxes of sugar-free pudding) | 8   ounces    Cool Whip | 2 -3       Heath candy bars, chopped  (can also use packaged toffee bits)","Prepare and bake brownies as directed on package. | Cool completely, then cut into 1-inch cubes. | Beat milk and pudding mixes on low speed 2 minutes. | Fold Cool Whip into pudding. | Place 1/2 brownies into dish, cover with 1/2 pudding mixture. | Repeat layers. | Refrigerate until needed. | Sprinkle top with Heath bits just before serving.","https://img.sndimg.com/food/image/upload/q_92,fl_progressive,w_1200,c_scale/v1/img/recipes/14/06/74/06csZSOXQAq77HUY9etT_toffee-brownie-cake-04.jpg",Dessert,All,< 15 Mins,388.1
Chocolate Chip Panookies,You'll love these giant chocolate chip cookies that are baked in mini pie tins. These giant ooey gooey &quot;pan cookies&quot; are served right when there hot out of the oven with a scoop of ice cream.,https://www.food.com/recipe/chocolate-chip-panookies-409425,5m,20m,25m,"8 panookies, 8 serving(s)","2 1/4  cups    all-purpose flour | 1   teaspoon    baking soda | 1   pinch    salt | 1   cup    butter, softened | 3/4  cup    sugar | 3/4  cup   packed brown sugar | 2       eggs | 1   teaspoon    vanilla extract | 1 1/2  cups    semi-sweet chocolate chips | 1   cup    walnuts, chopped | vanilla ice cream, for serving","Preheat oven to 375 degrees and grease 8 (4 inch) pie tins. In a medium mixing bowl stir together flour, baking soda, and salt, set aside. | In a large mixing bowl with an electric mixer on medium speed cream butter and sugars until fluffy. Beat in eggs, one at a time, and vanilla. On low speed gradually add flour mixture and mix just until blended. Stir in chocolate chips and walnuts. | Divide dough between prepared pie tins and place onto a baking sheet. Bake for 20 minutes. Serve panookies immediately with a scoop of ice cream.","https://img.sndimg.com/food/image/upload/q_92,fl_progressive,w_1200,c_scale/v1/img/recipes/40/94/25/KXkk8BfqRsij5WMGwweA_Chocolate%20Chip%20Panookies_final_6.jpg",Dessert,All,"Cookie & Brownie,< 30 Mins,Easy",748.6
Mom's Caramel Rolls,Here is a recipe that I remember the most about my mom's baking. She has it committed to memory. I am glad I did get it out of her. It is a very easy recipe to make. I hope your family gets as much enjoyment out of it as mine does.,https://www.food.com/recipe/moms-caramel-rolls-61932,2h,20m,2h 20m,18 serving(s),2   cups    warm water (not hot) | 2 (1/4  ounce) packages   yeast (2 T bulk) | 1/2  cup    sugar | 2   teaspoons    salt | 4   tablespoons    butter (let sit out until soft) | 1       egg | 6 1/2  cups    flour | cinnamon-sugar mixture | 1 1/2  cups    brown sugar | 3/4  cup    butter | 3   tablespoons    water,"Mix water and yeast and wait 5 minutes. | Stir in sugar, salt and 2 cups of flour. | Add egg and butter and mix. | Stir in rest of flour by hand, if dough is still sticky add just enough to make it not sticky anymore. | Let raise until dough is double in size. | Sprinkle flour on surface and roll dough out until is approx 18 X 12 inches. | Spread a very thin layer of soft butter on dough and sprinkle cinnamon/sugar mixture on it. | Roll dough from the long side, it should look like a log. | Cut into 1 inch pieces. | Should be 18 pieces. | Place brown sugar and butter into microwave dish and heat until butter is just melted; stir well. | Stir in 3 T water. | Divide mixture into 3 pans (8-inch cake pans). | Place 6 pieces in each pan. | Let raise for about 45 minutes. | Bake for 20 minutes in a 325&deg;F oven. | When you take out of oven, turn each pan of rolls over on a plate, otherwise you will have a hard time getting them out when they cool. | If you can, let them cool slightly and enjoy them when they are still warm.","https://img.sndimg.com/food/image/upload/q_92,fl_progressive,w_1200,c_scale/v1/img/recipes/61/93/2/EkGSiHiQSRqJ07VtvaOU_14.jpg",Yeast Breads,All,"Breads,Breakfast,Healthy,Weeknight,Brunch,For Large Groups,< 4 Hours",352.4
The Best Snickerdoodles I Have Ever Eaten,"&quot;This must be one of the best cookies I have ever eaten.&quot; Yep, that's what my mother said the first time I ever made this cookie. It is a GREAT cookie recipe, and not difficult to make at all. I tripled the recipe and took it to school to sell... I sold all of them with in an 80 minute time span to only 4 people. They are good cookies, I can't resist them whenever I make them. And they turn out so nice whenever you bake them, it's hard to make an ugly snickerdoodle. lol. Enjoy. (prep time is estimated)",https://www.food.com/recipe/the-best-snickerdoodles-i-have-ever-eaten-49534,20m,14m,34m,16 cookies,"1/2  cup    butter, softened | 1/2  cup    granulated sugar | 1/3  cup    brown sugar (I used light brown) | 1       egg | 1/2  teaspoon    vanilla | 1 1/2  cups    flour | 1/4  teaspoon    salt | 1/2  teaspoon    baking soda | 1/4  teaspoon    cream of tartar | 2   tablespoons    granulated sugar | 1   teaspoon    cinnamon","In a large bowl, cream butter and sugars at high speed. | Add egg, vanilla, and beat until smooth. | In another bowl, combine flour, salt, baking soda, and cream of tartar. | Pour dry ingredients into the wet ingredients, mix well. | Preheat oven to 300&deg; while you let dough rest 30-60 minutes in fridge. | In a small bowl combine topping. | Take about 2 1/2 tablespoons of dough and roll it into a ball. | Roll this dough in the cinnamon/sugar mixture and press onto greased cookie sheet. | Bake cookies 10-12 minutes, NO MORE. | *Cookies may seem undercooked but will develop. | Don't roll your dough into too big of a ball; they may not turn out in that much time if you do that. | It happened to me. | lol. | If the cookies don't turn out, please try again. | It's a very good cookie, it's just all a matter of getting the cooking time right.","https://img.sndimg.com/food/image/upload/q_92,fl_progressive,w_1200,c_scale/v1/img/recipes/49/53/4/eyQdF8qbTzu3I9jmDE2D_0S9A5665.jpg",Dessert,All,"Cookie & Brownie,Kid Friendly,Christmas,Thanksgiving,< 60 Mins,Oven",146.6
New York Cheesecake,What a delicious way to end a meal! There's nothing better than a great piece of New York Cheesecake!,https://www.food.com/recipe/new-york-cheesecake-57025,30m,1h 30m,2h,12-16 serving(s),"2   cups   finely crushed graham cracker crumbs | 1/2  cup    butter or 1/2  cup    margarine, melted | 5 (8   ounce) packages   cream cheese, softened | 1 3/4  cups    sugar | 2   tablespoons    all-purpose flour | 1 1/2  teaspoons    vanilla | 5       eggs | 2       egg yolks | 1/3  cup    whipping cream | 1   teaspoon   finely shredded lemon, rind of","For crust, combine graham cracker crumbs and melted butter. | Stir until well combined. | Press onto bottom and about 2-1/2 inches up the sides of a 9x3-inch springform pan. | Mix cream cheese, sugar, flour, and vanilla. | Beat with an electric mixer until fluffy. | Add eggs and egg yolks, beating on low speed just until combined. | Stir in whipping cream and lemon peel. | Pour into pan. | Place pan in a shallow baking pan in the oven. (Does not mention anything about a water bath) | Bake in a 325 degree F oven about 1-1/2 hours or until center appears nearly set when shaken. | Cool 15 minutes. | Loosen crust from sides of pan. | Cool 30 minutes more; remove sides of pan. | Cool completely. | Chill 4 to 24 hours. | If desired, garnish with fresh berries.","https://img.sndimg.com/food/image/upload/q_92,fl_progressive,w_1200,c_scale/v1/img/recipes/57/02/5/10PIImsmQwqM1uXdc7FF_cheesecake-cherries-7411.jpg",Cheesecake,All,"Dessert,Cheese,Weeknight,Oven,< 4 Hours",630.6
Chocolate Eclair Cake,Make and share this Chocolate Eclair Cake recipe from Food.com.,https://www.food.com/recipe/chocolate-eclair-cake-18116,20m,,20m,12 serving(s),"1 (1   lb) box   honey graham crackers | 2   packages    French vanilla instant pudding | 1 (8   ounce) container   Cool Whip, thawed | 3   cups    milk | 2   ounces    unsweetened chocolate | 3   tablespoons    butter | 3   tablespoons    milk | 2   tablespoons    Karo syrup | 1   teaspoon    vanilla | 1 1/2  cups    powdered sugar","Line buttered 9 x 12 dish with graham crackers. | Combine pudding mix with milk. | Fold in Cool Whip. | Pour half of the mixture over crackers. | Add second layer of crackers. | Add remaining pudding mixture. | Add final layer of graham crackers. | Over medium heat, melt chocolate glaze except for the powdered sugar. | Remove from heat. | Beat in 1-1/2 cups powdered sugar. | Pour over crackers. | Refrigerate overnight.","https://img.sndimg.com/food/image/upload/q_92,fl_progressive,w_1200,c_scale/v1/img/recipes/18/11/6/Aym2f48OQbab4lamnSqc_untitled-7786.jpg",Dessert,All,< 30 Mins,692.7
Banana Bread Brownies,Caught this on facebook and submitted here for safekeeping.  Prep time and number of servings are estimations.,https://www.food.com/recipe/banana-bread-brownies-507176,20m,20m,40m,"15 15 brownies, 15 serving(s)","1 1/2  cups    sugar | 1   cup    sour cream | 1/2  cup    butter, softened | 2       eggs | 3 -4       bananas, mashed | 2   teaspoons    vanilla extract | 2   cups    all-purpose flour | 1   teaspoon    baking soda | 3/4  teaspoon    salt | 1/2  cup    walnuts, chopped  (optional) | 1/2  cup    butter | 4   cups    powdered sugar | 1 1/2  teaspoons    vanilla extract | 3   tablespoons    milk","Heat oven to 375&deg;F Grease and flour 15x10-inch jelly roll pan. For the bars, in a large bowl, beat together sugar, sour cream, butter, and eggs until creamy. Blend in bananas and vanilla extract. Add flour, baking soda, salt, and blend for 1 minute. Stir in walnuts. | Spread batter evenly into pan. Bake 20 to 25 minutes or until golden brown. | Meanwhile, for frosting, heat butter in a large saucepan over medium heat until boiling. Let the butter turn a delicate brown and remove from heat immediately. | Add powdered sugar, vanilla extract and milk. Whisk together until smooth (it should be thicker than a glaze but thinner than frosting). Using a spatula, spread the brown butter frosting over the warm bars (the frosting will be easier to spread while the bars are still warm).","https://img.sndimg.com/food/image/upload/q_92,fl_progressive,w_1200,c_scale/v1/img/recipes/50/71/76/hs2ejdAZTvebR7Q79qoF_Banana%20Bread%20Brownies_final%203.jpg",Dessert,All,"Fruit,Low Protein,< 60 Mins,For Large Groups,From Scratch",436.0
Tiramisu Layer Cake,This is a fabulous recipe that is sure to impress!  It looks and tastes like a much more difficult cake.  It's a wonderful indulgence!  (This cake was much easier for me to make the 2nd time around when I knew what to expect.),https://www.food.com/recipe/tiramisu-layer-cake-202785,30m,30m,1h,12 serving(s),1 (18 1/4  ounce) package   white cake mix | 3       egg whites (or as called for by your cake mix) | 1/3  cup    oil (or as called for by your cake mix) | 1 1/3  cups    water (or as called for by your cake mix) | 2   teaspoons    instant coffee powder | 1/2  cup    coffee | 3   tablespoons    Kahlua | 1 (8   ounce) container   mascarpone cheese | 1/2  cup    powdered sugar | 2   tablespoons    Kahlua | 2   cups    heavy cream | 1/4  cup    confectioners' sugar | 2   tablespoons    Kahlua | 2   tablespoons    unsweetened cocoa powder | 1 (1   ounce)   square semisweet chocolate,"Preheat oven to 350&deg;F Grease and flour 3 (9-inch) round pans. | Prepare the cake mix according to package directions. | Divide two thirds of batter between 2 pans. | Stir instant coffee into remaining batter; pour into remaining pan. | Bake in the preheated oven for 20-25 minutes, or until a toothpick inserted into the center of the cake comes out clean. | Let cool in pan for 10 minutes, then turn out onto a wire rack and cool completely. | In a measuring cup, combine brewed coffee and 3 tablespoons Kahlua; set aside. | To make the filling: In a small bowl, using an electric mixer set on low speed, combine mascarpone, 1/2 cup powdered sugar and 2 tablespoons Kahlua; beat just until smooth. | Cover with plastic wrap and refrigerate. | To make the frosting: In a medium bowl, using an electric mixer set on medium-high speed, beat the cream, 1/4 cup powdered sugar and 2 tablespoons Kahlua until stiff. | Fold 1/2 cup of cream mixture into filling mixture. | To assemble the cake: Place one plain cake layer on a serving plate. Using a thin skewer, poke holes in cake, about 1 inch apart. | Spoon one third of reserved coffee mixture over cake, then spread with half of the filling mixture. | Top with coffee-flavored cake layer; poke holes in cake. | Spoon another third of the coffee mixture over the second layer and spread with the remaining filling. | Top with remaining cake layer; poke holes in cake. | Spoon remaining coffee mixture on top. | Spread sides and top of cake with frosting. | Place cocoa in a sieve and lightly dust top of cake. | Garnish with chocolate curls. | Refrigerate at least 30 minutes before serving. | To make the chocolate curls, use a vegetable peeler and run it down the edge of the chocolate bar.","https://img.sndimg.com/food/image/upload/q_92,fl_progressive,w_1200,c_scale/v1/img/recipes/20/27/85/Ij1SHD8TQ1g4MUz24nQ3_food.com-60.jpg",Dessert,All,"Christmas,< 60 Mins",456.6
Brennan's Bananas Foster,"Created in 1951, Bananas Foster are now found all over the US but the original comes from Brennan's in New Orleans, LA. Over 35,000 lbs of banana's are used every year at Brennan's. I haven't made this recipe yet, so the time is approximate.",https://www.food.com/recipe/brennans-bananas-foster-232907,10m,5m,15m,4 serving(s),"1/4  cup    butter (1/2 stick) | 1   cup    brown sugar | 1/2  teaspoon    cinnamon | 1/4  cup    banana liqueur | 4       bananas, cut in half lengthwise, then halved | 1/4  cup    dark rum | 4   scoops    vanilla ice cream","Combine the butter, sugar and cinnamon in a flamb&eacute; pan or skillet. | Place the pan over low heat either on an alcohol burner or on top of the stove, and cook, stirring, until the sugar dissolves. | Stir in the banana liqueur, then place the bananas in the pan. When the banana sections soften and begin to brown, carefully add the rum. | Continue to cook the sauce until the rum is hot, then tip the pan slightly to ignite the rum, or ignite with a long match. | When the flames subside, lift the bananas out of the pan and place four pieces over each portion of ice cream. | Generously spoon warm sauce over the top of the ice cream and serve immediately.","https://img.sndimg.com/food/image/upload/q_92,fl_progressive,w_1200,c_scale/v1/img/recipes/23/29/07/JfMRguwVQ7ZRfxKZPwUb_0S9A5080.jpg",Dessert,All,"Tropical Fruits,Fruit,Brunch,< 15 Mins",585.3
