title,description,url,prep_time,cook_time,total_time,servings,ingredients,instructions,image_url,recipe_category,recipe_cuisine,keywords,calories,rating_value,rating_count,review_count
Baked Bao Bun with Lamb Filling (羊肉烤包子),"Intensely flavoured with spices and cooked to perfection, baked bao bun with lamb filling is super delicious. Follow my recipe and video to make them!",https://redhousespice.com/baked-bao-bun-with-lamb/,40m,30m,70m,12 buns,"[For the lamb] 150 g lamb, diced see note 1 ,1½ teaspoon cumin powder ,½ teaspoon dark soy sauce ,½ teaspoon sesame oil ,¼ teaspoon salt ,1 teaspoon cornstarch ,3 tablespoon water | [For the vegetables] 30 g lamb fat, diced or 1 tablespoon cooking oil, see note 2 ,2 medium onion, finely chopped ,1 teaspoon cumin seeds ,1 teaspoon chilli flakes ,1 small carrot, grated | [For the wrappers] 250 g all-purpose/plain flour see note 3 ,1 teaspoon instant dry yeast see note 4 ,¾ teaspoon baking powder ,1 teaspoon sugar ,130 ml lukewarm water adjust a little if necessary, see note 5 | [You also need] ½ tablespoon cooking oil ,Sesame seeds","[Marinate the lamb] 1) Put diced lamb into a bowl. Add cumin powder, dark soy sauce, sesame oil, salt, cornstarch and water. Mix until no liquid can be seen. | [Fry the vegetables] 1) Cook diced lamb fat in a wok over low heat until oil appears and the pieces brown. Discard them and keep the oil. | 2) Stir in onion. Fry until it slightly browns. | 3) Add cumin seeds, chilli flakes and carrot. Fry for one minute or so. | 4) Transfer to a plate to cool. Then mix with the marinated lamb. Set aside. | [Prepare the dough] 1) If kneading with a stand mixer : Add flour, yeast, baking powder, sugar and water to the bowl. Knead on low speed until a very smooth dough forms (about 8 minutes). | 2) If kneading by hand : Mix flour, yeast, baking powder and sugar. Add water gradually. Mix with chopsticks/spatula until no more loose flour can be seen. Combine and knead briefly into a dough. Leave to rest for 10 minutes (covered). Knead again until very smooth. | [Assemble the buns (please refer to my tutorial video below)] 1) Divide the dough into 12 equal pieces. Roll each piece into a disk-like wrapper. | 2) Place a spoonful of filling in the middle of a wrapper then fold into a bao shape. | 3) Place assembled bao buns into a baking tray (Brushed with a thin layer of oil or lined with parchment paper). | 4) Leave to rest for 30 minutes until they expand a little (see note 6). | 5) Brush a thin layer of oil on the buns. Sprinkle sesame seeds over. | [Bake the buns] 1) Preheat oven at 410°F/210°C/Fan 190°C. Place the baking tray on the middle rack. Cook for 18 mins. | 2) Then turn the heat up to 480°F/250°C/Fan 230°C. Cook for a further 3-5 mins. If you’re making these buns for the first time, be attentive not to burn them. Please feel free to adjust the time if necessary as different ovens perform slightly differently.",https://redhousespice.com/wp-content/uploads/2020/07/Baked-Bao-Bun-with-Lamb-Filling-17-scaled.jpg,Main Course,Chinese,"Bao, Lamb",,5.0,17.0,33.0
"Bao Buns, A Foolproof Recipe","This recipe is for making steamed, folded bao buns which are the simplest type to make at home. It introduces a single-proof method that consistently produces good results.",https://redhousespice.com/bao/,20m,10m,60m,8 to 12 buns,"[Ingredients] 300 g all-purpose flour see note 1 for substitutes ,1¼ teaspoon instant yeast see note 2 for substitutes ,1 teaspoon baking powder ,1 teaspoon white sugar ,165 g lukewarm water, or milk see note 3 ,Oil for brushing","[Prepare the dough] 1) Manual Method : In a large bowl, mix flour, instant yeast, baking powder and sugar (see note 2 if using dry active yeast or fresh yeast). Gradually add water/milk while stirring with chopsticks. Combine and knead by hand until a rough-looking dough forms. Rest for 10 minutes then knead for 2-3 minutes until it becomes very smooth. | 2) Stand-mixer Method : Add flour, instant yeast, baking powder, sugar and water/milk to the mixing bowl (see note 2 if using dry active yeast or fresh yeast). Mix and knead with a dough hook on low speed for 8-10 minutes until a smooth dough forms. | [Shape the bao buns] 1) Rolling pin method: Roll the dough into a rope. Divide into 8-12 equal pieces. Roll them into balls then flatten each with a rolling pin into an oval shape, about ⅕ inch (½ cm) thick (dust with flour when necessary to prevent sticking). Brush a thin layer of oil over half of the oval then fold over lengthways. | 2) Cutter method: Flatten the dough with a rolling pin into a rectangle, about ⅕ inch (½ cm) thick. Use a large round cutter to cut out circles, then roll each piece into an oval shape. Combine the leftover dough and repeat to cut out more (dust with flour when necessary to prevent sticking). Brush oil over half of the oval then fold over lengthways. | [Rest] 1) Line the steamer baskets with perforated parchment paper or silicone steamer liners (or oil the surface if using metal or plastic steamers). Place the bao buns over leaving enough space in between for expansion. | 2) Leave to proof for about 30 minutes (see note 4) until the buns become a little bigger, plumper and feel lighter in weight. | [Steam] 1) Add 2 cups (500ml) of water to the wok or pot that you use for steaming. Place the baskets on top (you may stack up several and cook all at once). Cover with a lid. | 2) Firstly, cook over high heat. As soon as the water starts to boil (when you see steam coming out through gaps), turn the heat to medium-low. From this moment, steam for 10 minutes. | [Store] 1) Once completely cool, store leftover buns in the fridge for up to 4 days or in the freezer for 2 months. Reheat by steaming them for 5 minutes if chilled or 7 minutes if frozen. | [Make ahead] 1) Cook them as instructed above then freeze them once cooled (It’s not recommended to freeze uncooked bao buns as the yeast dough doesn’t rise properly after freezing). | 2) Defrost them in the fridge overnight then steam for 5 minutes before serving. Or, reheat them without defrosting for 7 minutes.",https://redhousespice.com/wp-content/uploads/2022/12/plain-and-filled-bao-buns-2-scaled.jpg,Side Dish,Chinese,"Bao, Chinese bao, Chinese buns, steamed buns",145 kcal,5.0,174.0,227.0
"Char Siu Bao (BBQ Pork Buns, 叉烧包)","A tried-and-tested recipe for Char Siu Bao, a Chinese dim sum stuffed bun that’s famous for its fluffy, cotton-like wrapper and saucy Char Siu filling. A tutorial video are included.",https://redhousespice.com/char-siu-bao/,40m,15m,85m,14 bao,"[For the filling] ½ tablespoon neutral cooking oil ,½ onion, sliced ,120 g water ,2 tablespoon oyster sauce ,1 tablespoon Char Siu sauce see note 1 ,1 teaspoon dark soy sauce ,2 tablespoon tapioca starch (or corn starch), mix with 3 tablespoon water ,130 g Char Siu (Chinese BBQ pork) see note 2 | [For the dough] 350 g bao flour/cake flour, or all-purpose flour see note 3 ,2 tablespoon sugar ,2 teaspoon baking powder ,2 teaspoon instant dry yeast see note 5 ,1½ tablespoon neutral cooking oil ,180 g lukewarm water, adjust if necessary see note 4","[Prepare the filling] 1) Add oil to a pan. Fry onion until slightly golden. | 2) Pour in water. Then add oyster sauce, Char Siu sauce and dark soy sauce. Leave it to boil for 30 seconds. Use a slotted spoon to remove the onion. | 3) Turn the heat to the lowest. Mix the starch water very well then pour in. Stir constantly until the liquid turns into jelly. Transfer to a bowl to cool. | 4) Coarsely chop Char Siu into small pieces. Add to the jelly. Mix well and set aside. | [Make the dough] 1) IF USING HANDS: Mix flour, sugar, baking powder, yeast and oil in a bowl. Add water gradually while mixing with a pair of chopsticks/spatula. Combine with your hands to form a dough. Rest (covered ) for 10 mins then knead again until very smooth. | 2) IF USING A STAND MIXER: Add all the ingredients for the dough into the mixing bowl. Knead on low speed for about 8 mins until a smooth dough forms. | [Roll the wrappers] 1) Divide the dough into 14 equal parts. Work on one piece at a time and make sure you cover the rest to prevent it from drying out. | 2) With a rolling pin, flatten one piece into a disc-like wrapper, 9-10cm in diameter. Ideally, it should be thinner on the edge & thicker in the middle (See the rolling technique in the video below). | [Shape the bao] 1) Place a spoonful of filling (about 20g) in the middle of the wrapper. To ensure a “crack open” effect after steaming, follow the folding technique shown in the video below to seal the bao. Alternatively, pleat the bao using the regular method introduced in my recipe for “ Steamed Bao Buns, A Complete Guide ”. | [Rest the bao] 1) Repeat to finish all the wrappers and filling. Then place the bao into steamer baskets lined with parchment paper to prevent sticking (Alternatively, brush a thin layer of oil if using a metal/plastic steamer). | 2) Leave to rest for 30 minutes or so until they become very light & plump (no need to cover). | [Steam the bao] 1) Bring water to a full boil in a wok/pot. Place the steamer baskets in. Steam over medium-high heat for 10 mins. Serve immediately. | [Store & reheat] 1) You can make extra filling for later use and store it in the freezer for up to three months. | 2) It’s not recommended to store uncooked bao. Instead, cooked bao freeze very well. Consume within three months. | 3) To reheat: Defrost in the fridge then steam for 3 mins. Alternatively, steam for 6 mins without defrosting.",https://redhousespice.com/wp-content/uploads/2020/12/An-open-char-siu-bao.jpg,Main Course,Chinese,"Authentic, Bao, Buns, Cantonese, Dim Sum",169 kcal,5.0,82.0,120.0
"Chinese Doughnut Sticks (Youtiao, 油条)","A comforting breakfast staple loved by many, Chinese doughnut sticks (Youtiao) are light, airy and pleasantly chewy. Follow my recipe to make it at home without fail.",https://redhousespice.com/chinese-doughnut-stick/,20m,15m,155m,10 sticks,"[For the dough] 400 g all-purpose flour/plain flour ,2 teaspoon baking powder ,¼ teaspoon baking soda optional, see note 1 ,½ teaspoon salt ,2 eggs, lightly beaten, plus water combined to 250g see note 2 ,2 tablespoon neutral cooking oil plus some for coating | [You also need] Flour for dusting ,Oil for deep-frying see note 3","[Make the dough] 1) With a stand mixer: Add flour, baking powder, baking soda (if using), salt, the egg water mixture and oil into the bowl. Mix and knead on low speed for about 8 minutes. Rub a little oil on your hands (to prevent sticking) and remove the dough. | 2) Manually: use a silicon spatular to mix and combine all the ingredients into a rough-looking dough. Cover and rest for 15 mins. Coat your hands with oil (to prevent sticking). Use your fist to press the dough. Then use fingers to fold the dough from the side towards the centre. Repeat the movement until the dough becomes smooth (at this stage it should be soft but not sticky). | [Rest the dough] 1) Divide the dough into two equal portions. Shape each one into a smooth ball. Coat with oil then cover with cling film. | 2) Rest the dough for 2-4 hours at room temperature. Or, keep it in the fridge overnight. The next morning, wait for at least 1 hour until it comes back to room temperature. | [Shape the sticks] 1) Before handling the dough, start heating up the oil for deep frying. | 2) Transfer the dough pieces onto the work surface (or a chopping board) dusted with flour. Use your hands to flatten each piece into a rectangle shape (about 10×25 cm/4×10 inch). Remember not to knead it again but handle it gently. | 3) Lightly dust the dough with flour to prevent sticking. Then cut each piece into 10 equal strips. | 4) Lay one strip on top of another. Press the centre with a chopstick lengthways to stick them together. Repeat the procedure with the rest of the dough pieces (dust with flour where necessary). | [Fry the sticks] 1) Once the oil reaches 190°C/374°F (see note 4), turn the heat down to low. Gently stretch the dough then carefully lower it into the oil (be careful not to splash). | 2) When it comes up to the surface, roll it around continuously with a pair of chopsticks. Once the dough stops expanding and is evenly golden, transfer it to a plate lined with kitchen paper (to soak up excess oil). | 3) Repeat the procedure to cook the rest of the dough. You may cook two sticks at the same time, but do not fry more at once since this will decrease the oil temperature too much. | [Store & reheat] 1) Doughnut sticks taste best when warm. You may store leftovers in an airtight bag in the fridge for up to three days or in the freezer for 2 months. | 2) Reheat the chilled ones in a frying pan (without oil) over low heat until warm. Flip several times to heat evenly. | 3) For frozen ones, you may heat it up in the oven (preheated at 180°C/ 356°F) for 5 mins without defrosting. Or defrost first then warm up in a frying pan.",https://redhousespice.com/wp-content/uploads/2021/04/chinese-fried-dough.jpg,Breakfast,Chinese,Bread,230 kcal,5.0,73.0,153.0
Chinese Meat Pies (Xian Bing/馅饼),"With their juicy filling encased in golden wrappers and pan-fried to perfection, Chinese meat pies are a delightful staple that you simply must try.",https://redhousespice.com/chinese-meat-pies/,25m,15m,70m,8 pies,"[For the dough] 300 g all-purspose flour aka plain flour (see note 1) ,120 g hot water ,45 g room-temperature water (see note 1) ,2 tablespoon neutral cooking oil plus extra for coating | [For the filling] 300 g ground pork or beef/lamb ,6 stalks scallions finely chopped ,1 tablespoon minced ginger ,1 tablespoon light soy sauce ,1 tablespoon dark soy sauce ,1 teaspoon sesame oil ,¼ teaspoon ground Sichuan pepper or five-spice powder ,¼ teaspoon ground white pepper ,4 tablespoon water or unsalted stock | [For pan-frying] Neutral cooking oil","[Prepare the dough] 1) Put flour into a mixing bowl. Pour hot water over then mix with chopsticks. Add room temperature water and cooking oil. Stir well then combine and knead with hands. | 2) As soon as a cohesive dough forms (it doesn’t need to look smooth), cover it and let it rest for 20 minutes. | 3) Knead the dough again until it becomes smooth. Coat the work surface and your hands with a little oil to prevent sticking. Roll the dough into a log then cut it into 8 equal portions. | 4) Shape each piece into a ball, making sure it’s lightly coated with oil from your hands. Cover them with plastic wrap, then leave to rest for a further 10 minutes. | [Mix the filling] 1) While waiting for the dough to rest, prepare the filling by adding all the ingredients (meat, scallions, ginger, soy sauce, sesame oil, five-spice, white pepper, and water) into a mixing bowl. Stir with chopsticks in one direction until the mixture becomes sticky. | [Assemble] 1) Put a piece of dough on the work surface. Flatten it into a disc with your fingers, about ⅕ inch (½ cm) thick. | 2) Hold the wrapper with your non-dominant hand. Place ⅛ of the filling over the wrapper. Use the thumb and index finger of your dominant hand to pleat the dough to wrap the filling tightly, while using the thumb of your non-dominant hand to push the filling inwards. Seal the dough securely in the middle ( please refer to the video tutorial below ). | 3) Place the assembled pie on an oiled tray. Repeat the procedure to shape other pies. | [Pan-fry] 1) In a heavy-bottomed skillet/frying pan, heat oil enough to cover the surface. Gently put inthe stuffed dough balls and flatten them into discs with your fingers or a spatula, about 1 inch (2½ cm) thick (see note 2). | 2) Leave to fry over low heat until the first side becomes golden. Flip over the pies and cover the skillet with a lid. Fry until the other side browns. Flip again to further crisp the first side for 20 seconds or so. | [Make ahead] 1) Flatten stuffed dough balls into discs. Lay them over a tray and freeze until solid. Transfer frozen pies into airtight bags. Store in the freezer for up to 2 months. | 2) Without defrosting, pan-fry frozen pies in a little oil over medium-low heat, with the lid on all the time, until both sides turn golden.",https://redhousespice.com/wp-content/uploads/2024/02/chinese-meat-pies-xian-bing-scaled.jpg,Main Course,Chinese,"Chinese flatbread, stuffed flatbread",185 kcal,4.89,18.0,50.0
Chinese pork burger (Rou Jia Mo 肉夹馍),"A simple pan-baked flatbread stuffed with spiced pork belly, fresh coriander and chilli, Chinese pork burger is tangy, flavourful, moist and extremely comforting.",https://redhousespice.com/chinese-pork-burger/,20m,70m,90m,4 burgers,"[For the flatbread] 2 cups all-purpose flour ,½ cup water ,1 teaspoon instant yeast see note 1 ,1 teaspoon sugar ,1 teaspoon cooking oil | [For the meat] 1 lb pork belly ,5 slice ginger ,2 stalk scallions cut into sections ,1 star-anise ,1 bay leaf ,1 piece cassia cinnamon ,¼ teaspoon fennel seeds ,2 pieces clove optional ,½ teaspoon Sichuan peppercorns ,4 dried chilli ,1 tablespoon light soy sauce ,½ tablespoon dark soy sauce ,1 tablespoon Shaoxing rice wine ,½ tablespoon rock sugar or granulated sugar ,½ teaspoon salt | [You also need] 1 handful coriander ,4 fresh chili or to taste","[Prepare the dough] 1) Mix all the ingredients (including the oil). Knead with your hands or a stand mixer until a smooth, firm dough forms (see note 2). | 2) Cover the bowl with a wet kitchen towel then leave to rise until double in size (see note 3). | [Braise the pork] 1) Blanch the pork in hot water then drain. | 2) Put the pork and all the other ingredients into a pot. Fill with water enough to cover the meat completely. | 3) Bring the water to a boil. Then leave to simmer for at least 1 hour until the meat becomes very tender. | [Shape the bread] 1) Cut the dough into 4 equal pieces. | 2) Flatten one piece of dough into a long oval shape. | 3) Roll the dough into a cylinder. Stand the cylinder on one end. | 4) Press it down then flatten it with a rolling pin (about 4 inches/10cm in diameter). Repeat the procedure to finish other pieces of dough | [Cook the bread] 1) Place the dough into a frying pan over low heat (without any oil). Cover the pan with a lid. | 2) Flip the bread over when the first side becomes golden brown. | 3) Cook the second side with the lid on (see note 4). | [Assemble the burger] 1) When the bread is cool enough to handle, slice open from one side (do not cut through). | 2) Chop the pork, coriander and chilli into small pieces. Pour some broth onto the chopped meat. | 3) Stuff the bread with the filling mixture. | [Store & reheat] 1) If you don’t wish to serve the burgers right away, you can assemble them in advance then wrap each one tight in microwave-safe cling film. | 2) Reheat on full power for about 40 seconds in the microwave.",https://redhousespice.com/wp-content/uploads/2020/01/Chinese-pork-burger-foodgawker2.jpg,Main Course,Chinese,Bread,505 kcal,5.0,19.0,59.0
Chinese steamed eggs (蒸蛋羹),"Smooth, slippery and heavenly soft, Chinese steamed eggs requires minimum ingredients yet delivers a delicate look and flavour. Learn how to make it flawlessly.",https://redhousespice.com/chinese-steamed-eggs/,3m,10m,13m,2 servings,"[Ingredients] 2 eggs beaten ,Warm water double volume of the beaten eggs (see note 1 & 2) ,1 pinch salt ,1 teaspoon chive finely chopped (optional) ,2 teaspoon light soy sauce ,2 drop sesame oil | [Extra garnish (optional)] Prawns peeled and deveined ,Asparagus & carrot","[Instructions] 1) Pour warm water into the beaten eggs. Add salt then stir well. | 2) Through a sieve, pour the mixture into 2 small serving bowls. Sprinkle chive over if using. | 3) Cover the bowls with cling film. Pierce to allow the steam to escape. | 4) Steam for 10-12 minutes over a gentle heat (place the bowls in when the water starts to boil). | 5) Season with light soy sauce and sesame oil (if you wish, cut through the curd several times to let the sauce penetrate). Serve warm. | 6) If using extra garnish: Steam the egg as usual for 7 minutes, then place in prawns and vegetables. Steam for a further 3 minutes.",https://redhousespice.com/wp-content/uploads/2017/10/Chinese-steamed-eggs-landscape-1-1.jpg,Breakfast,Chinese,Eggs,76 kcal,5.0,218.0,315.0
"Peking Duck Pancakes (Chun Bing, 春饼)","Thin, soft and pliable, Peking duck pancakes can be easily made from scratch. They’re perfect wraps for any fillings of your choice.",https://redhousespice.com/easy-chinese-tortilla/,30m,15m,75m,16 pancakes,"[Ingredients] 360 g all-purpose flour (aka plain flour) ,230 g hot water (just boiled) ,1 tablespoon cooking oil for brushing","[Make and rest the dough] 1) Put flour into a heatproof bowl. Pour in hot water (soon after being boiled). Stir with a pair of chopsticks or a fork until small lumps appear and no more loose flour is left. | 2) As soon as cool enough to handle, knead the mixture into a soft, smooth dough (You may also use a stand mixer). | 3) Keep the dough in the bowl. Brush a thin layer of oil over it to avoid drying out. Cover the bowl with a lid and leave to rest for 30 minutes at room temperature. | [Prepare the dough pieces] 1) Briefly knead the dough again. Then cut it into four equal portions. Roll each portion into a cylinder then divide it into four pieces (You'll end up with 16 pieces). For best results, try your best to divide the dough as evenly as possible. | 2) Flatten each piece with the palm of your hand into a small disk. Brush the top of one disk with a layer of oil, then place another disk on top. Repeat to pile up every two dough pieces. | [Roll and cook the pancakes] 1) With a rolling pin, flatten one pair of disks until they measure about 18cm/7in (flip several times to ensure that two pieces of dough are evenly rolled out). If necessary, lightly oil the surface and the rolling pin to avoid sticking. | 2) Heat up a frying pan over medium heat. Transfer the rolled pancakes into the pan. Cover with a lid. As soon as air pockets appear, flip over to cook the other side. Be attentive and adjust the heat if needed. When the pan is too hot, the pancakes will burn easily. If it’s not hot enough, it will take longer to cook and the pancakes will be drier. It should take no more than 2 minutes to cook both sides. | 3) Transfer the cooked pancakes onto a plate. Cover with a kitchen towel immediately to keep them soft and pliable. | 4) To be efficient, follow a good workflow to cook the rest of the pancakes: While waiting for one pair to cook, roll out another pair. When the first pair is done, the second pair should be ready for the pan. | [Serve and store] 1) As soon as you finish cooking, separate all the double pancakes into single pieces (Don’t delay this step as they'll become difficult to separate once cooled). Serve them warm with fillings of your choice (check out the recipe for Roast Peking Duck ). | 2) Store leftover pancakes in airtight bags in the fridge for 3 days or in the freezer for 1 month or so. | 3) To reheat , Steam for 3 minutes if chilled or 6 minutes if frozen. You may also use an oven: Defrost first if frozen. Sprinkle a little water between each pancake. Then wrap them in aluminium foil. Put into a preheated oven at 180°C/350°F. Heat for about 6 minutes.",https://redhousespice.com/wp-content/uploads/2022/01/pan-baked-peking-duck-pancakes-scaled.jpg,Side Dish,Chinese,Bread,83 kcal,5.0,101.0,132.0
"Egg Fried Rice (蛋炒饭), A Traditional Recipe","Light, fluffy and tasty, Chinese egg fried rice is an easy stir fry that anyone can make. The key to success: use chilled cooked rice that's not overly sticky; stir fry over high heat for a short period of time.",https://redhousespice.com/egg-fried-rice/,5m,5m,10m,3 servings,"[Ingredients] 3 cups cold cooked white rice (see footnote 1) about 400g/14oz ,2 eggs ,1½ tablespoon neutral cooking oil divided ,2 cloves garlic, minced ,1 stalk scallions, finely chopped ,1 teaspoon light soy sauce or gluten-free soy sauce, tamari ,½ teaspoon sesame oil ,¼ teaspoon salt or to taste ,1 pinch ground white pepper","[Instructions] 1) Loosen the rice grains as much as possible with chopsticks or a spoon. Lightly beat the eggs until the whites and yolks are fully incorporated. | 2) Heat up an empty, well-seasoned wok over high heat until it becomes very hot (smoke rises). Pour in 1 tablespoon of oil then swirl it around to coat the side of the wok. N.B. See footnote 2 if using a cookware with non-stick coating . | 3) Pour in the egg. Once it begins to set at the bottom, stir to help the running part flow. Use a spatula to scramble quickly so that it turns into small pieces. Transfer out and set aside. | 4) Place the wok back on the burner. Add the remaining ½ tablespoon of oil. Fry garlic until fragrant then add the rice. Stir and toss continuously until the rice is piping hot. Use the spatula to break any clumps. | 5) Return the egg to the wok, along with scallions. Continue frying until everything is heated thoroughly. | 6) Season with light soy sauce, sesame oil, salt and white pepper. Give everything a good stir. Dish out and serve immediately.",https://redhousespice.com/wp-content/uploads/2021/10/authentic-egg-fried-rice.jpg,Side Dish,Chinese,"Eggs, Rice, Stir-fry",281 kcal,5.0,255.0,311.0
"Egg and scallion crepe (Ji Dan Bing, 鸡蛋饼)",A simple dish with great taste and texture. Check out this egg and scallion crepe recipe to learn the perfect batter ratio and cooking method.,https://redhousespice.com/egg-scallion-crepe/,3m,12m,15m,9 crepes (18 cm/7 inch),"[Ingredients] ¾ cup all-purpose flour 100g ,1 cup water ,3 medium eggs see note 1 ,¼ teaspoon salt ,⅛ teaspoon ground Sichuan pepper or white pepper/black pepper ,2 stalks scallions finely chopped ,Cooking oil optional if using a non-stick pan","[Prepare the batter] 1) Mix flour and water first until well combined (see note 2). | 2) Crack eggs into the mixture. Add salt, white pepper and scallions. Whisk until smooth. | [Cook the crepes] 1) Heat up a non-stick pan over medium-high heat. Pour in some batter and swirl to evenly cover the surface. To make an 18 cm/7 inch crepe, I use about 4 tablespoon of batter for each ( If using a pan without non-stick coating : coat it with a thin layer of oil each time before you pour in the batter). | 2) The first side is done when the crepe moves freely in the pan. Flip over to cook the other side. | 3) Transfer out when both sides are cooked (It takes me around 80 seconds). Repeat to finish the rest of the batter. | [Serve the crepes] 1) You may serve these crepes on their own, or with a sauce, e.g. Chinese chili oil , pickled chili garlic sauce , black bean sauce , sweet soy sauce, etc. | [Make ahead] 1) You may mix the batter the night before and leave it in the fridge. Stir very well before using. Cook the usual way. | 2) Cooked crepes freeze well. Store in air-tight containers and consume within 3 months. Defrost in the fridge then reheat briefly in a pan (or use a microwave).",https://redhousespice.com/wp-content/uploads/2020/09/Egg-scallion-crepe-10.jpg,Breakfast,Chinese,"Ji Dan Bing, Pancake",60 kcal,5.0,38.0,53.0
"Gua Bao (pork belly buns, 刈包)","Tender pork belly sandwiched in a fluffy bun, topped with fermented vegetable and peanuts, Gua Bao delivers a great combination of flavour and texture.",https://redhousespice.com/gua-bao-pork-belly-buns/,20m,70m,90m,8 bao,"[For the buns] 300 g all-purpose/plain flour see note 1 ,1 teaspoon instant dry yeast ,1 teaspoon baking powder ,1 teaspoon sugar ,155 ml lukewarm water see note 2 | [For the pork] 500 g pork belly ,1 tablespoon cooking oil ,1 thumb-sized ginger ,2 star anise ,2 small pieces cassia cinnamon/Chinese cinnamon ,1 teaspoon Sichuan peppercorn ,1 teaspoon fennel seeds ,1 bay leaf ,6 dried chillies ,1 small piece rock sugar or 1 teaspoon regular sugar ,1 tablespoon light soy sauce ,1 tablespoon dark soy sauce | [You also need] coriander or other herbs of your choice ,kimchi or other fermented vegetables, see note 3 ,roasted peanuts, coarsely crushed see note 4 & 5 ,fresh chilli, finely chopped optional","[Cook the pork belly] 1) Cut the pork belly into 8 rectangle pieces. | 2) Heat oil in a frying pan over high heat. Fry the pork belly until both sides turn golden. | 3) Add ginger, spices, sugar, dark & light soy sauce. Pour in boiling water (just enough to cover the meat). | 4) Turn the heat down low. Leave to simmer for about 1 hour until the meat becomes very tender. | [Prepare the dough] 1) IF KNEADING BY HAND: Mix flour, yeast, baking powder and sugar. Add water gradually. Mix with chopsticks/spatula until no more loose flour can be seen. Combine and knead briefly into a dough. Leave to rest for 10 minutes (covered). Knead again until very smooth. | 2) IF KNEADING WITH A STAND MIXER: Mix flour, yeast, baking powder and sugar in the bowl. Knead on low speed until a very smooth dough forms (about 8 minutes) | [Shape the buns] 1) Divide the dough into 8 pieces. Roll each piece into a ball. | 2) Press the ball with the palm of your hand. Flatten it with a rolling pin into an oval shape. | 3) Fold the dough lengthways and place a piece of parchment paper in between (please refer to the tutorial video below). | [Rest the buns] 1) Place the buns in the steamer basket (line with steamer parchment paper or brush a thin layer of oil to avoid sticking). Make sure to leave ample space in between each one. | 2) Leave to rest for around 30 minutes. Well-rested buns should be slightly bigger but not double the size (see note 6). | [Steam the buns] 1) Place the steaming basket onto a pot/wok filled with cold water. Start cooking over high heat. | 2) Turn down to medium-low once the water is at a full boil. Count 10 mins from this moment. | [Assemble the dish] 1) Open up one bun. Place in coriander, then a piece of pork belly, top with kimchi, crushed peanuts and fresh chillies. | [Store and reheat] 1) You may keep cooked buns in the fridge for up to 4 days or in the freezer for 2 months. Reheat in the steamer. It takes about 4 minutes for fridge-kept ones or 6 minutes for frozen ones (no need to defrost). It’s not recommended to freeze uncooked buns. | 2) You may also braise the pork belly in advance. Keep it along with the remaining liquid in the fridge for up to 4 days or in the freezer for 2 months. Reheat in a pan until piping hot.",https://redhousespice.com/wp-content/uploads/2020/04/Gua-bao-Pork-belly-buns-11.jpg,Main Course,Chinese,"Bao, Buns, Pork",482 kcal,5.0,23.0,36.0
Homemade dumpling wrappers (饺子皮),"Making dumpling wrappers from scratch couldn’t be easier! In this section of my ultimate dumpling guide, you will learn to master this basic skill with ease (Video demonstration in post).",https://redhousespice.com/homemade-dumpling-wrappers/,80m,80m,80m,30 wrappers,"[For making around 30 wrappers] 250 g all-purpose flour about 2 cups, plus some for dusting ,130 ml water ½ cup+2 teaspoon (see note 1)","[Instructions] 1) Add water to the flour gradually. Gently mix with a pair of chopsticks / spatular until no more loose flour can be seen. Then combine and knead with your hand. Leave to rest covered for 10-15 minutes then knead it into a smooth dough (see note 2). | 2) Cover and rest the dough again for 30-60 minutes until it becomes soft (Chinese cooks would say “as soft as an earlobe”). | 3) Make a loop with the dough then divide it into four parts. Roll one part (cover the rest to prevent them from drying out) into a rope then cut into 7-8 equal sections. | 4) Press each piece into a small disc with the palm of your hand. Then use a rolling pin to flatten it into a thin disc. Dust with flour if the dough sticks (Please refer to the video below). | 5) Use the fresh wrappers immediately. If you wish to freeze them for later, sprinkle extra flour in between each wrapper. Pile them up then place into an air-tight plastic bag (squeeze out the air as much as possible). Defrost in the fridge then use them straightaway.",https://redhousespice.com/wp-content/uploads/2019/01/homemade-dumpling-wrappers.jpg,Main Course,Chinese,Dumplings,30 kcal,5.0,240.0,379.0
"Jian Bing, Chinese crepes (煎饼)","One of the most popular Chinese breakfasts, Jian Bing can be made at home with ease! My recipe includes tips, tricks and a tutorial video.",https://redhousespice.com/jian-bing-chinese-crepes/,5m,25m,30m,4 servings,"[For the crackers] 16 ready-made wonton wrappers see note 1 ,cooking oil, for deep-frying see note 2 | [For the batter] 70 g all-purpose flour ½ cup ,40 g wholemeal flour ¼ cup, see note 3 ,300 ml water 1¼ cup | [For the crepes] 4 eggs ,4 teaspoon toasted sesame seeds ,4 teaspoon finely chopped scallions | [For the sauce (see note 4 for more options)] 4 teaspoon soybean paste ,4 teaspoon chilli garlic sauce | [Optional] coriander ,lettuce leaves","[Fry the crackers] 1) Brush a thin layer of water on a wonton wrapper. Stick another one on the top then using a rolling pin to press tight. Cut two lines in th middles. Repeat to make another 7 pairs. | 2) Heat up oil in a wok/pot. When the temperature reaches 180°C/360°F, start frying. | 3) Gently slide in wonton wrappers. Flip over to fry the other side. | 4) Pick out when they’re lightly brown (Do not overcook). Transfer to a plate lined with kitchen paper to absorb any excess oil. | [Mix the batter] 1) Put all-purpose flour and wholemeal flour into a mixing bowl. Pour in the water. Stir to combine until smooth. | [Make the crepes] 1) Heat a non-stick frying pan over medium-low heat (I use a 28cm/11inch pan). When it’s warm to touch (not burning), pour in ¼ part of the batter. Move the pan to allow the batter to evenly cover the entire surface. | 2) When there is no runny batter can be seen, crack an egg on top. Use the back of a spoon to break the yolk and spread. | 3) Sprinkle with sesame seeds and scallions. | 4) When the crepe becomes firm and slides easily in the pan, it’s time to flip it over. To avoid tearing, slide the crepe onto the inner side of a large lid then put it back to the pan. | [Assemble the dish] 1) Turn off the heat after flipping (the remaining heat will cook through the egg). Brush soybean paste and chilli garlic sauce over the crepe (see note 3 for other sauce options) . | 2) Add coriander and lettuce leaves if using. Place two pieces of fried crackers in the middle. | 3) Fold the crepe to wrapper everything (Please refer to the video below). Serve immediately. | [Make in advance] 1) You may fry the crackers in advance. Once completely cool, store in an airtight container for up to 4 days. | 2) The crepe batter can be kept in the fridge overnight. Stir well before pouring into the pan.",https://redhousespice.com/wp-content/uploads/2020/06/Jian-Bing-Chinese-Crepes-4-scaled.jpg,Breakfast,Chinese,"Bread, Eggs",,5.0,78.0,115.0
"Mantou (馒头), Chinese steamed buns","An easy and quick way to make Mantou, Chinese steamed buns. My detailed instructions and tutorial video will help you to succeed.",https://redhousespice.com/mantou-steamed-buns/,10m,12m,52m,6 round buns (or 4 flower buns),"[Ingredients] 250 g all-purpose aka plain flour ,1 teaspoon instant yeast or dry active yeast ,¾ teaspoon baking powder ,1 tablespoon sugar or to taste ,130 g lukewarm water see note 1 ,4 Chinese dates for flower-shaped buns, optional","[Prepare the dough] 1) IF KNEADING BY HAND: Mix flour, yeast, baking powder and sugar. Add water gradually. Mix with chopsticks/spatula until no more loose flour can be seen. Combine and knead briefly into a dough. Leave to rest for 10 minutes (covered). Knead again until very smooth. | 2) IF KNEADING WITH A STAND MIXER: Mix flour, yeast, baking powder, sugar and water in the bowl. Knead on low speed until a very smooth dough forms (about 8 minutes). | [Shape the buns] 1) IF MAKING ROUND BUNS: Divide the dough into 6 pieces (4 pieces if you prefer bigger buns). Knead and fold the dough piece towards the centre of the ball resulting in a smooth outer surface. Rotate the ball between your hands to form a slightly raised shape (Please refer to the video below). | 2) IF MAKING FLOWER BUNS: Divide the dough into 4 pieces. Roll one piece into a long, thin rope. Fold both ends in a “J” shape in opposite directions. Turn each end towards the centre of the rope until they meet. Take a pair of chopsticks placing one either side (in the centre) and squeeze to form a flower shape. Place a Chinese date in the centre of the flower. | [Rest the buns] 1) Place the buns in the steamer basket (line with steamer parchment paper or brush a thin layer of oil to avoid sticking). Make sure to leave ample space between each bun. | 2) Leave to rest for around 30 minutes. Well-rested buns should be slightly bigger (not double the size) and very smooth on the surface. When pressed gently, the dough bounces back (see note 2). | [Steam the buns] 1) Place the steaming basket onto a pot/wok filled with cold water. Start cooking with high heat (see note 3). | 2) Turn down to medium-low once the water is at a full boil. Count 10 mins from this moment (add 2 mins if your buns are bigger). Serve warm. | [Store the buns] 1) Once completely cooled, place the buns in an airtight container/plastic bag. Keep in the fridge for up to 4 days or in the freezer for up to 2 months. | [Reheat the buns] 1) Steam fridge-kept buns for 5 mins. If frozen, steam for 7 mins (without defrosting).",https://redhousespice.com/wp-content/uploads/2020/01/Mantou-steamed-buns-11.jpg,Side Dish,Chinese,Buns,166 kcal,5.0,140.0,251.0
Sheng Jian Bao: Pan-fried pork buns (生煎包),"Tasty, moist pork wrapped with half-soft, half-crispy dough, Shanghai pan-fried pork buns, traditionally served as breakfast, make a great party food.",https://redhousespice.com/pan-fried-pork-buns/,20m,10m,90m,20 buns,"[For the wrappers] 250 g all-purpose flour about 2 cups (see note 1) ,1 teaspoon sugar ,1 teaspoon dried instant yeast see note 2 ,140 ml lukewarm water about 9 tbsp | [For the filling] 250 g minced pork 9oz ,2 tablespoon spring onion finely chopped ,½ tablespoon ginger minced ,2 teaspoon light soy sauce ,½ teaspoon Shaoxing rice wine ,½ teaspoon sesame oil ,¼ teaspoon salt ,1 pinch ground Sichuan pepper or Chinese five-spice powder ,5 tablespoon water or chicken stock | [For frying] 1 tablespoon cooking oil ,240 ml water about 1 cup | [For garnishing] Toasted sesame seeds ,Spring onion finely chopped","[Prepare the dough] 1) In a large bowl, mix flour, yeast and sugar. Pour in water little by little while stirring with a pair of chopsticks (or a fork). | 2) Then knead with your hand until a smooth, elastic dough forms (see note 3). Cover the bowl with a wet kitchen towel. | 3) Leave to rise in a warm place until double in size. It will take between 40 minutes to 1.5 hours depending on the room temperature. | [Mix the filling] 1) Put all the ingredients for the filling (except for water/stock) into a large bowl. | 2) Swirl constantly in the same direction while gradually adding water/stock spoon by spoon into the mixture. | [Shape the buns] 1) Knead the dough on a floured work surface until it goes back to its original size. | 2) Divide it into 20 equal portions. Roll each piece into a disk-like wrapper. | 3) Hold the wrapper in the palm of one hand. Place some filling in the middle. Use the other hand to fold the edge anticlockwise by pinching with thumb and index finger until the bun is completely sealed (please refer to the images above). | 4) Leave to rest for 15 minutes before frying. | [Fry the buns] 1) Heat up oil in a frying pan over a high heat. Place in the buns (see note 4 & 5). | 2) When the bottom part becomes golden brown, pour in water then cover with a lid. | 3) Uncover when the water evaporates completely. Sprinkle sesame seeds and spring onion over. | 4) Cook another 30 seconds or so to crisp up.",https://redhousespice.com/wp-content/uploads/2017/08/Sheng-Jian-Bao-pork-buns.jpg,Main Course,Chinese,Bao,406 kcal,5.0,136.0,272.0
"Peking Duck, An Easy Home Version (北京烤鸭)","A legendary dish made easy, this Peking duck recipe doesn’t require any special equipment or advanced skill. But it still tastes so satisfying!",https://redhousespice.com/peking-duck/,1560m,75m,1635m,6 servings,"[Ingredients] 1 duck about 2.5kg/5.5lb ,2 tablespoon fine salt | [For the syrup] 2 tablespoon maltose see note 1 ,120 ml hot water about ½ cup ,1 teaspoon vinegar see note 2 | [For the stuffing] 2 stalks scallions ,1 head garlic ,2 apples quartered ,4 star anise ,4 bay leaves ,2 pieces cassia cinnamon | [For the sauce] 3 tablespoon sweet bean sauce (Tian Mian Jiang/甜面酱) see note 3 ,1 teaspoon sugar | [You also need] Peking duck pancakes homemade or shop-bought ,Scallions julienned ,Cucumber peeled and seeds removed, cut into sticks","[Prepare the duck] 1) Pat dry the duck with kitchen paper then rub the salt over the skin and the cavity. Put the duck over a wire rack with a tray underneath to collect any drips. Leave to rest on the counter for 1 hour. | 2) Bring about 1½ litres of water (about 6 cups) to a boil, then gently pour it over the entire duck skin (remember to flip over and do the other side). You can use a deep tray to collect the water, or do it inside a sink. If there are feather ends on the skin, remove them with a tweezer. | 3) In a bowl, mix maltose with hot water and vinegar until completely dissolved. Brush a layer of the mixture over the duck skin. Leave to rest in the fridge for 1 hour then brush another layer. | 4) Keep the duck refrigerated uncovered (over the rack and inside a tray) for 24 to 48 hours. | [Roast the duck] 1) One hour before roasting, take the duck out of the fridge to bring it back to room temperature. Put all the stuffing ingredients (scallions, garlic, apples, star anise, cassia cinnamon and bay leaves) into the cavity. Use toothpicks or skewers to seal the openings of the cavity. | 2) Preheat a fan-assisted oven, aka convection oven, at 200°C/390°F (or 220°C/425°F if using a conventional oven). Put the duck over the middle rack of the oven with the breast side facing up. Place a roasting tray at the bottom of the oven to collect any dripping fat during roasting. Leave to cook for 15 minutes. | 3) Then lower the temperature to 180°C/350°F (or 200°C/390°F if using a conventional oven). Use aluminium foil to cover the tip of the wings and the end of the legs. Continue cooking for a further 60 minutes or so (see note 4) | 4) Check the doneness by inserting an instant-read thermometer into the thickest part of the duck (the inner thigh area near the breast). The temperature should be no lower than 74C°/165F°. | [Serve the duck] 1) Take the duck out of the oven and leave it to rest on the counter for 15 minutes. | 2) While waiting, prepare the sauce. Add ½ tablespoon of duck fat collected during roasting to a pan. Add sweet bean sauce and sugar. Mix and simmer over low heat until tiny bubbles appear. Transfer to a small serving dish. Whisk to fully incorporate the sauce and oil. | 3) Steam the pancakes for 3 minutes to warm up if they’re cold. Slice the duck into pieces. | 4) When eating, spread a little sauce over a pancake, put the duck, scallions and cucumber in the middle. Wrap up into a cylinder and enjoy. | [Cook a soup (optional)] 1) After most of the meat has been removed from the duck, boil the carcass in water to make a soup with Napa cabbage or winter melon. Simply add salt and white pepper to season.",https://redhousespice.com/wp-content/uploads/2022/01/sliced-peking-duck-with-pancakes-scaled.jpg,Main Course,Chinese,"Duck, New Year",,5.0,327.0,469.0
"Red Bean Buns (Dou Sha Bao, 豆沙包)","Soft, fluffy steamed buns filled with sweet, creamy red bean paste, Chinese red bean buns taste amazing when made from scratch. A tutorial video is included.",https://redhousespice.com/red-bean-buns/,30m,120m,180m,14 buns,"[For the filling] 150 g adzuki beans (aka red beans), or 350g canned ones see note 1 ,2 tablespoon white sugar ,1 tablespoon dark brown sugar ,80 g butter see note 2 for substitute | [For the dough] 350 g all-purpose flour, or bao flour/cake flour see note 3 ,2 teaspoon instant dry yeast see note 4 ,2 teaspoon baking powder ,1 tablespoon sugar ,1½ tablespoon neutral cooking oil ,180 g lukewarm water, adjust slightly if necessary see note 5","[Cook the beans (skip if using canned beans)] 1) Soak adzuki beans in water overnight. Drain then put into a pot. Pour in 500ml of water. Bring it to a boil then leave to simmer for about 90 mins until cooked (You may use a pressure cooker/instant pot to reduce the cooking time). | [Make the paste] 1) Put drained beans into a blender or food processor (see note 6 for handmade option). Add white sugar, dark brown sugar and butter (or coconut oil). Blend on high speed into a fine paste. You may need to add a little water to make blending easier. However, only add as little as necessary. | 2) Transfer the soft paste into a non-stick pan. Cook over medium-high heat while stirring and flipping constantly to avoid burning. Once the paste becomes dark and holds in shape, transfer out to cool (Watch the video below to see the desired consistency). | [Prepare the dough] 1) IF USING HANDS: Mix flour, sugar, baking powder, yeast and oil in a bowl. Add water gradually while mixing with a pair of chopsticks/spatula. Combine with your hands to form a rough dough. Rest (covered) for 10 mins then knead again until very smooth. | 2) IF USING A STAND MIXER: Add all the ingredients for the dough into the mixing bowl. Knead on low speed for about 8 mins until a smooth dough forms. | [Roll the wrappers] 1) Roll the dough into a long rope then divide into 14 equal parts. Work on one piece at a time and make sure you cover the rest to prevent them from drying out. | 2) With a rolling pin, flatten one piece into a disc-like wrapper, about 10cm in diameter (Dust with flour if necessary). Ideally, it should be thinner on the edge & thicker in the middle (See the rolling technique in the video below). | [Assemble the buns] 1) Place a spoonful of the cooled red bean paste (about 30g) in the middle of a wrapper. Seal the bun completely using whatever method that you feel most comfortable with (Watch the video below for reference). | 2) Put the bun on the work surface with the sealed side facing down. Rotate the bun between your hands to form a slightly raised shape. | 3) OPTIONAL STEP : If you wish to make it festive, mark a red dot (or other pattern) on top of the bun with a little red food colouring. | 4) Repeat to finish all the wrappers and filling. Then place the buns into steamer baskets lined with parchment paper to prevent sticking (Alternatively, brush a thin layer of oil if using a metal/plastic steamer). Make sure you leave ample space between each bun. | 5) Leave to rest for 30 minutes or so until they become very light & plump (no need to cover). | [Steam the buns] 1) Bring water to a full boil in a wok/pot. Place the steamer baskets in. | 2) Steam over medium-high heat for 10 mins. Serve immediately. | [Store and reheat] 1) Red bean paste can be kept in the fridge for up to 3 days or in the freezer for two months. | 2) Store leftover buns in the fridge for up to 3 days or in the freezer for two months (It’s not recommended to refrigerate or freeze uncooked buns). | 3) To reheat the buns: Defrost in the fridge then steam for 3 mins. Alternatively, steam for 6 mins without defrosting.",https://redhousespice.com/wp-content/uploads/2021/01/steamed-red-bean-buns-1.jpg,Side Dish,Chinese,"Bao, Buns, Vegetarian",185 kcal,5.0,88.0,131.0
"Braised Pork Belly (Hong Shao Rou/红烧肉), an Easy Version","Tender, gelatinous and aromatic, Chinese red braised pork belly is scrumptious and comforting. This recipe shows you how to cook it effortlessly.",https://redhousespice.com/red-cooked-pork-belly/,5m,75m,80m,4 servings,"[Ingredients] 600 g pork belly about 1.3lb ,250 ml Shaoxing rice wine about 1 cup, see note 1 ( IMPORTANT ) ,2 tablespoon light soy sauce ,1 tablespoon dark soy sauce see note 2 ,5 slices ginger ,2 star-anise ,2 bay leaf ,20 g rock sugar or 1 tablespoon regular sugar","[Blanch the pork] 1) Cut pork belly into 2-3 cm chunks (about 1 inch). Put into a pot then fill with cold water. Boil over high heat. | 2) Once it starts boiling, you’ll see froth appearing on the surface. Skim it off with a spoon. | 3) Drain the meat in a colander then rinse under running water. | [Braise the pork] 1) Put the pork into a clean pot (ideally, a small one, see note 3). Pour in Shaoxing rice wine and hot water (barely covering the meat). Add light soy sauce, dark soy sauce, ginger, star anise and bay leaves. | 2) Bring the liquid to a full boil. Cover with a lid and leave to simmer over low heat for 1-1.5 hour until the meat is fork-tender (During the process stir the meat around a few times). | [Thicken the broth] 1) Uncover the pot. Add sugar then turn the heat to the highest. Leave to boil fiercely (Stir from time to time) until the broth reduces to just enough to cover the bottom of the pot. | 2) Serve immediately with plain steamed rice and vegetable dishes of your choice. | [Store and reheat] 1) The cooked pork belly can be stored in the fridge for up to three days or in the freezer for 2 months. | 2) Reheat in a pot (defrost first if frozen) over low heat. Add a little water to help to heat the pork thoroughly.",https://redhousespice.com/wp-content/uploads/2021/01/braised-pork-belly-over-rice.jpg,Main Course,Chinese,"Authentic, Pork",427 kcal,5.0,455.0,661.0
"Scallion bread, an easy recipe","Crunchy on the outside and fluffy in the middle, this well-seasoned scallion bread is super easy to make! A tutorial video is included below.",https://redhousespice.com/scallion-bread/,10m,30m,90m,6 servings,"[For the dough] 500 g all-purpose flour see note 1 ,2 teaspoon instant dry yeast, or other types of yeast see note 2 ,1 tablespoon sugar ,270 g lukewarm water see note 3 | [For the filling] 1 tablespoon cooking oil, or melted butter/lard/coconut oil ,2 stalks scallions, finely chopped ,½ teaspoon salt, or to taste ,½ teaspoon Chinese five spice powder or ground Sichuan pepper | [For garnishing] 1 tablespoon sesame seeds ,½ tablespoon cooking oil","[Prepare the dough] 1) IF USING HANDS: Mix flour, yeast (see note 2), sugar in a bowl. Add water gradually while mixing with a pair of chopsticks/spatula. Coarsely combine to form a dough. Rest for 10 mins then knead again until smooth. | 2) IF USING A STAND MIXER : Add all the ingredients for the dough into the mixing bowl. Knead on low speed for about 8 mins until a smooth dough forms. | [Rest the dough] 1) Keep the dough in the mixing bowl. Cover with a damp cloth. | 2) Leave to rest in a warm place until doubled in size. It will take between 40 to 90 mins depending on the room temperature. | [Shape the bread (Please refer to the video)] 1) Knead the dough until it goes back to its original size. | 2) With a rolling pin, flatten it into a rectangle shape until it’s about ½ cm thick. | 3) Brush the dough with oil. Then evenly sprinkle scallions, salt and five-spice powder (or ground Sichuan pepper ). | 4) Roll the dough into a rope (from the shorter side). Cut it open lengthways. Then swirl it into a disc. | 5) Transfer the dough onto a baking tray (line it with parchment paper or dust with flour/cornmeal). | 6) Flatten with your hand. Brush a layer of oil. Then sprinkle sesame seeds. | 7) Leave to rest for about 10 mins. | [Bake the bread] 1) Preheat the oven at 375°F/190°C/Fan 170°C/Gas 5 . Place the baking tray onto the middle rack. | 2) Bake for 30-35 mins until evenly golden on the surface (see note 4). Serve warm.",https://redhousespice.com/wp-content/uploads/2020/05/scallion-bread-8-scaled.jpg,Side Dish,Chinese,"Bread, Vegetarian",355 kcal,5.0,13.0,36.0
"Chinese flower rolls (Hua Juan, 花卷)","A variety of Chinese steamed buns, flower rolls (Hua Juan) are layered with a tasty scallion filling. Follow my quick and easy method to make some!",https://redhousespice.com/scallion-flower-rolls/,12m,12m,54m,6 rolls,"[For the dough] 250 g all-purpose flour plus extra for dusting ,1 teaspoon dried active yeast ,¾ teaspoon baking powder ,1 teaspoon sugar ,130 ml lukewarm water see note 1 | [For the filling] 2 tablespoon scallions, finely chopped ,¼ teaspoon Chinese five-spice powder or ground Sichuan pepper ,¼ teaspoon salt ,1 tablespoon cooking oil | [If pan-frying, you also need] 1 tablespoon cooking oil","[Prepare the dough] 1) IF KNEADING WITH A STAND MIXER: Mix flour, yeast, baking powder, sugar and water in the bowl. Knead on low speed until a very smooth dough forms (about 8 minutes). | 2) IF KNEADING BY HAND: Mix flour, yeast, baking powder and sugar. Add water gradually. Mix with chopsticks/spatula until no more loose flour can be seen. Combine and knead briefly into a dough. Leave to rest for 10 minutes (covered). Knead again until very smooth. | [Mix the filling] 1) Put scallions, Chinese five-spice powder (or ground Sichuan pepper) & salt in a bowl. | 2) Heat up the oil then pour over the scallions. Mix well. | [Shape the rolls] 1) Dust some flour over the worktop. Roll the dough into a thin, rectangle shape (about 20cm×30cm). Evenly coat the dough with the filling. | 2) From the long side of the rectangle, fold the dough twice making it a three-layer strip. Then cut it into 12 pieces. | 3) Stack up two pieces. Use a chopstick to press the middle line lengthways. Hold both ends and stretch. | 4) Hang it on the chopstick. With one hand pinch and hold two ends. With the other hand twist the chopstick. | 5) Put the roll on the worktop, press the chopstick then slice it out of the roll. | [Rest the rolls] 1) Leave the rolls to rest for around 30 minutes. Well-rested buns should be slightly bigger, but not double the size (see note 2). | [Cooking method 1: steaming] 1) Place the rolls in a steamer basket (line with steamer parchment paper or brush a thin layer of oil to avoid sticking). Make sure to leave ample space in between each roll. | 2) Fill the steamer pot with cold water. Start cooking over high heat. Turn down to medium-low once the water is at a full boil. | 3) Cook 10 mins from this moment. Serve warm. | [Cooking method 2: pan-frying] 1) Add oil to a frying pan over high heat. Place the rolls into the pan leaving ample space in between. | 2) When the bottom of the rolls turn brown, pour in 200ml water (at room temperature). Cover with a lid. | 3) Uncover when the water has completely evaporated. Turn off the heat after 20 seconds or so. | [Store the rolls] 1) Once completely cooled, place the rolls in an airtight container/plastic bag. Keep in the fridge for up to 4 days or in the freezer for up to 2 months. | [Reheat the rolls] 1) Steam fridge-kept rolls for 5 mins. If frozen, steam for 7 mins (without defrosting).",https://redhousespice.com/wp-content/uploads/2020/02/Chinese-flower-rolls-1-scaled.jpg,Side Dish,Chinese,Bread,176 kcal,4.99,75.0,163.0
"Shrimp Toast (蝦多士), Pan-fried or Air-fried","Deliciously seasoned shrimp paste spread over bread then fried to perfection, shrimp toast can be easily made in two ways.",https://redhousespice.com/shrimp-toast/,8m,6m,14m,4 servings,"[For the shrimp] ½ lb raw shrimp peeled and deveined ,1 egg white ,1 stalk scallions finely chopped ,1 teaspoon ginger julienned ,1 teaspoon light soy sauce ,1 teaspoon sesame oil ,⅓ teaspoon salt ,1 pinch ground white pepper | [You also need] 6 pieces sliced bread see note 1 ,6 tablespoon sesame seeds ,Neutral cooking oil","[Make the shrimp paste] 1) Put all the ingredients for the shrimp into a blender or a food processor. Blend on medium speed until they turn into a fine, sticky paste. | [Assemble the bread] 1) Roughly divide the paste into 6 equal parts. Spread one portion onto a slice of bread, right to the edges (see note 1). | 2) Put sesame seeds onto a flat plate. With the shrimp paste side down, place the bread over. Gently press with your fingers to ensure sesame seeds are firmly stuck to the paste. Repeat to finish all pieces. | 3) On a chopping board, cut each piece of bread twice diagonally into 4 triangles. | [Fry the bread (see note 2)] 1) Option #1 Pan-frying : Heat up oil (enough to cover the surface) in a pan over medium heat. When the oil is hot enough (use a sesame seed to test. It’s ready if the seed spins around quickly), put in the triangle pieces with the sesame seed side facing down. Flip over when the first side becomes golden. When the other side browns, remove it from the pan. | 2) Option #2 Air-frying : Preheat the air fryer at 240°C/460°F for 3 mins. Brush a thin layer of oil over both sides of the bread. When the air fryer is ready. Place in a single layer over the crisper tray with the sesame side facing up. Cook for around 3 mins until it browns.",https://redhousespice.com/wp-content/uploads/2021/05/triangle-shaped-shrimp-toast-scaled.jpg,Side Dish,Chinese,"Air fry, Bread, Cantonese, Seafood",369 kcal,5.0,37.0,60.0
Crispy Stuffed Flatbread (Guo Kui/锅盔),"A delicious Chinese street food, crispy stuffed flatbread is beloved for its delectable taste and pleasing texture. A treat worth every bit of effort.",https://redhousespice.com/spiced-beef-flatbread/,25m,8m,73m,10 pieces,"[For the dough] 500 g all-purpose flour aka plain flour (see note 1) ,300 g water ,Cooking oil for coating the dough | [For the flour & oil paste] 3 tablespoon all-purpose flour aka plain flour ,1 pinch salt ,3 tablespoon cooking oil | [For the meat] 280 g ground beef or pork/chicken ,4 tablespoon water ,1 tablespoon Shaoxing rice wine ,1 teaspoon salt ,¼ teaspoon white pepper | [You also need] 1 tablespoon ground Sichuan pepper or other spices, such as five spice , cumin powder, black pepper, etc. ,6 stalk scallions finely chopped ,Cooking oil for pan-frying","[Make the dough] 1) Put flour into a mixing bowl. Add water in batches while mixing with chopsticks. Then combine and knead until a soft dough forms. Cover the bowl and leave the dough to rest for 10 minutes. Knead again until it becomes very smooth (see note 2 if using a stand mixer). | 2) Rub a little oil all over the dough to form a thin coating. Flatten it with your hands, then cut it into 10 equal pieces. Cover with plastic wrap and leave to rest for a further 30 minutes. | [Make the flour & oil paste] 1) Put flour and salt into a small bowl. Then heat oil in a pan until it smokes. Pour the hot oil over the flour. Stir well to remove any lumps. Set aside. | [Prepare the meat] 1) Put ground beef, water, Shaoxing rice wine, salt, and white pepper into a mixing bowl. Swirl with chopsticks in the same direction until the liquid is fully absorbed and the meat becomes sticky. Divide the filling into 10 portions. Set aside. | [Assemble the flatbread] 1) With your fingers, flatten a piece of dough into a tennis racket shape (see note 3). Brush a layer of the flour & oil paste over, then sprinkle with ground Sichuan pepper. Place one portion of the meat in the middle of the racket head end of the dough, then top with chopped scallions generously. | 2) Wrap the meat with the outer part of the dough, then roll the stuffed dough towards the handle part of the racket while stretching it as thin as possible. | 3) Once a layered cylinder forms, stand it on one end then press it down with your fingers until it turns into a disc about ½ inch (1.3 cm) thick. Repeat the procedure to assemble other flatbreads. | [Pan-fry the flatbread] 1) In a large skillet/frying pan, heat oil just enough to cover the entire surface over high heat. Once hot, put in the flatbread. Reduce the heat to medium-low and leave to fry. | 2) Turn the flatbread over once the first side turns golden. When the second side is done, transfer the flatbread onto a plate lined with kitchen paper to absorb any excess oil.",https://redhousespice.com/wp-content/uploads/2023/12/crispy-stuffed-flatbread-guo-kui.jpg,Main Course,Chinese,"beef roti, Bing, Bread",341 kcal,4.98,35.0,96.0
"Scallion flatbread, leavened (葱油发面饼)","Beautifully seasoned, crispy on the surface and fluffy inside, this leavened scallion onion flatbread only takes 10 mins to cook in a pan.",https://redhousespice.com/spring-onion-flatbread-leavened/,100m,10m,110m,8 servings,"[For the dough] 500 g plain flour 4 cups (see note 1 & 2) ,2 teaspoon sugar ,2 teaspoon dried instant yeast see note 3 ,260 ml lukewarm water 1 cup + 2 tbsp | [For the bread] 1 tablespoon cooking oil ,1 teaspoon ground Sichuan pepper or Chinese five-spice powder ,⅛ teaspoon salt or to taste ,2 stalk scallions finely chopped ,1 tablespoon sesame seeds | [For frying] 1 tablespoon cooking oil","[Make the dough] 1) In a large bowl, mix flour, yeast and sugar. Pour in water little by little while stirring with a pair of chopsticks (or a fork). Knead with your hand until a smooth, elastic dough forms (see note 4) | [The first rise] 1) Cover the bowl with a wet kitchen towel. Leave to rise in a warm place until double in size. It will take about 40 minutes to 1.5 hours depending on the room temperature. | [Shape the bread] 1) Take the dough out. Knead on a floured work surface until the dough goes back to its original size. | 2) With a rolling pin, flatten the dough into a rectangle shape (roll it as thin as you can. Dust with flour to avoid sticking). | 3) Brush oil on the dough. Sprinkle ground Sichuan pepper, salt and scallions on top. | 4) Roll the dough into a rope. Coil it to form a flat circle. Then roll the circle out into a 26-cm (10-inch) disk. | 5) Wet the disk with a little water. Sprinkle with sesame seeds then press them down gently. | [The second rise] 1) Cover the bread loosely with cling film. Leave to rise for around 20 minutes. | [Fry the bread] 1) Heat up oil in a deep frying pan (28cm / 11 inches) over a medium-low heat. | 2) Place the bread in (the side with sesame seeds facing down) then cover with a lid. | 3) Cook until the first side is golden brown. Flip over and cook with the lid on until the second side is done (see note 5). | 4) Turn the bread over again to crisp the first side for a few seconds. | [Serve] 1) Transfer the bread onto a chopping board. Leave to cool for a short while then cut into pieces. Serve warm.",https://redhousespice.com/wp-content/uploads/2017/04/leavened-scallion-flatbread.jpg,Side Dish,Chinese,Bread,279 kcal,4.92,12.0,23.0
"Scallion Pancakes (Cong You Bing, 葱油饼)","An informative guide to homemade scallion pancakes, a layered Chinese flatbread loved for its super crispy, flaky texture and oniony, aromatic taste.",https://redhousespice.com/spring-onion-pancake/,12m,6m,33m,4 pancakes,"[For the dough] 250 g all-purpose flour (plain flour) about 2 cups (see note 1 for substitutes) ,160 g hot water about ⅔ cup ,Cooking oil for coating | [For the filling] 2 tablespoon melted lard or coconut oil, see note 2 for other substitutes ,2 tablespoon all-purpose flour (plain flour) ,¼ teaspoon ground Sichuan pepper or Chinese five-spice powder ,¼ teaspoon salt ,40 g finely chopped scallions (green onion/spring onion) about ½ cup | [For frying] 1 tablespoon neutral cooking oil | [For serving (optional)] Homemade chilli oil ,Black rice vinegar ,Light soy sauce","[Make the dough] 1) Put flour into a heatproof bowl. Pour in hot water. Stir with chopsticks until no more loose flour or water can be seen. Use your hands to combine the mixture into a rough-looking dough (see note 3). | 2) Tightly cover the dough with cling film and leave to rest for 15 mins. | [Prepare the filling] 1) While waiting, add melted lard (or other oil), flour, Sichuan pepper (or five-spice) and salt to a small bowl. Mix until it becomes a smooth paste. | [Shape the pancakes] 1) Uncover the dough then knead until it becomes very smooth. Rub a thin layer of oil around the dough, as well as the work surface. | 2) With a rolling pin, flatten the dough into a thin, rectangular piece. For your reference, mine measures about 43cm(17"") by 33cm (13""). | 3) Brush the filling mixture over the dough, then sprinkle finely chopped scallions on top. | 4) From the shorter side of the dough piece, roll the dough into a rope (don’t make it too tight). | 5) Cut the rope into 4 cylinders. Stand a piece on one end. Press down with your hand, then flatten it with the rolling pin into a pancake that measures around 13cm/5” in diameter. Alternatively, cut the rope into 3 parts and roll each into a thinner pancake which measures about 23cm/9”. | [Fry the pancakes] 1) In a skillet/frying pan, heat oil over high heat until hot. Drop a piece of scallions in to test. If it sizzles, the oil is hot enough. | 2) Turn the heat down to medium and put in the pancakes (the top side facing down). You may cook 4 thick pancakes all at once in a large pan (28cm/11""), or 1 thin pancake at a time. | 3) Cover the skillet with a lid and leave to cook for about 2 minutes until the side facing down becomes golden brown (adjust the cooking time if necessary). Flip the pancakes over, then cover again to cook the other side. Remove them from the pan once the second side turns golden too. | 4) For the best result, rest the pancakes on a wire rack for a minute or two before serving (condensation will form if placed on a plate straightaway). Also, the remaining heat will cook the inside further during the resting time. | [Serve] 1) Best to enjoy them while warm. You can serve them as breakfast /afternoon snack, or as a staple for regular meals with savoury dishes, soup or congee . | 2) The thick version can be served as it is and torn apart to eat. The thin version is often cut into triangular pieces. | 3) Although they are tasty on their own, a dipping sauce would make a great accompaniment, e.g. a simple mixture of homemade chilli oil , black rice vinegar and light soy sauce. | 4) Store leftover pancakes in airtight bags in the fridge for up to 3 days. Reheat in a pan/oven/air-fryer. | [Make ahead] 1) To make a big batch and cook later, double or triple the recipe proportionally. Freeze uncooked pancakes right after they’re rolled out. Pile them up with parchment paper in between and store in sealed plastic bags. | 2) Cook frozen pancakes without defrosting following the same method. If they’re thick ones, add a little water while cooking with the lid on (like how you make pan-fried dumplings ).",https://redhousespice.com/wp-content/uploads/2022/05/scallion-pancakes-over-wire-rack-scaled.jpg,Side Dish,Chinese,"Bread, Dim Sum",350 kcal,5.0,319.0,441.0
"Steamed bao buns (包子), a complete guide","Tasty filling with fluffy wrapper, homemade bao buns are super comforting! This guide offers tips and tricks to ensure a fail-proof experience.",https://redhousespice.com/steamed-bao-buns/,30m,20m,110m,12 buns,"[For the dough] 300 g all-purpose flour or cake flour, see note 1 ,1 teaspoon dried yeast ,1 teaspoon sugar ,1 tablespoon cooking oil see note 2 ,140 ml lukewarm water see note 3 | [For the filling] 150 g minced pork ,1 teaspoon light soy sauce ,1 teaspoon oyster sauce ,1 pinch ground Sichuan pepper or Chinese five-spice powder ,¼ teaspoon salt ,4 tablespoon water or unsalted stock ,1 tablespoon cooking oil ,150 g carrot grated ,1 small onion finely chopped ,2 tablespoon coriander finely chopped","[Prepare the dough] 1) Mix flour, yeast, sugar and oil in a bowl. Pour in water little by little while mixing. | 2) Combine and knead with your hands until a very smooth dough forms (see note 4). | 3) Cover the bowl with a damp tea towel and leave to rise in a warm place until doubled in size (It will take between 40 minutes to 1.5 hours depending on the room temperature). | [Mix the filling] 1) Put pork, soy sauce, oyster sauce, salt and Sichuan pepper/Chinese five-spice in a mixing bowl. | 2) Swirl constantly while gradually adding water/stock until no more liquid can be seen. | 3) Brief stir fry grated carrot and onion in oil until softened. Add to the pork along with chopped coriander. | [Shape the buns(Please refer to the video below)] 1) Knead the dough until it goes back to its original size. | 2) Divide it into 12 equal portions. Roll each piece into a disk-like wrapper. | 3) Place some filling in the middle of a wrapper then fold into a bao shape. | 4) Leave all the assembled buns to rest for another 15 minutes or so. | [Steam the buns] 1) Place the buns (with parchment paper underneath each one) in the steamer basket (see note 5). Leave 2cm space between the buns and the side of the steamer. | 2) Start cooking with cold water over a high heat. Turn the heat down to medium-low when the water starts boiling. | 3) Cook for 15-18 minutes. | [Serving with a dipping sauce] 1) Serve them warm, on their own or with some dipping sauce (find inspirations in my post Six dumpling sauces ). | [Storage & reheat] 1) You can freeze cooked buns. Leave to defrost in the fridge then steam for 8 minutes to warm up, or steam for 15 minutes without defrosting.",https://redhousespice.com/wp-content/uploads/2020/01/Steamed-bao-buns-foodgawker.jpg,Main Course,Chinese,Bao,148 kcal,5.0,194.0,356.0
"Steamed Custard Buns (Nai Wong Bao,奶黄包)","A popular dim sum, steamed custard buns are loved for their fluffy texture and rich flavour. Follow my recipe to make them to a restaurant standard.",https://redhousespice.com/steamed-custard-buns/,30m,8m,68m,8 buns,"[For the filling] 3 yolks of hard-boiled eggs, or cooked salted duck egg yolks see note 1 ,50 g unsalted butter, softened ,30 g sugar or 40g if using salted egg yolks ,30 g full-fat milk powder see note 2 for substitutes | [For the dough] 175 g bao flour/cake flour, or all-purpose flour see note 3 ,1 teaspoon instant dry yeast see note 4 ,1 teaspoon baking powder ,1 tablespoon sugar ,1 tablespoon neutral cooking oil ,90 g lukewarm water see note 5","[Prepare the filling] 1) Use the back of a spoon to mash the yolks to a fine texture (It’s easier to do while the yolks are warm). | 2) Add sugar, butter and milk powder. Mix very well until a smooth paste forms. Put into the fridge to harden a little. | [Make the dough] 1) IF USING HANDS: Mix flour, yeast, baking powder, sugar and oil in a bowl. Add water gradually while mixing with chopsticks/spatula. Combine with your hands to form a rough-looking dough. Rest (covered) for 10 mins then knead again until very smooth. | 2) IF USING A STAND MIXER: Add all the ingredients for the dough into the mixing bowl. Knead on low speed for about 8 mins until a smooth dough forms. | [Roll the wrappers] 1) Divide the dough into 8 equal parts. Work on one piece at a time and make sure you cover the rest to prevent it from drying out. | 2) With a rolling pin, flatten one piece into a disc-like wrapper, about 9cm in diameter. Ideally, it should be thinner on the edge and thicker in the middle (See the rolling technique in the video above). | [Shape the buns] 1) Place a spoonful of the filling in the middle of a wrapper. Seal the bun completely using whatever method that you feel most comfortable with. Repeat to assemble all the buns. | [Rest the buns] 1) With the sealed side facing down, place the buns into a steamer basket lined with parchment paper (or in cupcake paper moulds as shown in the post above). Alternatively, brush a thin layer of oil if using a metal/plastic steamer. | 2) Leave to rest for about 30 minutes until they become very light & plump (They will become a little bigger but not double in size). | [Steam the buns] 1) Bring water to a full boil in a wok/pot. Put in the steamer basket. Cook over medium-high heat for 8 mins. Serve warm. | [Store & reheat] 1) It’s not recommended to store uncooked buns. However, cooked buns freeze very well. Consume within three months. | 2) To reheat: Defrost in the fridge then steam for 3 mins. Alternatively, steam for 6 mins without defrosting.",https://redhousespice.com/wp-content/uploads/2021/08/a-custard-bun-in-halves.jpg,Dessert,Chinese,"Buns, Dim Sum, steamed",199 kcal,4.95,52.0,90.0
"How to make Xiao Long Bao (小笼包, Soup Dumplings)",Making Xiao Long Bao isn’t an easy task. My detailed instructions and tutorial video will guide you to make it to a restaurant standard.,https://redhousespice.com/xiao-long-bao-soup-dumplings/,60m,70m,130m,20 dumplings,"[For the aspic] 1 medium-sized whole chicken see note 1 ,3 stalks scallions cut into halves ,6 slices ginger | [For the wrappers] 180 g all-purpose flour see note 2 for other options ,60 g hot water ,35 g tap water see note 3 | [For the filling] 450 g minced pork ,3 stalks scallions finely chopped ,1 tablespoon minced ginger ,1 tablespoon light soy sauce ,1 tablespoon Shaoxing rice wine ,¼ teaspoon ground white pepper ,¼ teaspoon salt ,½ teaspoon sugar | [For the dipping sauce] Red rice vinegar or black rice vinegar ,Ginger, julienned","[Make the aspic] 1) Preheat the oven at 390°F/200°C/Gas 6 (Fan-assisted 360°F/180°C) | 2) Place chicken in an oven-proof pot/pan/baking tray. Put scallions and ginger inside the chicken. Cover TIGHTLY with a lid/tin foil. | 3) Cook in the oven for 1 hour. Then leave to cool (covered). | 4) Keep the chicken for other dishes. Pour the liquid into a container. Refrigerate for at least 4 hours until it turns into a piece of jelly-like aspic (about 250g). | [Prepare the dough] 1) In a mixing bowl, add hot water to the flour. Mix with chopsticks/spatula. Then add tap water. | 2) Combine and knead into a dough. Leave to rest (covered) for 10 minutes then knead again until very smooth. | 3) Cover and rest for a further 30-60 minutes until it becomes soft. | [Mix the filling] 1) Mix minced pork with all the seasoning until well combined. | 2) Use a spoon to remove the layer of chicken fat on top of the aspic. Then use a fork to break it into tiny pieces. Add to the pork then mix well. | 3) Keep refrigerated for at least 30 mins. Don’t take out until you are ready to assemble the dumplings. | [Roll the wrappers] 1) Roll the dough into a rope. Divide into 20 pieces. Then press into discs with the palm of your hand. Cover at all times when not using (with cling film/in a plastic bag/with an upside-down bowl, etc.). | 2) With a rolling pin, use the “roll and turn” technique to flatten it into a very thin disc, about 12cm/4.7inch in diameter (Please refer to my tutorial video below) . Dust the surface with flour if it sticks (see note 4). | 3) N.B. Assemble the dumpling one by one as you roll out each wrapper (Do not stock up as they are very thin thus dry out very easily). | [Assemble] 1) Place a spoonful of the filling (about 35g) in the middle of the wrapper. | 2) Pleat into a round dumpling with about 15-20 folds (Please refer to my tutorial video below) . You may leave the middle part open or sealed. | [Steam] 1) Line the steamer basket with steamer parchment paper, or cut regular parchment paper into squares (see note 5 if you are using a metal steamer). | 2) Place dumplings in (leave at least 3cm/1inch space between them). | 3) Bring water to a full boil in a wok/pot. Then put the steamer basket on top. Turn the heat to medium-low. Steam for 8 mins (if cooking over 10 dumplings at a time, increase to 10 mins). | [Serve & eat] 1) Bring the steamer basket to the table to serve. | 2) Hold the top part of the dumpling with a pair of chopsticks. Pick up then place onto a soup spoon or a small saucer. Open a small hole with the chopsticks to let the “soup” flow out. Slurp up! (You may directly bite a small hole and suck out the soup but be careful not to burn your tongue) | 3) Gently dip the dumpling into the dipping sauce (mix vinegar with julienned ginger) then eat in 1-2 bites. | [Store] 1) You may store leftover dumplings in the fridge for up to 2 days. Steam for 3 mins to reheat. However, you may not get any soup as the liquid is absorbed by the wrapper over time. | 2) Since soup dumplings are very delicate, I don’t recommend you make them in advance or freeze.",https://redhousespice.com/wp-content/uploads/2020/06/Xiao-Long-Bao-Soup-Dumplings-17.jpg,Main Course,Chinese,"Dumplings, Pork",,5.0,105.0,164.0
Zucchini Pancakes (糊塌子),"An easy breakfast loaded with nutrients, Chinese zucchini pancakes require minimum effort to make. Make-ahead tips are provided.",https://redhousespice.com/zucchini-pancakes/,3m,10m,23m,6 pancakes,"[Ingredients] 1 zucchini aka courgette, about 10oz (280g) each ,1 stalk scallions ,½ teaspoon salt ,¼ teaspoon ground Sichuan pepper or white pepper, five spice pepper ,2 eggs ,½ teaspoon sesame oil ,½ cup all-purpose flour ,Neutral cooking oil for pan-frying | [Optional dipping sauce] Black rice vinegar ,Minced garlic ,Chili oil","[Instructions] 1) Grate zucchini with a grater and finely chop scallions. Put them into a mixing bowl. | 2) Add salt and ground Sichuan pepper (or other spices). Mix well then let it sit for 10 minutes so that some of the water is extracted from the zucchini. | 3) Crack eggs into the bowl and add sesame oil. Stir to combine with the vegetables. | 4) In three batches, stir flour into the mixture to form a thick batter. | 5) Heat a skillet/frying pan with a little oil until hot. Pour in a portion of the batter (see note 1) then use the back of the spoon to spread and even the surface. | 6) Leave to cook over medium-high heat until the bottom side becomes golden. Flip over to brown the other side (see note 2). Then repeat the process to finish the batter. | 7) Make ahead : You can prepare the batter in advance and store it in the fridge overnight. In this case, you’ll need to use a little more flour as there will be more liquid extracted from the zucchini over time. | 8) Optionally, make a dipping sauce with minced garlic and black rice vinegar. Add some chili oil if you wish.",https://redhousespice.com/wp-content/uploads/2023/06/Chinese-zucchini-pancake-0.jpg,Breakfast,Chinese,"chinese pancakes, courgette crepes, courgette pancakes, zucchini crepes",88 kcal,5.0,14.0,26.0
Beef and Broccoli (西兰花炒牛肉),"Following the restaurant's secret of meat velveting and the perfect sauce formula, your homemade beef and broccoli will please any demanding palate.",https://redhousespice.com/beef-and-broccoli/,10m,5m,30m,4 servings,"[For the beef] 1 lb beef flank, skirt, sirloin or rump steak ,¼ teaspoon baking soda ,⅛ teaspoon salt ,½ tablespoon cornstarch ,1 tablespoon light soy sauce ,2 tablespoon water ,½ tablespoon neutral cooking oil | [For the sauce] 2 tablespoon oyster sauce ,1 tablespoon Shaoxing rice wine ,½ tablespoon light soy sauce ,½ tablespoon dark soy sauce ,1½ tablespoon cornstarch ,1 teaspoon sugar ,⅛ teaspoon ground white pepper ,½ teaspoon sesame oil ,3 tablespoon water | [You also need] 1 medium-head broccoli about 10oz/300g (see note for alternatives) ,2 tablespoon neutral cooking oil divided ,1 tablespoon minced garlic ,1 teaspoon minced ginger","[Marinate the beef] 1) Cut the beef, across its grain, into slices. Then put them into a bowl. | 2) Add baking soda, salt, cornstarch, light soy sauce and water. Stir and rub with your hand until the liquid is fully absorbed by the meat. Add oil and give a final rub to distribute it evenly. Leave to marinate for 15 minutes (refrigerate if left longer). | [Prepare the sauce] 1) In a small bowl, mix oyster sauce, Shaoxing rice wine, light soy sauce, dark soy sauce, cornstarch, sugar, white pepper, sesame oil and water. Set aside. | [Blanch the broccoli] 1) Cut broccoli into bite-sized pieces (including the stem part). Bring water to a full boil in a wok. Blanch the broccoli for 1 to 1½ minutes depending on your preference. | 2) If using a skillet (frying pan), make sure the water is covering half the height of the broccoli florets. Cover with a lid so that the steam will gather and cook the top part of the broccoli. | [Sear the beef] 1) Wipe dry and heat the wok/skillet over medium-high heat. Pour in 1½ tablespoons of oil. Add the marinated beef. Distribute the pieces in a single layer to sear evenly. | 2) Once lightly brown on the side touching the wok/skillet, flip and stir-fry for a further 30 seconds or so until the meat loses its pinkness on the surface (do not overcook). Transfer the beef and its cooking liquid to a bowl/plate. Side aside. | [Combine the dish] 1) Add the remaining ½ tablespoon of oil to the wok/pan. Stir-fry minced garlic and ginger until fragrant. | 2) Turn the heat to medium-low and pour in the sauce mixture (remember to stir it well beforehand in case any starch sinks to the bottom). | 3) Add the broccoli and the beef. Stir around while the sauce thickens. Dish out when it reaches your preferred consistency (bear in mind that it will become a little thicker as the dish cools).",https://redhousespice.com/wp-content/uploads/2022/11/Stir-fried-beef-and-broccoli.jpg,Main Course,Chinese,beef stir-fry,404 kcal,5.0,33.0,63.0
Beef and Mushroom Stir-Fry,"Enjoy the rich flavors of beef and mushroom stir-fry, a quick and easy dish featuring succulent steak and springy mushroom, all coated with an umami sauce.",https://redhousespice.com/beef-and-mushroom/,8m,5m,13m,2 servings,"[For the beef] 13 oz beef filets aka filet mignon, see note 1 for alternatives ,1 teaspoon light soy sauce ,1 teaspoon Shaoxing rice wine ,1 tablespoon water ,½ teaspoon cornstarch ,1 pinch salt ,½ tablespoon neutral cooking oil | [For the sauce] 1 tablespoon light soy sauce ,1 teaspoon dark soy sauce ,3 tablespoon unsalted stock or water ,1 teaspoon cornstarch ,1 teaspoon black pepper freshly ground ,¼ teaspoon sugar ,1 pinch salt | [You also need] 2 tablespoon neutral cooking oil divided ,10 clove garlic halved ,1 large king oyster mushroom cut into cubes ,½ bell pepper cut into pieces","[Marinate the beef] 1) Cut the beef filets into cubes, about ¾inch (2cm) in size. Then put them into a bowl. | 2) Add light soy sauce, Shaoxing rice wine, water, cornstarch, and salt. Rub and swirl until the liquid is fully absorbed. | 3) Pour in oil and mix to coat the beef cubes evenly. Leave to marinate while preparing other ingredients. | [Mix the sauce] 1) In a small bowl, mix light soy sauce, dark soy sauce, stock(or water), cornstarch, black pepper, sugar, and salt. Set aside. | [Sear the beef] 1) Heat a wok over high heat until lightly smoking ( see note 2 if using non-stick cookware ). Pour in 1 tablespoon of oil and swirl to coat a large area. Put in the beef cubes and spread them in a single layer. | 2) When the bottom side touching the wok turns pale, flip and toss the beef to sear the other sides. | 3) Once all the cubes have lost the pink color on the surface (still pink inside), transfer the beef out to a plate. | [Stir-fry the dish] 1) Pour the remaining 1 tablespoon of oil into the vacant wok. Add the halved garlic cloves first. Sizzle until they turn golden on the edge. | 2) Add the mushroom and bell pepper. Toss them for about 30 seconds. | 3) Return the seared beef to the wok and stir fry for one more minute until the meat is almost fully cooked. | 4) Pour in the sauce mixture (stir it very well beforehand). Give everything a final toss until the sauce thickens to the desired consistency.",https://redhousespice.com/wp-content/uploads/2024/09/beef-and-mushroom-stir-fry-3.jpg,Main Course,Chinese,beef stir-fry,453 kcal,,,
Beef and Chinese broccoli stir-fry (芥蓝牛肉),"Tasty, succulent and easy to cook, beef and Chinese broccoli is a classic Cantonese stir-fry. Follow my tips and tutorial video to cook it to perfection.",https://redhousespice.com/beef-chinese-broccoli/,10m,5m,15m,2 servings,"[For the beef] 200 g beef, preferably flank or skirt 7oz, see note 1 ,1 teaspoon ginger, julienned ,1 teaspoon light soy sauce ,1 teaspoon Shaoxing rice wine ,1 teaspoon cornstarch ,1 tablespoon water ,1 teaspoon cooking oil | [For the vegetable] 300 g Chinese broccoli (Gai lan/Kai-lan) about 6-7 stems | [For the sauce] 2 teaspoon cornstarch ,2 tablespoon water/stock ,½ teaspoon dark soy sauce ,1 tablespoon oyster sauce ,1 teaspoon sesame oil | [You also need] 2 tablespoon cooking oil ,4 clove garlic, sliced","[Marinate the beef] 1) Cut the beef into thin slices across the grain. To make cutting easier, you may freeze the beef for 1-2 hours until it becomes semi-frozen. | 2) Put the beef slices into a bowl. Add ginger, cornstarch, light soy sauce, Shaoxing rice wine and water. Rub with hands or mix with a pair of chopsticks until no more liquid can be seen. Pour in the oil then mix to coat. | [Prepare the vegetable & sauce] 1) Separate the stem and leafy parts of the Chinese broccoli. Cut the stems into 3 cm/ 1 inch sections. | 2) Mix all the ingredients for the sauce. Set aside. | [Stir-fry the dish] 1) Heat 1 tablespoon of oil in a wok over high heat. Add the garlic then the stem part of the broccoli. Fry for about 1 min. | 2) Stir in the leaves. As soon as they wilt, transfer everything to a plate (keep the heat on). | 3) Pour the remaining 1 tablespoon of oil into the empty wok. Add the marinated beef. Fry until the meat loses its pinkness. | 4) Stir in the broccoli. Then pour in the sauce (stir well beforehand as the starch tends to sink to the bottom). | 5) Turn off the heat as soon as the sauce becomes thick. Dish out and serve immediately.",https://redhousespice.com/wp-content/uploads/2020/07/beef-Chinese-broccoli-stir-fry-6.jpg,Main Course,Chinese,"Beef, Stir-fry, Vegetables",475 kcal,5.0,39.0,64.0
"Beef Chow Fun (Beef Ho Fun, 干炒牛河)","Succulent beef slices stir fried with soft, springy rice noodles then seasoned with soy sauce, Beef Chow Fun is a classic Cantonese delicacy not to miss.",https://redhousespice.com/beef-chow-fun/,20m,5m,25m,2 servings,"[For the beef] 5 oz beef preferably flank/skirt steak ,1 teaspoon light soy sauce ,1 teaspoon Shaoxing rice wine ,1 teaspoon cornstarch ,1 tablespoon water ,1 pinch sugar ,1 teaspoon cooking oil | [You also need] 1 lb fresh sa-ho fun see note 1 ,2 tablespoon cooking oil ,2 oz beansprouts ,¼ onion, thinly sliced ,1 oz Chinese chives see note 2 ,1 tablespoon dark soy sauce ,1 tablespoon light soy sauce","[Marinate the beef] 1) Slice the beef against the grain. Mix with light soy sauce, rice wine, cornstarch, water and sugar. Coat with oil then leave to rest for 15 minutes. | [Prepare the rice noodles] 1) If using fresh ones: Gently separate the sa-ho fun by hand into long strands (try not to break them into small pieces). | 2) If using dried ones (reduce the quantity to 8oz/230g): follow the instructions on the package to cook then rinse under cold water prior to stir-frying. | [Stir fry] 1) Pour oil into a hot wok. Stir in the marinated beef slices. Fry until they just turn pale (do not overcook). Dish out and leave the oil in the wok. | 2) Put in sa-ho fun. Gently stir around with a pair of chopsticks. When the sa-ho fun begins to wilt, add in beansprouts and onion. Fry for 30 seconds or so. | 3) Add the beef and Chinese chives. Pour in light soy sauce and dark soy sauce. Cook for a further 30 seconds.",https://redhousespice.com/wp-content/uploads/2019/08/Beef-chow-fun-by-Red-House-Spice-recipe-card-scaled.jpg,Main Course,Chinese,"Beef, Cantonese, Noodles",,5.0,101.0,149.0
Beef dumplings in hot and sour soup (酸汤水饺),"Beef dumpling soup is warm, comforting and addictive. This recipe provides a step by step guide on how to make it at home.",https://redhousespice.com/beef-dumplings-soup/,40m,20m,90m,4 servings,"[For the dough] 300 g all-purpose flour plus extra for dusting ,1 pinch salt ,160 ml water see note 1 | [For the filling] 300 g minced beef see note 2 ,1 stalk scallions finely chopped ,1 teaspoon minced ginger ,½ teaspoon ground Sichuan pepper or Chinese five-spice powder ,1 teaspoon Shaoxing rice wine ,1.5 teaspoon salt ,150 ml water or stock ,150 g Chinese chives finely chopped ,1 teaspoon sesame oil | [For the spiced vinegar] 80 ml black rice vinegar ,80 ml water ,2 teaspoon brown sugar or regular sugar ,1 piece Chinese cinnamon(cassia cinnamon) ,1 star-anise ,1 bay leaf ,1 pinch fennel seeds ,1 pinch Sichuan peppercorn | [For EACH bowl of soup] 1 teaspoon light soy sauce ,½ teaspoon sesame oil ,1 tablespoon Chinese chilli oil or to taste ,1 pinch salt ,Spring onion chopped ,Coriander chopped ,Toasted sesame seeds ,Papery dried shrimp Optional","[Make the dough] 1) In a mixing bowl, add flour, salt and water. Knead with your hands (or a stand mixer with a fitted dough hook) to form a medium-firm dough (See note 1). | 2) Leave to rest for 30-60 minutes. Then knead again until smooth. | [Mix the filling] 1) Mix beef, spring onion, ginger, ground Sichuan pepper (or five-spice powder), rice wine and salt. | 2) Swirl constantly in the same direction while gradually adding water/stock into the mixture until all the liquid is completely absorbed. | 3) Add Chinese chive and sesame oil then mix well. | [Prepare the spiced vinegar] 1) Simmer all the ingredients for the spiced vinegar for 5 mins (cover with a lid) then drain through a sieve. Discard the spices. Set aside. | [Roll the wrappers] 1) Make a loop with the dough (about 2.5 cm / 1 inch in diameter). Cut it into about 40 equal sections. | 2) Press each piece into a small disc with the palm of your hand. | 3) Use a rolling pin to flatten it into a thin disc (please refer to the video ). Always remember to dust with flour if the dough sticks. | [Shape the dumplings] 1) Place a spoonful of filling in the middle of a wrapper. Fold the wrapper, then seal it. You may do it any way you like as long as you make sure there is no leakage (See note 3). | [Cook the dumplings] 1) Bring a large pot of water to a boil over a high heat. Gently slide in half of the dumplings (see note 3). Cover with a lid. | 2) When the water returns to a boil, pour in about 120 ml of cold water then cover. Repeat the same procedure another two times (see note 4). | [Assemble the bowl] 1) While waiting for the dumplings to cook, prepare the serving bowls. Pour 1-2 tablespoons of spiced vinegar into each bowl. Add all the remaining ingredients. Spoon in cooked dumplings along with some water from the pot. | [How to freeze dumplings] 1) Freeze raw dumplings right after they are assembled. Lay them on a tray (dust with flour or line with parchment paper). When totally frozen, transfer them into an air-tight bag. | 2) No need to defrost before cooking. Follow the same cooking procedure described above.",https://redhousespice.com/wp-content/uploads/2018/01/bee-dumpling-soup.jpg,Main Course,Chinese,Dumplings,513 kcal,4.98,38.0,85.0
Beef and pineapple fried rice (菠萝炒饭),A quick one-bowl meal served in a pineapple shell. Try this easy pineapple fried rice with succulent beef cubes! It has a balanced flavour of savoury and sweet.,https://redhousespice.com/beef-pineapple-fried-rice/,15m,5m,20m,2 servings,"[For marinating the beef] 200 g beef, diced 7oz, see note 1 ,½ teaspoon cornstarch ,1 teaspoon sesame oil ,1 teaspoon Shaoxing rice wine | [For frying the rice] 1 ripe pineapple see note 2 ,2 tablespoon neutral cooking oil ,2 stalk scallions finely chopped ,1 red bell pepper diced ,500 g cooked rice 4 cups, see note 3 ,4 teaspoon light soy sauce ,¼ teaspoon salt or to taste","[Instructions] 1) Mix beef with cornstarch, sesame oil and rice wine. Leave to marinate for about 10 minutes. | 2) Halve the pineapple. Take out the flesh and dice it (as shown in images). Keep the shell for later use. | 3) Heat up a wok (or a deep frying pan) over high heat. Pour in oil, then stir in beef. Fry until its colour becomes pale. Dish out and set aside (leave any oil in the wok). | 4) Put scallions and bell pepper in the wok. Fry for 1 minute or so. | 5) Add diced pineapple and cooked rice. Fry until the rice is piping hot. Put in the beef, along with light soy sauce and salt. Give everything a final stir to distribute the seasonings. | 6) Put the fried rice into pineapple shells. Serve immediately.",https://redhousespice.com/wp-content/uploads/2017/06/Beef-pineapple-fried-rice.jpg,Main Course,Chinese,"Beef, Rice",,5.0,7.0,11.0
Black pepper beef stir-fry (黑椒牛柳),"Tender and succulent beef strips with a black pepper flavoured sauce, Chinese black pepper beef stir-fry can be made at home to a restaurant standard.",https://redhousespice.com/black-pepper-beef-stir-fry/,15m,5m,20m,2 servings,"[For the marinade] 350 g flank or skirt steak 12oz (see note 1 & 2) ,1 teaspoon cornstarch ,1 teaspoon Shaoxing rice wine ,1 teaspoon light soy sauce ,1 teaspoon sesame oil ,1 teaspoon ginger julienned | [For the sauce] 3 tablespoon oyster sauce ,1 teaspoon light soy sauce ,1 teaspoon freshly ground black pepper ,¼ teaspoon sugar ,1 pinch salt ,1 teaspoon cornstarch ,3 tablespoon water | [You also need] 2 tablespoon cooking oil ,1 onion julienned ,½ red bell pepper julienned",[Instructions] 1) Slice the beef into strips (against the grain). Mix with the ingredients for the marinade. Leave to rest for 10 minutes. | 2) Mix all the ingredients for the sauce then set aside. | 3) Heat up the oil in a wok over high heat. Sear the marinated beef until it turns brown (should still be pink inside). Transfer it to a separate plate. | 4) Add onion and pepper to the remaining oil in the wok. Cook for a minute or so. | 5) Put the beef back into the wok. Stir fry for another 1-2 minutes until the beef is fully cooked. | 6) Pour in the sauce. Stir until it becomes thick enough to coat the beef and vegetables nicely. | 7) Sprinkle more ground black pepper for more intense flavour (optional). Serve hot with steamed rice.,https://redhousespice.com/wp-content/uploads/2017/05/black-pepper-beef.jpg,Main Course,Chinese,Beef,440 kcal,5.0,144.0,237.0
Chinese Braised Beef Shank and Master Stock (酱牛肉),A detailed recipe on making braised beef shank the Chinese way. The meat makes a delicious appetiser and the broth becomes a reusable master stock.,https://redhousespice.com/braised-beef-shank/,10m,90m,100m,4 platefuls,"[For marinating the beef] 1500 g boneless beef shank (beef shin) 53oz ,4 tablespoon soybean paste see note 1 for substitutes ,1 big piece fermented bean curd (Fu Ru/腐乳) or 4 small pieces, see note 2 ,4 tablespoon light soy sauce ,1 tablespoon dark soy sauce | [For seasoning the stock] 2 tablespoon Shaoxing rice wine ,5 slices ginger ,2 stalks scallions, cut in sections ,12 g rock sugar or 1 tablespoon regular sugar ,4 star anise ,1 piece cassia cinnamon ,4 bay leaves ,1 teaspoon fennel seeds ,1 tablespoon Sichuan pepper ,1 tablespoon whole white pepper or black pepper ,8 cloves ,1 Tsao-ko (Chinese black cardamon, 草果) optional ,2 pieces dried sand ginger (沙姜) optional ,4 dried chillies ,Salt, to taste | [For serving (optional)] Chinese chilli oil ,Scallions, finely chopped","[Soak the beef (optional)] 1) Wash beef shank then cut each piece lenghthways once. | 2) Put into a large bowl. Pour in water (enough to cover the meat completely). Leave to soak for 1 hour then drain (this is to extract excess blood). | [Marinate the beef] 1) Add soybean paste, fermented bean curd, light soy sauce & dark soy sauce to a bowl. Mash the bean curd with a spoon and mix well. | 2) Pour the marinade onto the drained beef. Rub to coat evenly. Leave to rest for at least 4 hours or overnight. | [Cook the beef] 1) Put the beef, along with the marinade sauce, into a pot. Top with about 750 ml/3 cups of water (It should be enough to cover the meat completely. Please feel free to adjust). | 2) Add Shaoxing rice wine, scallions, ginger, sugar and all the spices. | 3) Bring it to a full boil then turn the heat to the lowest. Cover with a lid and leave to simmer for about 1½ hours (see note 3). | 4) Halfway through, taste the stock to check the saltiness. If it’s on the salty side, the beef should be just right. Otherwise, add a little salt. | 5) To check the doneness, poke the centre of the biggest piece of the beef with a chopstick. You should be able to insert it through with a little resistant. | 6) Let the beef cool down in the stock naturally. Then transfer the beef to a container. Refrigerate until completely firm. | 7) Use a sieve to drain the stock (discard the spices) and keep in the fridge for later use. | [Serve the beef (see note 4 for more options)] 1) Cut the beef into thin slices then lay on a plate. Heat up a little stock in a saucepan. Pour it over the beef. Add chilli oil and scallions. If you wish to serve it warm, steam the sliced beef for about 3 mins or so. | 2) This recipe makes about 4 platefuls. Store the rest of the beef chunks in the fridge for up to 4 days or in the freezer for 3 months. Defrost in the fridge before using. | [How to reuse the stock] 1) The beef stock can be reused as a master stock for braising meat, boiled eggs, tofu, kelp, etc. Add more water, seasonings & spices if necessary. | 2) After each use, drain the stock very well and remove all the solid pieces left in the liquid. Store in the fridge or freezer for up to 4 days or in the freezer for 3 months. Defrost in the fridge before using.",https://redhousespice.com/wp-content/uploads/2020/08/Braised-beef-shank-master-stock-6.jpg,Appetizer,Chinese,"Beef, Stock",,5.0,14.0,26.0
Braised Beef with Daikon (萝卜炖牛肉),"A wholesome stew made in simple steps, braised beef with daikon is a classic Chinese dish perfect for both weekday dinners and special gatherings.",https://redhousespice.com/braised-beef-with-daikon/,10m,90m,100m,6 serving,"[Ingredients] 2 lb beef shank or beef brisket ,1 tablespoon neutral cooking oil ,6 slice ginger ,2 star anise see note 1 ,3 bay leaves ,1 piece cassia cinnamon ,1 teaspoon whole Sichuan peppercorn ,½ cup chopped tomato ,1 tablespoon light soy sauce ,1 tablespoon dark soy sauce ,1 tablespoon oyster sauce ,1 tablespoon Shaoxing rice wine ,1 teaspoon sugar ,¼ teaspoon salt ,⅛ teaspoon ground white pepper ,1 lb daikon aka white radish, mooli, cut into chunks ,10 cloves garlic peeled ,Scallions or cilantro (coriander)","[Blanch the beef] 1) Cut the beef into bite-sized cubes. Put them into a pot and fill it with plenty of cold water. | 2) Bring the water to a full boil. Let it boil for a couple of minutes while skimming off any foam appearing on the surface. Drain the beef and discard the water. | [Braise the beef] 1) Pour oil into a clean pot. Add ginger slices, star anise, bay leaves, cassia cinnamon, and Sichuan pepper. Sizzle them over low heat until fragrant. | 2) Stir in the drained beef chunks and fry for a minute or so. Add chopped tomato, light soy sauce, dark soy sauce, oyster sauce, Shaoxing rice wine, sugar, salt, and white pepper. Pour in about 1 ½ cups (360ml) of hot water, or just level with the meat. | 3) Bring the water to a boil then turn down the heat to low. Cover the pot with a tight lid and let it simmer for 1 to 1 ½ hours, until the meat turns tender (see note 2 for the Instant Pot method). | [Cook the daikon] 1) Stir in the daikon pieces and garlic cloves. Cover the pot and leave to cook over medium heat for another 15 minutes or so, until the daikon becomes soft to bite. | 2) Optionally, cook a little longer over high heat without the lid if you wish to reduce and thicken the broth. | 3) Transfer the dish to a serving bowl/plate. Garnish with scallions or cilantro and serve immediately.",https://redhousespice.com/wp-content/uploads/2024/09/braised-beef-daikon-3-scaled.jpg,Main Course,Chinese,beef stew,291 kcal,5.0,2.0,6.0
"Chinese Lamb Skewers (Yang Rou Chuan’r, 羊肉串儿)",Making Chinese lamb skewers at home is totally approachable. The ingredients are simple and the process is straightforward. Give it a try!,https://redhousespice.com/chinese-lamb-skewers/,10m,10m,60m,10 skewers,"[Ingredients] 700 g lamb (ideally containing 25% fat) about 1.5 lb ,1 onion, sliced ,1 teaspoon salt ,1 tablespoon chili powder or to taste ,1 tablespoon cumin powder","[Instructions] 1) Cut the lamb into cubes (1½-2 cm / ½ in). Put into a bowl. Mix with onion and salt. Leave to marinate for at least 40 mins. | 2) Light up charcoal in your grill. While waiting for the flame to subside, thread the lamb onto the skewers. Evenly distribute the lean pieces and fatty ones (discard the onion). | 3) When the charcoal glows and there’s no more visible flame, place the skewers over the cooking grid. Flip frequently to sear the meat evenly. | 4) Once the meat turns pale, sprinkle chili powder and cumin powder all over. | 5) Divide the skewers into two parts and hold them with each hand. Dab and rub one lot over another. This will help the oil generated from the fat to flow onto the lean meat. | 6) Continue cooking until the meat browns evenly and there’s no pinkness on the surface (do not overcook). Remove from the heat and serve immediately.",https://redhousespice.com/wp-content/uploads/2021/07/chinese-lamb-skewers-1.jpg,Main Course,Chinese,"BBQ, Lamb",79 kcal,5.0,17.0,26.0
Chinese Beef Stew with Potatoes (土豆炖牛肉),"Easily prepared but intensely flavoured, Chinese beef stew with potatoes tastes tender, succulent and aromatic.",https://redhousespice.com/chinese-spiced-beef-potato-stew/,10m,100m,110m,4 servings,"[Ingredients] 700 g beef, cut into chunks about 1.5 lb, see note 1 ,2 tablespoon neutral cooking oil ,2 onions, sliced ,1 thumb-sized ginger, smashed ,2 star anises ,1 piece cassia cinnamon (Chinese cinnamon) ,2 bay leaves ,2 cloves ,2 dry chilies optional ,2 tablespoon light soy sauce ,1 tablespoon dark soy sauce ,1 tablespoon Shaoxing rice wine ,600 ml hot water about 2.5 cups ,¼ teaspoon salt or to taste ,3 medium potatoes, peeled and cut into chunks about 350g/12oz ,1 medium carrot, cut into chunks about 120g/4oz ,Coriander (cilantro), chopped optional","[Instructions] 1) Put beef into a pot filled with cold water (enough to cover the meat completely). Bring the water to a full boil. Use a spoon to skim off the froth on the surface. Then drain well. | 2) In a clean pot, fry onion in oil over medium-low heat until soft and lightly browned. Stir in ginger and all the spices. Fry until fragrant. | 3) Add the beef, along with light soy sauce, dark soy sauce, Shaoxing rice wine and hot water. Bring it to a full boil then turn down the heat to low. Cover with a lid. Leave to simmer for about 1h30 until the meat becomes tender (see note 3 & 4). Give the broth a taste, add a little salt if necessary. | 4) Put potato and carrot chunks into the pot. Add some water if it seems too dry. Leave to simmer without the lid for 10-15 minutes until the vegetables are fully cooked. | 5) Turn the heat up to reduce the broth if you wish. However, this step is entirely optional. Garnish with coriander (cilantro) if using. Serve immediately with plain rice.",https://redhousespice.com/wp-content/uploads/2021/03/Chinese-beef-stew-.jpg,Main Course,Chinese,"Beef, Braised, Easy",622 kcal,5.0,77.0,106.0
Hunan Beef Stir-fry (小炒黄牛肉),"Succulent beef slices complemented with the heat of chilli peppers, the authentic version of Hunan beef bursts with wonderful flavours and it’s very quick to cook.",https://redhousespice.com/hunan-beef/,5m,5m,20m,2 servings,"[For the beef] 12 oz beef (skirt or flank steak) about 12oz, see note 1 ,1 tablespoon oyster sauce ,1 teaspoon light soy sauce ,1 teaspoon dark soy sauce ,1 teaspoon Shaoxing rice wine ,1 teaspoon cornstarch ,1 pinch white pepper ,1 teaspoon neutral cooking oil | [For stir-frying] 2 tablespoon neutral cooking oil ,1 oz fresh chilli pepper, chopped or to taste ,1 oz pickled chilli pepper, chopped or to taste ,2 oz celery, julienned can be replaced by coriander ,1 tablespoon minced garlic ,1 teaspoon minced ginger","[Marinate the beef] 1) Cut the beef into thin slices across the grain. To make cutting easier, you may put it in the freezer for 1-2 hours until it’s semi-frozen. | 2) In a bowl, mix oyster sauce, light soy sauce, dark soy sauce, Shaoxing rice wine, cornstarch and white pepper. Put in the beef. Gently rub until the meat fully absorbs the marinade. | 3) Add 1 teaspoon of oil and mix well. Leave to marinate for 10 minutes or so. | [Stir-fry the dish] 1) Heat an empty wok over high heat until smoking hot (see note 2 if using non-stick cookware). Pour in 2 tablespoons of oil and swirl to coat the perimeter of the wok. | 2) Add the beef. Separate and flip the pieces with chopsticks to fry them evenly. | 3) As soon as most of the beef loses its pinkness, put in the rest of the ingredients (fresh chilli, pickled chilli, celery, garlic and ginger). Retain the high heat and toss constantly for about 1 minute. | 4) Dish out and serve immediately with steamed rice .",https://redhousespice.com/wp-content/uploads/2022/02/hunan-style-beef-stir-fry-scaled.jpg,Main Course,Chinese,"Beef, Hunan, Spicy, Stir-fry",426 kcal,5.0,12.0,25.0
Lanzhou beef noodle soup (兰州牛肉面),"Super fragrant, tangy and comforting, Lanzhou beef noodle soup is a culinary legend from the city which it’s named after. Check out this simplified version!",https://redhousespice.com/lanzhou-beef-noodle-soup/,10m,150m,160m,6 servings,"[Ingredients] 1400 g large chunks of beef 3lb ,2 beef bones ,3000 ml water 13 cups ,1.5 teaspoon salt or to taste | [Spices & herbs] 2 star anises ,1 small piece cassia cinnamon ,2 bay leaf ,1 teaspoon Sichuan peppercorn ,1 teaspoon white pepper ,1 pinch fennel seeds ,1 pinch cumin seeds ,½ teaspoon ground licorice or 4 slices licorice root ,2 pieces sand ginger ,3 dry chilli ,1 piece ginger ,3 stalks scallions | [You also need] 500 g daikon/Chinese white radish 1.1 lb ,6 servings hand-pulled noodles or dried noodles ,Coriander chopped ,Chinese chilli oil to taste","[Instructions] 1) Put beef chunks and beef bones into a pot filled with cold water. Bring the water to a full boil. Use a spoon to skim off the froth on the surface. | 2) Add all the herbs and spices (see note 1). Leave to simmer for about 2 hours (until the beef is cooked through). | 3) Take the beef out to cool and discard the bones, herbs and spices. When cold, cut the beef into either thin slices or small cubes(see note 2). | 4) Cut daikon into thin slices. Put into the beef broth. Cook for 15 minutes or so until very soft to bite. | 5) Cook noodles in another pot with plenty of water. Drain and rinse under cold water for a few seconds. | 6) Place noodles in serving bowls. Pour in hot broth and daikon. Top with beef slices/cubes. Garnish with fresh coriander and homemade chili oil .",https://redhousespice.com/wp-content/uploads/2020/01/Lanzhou-beef-noodle-soup-foodgawker-e1650565777685.jpg,Main Course,Chinese,Noodles,713 kcal,5.0,23.0,39.0
Pepper Steak (青椒牛肉),"A delicious way to combine beef and crunchy veggies, Chinese pepper steak stir-fry comes with an irresistible sauce and is very quick to cook.",https://redhousespice.com/pepper-steak/,6m,4m,25m,4 servings,"[For the beef] 1 lb beef flank, skirt, sirloin, or ribeye steak ,1 tablespoon light soy sauce ,½ tablespoon cornstarch ,¼ teaspoon baking soda aka Bicarbonate of Soda ,⅛ teaspoon salt ,2 tablespoon water ,½ tablespoon neutral cooking oil | [For the sauce] 2 tablespoon oyster sauce ,1 tablespoon Shaoxing rice wine ,½ tablespoon light soy sauce ,½ tablespoon dark soy sauce ,1½ tablespoon cornstarch ,½ teaspoon sugar ,⅛ teaspoon ground white pepper ,4 tablespoon water ,½ teaspoon sesame oil | [You also need] 2½ tablespoon neutral cooking oil divided ,2 bell pepper cut into strips ,1 onion sliced ,3 clove garlic sliced","[Marinate the beef] 1) Cut the beef, across its grain, into long strips, about ⅓ inch/8mm thick. Put them into a bowl. Add light soy sauce, cornstarch, baking soda, salt, and water. | 2) Mix and rub with your hand until the liquid is fully absorbed by the meat. Pour in oil and stir to coat evenly. Leave to marinate for 15 mins. | [Mix the sauce] 1) In a small bowl, mix oyster sauce, Shaoxing rice wine, light soy sauce, dark soy sauce, cornstarch, sugar, ground white pepper, and water. Then add sesame oil. Set aside. | [Sear the beef] 1) Heat 2 tablespoons of oil in a wok/skillet over medium-high heat. Put in the marinated beef. Spread out the strips into a single layer. Do not move them until the part touching the surface browns lightly. | 2) Then stir and toss for about 30 seconds until there is little pinkness that can be seen on the surface (do not overcook). Transfer the beef to a plate leaving any oil in the wok. | [Stir-fry the vegetables] 1) Pour in the remaining ½ tablespoon of oil. Add onion and garlic. Fry over high heat until the garlic browns on the edge. | 2) Put in bell pepper. Toss the vegetables for about 30 seconds until they’re well heated but remain crunchy. | [Combine the dish] 1) Return the beef to the wok. Stir-fry everything for a further 30 seconds or so until the beef is cooked through (no pinkness inside the strips). | 2) Turn the heat down to low (see note 1). Stir the sauce very well then pour it over the meat and vegetables. | 3) Give everything a final toss. Dish out when the sauce becomes thick enough to coat the spatula (see note 2).",https://redhousespice.com/wp-content/uploads/2023/07/Pepper-steak-stir-fry-3-scaled.jpg,Main Course,Chinese,"beef and pepper stir-fry, pepper beef",444 kcal,5.0,17.0,32.0
Sha Cha Beef (沙茶牛肉),Discover a new way to make stir-fried steak! This Sha Cha beef recipe reveals how to elevate flavor with a popular sauce and achieve a succulent texture.,https://redhousespice.com/sha-cha-beef/,15m,3m,18m,4 servings,"[For the beef] 1 lb beef steaks see note 1 for cut options ,1 tablespoon Sha Cha sauce see note 2 ,1 tablespoon cornstarch ,1 teaspoon Shaoxing rice wine or dry sherry ,1 teaspoon dark soy sauce or regular soy sauce ,¼ teaspoon sugar ,⅛ teaspoon ground white pepper ,2 tablespoon water ,1 tablespoon neutral cooking oil | [For stir-frying] 15 spears asparagus see note 3 ,1½ tablespoon neutral cooking oil ,3 cloves garlic sliced ,6 slices ginger ,1 tablespoon Sha Cha sauce ,¼ teaspoon salt ,1 teaspoon sesame oil","[Marinate the beef] 1) Cut the beef steak, across its grains, into slices of about ⅛ inch (3mm) thickness. | 2) In a large bowl, mix Sha Cha sauce, cornstarch, Shaoxing rice wine, sugar, white pepper, and water until smooth. | 3) Add the beef slices, and gently rub by hand until the marinade liquid has been fully absorbed. Pour in oil then rub to coat all pieces evenly. | 4) Leave to marinate for about 10 minutes. | [Prepare the vegetables] 1) While waiting for the beef to marinate, trim or snap the woody ends of the asparagus, then cut each spear, at an angle, into shorter sections. | 2) OPTIONAL: If you’re using other vegetables that take longer to cook through, such as broccoli, or Gai Lan, you’d need to give them a quick blanch before the next step. | [Stir-fry the dish] 1) Heat a wok over high heat until lightly smoking, then pour in oil (If using non-stick cookware, add the oil first then heat it). | 2) Add sliced ginger and garlic. Sizzle for a few seconds then put in the marinated beef. Use chopsticks or a spatula to quickly loosen the beef so that all pieces can be fried evenly. | 3) Once most of the beef loses the bright pink color, add asparagus and another tablespoon of Sha Cha sauce. Toss for a further 30 seconds. Make sure to keep the heat high and swiftly stir fry. | 4) Finally, stir in the salt and sesame oil before dishing out to serve.",https://redhousespice.com/wp-content/uploads/2024/06/sha-cha-beef-2-scaled.jpg,Main Course,Chinese,beef stir-fry,306 kcal,5.0,3.0,11.0
"Sichuan boiled beef (Shui Zhu Niu Rou, 水煮牛肉)",Sichuan boiled beef (Shui Zhu Niu Rou) is super tasty and addictive. This detailed recipe shows you how to achieve the best texture and flavour.,https://redhousespice.com/sichuan-boiled-beef/,15m,10m,25m,3 servings,"[For the beef] 300 g beef 10oz, see note 1 ,1 pinch salt ,1 teaspoon Shaoxing rice wine ,1 teaspoon dark soy sauce or regular soy sauce ,1 egg ,1 tablespoon cornstarch ,2 tablespoon water ,1 teaspoon sesame oil | [For the spicy topping] 1 teaspoon cooking oil ,1 handful dried chillies, seeds removed see note 2 ,1 tablespoon Sichuan peppercorns see note 3 | [For the vegetables] half Romaine lettuce, coarsely chopped ,1 handful bean sprouts | [For the broth] 2 tablespoon cooking oil ,6 slices ginger ,3 cloves garlic, sliced ,2 tablespoon Sichuan chilli bean paste see note 4 ,1 teaspoon chilli powder or to taste ,500 ml unsalted stock or water 2 cups | [For the garnish] 2 tablespoon cooking oil ,1 tablespoon minced garlic ,coriander, chopped","[Marinate the beef] 1) Cut the beef, against the grain, into thin slices (about 2mm). | 2) Put them into a mixing bowl. Add salt, Shaoxing rice wine, dark soy sauce, egg, cornstarch and water. | 3) Rub and mix with hands until the liquid is absorbed. | 4) Add sesame oil then stir well. | [Fry the spicy topping] 1) Add oil, dried chillies and Sichuan peppercorns in a wok. | 2) Fry over low heat until fragrant (do not burn). | 3) Transfer onto a chopping board. Chop small then set aside. | [Fry the vegetables] 1) Put romaine lettuce and bean sprouts in the same wok. | 2) Fry with the remaining oil over medium heat until they lightly wilt. | 3) Transfer to the serving bowl and set aside. | [Prepare the broth] 1) Pour oil into the wok. Add ginger, garlic, Sichuan chilli bean paste and chilli powder. Fry over low heat until fragrant. | 2) Pour in stock/water. Cook over high heat until it starts boiling. | [Cook the beef] 1) Turn the heat to medium. Add marinated beef, one piece at a time. | 2) Simmer until fully cooked (no pinkness on the surface). | 3) Pour the beef and stock onto the vegetables. | [Sizzle & garnish] 1) Place minced garlic & chopped spicy topping over the beef. | 2) Heat up the oil in the wok (cleaned and dried) until smoking. Pour it over the garlic & spices. | 3) Garnish with coriander and serve immediately with plain rice.",https://redhousespice.com/wp-content/uploads/2020/02/sichuan-boiled-beef-9.jpg,Main Course,Chinese,Beef,410 kcal,5.0,25.0,41.0
Spicy beef noodle soup (香辣牛肉面),"A bowl of noodles in well spiced broth topped with tender beef cubes, spicy beef noodle soup is hot, fragrant and very comforting indeed.",https://redhousespice.com/spicy-beef-noodle-soup/,10m,70m,80m,4 servings,"[For stewing the beef] 600 g beef, cut in cubes 21oz ,2 tablespoon cooking oil ,4 cloves garlic, minced ,3 tablespoon Sichuan chilli bean paste see note 1 ,½ teaspoon chilli powder ,1500 ml hot water 6½ cups ,1 thumb-sized ginger ,2 stalks scallions, cut in sections ,1 bay leaf ,1 star-anise ,1 small piece Chinese cinnamon/cassia cinnamon ,10 Sichuan pepper ,1 pinch fennel seeds ,½ teaspoon sugar | [You also need] 4 portions noodles see note 2 ,Spinach or pak choi / bok choy ,Fresh coriander, chopped","[Blanch the beef] 1) Add beef cubes to a pot filled with water, Bring it to a full boil. Remove any impurities that appears on the surface. Drain then put the beef back into the pot. | [Prepare the soup] 1) Heat up oil in a wok (or a deep frying pan) over medium heat. Stir in garlic, Sichuan chilli bean paste and chilli powder. | 2) Cook until fragrant (do not burn). Pour in 1500ml (6½ cups) hot water. Cover and leave to simmer for 5 minutes. | [Simmer the beef] 1) Through a sieve, pour the spiced soup into the beef pot. Add ginger, scallions and all the other spices (see note 3). | 2) Bring the soup to a boil then simmer for 1 to 1.5 hours. Once the beef becomes tender cooked, discard the ginger, scallions and spices. | [Cook the noodles] 1) Cook the noodles in another pot with plenty of water. At the end of the process, quickly blanch spinach (or pak choi) in the same pot. Drain and rinse the noodles and vegetable under cold water for a few seconds. | [Assemble the dish] 1) Place the noodles and vegetable in serving bowls. Pour in the broth then place the beef on top. Sprinkle coriander to garnish. Serve immediately (see note 4).",https://redhousespice.com/wp-content/uploads/2020/08/Spicy-beef-noodle-soup-foodgawker.jpg,Main Course,Chinese,Noodles,,4.96,46.0,90.0
Spicy Cumin Lamb Noodles (Easy Hand-torn Version),"A tasty combination of two classic dishes, spicy cumin lamb noodles are bursting with great flavours. This hand-torn version is easy and fail-proof. A tutorial video is included.",https://redhousespice.com/spicy-cumin-lamb-hand-torn-noodles/,15m,10m,85m,2 servings,"[For the noodles] 200 g all-purpose flour (plain flour) ,1 pinch salt ,100 g water adjust slightly if necessary, see note 2 ,Cooking oil for coating | [For the lamb] 350 g lamb preferably lamb leg cut ,2 teaspoon tapioca starch, or corn starch ,2 teaspoon cumin powder ,1 tablespoon Shaoxing rice wine ,1 tablespoon cooking oil | [For the stir-fry] 2 tablespoon cooking oil ,3 cloves garlic, minced ,2 stalks scallions, finely chopped ,½ onion, sliced ,1 tablespoon chili flakes see note 2 ,1 teaspoon ground chili see note 3 ,2 teaspoon cumin seeds ,1 tablespoon light soy sauce ,⅓ teaspoon salt ,½ tablespoon sesame seeds ,Coriander, chopped optional","[Prepare the dough] 1) IF KNEADING BY HAND: Mix flour and salt. Add water gradually. Mix with chopsticks/spatula until no more liquid can be seen. Combine and knead briefly into a dough. Leave to rest (covered) for 10 mins. Knead again for about 2 mins until very smooth. Cover and rest again for at least 60 mins. | 2) IF KNEADING WITH A STAND MIXER: Add flour, salt and water into the mixing bowl. Knead with a dough hook on low speed until a very smooth dough forms (It takes about 8 mins). Cover and rest for at least 60 mins (see note 4 for tips on make-ahead). | [Marinate the lamb] 1) Cut the lamb against the grain into thin slices then put into a mixing bowl. | 2) Add starch, cumin powder, Shaoxing rice wine. Mix well. | 3) Pour in oil. Stir to coat evenly. Set aside. | [Cook the noodles] 1) Once the dough is well rested, divide it into 4 pieces. Use cooking oil to coat each piece. | 2) Bring a large pot of water to a full boil. Take a piece of dough and flatten it a little in your hands. Pinch on the edge with your fingers. Pull it outwards until it breaks. | 3) Once you finish all the dough, leave to cook for a further minute. | 4) Transfer the noodles to a colander. Rinse for a few seconds under running water then set aside. | [Stir fry the dish] 1) Heat up a wok until it smokes (see note 5). Pour in oil. Stir in the marinated lamb. Then add garlic, scallions and onion. Fry until the lamb loses its pinkness. | 2) Add chili flakes, chili powder, cumin seeds, light soy sauce, salt and sesame seeds. Fry for a further 30 seconds or so. | 3) Put in the cooked noodles. Stir well to evenly coat the noodles with the sauce. | 4) Dish out and garnish with coriander if using. Serve immediately.",https://redhousespice.com/wp-content/uploads/2021/01/handtorn-noodles-with-lamb.jpg,Main Course,Chinese,"Lamb, Noodles, Spicy, Stir-fry",,5.0,17.0,27.0
Cumin Lamb Stir-Fry (孜然羊肉),"Aromatic and pungent, cumin lamb stir-fry is an easy dish that seldom fails to impress. This recipe offers tips to obtain the perfect taste and texture.",https://redhousespice.com/spicy-cumin-lamb-stir-fry/,10m,5m,25m,3 servings,"[Ingredients] 1 lb lamb leg, rump(chump), or loin cuts ,1 tablespoon cumin powder ,1 tablespoon cornstarch ,1 tablespoon light soy sauce ,1 tablespoon Shaoxing rice wine ,3 tablespoon neutral cooking oil divided ,1 tablespoon cumin seeds ,1 tablespoon chili flakes or to taste (see note 1) ,1 small red onion sliced ,¼ teaspoon salt ,1 bunch cilantro aka coriander","[Marinate the lamb] 1) Cut the lamb into even-sized cubes (about ¾ inch/2 cm). Put them into a bowl. | 2) Add cumin powder, cornstarch, light soy sauce and Shaoxing rice wine. Mix and rub to coat the lamb evenly. | 3) Then add 1 tablespoon of oil to seal the marinated meat. Leave to rest for about 10 minutes. | [Stir-fry the dish] 1) Heat a wok/skillet until it becomes very hot. Add the remaining 2 tablespoons of oil (if using cookware with a non-stick coating, make sure to add oil then heat it). | 2) Over high heat, stir in the marinated lamb cubes. Keep tossing to sear evenly. As soon as the meat loses the pinkness on the surface, transfer it out to a plate leaving any oil in the wok/skillet. | 3) Turn the heat to low (or temporarily remove the wok/skillet from the burner if using an electric cooker). Put in cumin seeds and chili flakes. Briefly toast them in oil to release their aroma. Be careful not to burn them though (see note 2). | 4) Return the lamb, along with sliced onion, to the wok. Turn up the heat to high and stir-fry for 30-60 seconds or so (see note 3). | 5) Sprinkle salt over and add cilantro. Give everything a quick stir then dish it out. Serve immediately with steamed rice.",https://redhousespice.com/wp-content/uploads/2023/02/spicy-cumin-lamb-stir-fry.jpg,Main Course,Chinese,Lamb,603 kcal,4.97,26.0,47.0
Spicy orange beef stir fry (橙味牛肉),"Savoury, fruity, slightly sour and refreshingly spicy, orange beef stir-fry is a comforting dish that can be easily prepared in your own kitchen.",https://redhousespice.com/spicy-orange-beef/,12m,3m,15m,2 servings,"[For marinating the beef] 350 g flank or skirt steak, cut into strips against the grain 12oz ,2 tablespoon fresh orange juice ,1 teaspoon Shaoxing rice wine ,1 teaspoon light soy sauce ,1 teaspoon cornstarch | [For the sauce] 2 tablespoon fresh orange juice ,1 teaspoon light soy sauce ,1 teaspoon dark soy sauce ,1 teaspoon cornstarch ,½ teaspoon sesame oil ,1 pinch salt ,1 pinch ground Sichuan pepper | [For stir-frying] 2 tablespoon cooking oil ,Zest of ½ orange, julienned ,4 fresh chillies, chopped ,3 cloves garlic, minced ,1 teaspoon minced ginger","[Instructions] 1) Place beef strips in a bowl. Add all the ingredients for the marinade. Mix well until all the liquid is absorbed by the beef. Leave to combine for 10 minutes. | 2) Mix all the ingredients for the sauce. Set aside. | 3) Heat up a wok (or a deep frying pan) over a high heat then pour in 1½ tablespoons of oil. Sear the beef until it becomes pale. Dish out and set aside. | 4) Discard any liquid in the wok. Pour in the remaining ½ tablespoon of oil. Add orange zest, fresh chilli, ginger and garlic. Cook until fragrant then stir in the beef. | 5) Fry for 1 minute or so. Pour in the sauce (stir well beforehand). Dish out when beef is evenly coated with the thickened sauce. Serve immediately.",https://redhousespice.com/wp-content/uploads/2020/08/spicy-orange-beef-foodgawker1.jpg,Main Course,Chinese,"Beef, Stir-fry",,5.0,18.0,40.0
Beef Chow Mein with Sha Cha Sauce,"With stir-fried egg noodles, tender meat, crunchy veggies, and super umami Sha Cha sauce, this beef chow mein wins your heart with every mouthful.",https://redhousespice.com/beef-chow-mein-with-sha-cha-sauce/,8m,8m,16m,4 servings,"[Ingredients] 10 oz beef see note 1 for cut options ,2 teaspoon cornstarch ,1 teaspoon Shaoxing rice wine ,2½ tablespoon neutral cooking oil divided ,3 tablespoon Sha Cha Sauce see note 2 ,1 tablespoon light soy sauce ,1 teaspoon dark soy sauce ,7 oz dried egg noodles or 1 lb (450g) pre-cooked egg noodles ,3 cloves garlic minced ,3.5 oz onion sliced, about 1 cup ,1.8 oz fresh chili pepper sliced, about ½ cup ,2.8 oz bok choy sliced, about 1 cup","[Marinate the beef] 1) Cut the beef, across it grains, into thin slices or strips, then place it in a bowl. Add cornstarch, Shaoxing rice wine, and 1 tablespoon of water. Rub well until the liquid is fully absorbed. Add ½ tablespoon of oil and mix to coat the meat evenly. | [Mix the sauce] 1) In a small bowl, mix Sha Cha sauce, light soy sauce, dark soy sauce with 3 tablespoon of water. | [Cook the noodles (skip if using precooked noodles)] 1) Bring plenty of water to a rolling boil, then add the noodles. Cook until they are just underdone (bite one strand to test). Drain, then cut the noodles into shorter strands using scissors. Set aside. | [Sear the beef] 1) Heat an empty wok over high heat until it starts to smoke. Add 1 tablespoon of oil and swirl it around to coat a larger area (If using non-stick cookware, add the oil first, then heat it up.) Add the marinated beef, spreading the pieces out so they sear quickly. Once the bottom side of the meat loses its pink color, flip and toss to sear the other side. Transfer to a plate as soon as no pinkness remains. | [Fry the vegetables] 1) Pour the remaining oil into the wok, then add the garlic and onion. Stir-fry until the onion just begins to wilt. Add the chili pepper and bok choy, and stir-fry for about 30 seconds. | [Combine the dish] 1) Add the cooked noodles and beef, then toss to loosen the noodles and combine everything evenly. Finally, pour in the sauce mixture and continue tossing until the seasoning is evenly distributed.",https://redhousespice.com/wp-content/uploads/2025/05/Beef-Chow-Mein-with-Sha-cha-sauce-3-scaled.jpg,Main Course,Chinese,stir-fried noodles,424 kcal,,,
"Mooncakes, a Classic Recipe (广式月饼)",Nothing can beat the taste of homemade mooncakes. This recipe shows you how to make traditional mooncakes with easy steps. A video is also included.,https://redhousespice.com/cantonese-mooncake/,60m,90m,150m,20 mooncakes,"[For the paste (see note 1 for substitutes)] 100 g dried lotus seeds ,75 g sugar or to taste ,50 g neutral cooking oil such as sunflower, canola, vegetable, peanut, rapeseed oil, etc. | [For the dough] 150 g golden syrup ,½ teaspoon lye water aka Kansui (see note 2) ,50 g neutral cooking oil such as sunflower, canola, vegetable, peanut, rapeseed oil, etc. ,220 g all-purpose flour aka plain flour (see note 3) | [You also need] 20 salted egg yolks ready-to-use ones (see note 4) ,Cornstarch for dusting ,1 egg yolk for brushing","[Cook the paste (skip if using shop-bought one)] 1) Soak dried lotus seeds in water overnight. Drain well and remove the green bit in the center (if any). | 2) Cook the seeds in simmering water (enough to cover) until soft (about 30-40 minutes). Drain then puree them in a food processor (add a little water if necessary). | 3) Transfer the puree into a non-stick pan. Cook over medium heat. Add sugar and oil in batches. Stir and flip constantly. Once the paste becomes dry and holds in shape, remove from the heat to cool (see note 3 & 4). | [Prepare the dough] 1) Mix golden syrup, oil and lye water until well incorporated. Add flour. Combine and knead briefly to form a soft dough (see note 5). | 2) Cover with plastic wrap and rest for 30 minutes. | [Assemble] 1) Put one salted egg yolk and some lotus seed paste on the scale. Adjust the filling to reach 30g. | 2) Flatten the paste into a round wrapper. Place the egg yolk in the middle. Gently push the paste upwards to seal the yolk completely. | 3) Flatten 20g of the dough into a wrapper. Use the same method to tightly wrap around the filling and make a ball (Please refer to the video below). | [Shape] 1) Coat the ball with a thin layer of cornstarch. Put it into a mooncake mold. | 2) Over a baking tray lined with parchment paper, place the mold with the opening facing down. Gently press the handle to shape the cake. Lift the mold and press again to release the cake. | [Bake] 1) Preheat the oven to 375°F/190°C. Bake the cakes for 5 minutes. While waiting, mix the egg yolk with 1 teaspoon of water for brushing later. | 2) When the time is up, reduce the oven temperature to 320°F/160°C. Take out the mooncakes and brush their top with a thin layer of the egg wash (see note 5). | 3) Put them back into the oven and bake for a further 5 minutes. Take out and coat them with another layer of egg wash. Then continue to bake for 10-15 minutes until evenly brown. | [Rest & store] 1) Transfer the baked mooncakes to a cooling rack. Once completely cooled, store them in an airtight container for 1-2 days before consumption. They are ready to be served once soft to touch and appear shiny. | 2) You may keep them in the fridge for up to 2 weeks. Bring back to room temperature before serving.",https://redhousespice.com/wp-content/uploads/2020/08/Mooncakes-with-salted-egg-yolks-foodgawker.jpg,Dessert,Chinese,"chinese mooncakes, mooncake, mooncake recipe, salted egg mooncake",200 kcal,5.0,107.0,176.0
"Cheung Fun, Steamed Rice Noodle Rolls (肠粉)",A detailed recipe for making Cheung Fun from scratch. It includes four filling options and a dipping sauce.,https://redhousespice.com/cheung-fun/,10m,25m,35m,6 rolls,"[For the sauce] ½ tablespoon neutral cooking oil ,½ onion, sliced ,4 cloves garlic, sliced ,2 pieces dried shiitake mushrooms, rehydrated and sliced ,120 ml water about ½ cup ,4 tablespoon light soy sauce ,1 teaspoon dark soy sauce ,1 tablespoon oyster sauce ,2 tablespoon sugar | [For the batter] 100 g rice flour about 3½ oz ,50 g wheat starch, or cornstarch/tapioca starch about 1¾ oz ,¼ teaspoon salt ,1 teaspoon neutral cooking oil plus a little for brushing ,350 g water, room temperature 1½ cup | [Filling options] Scallions finely chopped ,Dried shrimp rehydrated ,Char Siu pork sliced ,Shrimp shelled","[Make the sauce (see note 1 & 2)] 1) Add oil to a small saucepan over medium heat. Fry onion, garlic and mushrooms until the onion browns on the edge. | 2) Pour in water and bring to a boil. Cover with a lid and leave to simmer over low heat for 3 minutes. | 3) Uncover then add light soy sauce, dark soy sauce, oyster sauce and sugar. Once it comes back to a boil, remove from the heat. | 4) Pass the sauce through a sieve to remove all the solid bits. Set aside. | [Mix the batter] 1) Put rice flour, wheat starch (or cornstarch/tapioca starch), salt and oil into a mixing bowl. Add ⅓ of the water and stir until smooth. Pour in the rest of the water and mix well. | [Steam the rolls] 1) Brush a thin layer of oil over a small, light baking tray (sheet pan) that fits in the steaming apparatus you plan to use (see note 3). | 2) In a wok/pot which you use for steaming, bring water to a boil. Place the tray over the steamer rack (or inside the steamer basket). Pour in batter just enough to thinly cover the surface of the tray. (I use about 60ml/¼ cup of batter for a 18cm×18cm/7”×7” tray). | 3) Add the filling of your choice (see note 4 if using shrimp). Cover with a lid then leave to steam over medium heat for 3 minutes. You should see bubbles appear at that moment. | 4) Uncover and carefully take out the tray. Leave to cool for about 1 minute. | 5) Use a scraper (or a spatula) to gently lift the sheet from one end and roll it towards the other end. Repeat to steam the rest of the batter ( Tip: to speed up the process, use 2 trays to rotate). | [Serve and store] 1) Transfer the steamed rolls to a serving plate. Use the scraper to cut them into bite-sized pieces. Pour the sauce over (or have it on the side for dipping). | 2) You may store the leftovers (in an airtight bag/container) in the fridge for up to 3 days. Steam for 3 minutes to reheat. Alternatively, freeze for up to 1 month. Steam for 6 minutes without defrosting.",https://redhousespice.com/wp-content/uploads/2022/03/a-piece-of-cheung-fun.jpg,Appetizer,Chinese,"Cantonese, Dim Sum, Gluten-free",97 kcal,5.0,62.0,76.0
Chicken Chow Fun (Fried Rice Noodles),"Springy, flavourful rice noodles accompanied by tender chicken slices and crunchy vegetables, chicken chow fun is such a crowd-pleaser.",https://redhousespice.com/chicken-chow-fun/,20m,5m,25m,2 servings,"[For the chicken] 1 piece chicken breast about 180g/6.3oz ,½ tablespoon cornstarch, or tapioca starch ,1 pinch salt ,1 tablespoon water ,1 teaspoon neutral cooking oil | [For the noodles] 2 portions fresh wide rice noodles (aka Sa-ho Fun), about 400g/14oz see note 1 for substitutes | [For the Stir-fry] 2 tablespoon neutral cooking oil divided ,½ onion, sliced ,½ bell pepper, sliced see note 2 for other options ,2 stalks celery, sliced diagonally ,1 tablespoon light soy sauce see note 3 for gluten free options ,1 tablespoon dark soy sauce ,½ teaspoon sesame oil ,1 stalk scallions, finely chopped","[Marinate the chicken] 1) Cut the chicken breast into thin slices (about 5 mm/0.2 inch thick). Mix cornstarch, salt and water in bowl then add the chicken. Mix very well until the water is fully absorbed. Stir in oil then leave to marinate for 10 minutes or so. | [Prepare the noodles] 1) Fresh wide rice noodles often come as a block and the strands are tightly stuck to each other. You'll need to seperate them before stir-frying. If you find it hard to do, read my tips in the post content above. | [Stir-fry the dish] 1) Heat up a wok over high heat until it smokes (see note 3 if using a wok with non-stick coating). Pour in 1 tablespoon of oil. | 2) Stir in the chicken. Fry until it loses the pinkness (Do not overcook). Transfer it out. Set aside. | 3) Add the remaining 1 tablespoon of oil into the wok (keep any oil left from frying the chicken). Put in the rice noodles. Toss them by moving the wok or gently stir them around using a pair of chopsticks. | 4) Once they start to wilt (don’t wait until they become very soft), add onion, bell pepper and celery. Fry for half a minute or so. | 5) Add the chicken. Pour in light soy sauce, dark soy sauce and sesame oil. Flip and toss to evenly distribute the seasoning (be gentle not to break the noodles). Garnish with scallions and serve immediately.",https://redhousespice.com/wp-content/uploads/2021/08/chicken-chow-fun-2-scaled.jpg,Main Course,Chinese,"Cantonese, Chicken, Noodles, Stir-fry",581 kcal,4.94,30.0,37.0
Chicken Corn Soup,"Simple ingredients, great taste, ready in minutes. Chinese chicken corn soup is the perfect fix when you crave something warm, filling, and comforting.",https://redhousespice.com/chicken-corn-soup/,8m,5m,13m,4 servings,"[Ingredients] 5 oz chicken any boneless, skinless cuts (see note 1) ,1 teaspoon light soy sauce ,2 tablespoon cornstarch divided ,1½ cup sweetcorn kernels or a can of cream-style sweetcorn (see note 2) ,4 cups chicken stock or vegetable stock ,2 eggs lightly beaten ,1 teaspoon sesame oil ,¼ teaspoon ground white pepper ,Salt to taste ,1 stalk scallions finely chopped","[Instructions] 1) Cut the chicken into tiny pieces, about the size of sweetcorn kernels. Place them in a bowl and add light soy sauce, 1 tablespoon cornstarch, and 1 tablespoon water. Mix well and set aside. | 2) Prepare the sweetcorn. You can use fresh kernels cut from the cob, canned kernels (drained), or frozen ones. Coarsely chop them, or pulse briefly in a food processor or blender until about half the kernels are mushy while the rest remain whole (see note 2 if using canned cream-style sweetcorn). | 3) Bring the stock to a full boil, then add the sweetcorn along with any juice. Once the soup returns to a gentle boil, stir in the marinated chicken, swirling immediately to separate the pieces. | 4) Slowly drizzle in the beaten egg in a thin stream. Mix the remaining 1 tablespoon cornstarch with a little water to make a slurry, then pour it into the pot to thicken the soup. | 5) Finally, season with white pepper, salt, and sesame oil. Turn off the heat and garnish with chopped scallions before serving.",https://redhousespice.com/wp-content/uploads/2025/08/chicken-corn-soup-5.jpg,Soup,Chinese,chicken soup,188 kcal,5.0,1.0,3.0
"Chicken Feet, Dim Sum Style (豉汁凤爪)",Try this quick and easy method to make dim sum style chicken feet. This home-style recipe offers the same flavour and tenderness with less time and effort.,https://redhousespice.com/chicken-feet/,5m,40m,45m,4 servings,"[Ingredients] 500 g chicken feet about 1.1 lb (14-16 feet) ,Neutral cooking oil for air-frying (optional) | [For braising] ½ tablespoon neutral cooking oil ,4 cloves garlic, crushed ,4 slices ginger ,1 star anise ,2 bay leaves ,4 dried chilli pepper ,1 tablespoon fermented black beans optional (see note 2) ,1 tablespoon oyster sauce ,1 tablespoon light soy sauce ,½ tablespoon dark soy sauce ,1 tablespoon Shaoxing rice wine ,½ teaspoon white sugar","[Blanching] 1) Chop off the nails of the chicken feet. Wash thoroughly. Put them into a pot and add plenty of tap water. Bring it to a full boil then leave to simmer for 5 minutes. Drain well. | [Air-frying (optional, see note 2)] 1) Coat the drained feet with a thin layer of oil (spray over or rub with hands). Put into an air fryer preheated at 200°C/390°F. Leave to fry for about 10 minutes until the skin blisters (open the drawer to flip and shake the feet a couple of times during the process). | 2) Transfer the fried feet to a large bowl filled with cold water. Leave to soak in the fridge for about 2 hours. Then drain well. | [Braising] 1) Add ½ tablespoon of oil to a wok/pot. Add garlic, ginger, star anise, bay leaves, dried chilli and fermented black beans (if using). Fry over low heat until the garlic turns lightly golden and fragrant (do not burn). | 2) Put in the chicken feet, along with oyster sauce, light and dark soy sauce, Shaoxing rice wine and sugar. Pour in 400ml (1¾ cups) hot water. Bring to a boil then cover with a lid. Leave to simmer over low heat for 30 minutes until the skin becomes very tender (extend the time to 40 minutes if the feet haven’t been air-fried). | 3) Finally, turn the heat up to high. Cook uncovered to thicken the cooking liquid. | [Serving and storing] 1) You may enjoy them warm or at room temperature. Store the leftovers in the fridge for up to 3 days or freeze for up to 2 months. | 2) Bring back to room temperature to serve or steam to reheat.",https://redhousespice.com/wp-content/uploads/2022/04/classic-chicken-feet-dish-scaled.jpg,Appetizer,Chinese,"Cantonese, Chicken, Dim Sum",330 kcal,5.0,102.0,132.0
Chinese BBQ Ribs (叉烧排骨),"Richly seasoned and perfectly roasted, Chinese BBQ ribs are an easy and tasty way to cook pork ribs. Both oven-roasting and air-frying methods are included.",https://redhousespice.com/chinese-bbq-ribs/,5m,45m,290m,4 servings,"[Ingredients] 2 racks pork ribs each rack measures about 1.5 lbs (680g) ,6 tablespoon char siu sauce or hoisin sauce (see note 1) ,2 tablespoon oyster sauce ,1 tablespoon light soy sauce ,½ teaspoon Chinese five-spice powder ,½ teaspoon garlic powder or fine garlic paste ,1 teaspoon ground chili see note 2 ,Red food coloring optional ,1 thumb-sized ginger sliced ,1 tablespoon honey or syrup","[Marinate] 1) Lay each rack of ribs on a piece of aluminium foil (big enough to wrap around the ribs. Use two layers if the foil is very thin). Tear off the membrane from the back of the ribs. | 2) In a bowl, mix char siu sauce, oyster sauce, light soy sauce, five-spice powder, garlic powder, ground chili, and food coloring (if using) until well combined. | 3) Generously brush the mixture over both sides of the ribs. Then place sliced ginger over the top of the ribs. Wrap each rack tightly with the foil. | 4) Leave to marinate in the fridge for at least 4 hours (Do not exceed 24 hours). Bring them back to room temperature 1 hour before you start the roasting process. | [Option 1: Oven-Roasting] 1) Preheat the oven to 410°F (210°C/Fan 190°C/Gas 6). | 2) Take the ribs out of the foil (discard the ginger) and place them onto a wire rack that sits inside a roasting tray. Add some hot water to the tray (make sure it doesn’t touch the ribs). | 3) Place the tray into the oven. Leave to roast for 35 minutes (add more water if when it dries out). | 4) Take out and brush a layer of honey over the topside of the ribs. Put the tray back into the oven (add more water if necessary). | 5) Increase the oven temperature to 425°F (220°C/Fan 200°C/Gas 7). Roast for a further 10 minutes or so until the ribs char a little on the edge. | [Option 2: Air-Frying] 1) Preheat the air-fryer at 390°F (200°C) for 3 minutes. | 2) Place the marinated ribs (discard the ginger) over the crisper tray without overlapping. Cook for 10 minutes. | 3) Brush honey over the top side of the ribs. Cook 2 more minutes until the ribs char a little. | [Rest & serve] 1) Allow the ribs to rest for 10 minutes. Separate each rib with a sharp knife and serve immediately.",https://redhousespice.com/wp-content/uploads/2022/11/chinese-bbq-ribs-in-pieces-scaled.jpg,Main Course,Chinese,"BBQ pork ribs, BBQ ribs, Roast ribs",,4.96,24.0,49.0
Chinese Broccoli (Gai Lan) Two Ways,"Learn to cook Chinese broccoli in two ways: blanched and seasoned with oyster sauce or stir-fried with ginger and garlic. Both are simple, delicious and healthy.",https://redhousespice.com/chinese-broccoli-two-ways/,8m,3m,11m,2 servings for each version,"[For the blanched version] 250 g Chinese broccoli (Gai Lan) about 9oz (weight after trimming) ,1 teaspoon salt ,2 teaspoon neutral cooking oil divided ,2 cloves garlic, sliced ,1½ tablespoon oyster sauce see note 1 & 2 ,½ teaspoon dark soy sauce see note 2 ,½ teaspoon sugar ,½ teaspoon cornstarch ,3 tablespoon water | [For the stir-fried version] 250 g Chinese broccoli (Gai Lan) about 9oz (weight after trimming) ,1 tablespoon neutral cooking oil see note 3 ,1 teaspoon minced ginger ,1 teaspoon minced garlic ,1 teaspoon Shaoxing rice wine ,½ teaspoon sugar ,¼ teaspoon salt","[For the blanched version] 1) Wash Chinese broccoli thoroughly. Trim off the hard ends of the stems, then peel their skin. Discard any yellowish leaves. | 2) Pour plenty of water into a pot/wok. Add salt and 1 teaspoon of oil. Bring it to a full boil. Put in the Chinese broccoli. Press down to fully immerse. Cover with a lid. Leave to blanch for 1 minute or so until the stem part is cooked but remains crunchy. | 3) While waiting for the vegetable to cook, prepare the sauce. Start by sizzling garlic in the remaining 1 teaspoon of oil. Pour in the mixture of oyster sauce, dark soy sauce, sugar, cornstarch and water. Simmer over low heat until the desired consistency appears (thick but still runny). | 4) On a plate, line and lay up the cooked Chinese Broccoli neatly (just like what dim sum restaurants do). Pour the sauce over and serve immediately with steamed rice , along with other savoury dishes. | [For the stir-fried version] 1) Wash Chinese broccoli thoroughly. Trim off the hard ends of the stems. Discard any yellowish leaves. Slice diagonally into small pieces. | 2) Warm up the wok over medium-high heat until smoking hot. Pour in oil. Add ginger and garlic to sizzle until fragrant (do not burn). | 3) Put in the Chinese broccoli. Toss well to evenly coat it with the oil. Add Shaoxing rice wine. Cover with a lid immediately and leave to steam for about 1 minute. | 4) Remove the lid. Season with salt and sugar. Toss and stir for a further 30 seconds or so. Taste to check the doneness. The stem part should be cooked but still crunchy to bite.",https://redhousespice.com/wp-content/uploads/2021/11/chinese-broccoli-with-oyster-sauce-scaled.jpg,Side Dish,Chinese,"Stir-fry, Vegan, Vegetables, Vegetarian",,5.0,10.0,12.0
"Chinese Spring Rolls (春卷), Deep-Fried or Air-Fried",A tried and tested recipe for Chinese spring rolls. You don’t need to precook the filling. Two frying methods are provided.,https://redhousespice.com/chinese-spring-rolls/,30m,15m,45m,15 large rolls,"[For the wrappers] 15 large flour-based spring roll wrappers 25×25cm (10×10 inches), see note 1 | [For the filling] 200 g minced pork (or chicken/beef) 7oz ,120 g shrimp, shelled and cubed 4oz ,120 g carrot, grated about 2 cups ,130 g bean sprouts about 2 cups ,100 g Chinese chives, cut into sections (or finely shredded cabbage) about 2 cups ,6 shiitake mushrooms thinly sliced (rehydrate beforehand if using dried ones) ,2 stalks scallions, finely chopped ,100 g dried mung bean vermicelli, rehydrated and cut into sections about 2 cups after soaking ,2 eggs | [For the seasoning] 2 tablespoon oyster sauce see note 2 for substitutes ,1 teaspoon sesame oil ,½ teaspoon salt ,½ teaspoon sugar ,¼ teaspoon ground white or black pepper | [For frying] Cooking oil for deep frying or air-frying see note 3 | [For the dipping sauce (optional)] 2 tablespoon white rice vinegar (or fresh lemon/lime juice) ,1 teaspoon light soy sauce ,1 pinch sugar ,1 clove garlic, minced ,Fresh chili pepper, finely chopped to taste","[Instructions] 1) Ready-made spring roll wrappers usually come frozen. Defrost in the fridge the night before. | [Mix the filling] 1) Put all the ingredients for the filling into a large mixing bowl (NB: leave out one egg yolk for brushing the wrappers). | 2) Add all the seasonings. Mix until well combined (It’s best to do so with your hands. Wear kitchen gloves if available). | [Assemble the rolls] 1) Gently separate the spring roll wrappers one by one. Remember to always cover them with a clean damp cloth as they dry out easily. | 2) Place one wrapper on a flat surface with one of the four corners facing towards you. Put about 3 tablespoon of the filling above the closest corner (Use a spoon to help shape it into a rectangle). | 3) Lift the closest corner to wrap the filling then roll it to the half-line of the wrapper. Try to wrap it as tight as possible without leaving any air pockets inside. But be gentle during this process to avoid tearing. | 4) Lightly press two ends of the filling then fold the left and right corners of the wrapper towards the middle. | 5) Roll the cylinder until only a triangle is left at the top. Brush a layer of egg yolk over the triangle. Roll again to seal completely. Repeat to assemble all the rolls. | [Option 1: Deep fry the rolls] 1) Heat the oil for deep frying until it reaches 180°C/350°F. Gently slide in the rolls one by one (Do not overcrowd. Fry them in batches if necessary). | 2) Fry over medium heat. Flip over a few times to ensure even browning. When they become golden, transfer out to a tray lined with kitchen paper to absorb excess oil. | [Option 2: Air fry the rolls] 1) Preheat the air fryer at 200°C/390°F for 3 minutes. While waiting, brush a layer of oil all around the spring rolls. | 2) Put the rolls over the crisper tray of the air fryer in a single layer. Leave to cook for 8-10 minutes. Then flip over and cook for a further 5 minutes until they become golden. | [Serve and reheat] 1) Serve warm on their own or with the dipping sauce. | 2) To reheat leftover spring rolls , put them in a preheated oven at 200°C/390°F for about 10 minutes, or in an air-fryer at 200°C/390°F for 5 minutes or so. | [Make ahead] 1) You may store uncooked spring rolls, right after they’re assembled, in the freezer for up to three months (Keep them in an air-tight bag/container). | 2) Cook as usual without defrosting. If deep frying, raise the temperature to 190°C/375°F. If air-frying, prolong the cooking time by 3-5 minutes.",https://redhousespice.com/wp-content/uploads/2021/12/whole-spring-rolls-and-halved-ones-scaled.jpg,Appetizer,Chinese,"Air fry, Bao, Deep Fry, Dim Sum, New Year",153 kcal,5.0,81.0,123.0
Chinese Sticky Rice (Lo Mai Fan/糯米饭),"This stir-fried Chinese sticky rice produces the perfect texture and is bursting with aroma, making for a wonderful one-pan meal.",https://redhousespice.com/chinese-sticky-rice/,10m,18m,268m,4 servings,"[Dry ingredients] 2 cup glutinous rice aka sticky rice, sweet rice (see note 1) ,6 piece dried shiitake mushrooms ,2 tablespoon dried shrimp ,3 link Chinese sausages or Chinese cured pork belly (see note 2) | [For the sauce] 1 tablespoon light soy sauce ,1 tablespoon dark soy sauce ,1 tablespoon oyster sauce ,½ tablespoon Shaoxing rice wine ,1 teaspoon sesame oil ,1 teaspoon sugar ,¼ teaspoon ground white pepper ,⅛ teaspoon salt | [For stir-frying] 2 tablespoon neutral cooking oil ,3 clove garlic coarsely minced ,3 stalk scallions finely chopped ,⅓ cup roasted peanuts","[Prepare dry ingredients] 1) Glutinous rice : Soak it in cold water for 6 hours or overnight. Drain well. | 2) Shiitake mushrooms : Rehydrate them in cold water overnight, or in hot water for 30 minutes until they become soft. Squeeze out water then dice them. Keep the soaking water for later use. | 3) Dried shrimp : Soak it in hot water for 10 minutes. Coarsely chop them small. Keep the soaking water for later use. | 4) Chinese sausages : Soak them in hot water for 3 minutes to soften. Quarter each piece lengthways, then dice into small cubes. | [Mix the sauce] 1) In a small bowl, mix light soy sauce, dark soy sauce, oyster sauce, Shaoxing rice wine, sesame oil, sugar, white pepper, and salt. Set aside. | [Stir-fry the dish] 1) Heat oil in a wok, or a large skillet/casserole (preferably with a non-stick coating) over medium-high heat. Add garlic, the white and light green part of the scallions, and Chinese sausages. Sizzle until the aromatics become fragrant and the sausages turn a little translucent. | 2) Put in shiitake mushroom, dried shrimp. Stir-fry for a minute or so. Then add drained glutinous rice. Toss to coat all the grains with the oil. Pour in the sauce mixture, then stir to evenly distribute. | 3) Turn the heat to low. Combine the water in which the mushroom and dried shrimp are rehydrated, then pour about ½ cup of it into the rice. Mix well, then cover with a lid. Leave to steam for about 3 minutes, until the liquid has evaporated and the rice appears dry. | 4) Add another ½ cup of the soaking liquid (use water if not enough). Mix, cover, then let cook for another 3 minutes. Repeat the above procedure one more time. | 5) Taste the rice to determine if you need to repeat the process again. The grains should be cooked but not overly sticky, with a slight firmness in the middle (think of the al dente texture Italian pasta should have). | 6) Add roasted peanuts and the remaining scallions. Give everything a quick stir, then dish out.",https://redhousespice.com/wp-content/uploads/2024/03/Chinese-stick-rice-lo-mai-fan-4-scaled.jpg,Main Course,Chinese,"Lo Mai Fan, Stir-fried Stick Rice",638 kcal,5.0,8.0,16.0
Easy Chow Mei Fun,"A quick stir-fry featuring springy noodles, tender chicken, and crunchy vegetables, this chow mei fun recipe takes little effort to cook but is so satisfying to eat.",https://redhousespice.com/chow-mei-fun/,8m,6m,24m,2 servings,"[For the chicken] 1 piece chicken breast ,½ tablespoon cornstarch or tapioca, potato starch ,1 pinch salt ,1 tablespoon Shaoxing rice wine ,1 teaspoon neutral cooking oil | [For the noodles] 3½ oz dried mei fun aka rice vermicelli/thin rice noodles | [For the seasoning] 1 tablespoon light soy sauce ,½ tablespoon dark soy sauce ,½ tablespoon oyster sauce ,¼ teaspoon ground white pepper ,½ teaspoon sesame oil | [You also need] 2 tablespoon neutral cooking oil divided ,3 stalk scallions cut diagonally, white and green parts separated ,3 cloves garlic minced ,½ bell pepper julienned ,3½ oz fresh mushrooms shiitake, oyster, or button mushrooms, sliced ,3½ oz bean sprouts","[Marinate the chicken] 1) Cut chicken breast into bite-sized, thin slices. Put them into a bowl. Add cornstarch, salt, and Shaoxing rice wine. Mix and rub until there is no more liquid to be seen. Add 1 teaspoon of cooking oil and stir to coat the chicken pieces evenly. | [Prepare the noodles] 1) Put dried mei fun into a large bowl. Pour in just boiled water to fully submerge the noodles. Let sit for 2 minutes. Drain well then cut the noodles into shorter, more manageable sections. | [Mix the seasoning] 1) Add light soy sauce, dark soy sauce, oyster sauce, white pepper, and sesame oil to a small bowl. Mix well then set aside. | [Sear the chicken] 1) Heat a wok/deep skillet until very hot. Add 1 tablespoon of cooking oil (If using non-stick cookware, you need to add the oil first then start heating the wok/skillet). Swirl to coat a larger area of the wok. Put in the chicken slices and arrange them in a single layer. | 2) Once the bottom side browns slightly, flip and toss to sear further. As soon as the chicken no longer looks pink, transfer it out to a plate (do not overcook). | [Combine the dish] 1) Add the remaining 1 tablespoon of cooking oil to the vacant wok. Sizzle the white part of the scallions and minced garlic until fragrant (do not burn). | 2) Put in the noodles then use chopsticks to loosen them. Add bell pepper, mushrooms, and bean sprouts. Stir and toss constantly to evenly cook everything. | 3) Once the mushrooms begin to wilt, put the chicken back into the wok, along with the seasoning mixture and the green part of the scallions. Give everything a final stir to well distribute the sauce. Dish out and serve immediately.",https://redhousespice.com/wp-content/uploads/2023/11/mei-fun-0.jpg,Main Course,Chinese,"rice noodles, rice vermicelli, stir-fried noodles",531 kcal,5.0,16.0,30.0
Clay Pot Rice Two Ways (煲仔饭),Classic clay pot rice in less than 20 mins! It can be made with either Chinese sausage or marinated chicken. Alternative cookware methods included.,https://redhousespice.com/clay-pot-rice/,3m,16m,19m,2 servings,"[Topping option 1] 2 links Chinese sausages | [Topping option 2] 2 pieces skinless, boneless chicken thighs about 7oz/200g ,1 tablespoon julienned ginger ,1 teaspoon cornstarch ,1 teaspoon Shaoxing rice wine ,⅛ teaspoon salt ,1 pinch ground white pepper | [For the rice] 1 cup jasmine rice about 7.5oz/215g ,1 cup water or unsalted stock | [For the sauce] 1 tablespoon light soy sauce ,1 teaspoon dark soy sauce ,1 teaspoon oyster sauce ,1 teaspoon Shaoxing rice wine ,1 teaspoon sesame oil ,½ teaspoon sugar ,¼ teaspoon ground white pepper | [You also need] 2 stalks scallions finely chopped","[Prepare the meat] 1) Option 1: If using Chinese sausages, rinse them with hot water to remove any dust. | 2) Option 2: If using chicken, cut it into bite-sized pieces, then marinate with ginger, cornstarch, Shaoxing rice wine, salt, and white pepper for about 10 minutes. | [Cook the rice] 1) Rinse the rice under runny water then drain well. Put it into the pot along with 1 cup of water. | 2) Cook over medium-low heat uncovered until the water levels with the rice (watch attentively to avoid drying out the water). | [Add the topping] 1) Place the topping, either the whole links of sausages or the marinated chicken, over the rice (do not overlap the meat). Cover with a lid. | 2) Turn the heat to the lowest. Leave to cook for 10 minutes or so (see note 3). | [Scorch the rice] 1) Pour a little neutral-flavored cooking oil all along the lid of the clay pot (see note 4). Turn the heat up to medium and continue cooking to scorch the bottom of the rice. If you’re using a gas cooker, try tilting the pot at different angles to heat the side. | 2) Once you sense a little smoke or a subtle burnt smell, remove the pot from the heat immediately (The scorching process took me about 4 minutes). | 3) If you use sausages, take them out at this moment and cut into thin slices. Put them back in the pot. | [Season & mix] 1) While waiting for the rice to cook, mix all the ingredients for the sauce. Add it to the cooked rice and meat along with chopped scallions. | 2) Serve the dish in the pot. Toss and mix thoroughly and enjoy it immediately.",https://redhousespice.com/wp-content/uploads/2022/09/Mixed-clay-pot-rice.jpg,Main Course,Chinese,"bo zai fan, chinese rice casserole, claypot rice",,5.0,22.0,26.0
"Congee (Chinese Rice Porridge, 粥)","A recipe for basic congee which includes the ideal rice-to-water ratio, two cooking methods, topping ideas and make-ahead tips.",https://redhousespice.com/congee/,0m,40m,40m,6 servings,"[Ingredients] 1 cup short-grain or jasmine rice (uncooked) ,9 cups water (or chicken stock) can be adjusted to 8 or 10 cups | [Optional toppings (mix and match as you wish)] Flavouring Light soy sauce (or tamari), sesame oil, chilli oil , scallion oil , chilli garlic sauce , black bean sauce , fermented bean curd, etc. ,Aromatics Finely chopped scallions, ginger, coriander, etc. ,Preserved food Preserved mustard stem, Chinese olive vegetables, pickled long beans, etc. ,Eggs Boiled eggs, fried eggs, marbled tea eggs , salted duck eggs, century eggs , etc. ,Others You Tiao , pork floss, dried laver seaweed, toasted peanuts, sesame seeds, etc.","[The regular method] 1) Briefly rinse the rice under running water. Bring water to a full boil in a pot/large saucepan, then add the rice. | 2) When the water comes back to a boil, turn the heat to the lowest and stir the rice. | 3) Cover with a lid once the water calms down to a very gentle simmer. Leave to cook for 35 to 40 minutes until it thickens to your desired consistency. Remember to stir a couple of times during the process. | 4) Serve it as it is, or add any flavourings and/or toppings of your choice. | [The shortcut method] 1) Rinse the rice then store it in the freezer overnight until fully frozen. | 2) Add the frozen block of rice directly into the boiling water (reduce the water volume to 6 cups) and follow the same method above to cook for 10 to 15 minutes. | [Make in advance] 1) If you plan to eat the congee the next day, slightly increase the water volume since it thickens as it cools. | 2) Store leftover congee in the fridge for up to 3 days. Reheat over low heat until piping hot (stir from time to time). Add a little water if it looks too dense.",https://redhousespice.com/wp-content/uploads/2022/04/congee-with-youtiao-preserved-vegetables-scaled.jpg,Breakfast,Chinese,"Gluten-free, Rice, Vegan, Vegetarian",125 kcal,5.0,51.0,74.0
"Fried Wonton, Two Ways (炸云吞)","Juicy filling wrapped with crispy pastry, fried wontons make a crowd-pleasing appetizer. They can be either deep-fried or air-fried.",https://redhousespice.com/fried-wontons/,25m,8m,33m,40 wontons,"[Ingredients] 40 pieces wonton wrappers homemade or shop-bought | [For the filling] 8 oz ground pork or beef/chicken ,7 oz shrimp raw and peeled, cut into cubes ,1 stalk scallions finely chopped ,1 teaspoon ginger minced ,3 tablespoon water ,1 tablespoon Shaoxing rice wine ,1 teaspoon light soy sauce ,1 tablespoon cornstarch ,½ teaspoon sesame oil ,½ teaspoon salt ,¼ teaspoon ground white pepper ,1 pinch sugar | [For frying] Neutral cooking oil see note 1 | [Optional sauce (choose one of the following)] Chili oil ,Chili garlic sauce ,Sweet chili sauce","[Prepare the wrappers] 1) If your wonton wrappers are frozen, thaw them in the fridge the night before. Do not remove the packaging until you’re ready to assemble to prevent them from drying out. | [Mix the filling] 1) Put ground pork and shrimp into a mixing bowl. Add scallions, ginger, water, and all the seasonings. Constantly stir in one direction until everything is well mixed and the liquid is fully absorbed. | [Fold the wontons] 1) Wet two neighboring sides of a wonton wrapper. Place a portion of the filling in the middle. Fold the wrapper into a triangle and pinch the edge to seal, making sure there is little air trapped inside. | 2) Dab a little water over one of the triangle’s sharp corners. Bring the other sharp corner over and lay it on top of the wet corner. Pinch them together to stick (see note 2). | [Option 1: Deep-fry] 1) Heat cooking oil in a wok or a pot, about 2 inches (5 cm) deep. When it reaches about 350°F (180°C), turn the heat down to low, then gently slide in wontons one by one (see note 3). | 2) Leave to fry until they become golden (flip them once or twice during the process for even browning). Fry in batches and do not overcrowd. | [Option 2: Air-fry] 1) Preheat the air fryer to 375°F (190°C). Brush a thin layer of oil over the wontons. Lay them over the crisper tray of the air fryer in a single layer without overlapping. | 2) Leave to cook for about 5 minutes. Flip them and cook for a further 2 minutes or so (see note 4). | [Store] 1) Only fry what you intend to serve on the day. Store uncooked wontons in the freeze for up to 2 months. Defrost them in the fridge before frying.",https://redhousespice.com/wp-content/uploads/2024/01/deep-fried-wontons-0.jpg,Appetizer,Chinese,wontons,39 kcal,5.0,4.0,4.0
Homemade Wonton Wrappers,Making wonton wrappers is easier than you might think! Follow this foolproof recipe to achieve the perfect look and texture.,https://redhousespice.com/homemade-wonton-wrappers/,20m,30m,50m,40 wrappers,"[Ingredients] All-purpose flour double weight of the egg whites (see note 1) ,¼ teaspoon salt ,2 large egg whites ,½ teaspoon lye water (see note 2) ,Cornstarch for dusting (see note 3)","[Make the dough] 1) Mix all-purpose flour and salt in a mixing bowl. Pour egg whites and lye water over. Use chopsticks, or a fork, to stir and mix until no more liquid or loose flour can be seen. | 2) Combine with your hand to form a cohesive dough. Cover tightly with plastic wrap and allow it to rest for 30 minutes or so. | [Roll the sheets] 1) Knead the dough again to make it smoother, then divide it into two equal portions. Work with one piece first and keep the other well-wrapped. | 2) NOTE: In the following steps, remember to lightly dust the dough with cornstarch from time to time to prevent sticking. | 3) Flatten the dough into a squarish shape that is thin enough to go through the pasta maker on its widest setting, which is usually the lowest number. | 4) Feed the dough through the machine, then fold it from both ends and pass it through another two to three times, making sure that the dough sheet eventually reaches the full width of the roller. | 5) Gradually reduce the thickness by turning the setting one number higher at a time, and pass the dough sheet through the roller twice at each setting. Handle the dough gently and dust it with cornstarch regularly. | 6) My pasta machine has settings from 0 to 9, I stop at No. 7 which results in a thickness of 0.8mm. Please feel free to adjust this to your preference (see note 4). | [Cut the wrappers] 1) Dust the finished dough sheet lightly and evenly with cornstarch. Carefully fold the long sheet accordion-style into a stack, then cut it along the middle line to create two narrow, long sheets. | 2) From these, cut out square wrappers, aiming for approximately 40 pieces in total. | [Store the wrappers] 1) Use the wrappers immediately, or stack them up and store them for later use. | 2) Keep them in airtight bags or containers to prevent drying out. Store in the fridge for up to 2 days and 2 months in the freezer (defrost in the fridge before using).",https://redhousespice.com/wp-content/uploads/2023/12/homemade-wonton-wrappers-3-scaled.jpg,Main Course,Chinese,"wonton, wrappers",16 kcal,5.0,11.0,17.0
Lettuce with Oyster Sauce (蚝油生菜),"Briefly blanched lettuce topped with a sticky, garlicky, umami-rich sauce, Chinese lettuce with oyster sauce turns everyday greens into something truly flavorful.",https://redhousespice.com/lettuce-oyster-sauce/,3m,3m,6m,4 servings,"[Ingredients] 1 lb little gem lettuce or romaine lettuce, iceberg lettuce (see note 1) ,1½ tablespoon oyster sauce (see note 2) ,½ teaspoon dark soy sauce ,½ teaspoon cornstarch ,½ teaspoon sugar ,3 tablespoon water ,½ tablespoon cooking oil ,4 cloves garlic sliced","[Instructions] 1) Wash the lettuce and separate the leaves. If they’re large, tear them into big pieces by hand. | 2) Bring a pot of water to a boil, then turn off the heat. Add the lettuce and gently press the leaves down with a spatula to keep them submerged. After 10 to 20 seconds, drain well and transfer to a serving plate. | 3) In a small bowl, mix oyster sauce, dark soy sauce, sugar, cornstarch and water. | 4) In a skillet/wok, fry garlic in oil over medium heat. Once the garlic slightly browns, turn off the heat and pour in the sauce. Stir until thickened. | 5) Pour the sauce onto the lettuce. Serve immediately.",https://redhousespice.com/wp-content/uploads/2025/07/Oyster-Sauce-Lettuce-7.jpg,Side Dish,Chinese,Vegetables,46 kcal,4.96,22.0,43.0
Lo Mai Gai (Dim Sum Sticky Rice Chicken),"Flavorful, gooey rice with tender chicken wrapped in aromatic leaves, Lo Mai Gai is a classic dim sum dish loved by many. Learn to make it at home!",https://redhousespice.com/lo-mai-gai/,20m,75m,455m,8 pieces,"[Dried ingredients] 2 cups glutinous rice aka sticky rice, sweet rice ,6 dried shiitake mushrooms ,2 tablespoon dried shrimp or dried scallops ,2 lotus leaves see note 1 for substitutes | [Meat] 2 piece boneless, skinless chicken thighs ,1 link Chinese sausage see note 2 for substitutes | [Seasonings] 1 tablespoon light soy sauce ,1½ tablespoon dark soy sauce ,1 tablespoon oyster sauce ,½ tablespoon Shaoxing rice wine ,1 teaspoon sugar ,⅛ teaspoon salt ,⅛ teaspoon five spice powder or white pepper ,1 teaspoon sesame oil | [You also need] 1 tablespoon neutral cooking oil plus more for brushing ,½ onion finely chopped ,1 tablespoon minced ginger ,1 tablespoon minced garlic","[Prepare dried ingredients] 1) Rinse glutinous rice under running water. Then soak it in plenty of water overnight, or for at least 6 hours. | 2) Rehydrate dried shiitake mushrooms in water overnight or for at least 6 hours. Drain then trim off the stems and cut them into slices (keep the soaking water for later use). | 3) Add two tablespoons of hot water to the dried shrimp. Leave to soak for 10 minutes. Drain then chop into finer pieces (keep the soaking water for later use). | 4) Soak lotus leaves in water. Put something heavy over them so that they stay fully submerged. Let sit for 1 hour until they become pliable. Trim off the hard stem ends. Divide each leaf into 4 equal pieces. | [Cut the meat] 1) Cut chicken thighs into bite-sized pieces. Cut Chinese sausage diagonally into thin slices. | [Mix the seasonings] 1) In a small bowl, mix all the seasonings (light soy sauce, dark soy sauce, oyster sauce, Shaoxing rice wine, sugar, salt, five-spice, and sesame oil). | 2) Stir in the shrimp soaking water, and about ⅓ cup (80 ml) of the mushroom soaking water. Set aside. | [Stir-fry the fillings] 1) Heat 1 tablespoon of cooking oil to a wok or large skillet. Sizzle chopped onion, minced ginger, and garlic over medium-high heat until fragrant. | 2) Add dried shrimp and Chinese sausage. Fry until the fatty part of the sausage turns translucent. Then put in shiitake mushrooms and fry for a further 30 seconds or so. Dish out everything for later use. | 3) Put the chicken into the same wok, arranged in a single layer, and sear it until most part of it loses its pink color (still uncooked inside). | 4) Add drained glutinous rice, along with the seasoning mixture. Toss and stir so that the chicken and rice are well coated with the sauce. Fry until the rice becomes viscous. | 5) Finally, stir in the fried sausage, mushroom, and aromatics. Mix to combine. Let sit until it’s cool enough to the touch. | [Assemble the parcels] 1) Lay a piece of lotus leaf with the smooth side facing up. Brush a thin layer of oil over the area where you’ll place the filling. Put ⅛ of the rice mixture on the leaf. Wrap it into a parcel with the leaf. Use a piece of kitchen twine to tie it up (this step is optional). Repeat to finish the rest. | [Steam the dish] 1) If using a steamer: Put all the parcels into a steamer. Bring the water to a full boil then leave to steam over medium-low heat for 1 hour and 15 minutes. Remember to check the water level 1-2 times to avoid drying out. | 2) If using an Instant Pot: Add 1½ cups (350ml) of water to the pot fitted with a steaming rack. Place the parcels over the rack (it’s fine to stack them up). Set the steam function for 40 minutes. Allow it to release the pressure naturally. | [Store & reheat] 1) Leftovers can be kept in the fridge for up to 3 days. Alternatively, freeze them in airtight bags for up to 3 months. | 2) To reheat, defrost in the fridge if frozen. Steam for 10 minutes until piping hot.",https://redhousespice.com/wp-content/uploads/2023/10/Lo-Mai-Gai-sticky-rice-chicken.jpg,Main Course,Chinese,"lotus leaf rice, stick rice chicken",269 kcal,5.0,10.0,16.0
Lo Mein (捞面),Learn to make your favorite Chinese takeout at home! This Lo Mein recipe features easy techniques and plenty of customization tips.,https://redhousespice.com/lo-mein/,10m,5m,15m,3 servings,"[For the chicken] 8 oz chicken breasts see note 1 ,2 teaspoon cornstarch ,1 pinch salt ,1 tablespoon water ,1 teaspoon neutral cooking oil | [For the sauce] 2 tablespoon oyster sauce see note 2 ,1 tablespoon light soy sauce ,1 tablespoon dark soy sauce see note 3 ,1 tablespoon cornstarch ,1 teaspoon sugar ,¼ teaspoon ground white pepper ,6 tablespoon water or unsalted stock ,1 teaspoon sesame oil | [For the noodles] 1⅓ lb pre-cooked egg noodles see note 4 | [For the stir-fry] 2½ tablespoon neutral cooking oil ,4 clove garlic minced ,1 medium onion sliced ,1 bell pepper sliced ,1 cup button mushrooms sliced ,1 cup snap peas ,2 stalk scallions chopped","[Marinate the Chicken] 1) Thinly slice the chicken breast. In a bowl, combine the sliced chicken with cornstarch, salt, and water until the liquid is fully absorbed. Add oil and mix to coat the chicken evenly. Set aside to marinate while you prepare the other ingredients. | [Mix the Sauce] 1) In a small bowl, whisk together oyster sauce, light soy sauce, dark soy sauce, cornstarch, sugar, ground white pepper, and water until smooth. Then, stir in sesame oil and set the sauce aside. | [Prepare the Noodles] 1) Briefly submerge the precooked noodles in a pot of hot water to warm them up and separate any tangled strands (see note 4 if using uncooked noodles). | [Sear the chicken] 1) Heat a wok or large skillet over high heat, then add 1½ tablespoons of oil (if using non-stick cookware, add the oil first, then heat). Put in the marinated chicken, spreading the pieces into a single layer. | 2) Once the bottom side turns pale, flip and toss the chicken until no pink remains. Transfer the chicken to a plate, leaving any oil in the wok. | [Stir-fry the dish] 1) In the same wok/skillet, add the remaining 1 tablespoon of oil, followed by garlic and onion, letting them sizzle until fragrant. | 2) Add the bell pepper, mushrooms, and snap peas. Stir-fry over high heat until the vegetables wilt slightly but remain crisp. | 3) Return the seared chicken to the skillet and toss with the vegetables for about 30 seconds. | 4) Then, turn the heat down to medium. Add the noodles and pour in the sauce mixture (be sure to stir the sauce well beforehand). Toss everything to coat evenly and allow the sauce to thicken. | 5) Sprinkle the chopped scallions over the dish and give it one final toss.",https://redhousespice.com/wp-content/uploads/2024/11/Lo-Mein-3.jpg,Main Course,Chinese,stir-fried noodles,577 kcal,5.0,1.0,5.0
Longevity Noodles (Yi Mein),"Learn to make Chinese longevity noodles, a classic dish for celebratory occasions. This recipe delivers authentic taste with simple steps.",https://redhousespice.com/longevity-noodles/,5m,10m,15m,3 servings,"[Ingredients] ½ lb dried Yi Mein noodles see note 1 for other options ,2 tablespoon neutral cooking oil ,3 cloves garlic minced ,½ large onion sliced ,½ large carrot julienned ,4 pieces shiitake mushrooms sliced (rehydrated if using dried ones) ,1 cup low-sodium chicken/vegetable stock see note 2 ,2 tablespoon oyster sauce or vegetarian oyster sauce ,1 tablespoon light soy sauce ,½ tablespoon dark soy sauce ,¼ teaspoon sugar ,¼ teaspoon ground white pepper ,Salt to taste ,4 oz Chinese chives cut into sections ,1 teaspoon sesame oil","[Parboil the noodles] 1) Bring plenty of water to a full boil. Put in the noodles. Leave to cook while gently loosening up the strands. Once they reach the al dente texture (a little undercooked), drain well, then set aside (see note 3 if you plan to finish the dish later). | [Fry the vegetables] 1) Heat an empty wok until smoking hot. Add oil then swirl it around to cover a large surface (if using non-stick cookware, add oil then start heating). | 2) Add garlic and onion. Fry until fragrant. Stir in carrot and mushrooms. Cook for 1 minute or so. | 3) Pour in chicken/vegetable stock, then season with oyster sauce, light soy sauce, dark soy sauce, sugar, and white pepper. Bring to a boil. Taste and add a little salt if necessary. | [Braised the noodles] 1) Place the noodles into the wok. Gentle toss so all strands touch the braising liquid. Leave to simmer over low heat until the noodles have absorbed most of the liquid. | 2) Add Chinese chives and sesame oil. Toss to cook until the chives start to wilt. Dish out and serve immediately.",https://redhousespice.com/wp-content/uploads/2024/01/long-life-noodles-scaled.jpg,Main Course,Chinese,"long life noodles, Yi mein",498 kcal,5.0,10.0,14.0
"Nian Gao (Chinese New Year Rice Cake, 年糕)",This quick and easy recipe will take your classic Nian Gao (Chinese New Year rice cake) to another level by adding additional ingredients for extra flavour.,https://redhousespice.com/nian-gao/,10m,45m,55m,10 servings,"[Ingredients] 100 g dried Chinese dates (aka jujube) ,100 g walnuts (or peanuts) ,450 g glutinous rice flour ,100 g regular rice flour ,180 g dark brown sugar (or muscovado sugar, brown rock sugar) ,1 thumb-sized ginger, sliced ,470 g water ,45 g coconut oil (or neutral cooking oil) plus a little for coating","[Prepare the dates and nuts] 1) Soak Chinese dates and walnuts in water overnight. Chop the rehydrated dates (pits removed if any) and walnuts into small pieces by hand or using a food processor (remember to keep one whole date for garnishing later). | 2) Transfer the chopped dates and walnuts to a large mixing bowl. Add glutinous rice flour and regular rice flour. Mix well. | [Cook the syrup] 1) Add dark brown sugar, ginger and water to a saucepan. Bring to a boil then leave to simmer (cover with a lid) over low heat for 3 minutes. Remove the ginger from the sugary water then add the oil. Whisk to fully incorporate. | [Make the dough] 1) Pour about 90% of the hot sugar liquid over the flour mixture. Mix and lightly knead. Add the remaining liquid gradually until a soft dough forms. Depending on the evaporation loss while simmering, you may not use all the liquid, or you might need to add a little extra water. Adjust accordingly. | [Steamed the cake] 1) Brush a thin layer of oil over the inner surface of a 20 cm (8 in) cake tin. Place a piece of baking paper at the bottom. Transfer the dough into the tin. Flatten the surface. Insert the remaining date in the middle of the cake. | 2) Bring water to a full boil in the wok/pot which you use for steaming. Place the cake tin into the steaming basket or over a steaming rack. Cover with a lid and leave to cook over medium heat for 45 minutes (check the water level halfway through and top up if necessary). | [Serve the cake] 1) Let the cake cool naturally in the tin. Then gently take it out. You may slice it and eat it straight away. Or, store it in the fridge, then slice and pan fry in a little oil until both sides blister. | [Store the cake] 1) Put the cake in an air-tight bag/container once completely cooled. You can leave it on the counter for 1 day (unless the room is very warm), or keep it in the fridge for up to 5 days. | 2) It freezes well too. Slice it into pieces before freezing. Defrost in the fridge then enjoy it at room temperature, or pan-fry it without defrosting.",https://redhousespice.com/wp-content/uploads/2022/01/whole-nian-gao-scaled.jpg,Dessert,Chinese,"Glutinous rice, New Year",,5.0,14.0,20.0
Soy Sauce Pan Fried Noodles (豉油皇炒面),"Springy noodles seasoned with a flavorful sauce and complemented by crunchy sprouts, these soy sauce pan fried noodles are a simple delight!",https://redhousespice.com/pan-fried-noodles/,4m,8m,12m,2 servings,"[Ingredients] 5 oz dried thin egg noodles see note ,1 tablespoon light soy sauce ,½ tablespoon dark soy sauce ,½ tablespoon Shaoxing rice wine ,¼ teaspoon sugar ,⅛ teaspoon ground white pepper ,3 tablespoon neutral cooking oil ,4 stalk scallions cut into slivers, separate the white and green parts ,3 clove garlic sliced ,1 cup bean sprouts ,1 teaspoon sesame oil","[Parboil the noodles] 1) Bring plenty of water to a full boil. Add the noodles and leave to cook until they’re slightly undercooked. Transfer them to a colander and rinse under running water. Drain well and set aside. | [Mix the sauce] 1) In a small bowl, mix light soy sauce, dark soy sauce, Shaoxing rice wine, sugar, and white pepper. Set aside. | [Pan-fry the noodles] 1) Heat a wok or a skillet until hot, then add 2 tablespoons of oil and swirl it around to cover a large surface (if using non-stick cookware, add oil first then heat up). | 2) Put in the drained noodles. Use chopsticks to loosen the strands and spread them out. Leave to fry over high heat until the noodles touching the surface become a little stiff. Flip the noodles to crisp the other side. Then transfer them to a plate. | [Stir-fry the dish] 1) Add the remaining 1 tablespoon of oil to the wok. Sizzle the white part of the scallions and garlic until fragrant. | 2) Stir in the noodles then pour the sauce mixture over. Toss constantly so that each strand is coated with the seasoning. | 3) Finally, add bean sprouts, the green part of the scallions, and sesame oil. Stir-fry for a further 15 seconds or so. Dish out and serve immediately.",https://redhousespice.com/wp-content/uploads/2024/02/soy-sauce-pan-fried-noodles-1.jpg,Main Course,Chinese,soy sauce noodles,481 kcal,5.0,6.0,12.0
"Salt Baked Chicken, an Easy Version","A simplified version of a classic delicacy, this salt baked chicken recipe requires minimal effort but yields wonderful results.",https://redhousespice.com/salt-baked-chicken/,5m,90m,335m,6 servings,"[For the chicken] 1 medium chicken about 3.3lb/1.5kg ,1 tablespoon salt ,1 tablespoon sand ginger powder see note 1 ,¼ teaspoon ground white pepper ,¼ teaspoon turmeric powder for coloring (optional) ,2 tablespoon cooking oil ,3 stalk scallions cut into sections ,8 slice ginger | [For the sauce] 1 stalk scallions finely chopped ,1 teaspoon ginger paste","[Marinate] 1) Pat dry the chicken, inside and out, with kitchen paper. | 2) In a small bowl, mix salt, sand ginger powder, white pepper, turmeric (if using), and cooking oil. | 3) Rub the mixture over the chicken, including the cavity, making sure it’s evenly coated. | 4) Leave to marinate for 4 hours or overnight in the fridge. Take it out 1 hour before cooking so it returns to room temperature. | [Cook] 1) Preheat the oven at 390°F/200°C/Gas 6 (Fan-assisted 360°F/180°C). | 2) Insert scallions and ginger into the cavity of the marinated chicken, then place the chicken into an oven-proof pot fitted with a lid, or into a deep baking tray covered tightly with kitchen foil. | 3) Place the pot/tray on the middle shelf and leave to cook in the oven for 1 hour. | 4) Then leave to rest, without removing the lid/cover, for 30 minutes (see note 2). | [Serve] 1) Take the chicken out and keep the liquid gathered at the bottom of the pot. | 2) Cut the chicken into small chunks to serve, or tear it into shreds. | 3) Put chopped scallions and ginger paste into a small bowl. Mix in 2-3 tablespoons of the chicken juice (heat it briefly if it has gone cold). | 4) Use the sauce for dipping, or pour it over the chicken.",https://redhousespice.com/wp-content/uploads/2024/06/one-piece-salt-baked-chicken-0.jpg,Main Course,Chinese,roast chicken,319 kcal,5.0,1.0,9.0
Salt and Pepper Squid (椒盐鱿鱼),"Tender squid coated in a well-seasoned batter, fried until golden and crunchy, then tossed with aromatics and spices, salt and pepper squid is such a delightful dish to enjoy!",https://redhousespice.com/salt-pepper-squid/,10m,10m,20m,2 servings,"[Ingredients] 250 g squid, cut into rings or bite-sized pieces about 9oz | [For deep-frying] 7 tablespoon all-purpose flour, divided ,¼ teaspoon salt and pepper seasoning see note 1 & 2 for homemade recipe and substitutes ,3 tablespoon water ,3 tablespoon cornstarch ,1 pinch baking powder ,Cooking oil for deep frying | [For stir-frying] 2 tablespoon minced garlic ,2 teaspoon minced ginger ,Minced fresh chilli to taste ,1 stalk scallions, finely chopped ,⅛ teaspoon salt and pepper seasoning or to taste","[Prepare] 1) Mix 4 tablespoons of all-purpose flour, salt and pepper seasoning with water to form a semi runny paste. Add it to the squid. Stir well to ensure an even and thorough coating. | 2) In a plate, mix the remaining 3 tablespoons of all-purpose flour with cornstarch and baking powder. Put the squid, piece by piece, into the plate and generously coat its entire surface with the dry mix. Lay every finished piece onto a tray without touching one another. | [Deep fry] 1) Heat the oil for deep frying in a wok until it reaches 180°C/350°F (see note 3). Gently slide in the squid to fry. Do not overcrowd. You probably need to cook in 2-3 batches. | 2) Once the squid becomes lightly golden, transfer out to a colander or over kitchen paper. | [Stir fry] 1) Carefully pour out the hot oil leaving just a coating of oil in the wok. Add garlic, ginger and fresh chilli to the hot wok. Fry until fragrant. | 2) Put in the squid and scallions. Give everything a quick stir then dish out. Sprinkle salt and pepper seasoning over then serve warm.",https://redhousespice.com/wp-content/uploads/2022/02/squid-with-salt-and-pepper-seasoning-scaled.jpg,Main Course,Chinese,"Cantonese, Seafood",436 kcal,5.0,32.0,36.0
Chinese Sausage Rice (腊肠饭),"Learn a simple way to cook Chinese sausage rice, a delicious all-in-one dish ready in 25 minutes. No clay pot or rice cooker needed.",https://redhousespice.com/sausage-rice/,5m,15m,25m,4 servings,"[Ingredients] 4 Chinese sausages aka Lap Cheong (see note 1) ,1 medium carrot ,4 piece dried shiitake mushroom rehydrated (see note 2) ,2 stalk scallions aka green onion, spring onion ,2 cup jasmine rice or other white rice (see note 3) ,2 cup water | [For the sauce] 1½ tablespoon light soy sauce ,½ tablespoon dark soy sauce ,½ tablespoon oyster sauce ,1 tablespoon Shaoxing rice wine see note 4 ,2 teaspoon sesame oil ,½ teaspoon ground white pepper","[Instructions] 1) Rinse the sausages with running water, then cut them diagonally into thin slices. Dice carrot. Slice shiitake mushrooms (remove the hard stems). Finely chop scallions. | 2) Rinse rice under running water. Drain well then put into a saucepan/small pot (preferably one with a thick bottom). Pour in water. Cook over high heat without a lid until the water reduces to just level with the rice (see note 5). | 3) Immediately turn the heat down to the lowest. Place sausage, carrot and mushroom over the rice. Cover with a lid and leave to steam for 10 minutes. | 4) Remove the saucepan from the heat and let it sit for a further 5 minutes. | 5) While waiting for the rice to rest, mix all the ingredients for the sauce in a small bowl. | 6) Remove the lid of the saucepan. Add scallions and pour in the sauce mixture. Use a spatula to fluff and toss everything thoroughly. Serve immediately.",https://redhousespice.com/wp-content/uploads/2023/05/Chinese-sausage-rice-0.jpg,Main Course,Chinese,rice bowl,523 kcal,4.96,46.0,77.0
Sesame Balls (Jian Dui/煎堆),"Gooey dough filled with red bean paste and coated with crispy sesame seeds, Chinese sesame balls are simply delightful! Learn how to make them to perfection.",https://redhousespice.com/sesame-balls/,30m,10m,40m,12 balls,"[For the dough] 2 cup glutinous rice flour divided ,¼ cup white sugar ,⅔ cup hot water just boiled ,1 teaspoon neutral cooking oil | [For the filling] ¾ cup red bean paste or black sesame paste , or lotus paste (see note 1) | [You also need] 1 tablespoon glutinous rice flour ,⅓ cup sesame seeds raw or lightly toasted ,Neutral cooking oil for deep frying (see note 2)","[Make the dough] 1) Put about two thirds of the glutinous rice flour into a mixing bowl. Add sugar and mix well. Pour hot water over and mix with chopsticks until a sticky mass forms. | 2) Add the remaining one third of glutinous rice flour in two batches. Mix with chopsticks, then combine with your hand to form a soft dough that doesn’t stick easily to your hands (see note 3). | 3) Finally, add oil and knead it into the dough. It will become smoother and completely sticky-free. | [Shape the balls] 1) Roll the dough into a rope then cut it into 12 equal parts. Shape each piece into a ball. | 2) Divide red bean paste (or the filling of your choice), into 12 equal portions (about 1 tablespoon each). Roll them into balls as well. | 3) Shape a dough ball into a bowl shape. Place a piece of filling in the middle. Gently push the dough upwards to wrap around the filling tightly. Seal completely at the top, making sure there isn’t any leakage. | [Coat the balls] 1) In a small bowl, mix 1 tablespoon of glutinous rice flour with about ½ cup (120ml) of water. Put sesame seeds into another bowl. | 2) Briefly roll an assembled ball in the flour-water mixture to wet it all over. Then transfer it to the sesame bowl. Move the bowl in a circular motion so that the ball rolls and gets covered by the seeds. | 3) Gently press the ball all around to make sure all the seeds stick to the dough securely. | [Fry the balls] 1) Pour oil, enough to fully submerge the sesame balls, into a saucepan/wok for deep-frying. Heat it until it reaches 250°F/120°C. | 2) Gently slide in the balls. Do not overcrowd them as they will expand. Fry in batches if necessary. Use medium-low heat to fry. Move the balls around with a spoon to prevent sticking. | 3) Once they start floating on the surface, gently press them down with a slotted spoon so that they are submerged in the oil all the time. | 4) When the balls expand about 1½ times bigger than their original size, turn the heat up to high so it reaches about 320°F/160°C. Continue frying the balls, while pressing them down, for a short period until the sesame seeds become golden (see note 4). | 5) Transfer the balls out to a plate lined with a paper towel to absorb any excess oil. Let them sit for a few minutes before serving. | [Store & reheat] 1) You can keep leftovers, inside airtight bags/containers, in the fridge for up to 3 days, or in the freezer for 3 months. | 2) Reheat them in a preheated oven at 375°F/190°C for about 8 minutes (defrost first if frozen), or in an air fryer preheated at 375°F/190°C for 3 minutes.",https://redhousespice.com/wp-content/uploads/2023/10/Chinese-sesame-balls-a.jpg,Dessert,Chinese,"fried sesame balls, Jian Dui, sesame balls",221 kcal,5.0,10.0,14.0
Sha Cha Chicken (沙茶鸡),"One of the easiest ways to cook chicken, this Sha Cha chicken recipe calls for simple preparation but delivers a delectable result.",https://redhousespice.com/sha-cha-chicken/,3m,10m,23m,4 servings,"[Ingredients] 1 lb boneless, skinless chicken drums, or thighs see note 1 ,2 tablespoon Sha Cha sauce see note 2 ,1 tablespoon light soy sauce ,1 tablespoon cornstarch ,½ teaspoon sugar ,¼ teaspoon salt ,2½ tablespoon neutral cooking oil divided ,6 slices ginger ,8 cloves garlic halved ,2 stalks scallions cut into sections","[Marinate] 1) Cut chicken drums, or thighs, into chunks. Put them in a bowl and add Sha Cha sauce, light soy sauce, cornstarch, salt, and sugar. | 2) Mix well, then pour in ½ tablespoon of oil and stir to coat the chicken evenly. Leave to marinate for 10 minutes, or up to 2 hours. | [Pan-fry] 1) Heat the remaining 2 tablespoons of oil in a skillet/frying pan. Place in the marinated chicken pieces without overlapping, along with ginger and garlic. | 2) Let them fry over medium heat until the first side of the chicken turns golden. Flip to brown the other side. | [Braise] 1) Add about ½ cup of water to the skillet. Cover with a lid and leave to braise over high heat for about 4 minutes. | 2) Remove the lid and stir in scallions. Cook further until the cooking liquid is reduced to a minimum. Dish out and serve immediately with steamed rice .",https://redhousespice.com/wp-content/uploads/2024/01/Sha-Cha-chicken-2-scaled.jpg,Main Course,Chinese,"sacha chicken, shacha chicken",272 kcal,5.0,21.0,50.0
Shrimp and Broccoli (西兰花炒虾仁),"A healthy and tasty dish ready in under 10 minutes, Chinese shrimp and broccoli stir-fry comes with an irresistible brown sauce. Every mouthful is a delight!",https://redhousespice.com/shrimp-and-broccoli/,5m,4m,9m,4 servings,"[Ingredients] 12 oz shrimp raw, shelled ,1 teaspoon cornstarch ,10 oz broccoli cut into bite-sized pieces | [For the sauce] 6 tablespoon unsalted stock or water ,1½ tablespoon cornstarch ,2 tablespoon oyster sauce ,½ tablespoon light soy sauce ,½ tablespoon dark soy sauce ,½ tablespoon Shaoxing rice wine optional ,1 teaspoon sesame oil ,¼ teaspoon sugar ,⅛ teaspoon ground white pepper | [You also need] 1½ tablespoon neutral cooking oil ,2 clove garlic minced","[Prepare the shrimp] 1) Use a sharp knife to slice along the back (dorsal side) of each shrimp, cutting about halfway through. Then, lift out the dark vein with the tip of the knife or your fingers (see note 1). | 2) Sprinkle cornstarch over the shrimp and gently rub to coat evenly. | [Blanch the broccoli] 1) Bring water to a full boil, then add the broccoli florets. Let them blanch for about 1½ minutes until they are cooked through but still retain some crisp texture. | [Mix the sauce] 1) While waiting for the broccoli to blanch, mix stock/water with cornstarch, then add oyster sauce, light soy sauce, dark soy sauce, Shaoxing rice wine (if using), sesame oil, sugar, and white pepper. Stir well and set aside. | [Stir-fry the dish] 1) Heat oil in a skillet over high heat (if using a carbon steel wok, heat it empty first then add oil). Sizzle minced garlic until fragrant. | 2) Stir in the shrimp and toss continuously to cook it evenly. As soon as it curls up and turns opaque, add the blanched broccoli (see note 2). | 3) Reduce the heat to medium, then pour in the sauce mixture (stir well beforehand to prevent any starch from settling at the bottom). | 4) Toss swiftly as the sauce thickens. Once it reaches the desired consistency, remove from heat and serve immediately.",https://redhousespice.com/wp-content/uploads/2025/02/shrimp-broccoli-stir-fry-scaled.jpg,Main Course,Chinese,"broccoli stir-fry, shrimp stir-fry",180 kcal,5.0,1.0,3.0
"Siu Mai (Shumai, 烧卖)","One of the most popular Cantonese dim sum dishes, siu mai with pork and shrimp filling can be easily made at home. Learn the tips and tricks!",https://redhousespice.com/shrimp-pork-shumai/,30m,7m,37m,20 Siu Mai,"[For the filling] 8 oz ground pork see note 1 ,7 oz raw, peeled shrimp cut into cubes ,3 large dried shiitake mushrooms rehydrated and minced (see note 2) ,3 tablespoon water in which the mushrooms are soaked ,1 teaspoon minced ginger ,1 tablespoon cornstarch ,1 tablespoon Shaoxing rice wine ,1 teaspoon light soy sauce ,½ teaspoon sesame oil ,½ teaspoon salt ,1 pinch sugar ,1 pinch ground white pepper | [You also need] 20 siu mai wrappers or thin wonton wrappers (see note 3) ,20 slices carrot for lining ,Finely minced carrot for garnishing","[Prepare the filling] 1) Add all the ingredients for the filling to a large mixing bowl. Use chopsticks or a spatula to stir the mixture vigorously in one direction for 5 minutes or so until everything is combined into a sticky mass. You may use a stand mixer to speed up the process (with a flat beater on medium speed). | [Assemble the siu mai] 1) Take the wrappers out of the package. Remember to cover them if not used immediately as they dry out easily. | 2) Put a tablespoonful of the filling in the middle of a wrapper. Then let the wrapper securely sit in the hole formed by the thumb and index finger of your non-dominant hand. | 3) Top up with more filling. Level with a frosting spatula or the handle of a spoon so that the wrapper is generously filled to the rim ( watch the video below for reference ). | [Steam the siu mai] 1) Scatter the carrot slices in the steamer basket. Then place the assembled siu mai over the carrot (see note 4 for alternative methods). Garnish each siu mai with a pinch of finely minced carrot. | 2) Add 2 cups (500ml) of water to the wok/pan you plan to use for steaming. Bring it to a full boil then place the steamer baskets over (you may stack up multiple baskets and cook all at once). | 3) Leave to steam over high heat for 7 minutes. Serve immediately, on their own, or with a sauce of your choice (such as chili oil , black rice vinegar etc.). | [Make ahead & store] 1) Right after assembly, place uncooked siu mai on a tray in a single layer. Put into the freezer. Once completely frozen, transfer them to air-tight containers/bags. Store in the freezer for up to three months. | 2) Steam frozen siu mai for 10-12 minutes (without defrosting).",https://redhousespice.com/wp-content/uploads/2022/11/dim-sum-siu-mai-scaled.jpg,Main Course,Chinese,"dim sum dumplings, steamed dumplings",61 kcal,5.0,25.0,29.0
Shrimp with Lobster Sauce (虾龙糊),"Although having a luxury-sounding name, shrimp with lobster sauce is in fact a humble, simple and quick dish to make.",https://redhousespice.com/shrimp-with-lobster-sauce/,4m,4m,8m,2 servings,"[Ingredients] ½ lb shrimp headless and skinless ,½ tablespoon neutral cooking oil ,1 teaspoon minced garlic ,½ teaspoon minced ginger ,⅓ cup ground pork or chicken ,1 cup unsalted chicken broth see note 1 ,⅓ cup frozen peas ,1 tablespoon Shaoxing rice wine ,¼ teaspoon salt ,¼ teaspoon sugar ,1 pinch ground white pepper ,¼ teaspoon sesame oil ,1½ tablespoon cornstarch mixed with 1 tablespoon of water ,1 egg white lightly beaten with 1 teaspoon of water (see note 2) ,Scallions finely chopped, for garnishing","[Instructions] 1) Rinse the shrimp to remove the slimy coating on its surface. Drain and pat dry with kitchen paper. Set aside. | 2) Heat oil in a wok/saucepan. Stir in minced garlic, ginger and ground pork. Fry until the pork becomes pale. Add the shrimp. Toss to cook. | 3) As soon as the shrimp curls up and starts to turn pink, pour in chicken broth. Add peas and seasonings (Shaoxing rice wine, salt, sugar, white pepper, and sesame oil). | 4) Once the broth comes to a boil, turn down the heat to a gentle simmer. Slowly pour in the cornstarch slurry while swirling with a spatula/spoon (remember to stir the slurry before pouring in case any starch sinks to the bottom). | 5) When the sauce reaches the desired consistency (thick enough to coat the spatula/spoon), pour the egg white in a thin stream while slowly swirling. | 6) Garnish the dish with chopped scallions. Serve immediately with plain rice, alone or with other savory dishes.",https://redhousespice.com/wp-content/uploads/2022/12/shirmp-in-lobster-sauce-1.jpg,Main Course,Chinese,shrimp in lobster sauce,311 kcal,4.91,31.0,61.0
Soy Sauce Fried Rice (酱油炒饭),"Make perfect soy sauce fried rice in just 5 minutes! This recipe calls for basic ingredients, easy preparation and comes with many pro tips!",https://redhousespice.com/soy-sauce-fried-rice/,2m,3m,5m,2 servings,"[Ingredients] 3 cups cooked and cooled white rice see note 1 & 2 ,1 tablespoon light soy sauce ,½ tablespoon dark soy sauce ,½ teaspoon sesame oil ,½ teaspoon sugar ,¼ teaspoon ground white pepper ,1 tablespoon neutral cooking oil ,4 cloves garlic minced ,1 stalk scallions finely chopped","[Instructions] 1) Gently loosen the rice grains with a fork. Set aside. | 2) In a small bowl, mix light soy sauce, dark soy sauce, sesame oil, sugar, and white pepper. Set aside. | 3) Heat a wok/skillet over high heat until hot, then pour in oil (see note 3 if using non-stick cookware). Stir in minced garlic and fry until it turns a little golden. | 4) Add the cooked rice. Mix with the garlic then use a spatula to spread it into a thin layer. Leave to fry undisturbed for around 20 seconds. Then flip and toss to heat further (loosen any lumps with the spatula). | 5) Once the rice becomes piping hot, pour the sauce mixture over and toss well to coat the grains evenly. | 6) Stir in chopped scallions before removing the wok/skillet from the heat. Dish out and serve immediately.",https://redhousespice.com/wp-content/uploads/2023/03/soy-sauce-fried-rice-1-scaled.jpg,Side Dish,Chinese,"fried rice, soy sauce rice",352 kcal,5.0,44.0,58.0
Steamed Garlic Shrimp with Vermicelli (蒜蓉粉丝蒸虾),Elevate your feast with this delicious and elegant dish: steamed garlic shrimp with vermicelli. It’s surprisingly quick and easy to prepare!,https://redhousespice.com/steamed-garlic-prawns/,12m,5m,17m,4 servings,"[Ingredients] 3.5 oz mung bean vermicelli aka mung bean glass noodles ,1 lb large shrimp heads and skin on (see note 1) ,3 tablespoon garlic minced ,2 tablespoon neutral cooking oil ,2 tablespoon light soy sauce ,½ tablespoon oyster sauce ,½ tablespoon Shaoxing rice wine optional ,1 tablespoon water ,½ teaspoon sugar ,¼ teaspoon white pepper ,Scallions finely chopped, for garnishing","[Rehydrate the vermicelli] 1) Soak mung bean vermicelli in cold water for about 12 minutes until they become pliable. | 2) Drain then cut the noodles with scissors into shorter strands. Spread them evenly over a plate for steaming. | [Prepare the shrimp] 1) Use scissors to trim off the shrimp’s legs and the top part of their heads. Then, split the shrimp open along their backs, keeping the tails and heads intact ( see photos and video for reference ). | 2) Arrange the shrimp over the vermicelli, with the split side facing up. | [Make the sauce] 1) Put minced garlic into a small bowl. Heat oil until it just starts to smoke, then pour it over the garlic. | 2) Add light soy sauce, oyster sauce, Shaoxing rice wine, sugar, white pepper, and 1 tablespoon of water. Mix well. | 3) Spoon the sauce over the split part of the shrimp, and spread any remaining sauce over the vermicelli. | [Steam the dish] 1) In a wok or a steamer that's big enough to hold the shrimp plate, bring about 2 cups (500ml) of water to a full boil. | 2) Place the plate of shrimp on a steamer rack or inside a steamer basket (wear gloves to protect your hands from the hot steam). Cover with a lid and steam over medium heat for 5 minutes (see note 2). | 3) Sprinkle chopped scallions over the dish then serve immediately.",https://redhousespice.com/wp-content/uploads/2025/01/steamed-garlic-shrimp-with-vermicelli-6.jpg,Main Course,Chinese,"Seafood, Shrimp",247 kcal,5.0,23.0,36.0
Steamed Ribs with Black Beans (豉汁蒸排骨),"An easy home version of a classic dim sum dish, steamed ribs with black beans are succulent and irresistibly flavorful.",https://redhousespice.com/steamed-ribs-with-black-beans/,10m,20m,90m,4 servings,"[For tenderizing] 1 lb pork ribs cut into bite-sized pieces (see note 1) ,1 teaspoon baking soda, aka bicarbonate of soda ,2 cups water ,1 tablespoon cornstarch ,½ teaspoon salt | [For marinating] 1 tablespoon neutral cooking oil ,1 tablespoon garlic minced ,1 teaspoon ginger minced ,1 tablespoon fermented black beans rinsed and coarsely chopped (see note 2) ,Fresh chili pepper finely chopped, to taste ,½ tablespoon light soy sauce ,½ tablespoon oyster sauce ,½ tablespoon Shaoxing rice wine ,¼ teaspoon ground white pepper ,¼ teaspoon sugar | [For garnishing] Scallions finely chopped","[Tenderize the ribs] 1) Put ribs into a large bowl. Add baking soda and water. Mix to dissolve. Then leave to soak for 30 minutes, or up to 2 hours. | 2) Discard the soaking water, Rinse and rub to clean the ribs under running water. Drain and use kitchen paper to dry the ribs as much as possible. | 3) Add salt and cornstarch to the ribs. Rub with hands to ensure a thorough coating. | [Marinate the ribs] 1) Heat oil in a wok/pan. Fry garlic, ginger, and fermented black beans over low heat until fragrant (do not burn the aromatics). Add fresh chili, light soy sauce, oyster sauce, Shaoxing rice wine, white pepper and sugar. Simmer for 10 seconds or so, then remove from the heat. | 2) Once the seasoning sauce cools down, pour it over the ribs. Mix well to coat evenly. Leave to marinate for at least 30 minutes, or overnight in the fridge (see note 3). | [Steamed the ribs] 1) Transfer the ribs to a plate for steaming. Arrange them in a single layer without overlapping. | 2) Bring water to a full boil in a wok/pot which you use for steaming (see note 4). Then put the plate of ribs over a steamer rack, or inside a steamer basket. Cover with a lid and leave to steam over medium-high heat for 20 minutes. | 3) Garnish with scallions and serve the dish immediately with steamed rice, alone or with other savory dishes.",https://redhousespice.com/wp-content/uploads/2023/08/dim-sum-steamed-ribs-3-scaled.jpg,Main Course,Chinese,"dim sum ribs, pork ribs, steamed ribs",275 kcal,5.0,14.0,26.0
Sweet Red Bean Soup (红豆汤),"A tasty, soothing dessert, sweet red bean soup can be made in just a few simple steps. It’s vegan, gluten-free and rich in protein and fiber.",https://redhousespice.com/sweet-red-bean-soup/,10m,90m,340m,6 servings,"[Ingredients] 1 cup adzuki beans aka red beans (see note 1) ,5 cup water ,Zest of half an orange or dried tangerine peels (see note 2) ,3 tablespoon small tapioca pearls (sago) optional ,5 tablespoon dark brown sugar or other sweeteners (see note 3) ,1 pinch salt","[Soak] 1) Soak adzuki beans in plenty of water overnight until they double in size (they’re still firm to the touch). Drain off the water. | 2) *Optionally , freeze rehydrated beans to shorten the cooking time in the next step (the water inside the beans will expand while freezing forcing the beans to break). | [Cook] 1) Put the rehydrated beans and orange zest into a pot/saucepan. Add water (5 times the volume of the dried beans). | 2) Bring to a full boil then turn the heat to the lowest. Cover with a lid and leave to simmer for 1½ hours (for 1 hour if the beans have been frozen) until the beans can be easily mashed with fingertips. | 3) * Alternatively , use an instant pot (or a stove-top pressure cooker) to speed up the process. Cook for 25 mins on high pressure. Then leave to release the pressure naturally. | [Blend] 1) Use an immersion blender or a regular blender to emulsify the beans and the cooking liquid. Stop when most of the beans turn into a runny paste while the rest remains lumpy. | [*Optional step] 1) Add tapioca pearls to the soup. Pour in 1 more cup (240ml) of hot water as the pearls will absorb quite a bit of liquid while cooking. | 2) Leave to simmer over the lowest heat for about 12 minutes until the pearls become transparent. During this process, remember to stir from time to time and add more water if necessary to prevent burning at the bottom of the pot. | [Sweeten] 1) Gradually add brown sugar, along with a pinch of salt, to the soup. Taste to adjust the sweetness. Serve immediately, or leave to cool and enjoy at room temperature. | [Store] 1) Keep leftover red bean soup in an airtight container. Store in the fridge for up to 4 days or 3 months in the freezer. | [Reheat] 1) Reheat cold/defrosted red bean soup over low heat until piping hot. You may need to add a little water to thin it if it appears to be very thick.",https://redhousespice.com/wp-content/uploads/2022/11/red-bean-soup-scaled.jpg,Dessert,Chinese,red bean soup,103 kcal,5.0,9.0,11.0
Veggie and Tofu Spring Rolls,"Try these delicious veggie and tofu spring rolls—crispy, flavorful, and packed with nutrients. They can be either deep-fried or air-fried.",https://redhousespice.com/veggie-tofu-spring-rolls/,30m,20m,50m,20 rolls,"[Ingredients] 20 spring roll wrappers see note 1 | [For the filling] 2 tablespoon neutral cooking oil ,5 cloves garlic minced ,4 stalk scallions finely chopped ,½ cup shiitake mushrooms rehydrated and finely sliced (see note 2) ,2 cup bok choy finely sliced ,2 cup carrots grated ,1 cup pressed tofu finely sliced (see note 3) ,½ cup wood ear mushrooms rehydrated and finely sliced (see note 4) ,1 bundle mung bean vermicelli rehydrated and cut into short strands (see note 5) ,2 teaspoon sesame oil ,¾ teaspoon salt ,½ teaspoon sugar ,¼ teaspoon ground white pepper | [You also need] Neutral cooking oil for deep-frying ,Dipping sauce of your choice optional","[Prepare the wrappers] 1) Thaw frozen spring roll wrappers in their packaging ahead of time. Once defrosted, separate them gently one by one to avoid tearing, and keep them covered with a damp cloth to prevent drying out. | [Make the filling] 1) Heat oil in a wok/skillet, then add garlic, scallions, shiitake mushrooms to sizzle until fragrant. | 2) Transfer them to a large mixing bowl, then add bok choy, carrots, tofu, wood ear mushrooms, vermicelli, sesame oil, salt, sugar, and white pepper. Mix well to evenly distribute the flavors (see note 6). | [Wrap the spring rolls] 1) Place a wrapper on your work surface and add filling near the corner closest to you. Fold that corner over the filling into a cylinder shape. Roll once, then fold in the side corners, then keep rolling until the last corner remains. Moisten the tip with water and roll to seal. | [Option 1: Deep-fry] 1) Heat oil in a wok or pot to 350°F/180°C, with a depth twice the thickness of a roll. Fry the spring rolls in a single layer, turning occasionally, until evenly golden. Remove and drain on kitchen paper to absorb excess oil. | [Option 2: Air-fry] 1) Preheat the air fryer to 390°F/200°C for 3 minutes. Lightly brush the spring rolls with oil and place them in a single layer on the crisper tray. Cook for 8–10 minutes, flip, then cook for another 5 minutes until golden. Check occasionally, as cook times may vary by device. | [Make ahead] 1) You can freeze uncooked spring rolls and cook them later. Deep-fry them without defrosting when the oil reaches 375°F/190°C. For air frying, increase the cooking time by about 5 minutes.",https://redhousespice.com/wp-content/uploads/2025/05/vegan-spring-rolls-5-scaled.jpg,Appetizer,Chinese,"egg rolls, spring rolls",126 kcal,,,
Water Spinach Stir-Fry (椒腐通菜),"A simple dish rich in flavours, Cantonese water spinach stir-fry shows you a very tasty way to cook leafy greens. It only takes a minute to cook.",https://redhousespice.com/water-spinach-stir-fry/,3m,1m,4m,2 servings,"[Ingredients] 200 g water spinach about 7oz ,2 pieces fermented tofu ( Furu/腐乳 ), the white variety about 25g/0.9oz (see note) ,1 tablespoon Shaoxing rice wine ,1 pinch salt ,1 pinch sugar ,1 tablespoon neutral cooking oil ,3 cloves garlic, minced ,1 fresh chilli pepper, julienned","[Prepare the water spinach] 1) Soak water spinach in plenty of water to loosen up any dirt. Rinse under running water then drain well. | 2) Trim off the ends of the stems if they appear to be hard. Then cut the vegetable into bite-sized sections. Separate the stems from the leafy part. | [Mix the seasonings] 1) Put fermented tofu, Shaoxing rice wine, salt and sugar into a small bowl. Use the back of a spoon to mash the fermented tofu. Mix everything to a smooth consistency. | [Stir-fry the dish] 1) Add oil to a wok . Fry minced garlic and fresh chilli over high heat. Once intense bubbles appear, pour in the seasoning mixture. | 2) Add the stem part of the water spinach. Toss to fry for 20 seconds or so. Put in the leafy part, along with 1 tablespoon of water. Continue stir-frying. | 3) When the leaves start to wilt, dish out and serve immediately with steamed rice and other savoury protein dishes.",https://redhousespice.com/wp-content/uploads/2022/06/cantonese-water-spinach-stir-fry-scaled.jpg,Side Dish,Chinese,"Cantonese, Stir-fry, Vegan, Vegetables, Vegetarian",109 kcal,5.0,14.0,18.0
Wonton Noodle Soup (云吞面),"A popular all-in-one dish, Cantonese wonton noodle soup has everything you need for a comforting, flavorful meal. Learn how to make it at home!",https://redhousespice.com/wonton-noodle-soup/,,,,6 bowls,"[For the wontons] 7 oz shrimp headless and skinless ,7 oz ground pork ,2 tablespoon unsalted chicken stock or fish/seafood stock ,1 teaspoon light soy sauce ,1 teaspoon oyster sauce ,1 teaspoon Shaoxing rice wine ,½ teaspoon ginger minced ,½ teaspoon salt ,40 piece wonton wrappers | [For the soup] 4 cup unsalted chicken stock or fish/seafood stock ,2 cup water ,2 tablespoon fish sauce or light soy sauce ,2 teaspoon sesame oil ,½ teaspoon ground white pepper ,Salt to taste | [You also need] 14 oz fresh thin egg noodles or 7 oz (200g) of dried egg noodles ,10 oz bok choy or Gai Lan (Chinese broccoli) ,2 stalk scallions finely chopped","[Making the filling] 1) Cut the shrimp into chunks, then place them in a mixing bowl. Add the pork, stock, light soy sauce, oyster sauce, Shaoxing rice wine, salt, sesame oil, and ginger. Stir in one direction until the mixture is well combined and sticky. | [Fold the wontons] 1) Place a small portion of the filling in the center of a wonton wrapper. Wet your finger with a little water, then trace a circle around the filling. Using both thumbs and index fingers, lift all four corners of the wrapper up toward the center, gathering them above the filling. Press firmly to seal and form a pouch (You may also use other wonton folding techniques). Repeat with the remaining wrappers. | [Heat the soup] 1) Pour the stock and water into a saucepan. Add the light soy sauce, sesame oil, and white pepper. Bring to a boil. Taste, and adjust with a little salt if needed. | [Cook the noodles and wontons] 1) While heating the soup, bring a large pot of water to a rolling boil on another burner. Add the noodles and cook until slightly underdone. Transfer them to serving bowls, dividing evenly. Add a small amount of stock to each bowl to keep the noodles from sticking. | 2) Next, cook the wontons (you may need to do this in two batches to avoid overcrowding). When they rise to the surface, continue boiling for about 1½ minutes. Add the bok choy during the last 20 seconds to blanch briefly. | 3) Finally, transfer the wontons and bok choy to the serving bowls. Top up the seasoned stock and sprinkle with scallions to finish.",https://redhousespice.com/wp-content/uploads/2025/06/Cantonese-Chinese-wonton-noodle-soup.jpg,Main Course,Chinese,"noodle soup, wonton soup",439 kcal,5.0,1.0,3.0
Black pepper chicken stir-fry (黑椒鸡丁),"Moist chicken cubes seasoned with a tasty, tangy sauce, black pepper chicken (黑椒鸡丁) is an easy Chinese stir-fry dish not to miss.",https://redhousespice.com/black-pepper-chicken/,5m,5m,10m,2 servings,"[For the chicken] 350 g chicken, diced 12oz (see note 1) ,1 teaspoon ginger, julienned ,1 teaspoon cornstarch ,1 tablespoon water ,1 teaspoon sesame oil | [For the sauce] 1 teaspoon freshly ground black pepper ,2 teaspoon cornstarch ,3 tablespoon oyster sauce ,1 teaspoon light soy sauce ,1 teaspoon dark soy sauce (see note 2) ,3 tablespoon water | [You also need] 2 tablespoon cooking oil ,½ red bell pepper, diced ,1 smal onion, diced ,50 g celery, diced 2oz ,1 tablespoon scallions, finely chopped","[Instructions] 1) Place the chicken, ginger, cornstarch & water in a bowl. Rub and mix until no liquid can be seen. Add sesame oil. Mix then set aside. | 2) Mix all the ingredients for the sauce. | 3) Heat up the oil in a wok over high heat. Add the chicken. Stir fry until the chicken cubes become pale on the surface. | 4) Add onion, bell pepper and celery. Fry for 2 minutes or so until the chicken is fully cooked. | 5) Pour in the sauce (stir well beforehand). Fry until it becomes thick and coats the chicken and vegetables evenly. | 6) Sprinkle scallions over. Dish out and serve immediately with plain rice.",https://redhousespice.com/wp-content/uploads/2020/01/black-pepper-chicken-4.jpg,Main Course,Chinese,Chicken,411 kcal,5.0,55.0,111.0
Char Siu Chicken (Roasted or Air fried),"A scrumptious dish inspired by a Cantonese classic, char siu chicken can be easily cooked either in an oven or an air fryer. A video tutorial is included.",https://redhousespice.com/char-siu-chicken/,5m,20m,385m,4 servings,"[For the oven version] 4 chicken thighs, skin on and bone removed about 450g/1 lb, see note 1 ,4 tablespoon char siu sauce see note 2 ,1 tablespoon oyster sauce ,¼ teaspoon Chinese five-spice powder ,½ teaspoon chili powder optional ,3 cloves garlic, sliced ,5 slices ginger ,1 teaspoon honey or golden syrup | [For the air-fryer version] 10 chicken wings, cut into sections and discard the tip part about 450g/1 lb, see note 1 ,4 tablespoon char siu sauce see note 2 ,1 tablespoon oyster sauce ,¼ teaspoon Chinese five-spice powder ,½ teaspoon chili powder optional ,3 cloves garlic, sliced ,5 slices ginger ,1 teaspoon honey or golden syrup","[For the oven version] 1) Put chicken thighs into a resealable plastic bag. Add the rest of the ingredients (except for honey/syrup). Rub the bag to mix the marinade and evenly coat it over the chicken. Squeeze out the air then seal the bag. Leave to marinate in the fridge for 6 hours or overnight. | 2) Preheat a fan oven (convection oven) at 200°C/390°F (if using a conventional oven, set to 220°C/425°F). Remove the chicken thighs from the bag. Pour about 2 tablespoon of the marinade into a small bowl. Add honey then mix well. Set aside. | 3) Use a baking tray with a wire rack that fits inside. Fill the tray with hot water (lower than the rack) and put the chicken thighs on the rack (skin facing up). Place the tray in the middle of the oven. | 4) Leave to roast for 10 mins. Take out and flip over the chicken. Brush some marinade honey mixture then put back into the oven (Make sure there is always enough water in the tray). | 5) Cook for a further 5 mins. Take out the chicken. Flip over again and brush with the honey mixture. | 6) Switch your oven to grilling (broiling) function at the highest temperature. Place the chicken nearer to the top heat element. Leave to cook (with the oven door slightly ajar) for 2-4 mins until the skin becomes golden with some charred spots. Be attentive and check often during this step to avoid burning. If you have a separate grill oven (broiler), remember to preheat beforehand (see note 3). | [For the air-fryer version] 1) Put chicken wings into a resealable plastic bag. Add the rest of the ingredients (except for honey/syrup). Rub the bag to mix the marinade and evenly coat it over the chicken. Squeeze out the air then seal the bag. Leave to marinate in the fridge for 6 hours or overnight. | 2) Preheat the air-fryer at 200°C/390°F for 3 mins. Remove the chicken from the bag. Pour about 2 tablespoon of the marinade into a small bowl. Add honey then mix well. Set aside. | 3) Place the chicken in a single layer over the crisper tray inside the preheated air fryer. Cook for 4 mins then flip over all the pieces and brush a layer of the marinade honey mixture. | 4) Continue cooking for another 4 mins. Then flip over again and brush with the honey mixture. | 5) Cook for a final 2-3 mins until the chicken browns nicely (see note 3).",https://redhousespice.com/wp-content/uploads/2021/04/char-siu-chicken-scaled.jpg,Main Course,Chinese,"Air fry, Cantonese, Chicken, Oven",250 kcal,5.0,36.0,46.0
"Easy Char Siu (Chinese BBQ pork, 叉烧)","Aromatic, smoky, savoury and a little sweet, Cantonese classic dish Char Siu (Chinese BBQ pork) is one of the tastiest ways to roast pork.",https://redhousespice.com/char-siu-chinese-bbq-pork/,5m,35m,40m,3 servings,"[Ingredients] 2 pork shoulder steaks (aka pork butt) about 350g/12oz, see note 1 | [For the marinade] 4 tablespoon Char Siu sauce see note 2 ,1 tablespoon oyster sauce ,½ tablespoon light soy sauce ,¼ teaspoon Chinese five-spice powder ,4 cloves garlic, finely sliced ,5 slices ginger ,½ teaspoon chilli powder optional, see note 4 | [You also need] 2 teaspoon honey","[Marinate the meat] 1) Put pork steaks in a resealable plastic bag. Add all the ingredients for the marinade. | 2) Squeeze out air then seal the bag. Rub around for an even coating. Store in the fridge for at least 6 hours (ideally overnight). | 3) Take the meat out of the bag right before roasting. Keep the marinade for later use. | [Prepare for roasting] 1) Preheat the oven at 425°F/220°C/Fan 200°C. | 2) If using a baking tray with a wire rack that fits inside, fill the tray with hot water (lower than the rack) and put the steak on the rack. Place the tray in the middle of the oven. | 3) Alternatively, place a large tray with hot water at the bottom of the oven. Then place the steak on the middle rack of the oven. | [Roast & brush (see note 5)] 1) Leave the meat to roast for 15 mins. Take out and flip it over. Brush some marinade then put back into the oven (Make sure there is always enough water in the tray). | 2) Cook for a further 10 mins. While waiting, mix 2 teaspoons of honey with 2 teaspoons of the marinade. | 3) Then increase the oven temperature to 460°F/240°C/Fan 220°C. Take out the meat. Brush with the honey mixture. | 4) Put back into the oven for 5 mins. Then brush the other side with the honey mixture. Roast for a final 3 mins. | [Serve] 1) Leave the meat to rest for 5 mins then slice and serve it in your preferred way. | 2) You may also heat up the remaining marinade (remove the garlic & ginger) then serve it as a sauce, a soup base, or a noodle seasoning, etc.",https://redhousespice.com/wp-content/uploads/2020/05/Char-siu-Chinese-BBQ-pork-14-scaled.jpg,Main Course,Chinese,Pork,419 kcal,5.0,147.0,222.0
Chinese sausage fried rice (腊肠炒饭),"A quick, tasty dish prepared in just a few minutes, Chinese sausage fried rice delivers a balanced smoky, savoury and sweet taste.",https://redhousespice.com/chinese-sausage-fried-rice/,5m,5m,10m,2 servings,"[Ingredients] 2 tablespoon cooking oil ,1 stalk scallions ,2 Chinese sausages aka Lap cheong ,400 g cooked rice 14oz, see note 1 ,120 g peas 4oz | [For the sauce] 1 teaspoon light soy sauce ,1 teaspoon dark soy sauce see note 2 ,1 teaspoon oyster sauce ,1 pinch white pepper ,1 pinch salt ,2 teaspoon water",[Instructions] 1) Thinly slice Chinese sausage diagonally. Finely chop the scallions. | 2) Mix all the ingredients for the sauce then set aside. | 3) Heat oil in a wok (or a deep frying pan) over medium heat. Add the spring onion and the sausage. Fry until fragrant. | 4) Add cooked rice and peas. Stir constantly. | 5) Pour in the sauce. Give everything a quick stir before dishing out.,https://redhousespice.com/wp-content/uploads/2020/03/Chinese-sausage-fried-rice-recipe-card.jpg,Main Course,Chinese,Rice,520 kcal,4.92,12.0,33.0
"Steamed Fish, the Chinese Way (清蒸鱼)","A fresh whole fish steamed to a tender texture, seasoned with a delicious dressing, Chinese steamed fish requires little cooking skill but tastes incredible.",https://redhousespice.com/chinese-steamed-fish/,3m,10m,13m,2 servings,"[Ingredients] 1 whole fish, gutted and descaled about 400g/14oz, see note 1 ,2 stalk scallions, julienned ,1 small piece ginger, julienned ,1½ tablespoon cooking oil sunflower, vegetable, peanut, etc. ,1 dried chili, julienned ,1 pinch whole Sichuan peppercorn ,3 tablespoon light soy sauce ,1 tablespoon Shaoxing rice wine see note 2 ,½ teaspoon sugar ,1 pinch ground white pepper","[Instructions] 1) Wash the fish thoroughly then pat dry with kitchen paper. Cut the fish at a 45-degree angle several times on each side. Lay it onto a plate that fits in the wok/pot which you’ll use to steam. | 2) Put ⅓ of the scallions and ginger into the cavity of the fish. Scatter the rest under and over the fish. | 3) Place a steamer rack (or a small bowl) in the middle of a wok. Add water to the pot (lower than the rack/bowl) and bring it to a full boil. | 4) Put the fish plate on top of the rack (bowl). Cover the wok with a lid. Steam over high heat for 8 minutes (add 2 more minutes if your fish is larger). | 5) Take out the plate (use oven gloves to avoid burning). Carefully remove the cloudy liquid. | 6) Heat up oil, dried chili and Sichuan pepper in a small pan over low heat. As soon as the oil starts to smoke, pour it over the fish (you may either pour the spices onto the fish or discard them). | 7) Add light soy sauce, Shaoxing rice wine, sugar and white pepper to the same pan. Heat up until it bubbles. Pour over the fish. | 8) Serve immediately with plain rice (Don’t forget to dip the flesh into the sauce for best flavour).",https://redhousespice.com/wp-content/uploads/2020/09/steamed-fish-11-scaled.jpg,Main Course,Chinese,"Authentic, Cantonese, Qing Zheng Yu",363 kcal,5.0,80.0,109.0
Fail-proof ginger milk curd (姜汁撞奶),"A tried and tested recipe for making perfect ginger milk curd, a popular Cantonese dessert with an interesting flavour and silky texture.",https://redhousespice.com/ginger-milk-curd/,5m,2m,7m,1 serving,"[Ingredients] 1 tablespoon ginger juice from about 30g ginger ,200 ml fresh milk see note 1 ,2 teaspoon sugar ,Honey and fresh berries optional","[Prepare the ginger juice] 1) Peel and finely grate the ginger. Press grated ginger through a sieve placed on top of a small bowl. You need to get about 1 tablespoon of ginger juice. | [Heat up the milk] 1) Option A: If you have a kitchen thermometer Heat the milk in a saucepan. Stir in sugar when milk is warm. Closely observe the temperature on the thermometer. When it reaches 70°C/158°F, remove the pan from the heat. | 2) Option B: If you have a microwave Heat chilled milk (out of the fridge right before using) in a container on full power (800-watt, see note 2 for power conversion) for 1 minute. Take it out and stir in the sugar. Then microwave for a further 40 seconds. | [Make the curd] 1) When the milk is ready, stir the ginger juice with a spoon. Pour the milk quickly onto the juice. | 2) Leave to set. Do not move the bowl or stir the milk. The curd will be fully set in about 10 minutes. | [Serve the curd] 1) You may serve it warm (traditional way) or cold (what I prefer). If you wish, pour a little honey on top and decorate with fresh berries before serving.",https://redhousespice.com/wp-content/uploads/2020/03/Fail-proof-ginger-milk-curd-recipe-card.jpg,Dessert,Chinese,"Dairy, Vegetarian",159 kcal,4.96,63.0,177.0
Har gow: crystal shrimp dumplings (虾饺),"Juicy filling wrapped by translucent skin, Har Gow (shrimp dumplings) is a popular dim sum dish. Read my detailed recipe to learn how to make it perfectly.",https://redhousespice.com/har-gow-crystal-prawn-dumplings/,30m,8m,38m,12 dumplings,"[For the filling] 200 g medium-sized shrimp, peeled and deveined 7oz ,3 tablespoon water chestnuts minced ,4 tablespoon bamboo shoots minced ,1 teaspoon ginger minced ,1 tablespoon fresh chive finely chopped ,1 teaspoon tapioca starch/cornstarch/potato starch ,1 teaspoon lard or cooking oil ,½ teaspoon pure sesame oil ,¼ teaspoon salt ,1 pinch sugar ,1 pinch white pepper | [For the wrapper] 40 g wheat starch ⅓ cup ,40 g tapioca starch/cornstarch/potato starch ⅓ cup ,1 pinch salt ,1 teaspoon lard or cooking oil ,80 ml boiling water ⅓ cup | [You also need] 12 slices carrot diagonally cut","[Prepare the filling] 1) Pick out 12 shrimp and set aside. Crush the rest of the shrimp by pressing them under the side of a cleaver. Then chop further (use a knife to mince the shrimp if you don't have a cleaver). | 2) In a mixing bowl, combine whole shrimp, minced shrimp and all the other ingredients for the filling. Place in the fridge. | [Make the dough] 1) Put wheat starch, tapioca starch(or cornstarch/potato starch), salt and lard (or cooking oil) into a mixing bowl. | 2) Pour in water that has just been boiled (water at lower temptation will result in failure). | 3) Stir well with a pair of chopsticks, then knead with hands into a smooth, soft dough. | [Shape the wrapper] 1) Make a loop with the dough. Divide it into 12 equal pieces. | 2) Lightly coat the working surface and the cleaver with oil. | 3) Roll one piece of dough into a ball. Press it with the side of the cleaver while moving side to side to make a very thin wrapper. | 4) Gently peel it off the cleaver (you may use a rolling pin to achieve this if you wish). Repeat to make the other wrappers. | [Assemble the dumplings] 1) Place a spoonful of filling in the middle of a wrapper (including one whole shrimp). | 2) Hold with both hands. Pleat the far side of the wrapper by pressing with the index finger of one hand. | 3) Push the near side of the wrapper forward with the thumb of the other hand. Seal all around to make a crescent shape. | [Steam the dumplings] 1) Heat up water in the pot on which you are going to place the steamer basket. | 2) Scatter carrot slices in the basket, then place dumplings on top of each slice (this is to avoid sticking). | 3) Place the basket in when the water is boiling. Cook with lid on over medium heat for 6 minutes (do not overcook). | [Serve] 1) Leave the dumplings to cool a bit before gently removing them to serve (very hot dumpling skin tends to stick). You may dip them in a vinegary sauce if you wish. | [Store] 1) Keep uncooked dumplings in the freezer for up to 4 weeks. No need to defrost when steaming. | 2) Put them in a steamer filled with cold water (different from the instructions for fresh dumplings). Cook for 8 minutes after the water starts to boil.",https://redhousespice.com/wp-content/uploads/2017/09/dim-sum-har-gow-dumplings.jpg,Main Course,Chinese,Dumplings,270 kcal,5.0,66.0,153.0
Salt and Pepper Shrimp (椒盐虾),"Fried to a crispy texture and served with an aromatic seasoning, Chinese salt and pepper shrimp can be made at home to a restaurant standard.",https://redhousespice.com/salt-and-pepper-shrimp/,10m,5m,15m,2 servings,"[For the salt & pepper seasoning (Jiao Yan)] 1 teaspoon whole Sichuan pepper ,½ star anise ,½ teaspoon sesame seeds ,¼ teaspoon fennel seeds ,4 teaspoon salt | [For frying the shrimp] 300 g shell-on shrimp (or prawns), with or without heads see note 1 ,3 tablespoon corn starch or tapioca starch ,Neutral cooking oil, for deep or shallow frying see note 2 | [You also need] 2 tablespoon minced shallots, or onion ,2 tablespoon minced red chili pepper ,2 tablespoon minced green chili pepper ,2 tablespoon minced garlic ,1 tablespoon minced ginger ,1 stalk scallions, finely chopped","[Make the salt & pepper seasoning] 1) Put Sichuan pepper, star anise, sesame seeds, fennel seeds and salt into a pan. Toast over low heat while stirring from time to time. | 2) Once the salt darkens slightly and the spices become very fragrant, remove from the heat then grind in a mortar or a spice grinder. Set aside (see note 3). | [Prepare the shrimp] 1) Rinse the shrimp under running water. Use kitchen paper to pat dry. | 2) Add corn starch. Gently stir to have all the shrimp evenly coated with the starch. | [Fry the shrimp (two ways)] 1) Option 1 DEEP FRYING : Pour oil into a wok over high heat (I use about 800ml). When it reaches 375°F/190°C, gently slide in the shrimp. Use chopsticks to separate if they stick together. Take out when they look pink and crispy. It took me about 90 seconds. Depending on the size of your shrimp, adjust if necessary. | 2) Option 2 SHALLOW FRYING : Pour oil into a pan over high heat (enough to cover half of the shrimp when laid flat). When it starts to smoke, place in the shrimp (Fry in two batches if necessary to avoid overlapping). Flip over to fry the other side when the first side turns pink and crispy. Please be aware that the oil will splash quite a bit so place a splatter screen over the pan if available. Alternatively, you can hold a lid over the pan (but do not cover completely) to block splashing. | [Combine the dish] 1) Pour the oil out of the wok/pan leaving just a thin layer on the surface. Add shallots, pepper, garlic and ginger. Fry over medium heat for about 1 min. | 2) Put in the fried shrimp and ½ teaspoon of the salt & pepper seasoning (or to taste). Toss well to season evenly then garnish with scallions. Dish out and serve immediately.",https://redhousespice.com/wp-content/uploads/2020/11/salt-and-pepper-shrimp-2-scaled.jpg,Main Course,Chinese,"Cantonese, Prawn, Seafood",347 kcal,4.97,28.0,42.0
"Salt and Pepper Tofu (Jiao Yan Dou Fu, 椒盐豆腐)","Tender tofu with a golden, crispy crust and super aromatic seasonings, salt and pepper tofu can be made to perfection at home.",https://redhousespice.com/salt-and-pepper-tofu/,10m,10m,20m,2 servings,"[For the tofu] 12 oz tofu, firm or medium-firm, at room temperature ,2 tablespoon all-purpose flour aka plain flour (see note 1) ,2 tablespoon cornstarch or potato starch/tapioca starch ,½ teaspoon baking powder optional, see note 2 ,½ teaspoon salt and pepper seasoning shop-bought or homemade (see recipe below) ,Neutral cooking oil for shallow frying or air-frying | [For stir-frying] 2 tablespoon minced shallot or onion ,2 tablespoon minced chili pepper ,2 tablespoon minced garlic ,1 stalk scallion finely chopped ,½ teaspoon salt and pepper seasoning shop-bought or homemade (see recipe below) | [For homemade salt and pepper seasoning (optional)] 1 teaspoon whole Sichuan pepper remove the black seeds if any ,½ star anise ,½ teaspoon sesame seeds ,¼ teaspoon fennel seeds ,4 teaspoon salt","[Fry the tofu] 1) Cut tofu into cubes (about 1 inch/2½ cm each side). | 2) Sift flour, starch and baking powder into a large plate. Add ½ teaspoon of salt and pepper seasoning then mix well. | 3) Use a clean kitchen towel or kitchen paper to pat dry the tofu cubes then put them into the flour mixture. Evenly and thinly coat all sides. Use hands to remove excess flour. | 4) Heat up oil in a wok/pan over medium-high heat (the oil should be generously covering the entire surface). Gently put in tofu (Don’t overcrowd. Fry in two batches if necessary). You should see bubbles appearing around the tofu straight away, otherwise, the oil isn’t hot enough yet. | 5) Use chopsticks or tongs to flip the tofu several times to ensure each side is evenly fried. Transfer out to a plate lined with kitchen paper (to soak excess oil) when all sides are nicely golden. | [Combine the dish] 1) Remove most of the oil leaving about ½ tablespoonful in the wok/pan. Add shallots, chili pepper and garlic. Fry over medium heat for about 1 minute. | 2) Add the fried tofu cubes, chopped scallions and ½ teaspoon salt & pepper seasoning (or to taste). Toss briefly to season evenly. Dish out and serve immediately. | [Make the salt & pepper seasoning (optional)] 1) Put Sichuan pepper, star anise, sesame seeds, fennel seeds and salt into a pan. Toast over low heat while stirring from time to time. | 2) Once the salt darkens slightly and the spices become very fragrant, remove from the heat then grind in a mortar or a spice grinder (see note 3).",https://redhousespice.com/wp-content/uploads/2021/04/salt-pepper-tofu.jpg,Main Course,Chinese,"Tofu, Vegan, Vegetarian",317 kcal,5.0,20.0,35.0
Shrimp and Egg Stir-Fry (滑蛋虾仁),"A delectable dish with minimum preparation, shrimp and egg stir-fry brings out the best flavour and texture of these two common ingredients.",https://redhousespice.com/shrimp-egg-stir-fry/,3m,4m,7m,2 servings,"[For the shrimp] 140 g shrimp, peeled and deveined about 5oz ,⅛ teaspoon salt ,1 pinch ground white pepper ,½ teaspoon cornstarch or tapioca starch/potato starch | [For the eggs] 5 large eggs at room temperature ,2 tablespoon water ,¼ teaspoon salt ,1 pinch ground white pepper ,¼ teaspoon sesame oil | [You also need] 1½ tablespoon neutral cooking oil ,1 stalk scallions, finely chopped","[Instructions] 1) Mix shrimp with salt, white pepper and cornstarch until well combined. | 2) Crack eggs into a bowl. Add water, salt, white pepper and sesame oil. Beat until it reaches an even, smooth consistency. | 3) Heat oil in a non-stick pan/wok over medium heat. Fry shrimp on both sides in a single layer. As soon as it curls up and turns pink, turn off the heat. Transfer the shrimp into the egg mixture leaving the oil in the pan. | 4) Pour everything into the pan/wok. Turn on the heat again to the lowest setting. | 5) As soon as the bottom part starts to solidify, gently scrape and push the egg with a spatula to allow the liquid part to reach the hot pan. Keep doing so until most of the egg has turned into curd-like mass but still looks a little underdone. | 6) Sprinkle chopped scallions and immediately dish out to a serving plate or over rice.",https://redhousespice.com/wp-content/uploads/2021/04/stir-fried-shrimp-eggs-scaled.jpg,Main Course,Chinese,"Easy, Eggs, Seafood, Stir-fry",327 kcal,5.0,50.0,74.0
"Singapore Mei Fun (Singapore Rice Noodles, 星洲米粉)","A hearty all-in-one dish, Singapore Mei Fun (Rice Noodles) consists of tasty proteins, crunchy vegetables and flavourful seasonings.",https://redhousespice.com/singapore-mei-fun/,10m,8m,18m,2 servings,"[Noodles] 90 g dried rice vermicelli (Mei Fun) see note 1 | [Seasonings] ½ tablespoon light soy sauce ,½ tablespoon oyster sauce ,½ tablespoon Shaoxing rice wine optional ,½ teaspoon sesame oil ,¼ teaspoon salt or to taste ,½ teaspoon sugar ,½ lime, use the juice only ,1 tablespoon water | [Oil] 2 tablespoon neutral cooking oil, divided | [Proteins] 2 eggs, lightly beaten ,8 shrimps, peeled and deveined ,50 g Char Siu (Chinese BBQ pork) see note 2 for substitutes | [Aromatics] 2 cloves garlic, minced ,1 tablespoon yellow curry powder see note 3 | [Vegetables] 100 g mung bean sprouts ,60 g bell pepper, julienned ,60 g red onion, sliced ,1 stalk scallions, julienned","[Prepare the vermicelli] 1) You can either follow the instructions on the package to prepare the rice vermicelli or use my method: Put them into a large bowl. Pour in hot water (just boiled) enough to cover. Leave to soak for 2 mins. | 2) Drain well then cut into shorter sections with a pair of scissors. Set aside (see note 1). | [Mix the sauce] 1) In a small bowl, mix light soy sauce, oyster sauce, Shaoxing rice wine, seame oil, salt, sugar, lime juice and water. Set aside. | [Fry the eggs & shrimp] 1) Heat up half of the cooking oil in a wok until it smokes. Pour in the egg. Fry until cooked then break it into small pieces with a spatula. Transfer to a plate. | 2) In the same wok, sear the shrimp (no need to pour in more oil). As soon as they curl up and turn pink, transfer to the egg plate. | [Stir-fry to finish] 1) Pour the other half of the cooking oil into the wok. Fry garlic and yellow curry powder over low heat for 20 seconds or so (Do not burn). | 2) Stir in the vermicelli. With the aid of a pair of chopsticks, loosen the vermicelli to have it evenly coated by the curry. | 3) Turn the heat to medium high. Add Char Siu, mung bean sprouts, bell pepper & red onion. Constantly stir (I use chopsticks and a spatula at the same time) to evenly heat all the ingredients until the vegetables are cooked but still retain some of the crunchiness. | 4) Put the egg and shrimp back into the wok. Add the sauce and scallions. Give everything a quick stir then serve immediately.",https://redhousespice.com/wp-content/uploads/2020/10/Singapore-Mei-Fun-0.jpg,Main Course,Chinese,"Mai Fun, Noodles, Spicy, Vermicelli",377 kcal,5.0,76.0,107.0
"Soy Sauce Chicken (See Yao Gai, 豉油鸡)","A classic Chinese dish, soy sauce chicken is flavourful and appetizing. This recipe introduces an approachable, less labour-intensive method to cook it at home.",https://redhousespice.com/soy-sauce-chicken/,5m,45m,50m,6 servings,"[Ingredients] 6 chicken thighs see note 1 for other options ,½ tablespoon cooking oil ,3 stalks scallions, cut in halves ,1 thumb-sized ginger, sliced ,3 star anise ,2 bay leaves ,1 cup light soy sauce 240ml ,2 tablespoon dark soy sauce ,2 tablespoon Shaoxing rice wine or Chinese rose wine ,2 tablespoon dark brown sugar or 40g rock sugar ,2 cups water 480ml ,½ tablespoon cornstarch, mix with 1 tablespoon water","[Prepare the braising liquid] 1) Add oil, scallions, ginger, star anise, and bay leaves to a wok/pot. Fry over low heat until fragrant and the scallions and ginger browns a little. | 2) Pour in light soy sauce, dark soy sauce, Shaoxing rice wine, sugar and water. Turn the heat to high. Bring the liquid to a boil. | [Cook the chicken] 1) Slide in the chicken thighs, skin side down (they should be in a single layer without overlapping). Adjust the water if necessary. The liquid should cover most parts of the chicken. | 2) When the cooking liquid comes back to a boil, turn the heat down to a gentle simmer. Cover and leave to simmer for 35 mins. Flip over all the thighs then cook for a further 10 mins (see note 1 if cooking other cuts of chicken). | [Serve the chicken] 1) Take out the chicken. When cool enough to handle, remove the bones then slice into bite-sized pieces (see instructions in post content above). | 2) Keep about 120ml (½ cup) of the broth in the wok/pot then heat up. Right before it starts to boil, add the cornstarch mixture. Remove from the heat once the sauce reaches the desired thickness. Pour it over the sliced chicken, or serve it in a bowl on the side for dipping (see note 2 for serving ideas). | 3) The remaing broth can be reused. Pour it into a jar/container through a sieve and discard the spices.Use within 4 days if kept in the fridge or for 3 months in the freezer.",https://redhousespice.com/wp-content/uploads/2020/10/soy-sauce-chicken-0.jpg,Main Course,Chinese,"Cantonese, Easy",298 kcal,4.98,152.0,238.0
"Turnip Cake (Lo Bak Go, 萝卜糕)","A popular dim sum delicacy, turnip cake stands out for its fragrant, umami taste and soft, gooey texture. Follow my recipe and tutorial video to making it at home with ease!",https://redhousespice.com/turnip-cake-lo-bak-go/,20m,70m,90m,8 servings,"[Ingredients] 2 tablespoon dried shrimp see note 1 ,3 shiitake mushrooms ,800 g daikon radish 1.7lbs, see note 2 ,1 tablespoon neutral cooking oil ,50 g shallots, or onion 1.7oz ,2 Chinese sausages ,1 tablespoon oyster sauce ,¼ teaspoon ground white pepper ,160 g rice flour 5.6oz ,50 g corn starch, or tapioca starch 1.7oz | [For serving] Neutral cooking oil (for frying) ,Sesame seeds, toasted ,Scallions, finely chopped ,Sweet soy sauce see note 3 ,Homemade chili oil optional","[Soak the dried ingredients] 1) Rinse dried shrimp and dried shiitake mushroom. Soak them in about 400ml water overnight or at least 3 hours. | [Cook the daikon radish] 1) Peel the radish then shred it with a hand grater or in a food processor. | 2) Put the shredded radish into a wok/pot. Pour in the water which was used to soak the dried shrimp and mushroom (discard the solid bits at the bottom of the bowl). Bring it to a boil then leave to simmer for about 5 mins until the radish is wilted. | 3) Place a sieve over a bowl, drain the radish. Squeeze out as much liquid as possible. Leave the liquid to cool for later use. | [Fry the salty ingredients] 1) While waiting for the radish to cook, chop dried shrimp, mushroom, shallots and Chinese sausage into tiny pieces. | 2) Add oil to the wok/pot (cleaned & dried). Over medium heat, fry shallots until gold. Add Chinese sausage and fry until some fat is extracted. Stir in the dried shrimp and mushroom. Fry for a further minute. | 3) Turn off the heat. Add the drained radish, oyster sauce and white pepper. Mix well. | [Combine with the starchy liquid] 1) Measure out 400ml of the liquid in which the radish was cooked. Top up with room temperature water if it’s not enough (Make sure the liquid isn’t hot any more). Add rice flour and corn starch. Mix until well dissolved. | 2) Pour it into the radish mixture. Stir very well then turn on the heat to low. Stir constantly until the liquid solidifies. Remove from the heat. | [Steam the cake] 1) Grease a cake tin or a glass container with oil (I use a 20cm round cake tin). Put in the radish mixture. Level the surface with a spatula. | 2) Place the tin/container into a steamer. Steam over medium-low heat for 50 mins. Remember to check the water level halfway through. Top up with hot water if necessary. | 3) Take the cake out of the steamer. Leave to cool naturally inside the tin/container. | [Fry & serve the cake] 1) Carefully remove the cake out of the tin/container. Cut off the portion you’d like to serve on the day. | 2) Slice it into 1-1.5cm thick pieces. Pan-fry over medium heat in a little oil until both sides turn golden. | 3) Serve with sesame seeds, finely chopped scallions and sweet soy sauce. Add a dash of homemade chili oil if you’d like an extra kick. | [Store the cake] 1) You can keep the leftover cake in the fridge for up to three days. | 2) It freezes well too. Cut it into slices. Lay flat on a tray lined with parchment paper. Keep in the freezer until fully frozen. Transfer to an airtight container/bag. Freeze for up to two months. | 3) Fry the usual way (over low heat) without defrosting.",https://redhousespice.com/wp-content/uploads/2020/11/Chinese-turnip-cake-with-sauce-scaled.jpg,"Appetizer, Breakfast, Side Dish",Chinese,"Cantonese, Luo Bo Gao, Radish cake",204 kcal,5.0,35.0,74.0
Aromatic Crispy Duck (香酥鸭),"A home cook-friendly recipe for aromatic crispy duck, offering alluring flavors and exceptional tenderness. Perfect for stuffing your favorite buns or pancakes.",https://redhousespice.com/aromatic-crispy-duck/,5m,95m,700m,4 servings,"[For marinating] 4 duck legs about ½ lb/220g each ,1 tablespoon Shaoxing rice wine ,1 tablespoon fine salt ,1 teaspoon five spice powder ,4 stalk scallions chopped ,1 thumb-sized ginger sliced | [For deep-frying] Neutral cooking oil | [For serving (optional)] Bao buns or duck pancakes ,Scallions julienned ,Cucumber cut into matchsticks ,Sauce of your choice e.g. sweet bean sauce, chili garlic sauce , hoisin sauce, plum sauce, etc.","[Marinate] 1) Pat dry the surface of the duck legs with a paper towel. Pour Shaoxing rice wine over, then sprinkle the mixture of salt and five spice powder. Rub with hands to ensure an even coating. | 2) Put half of the chopped scallions and sliced ginger over a deep plate that can fit into your steamer. Lay duck legs over then scatter the rest of the scallions and ginger on top. Cover with plastic wrap and store in the fridge to marinate for 10 hours or overnight. | [Steam] 1) Add plenty of water to the wok/pot that you’re using for steaming (see note 1). Use either a steamer rack or a steamer basket to support the duck plate (remove the plastic wrap). Cover with a tight lid. | 2) Bring water to a full boil then turn the heat down to medium. Leave to steam for about 1 hour and 30 minutes. Make sure you check the water level every half an hour and top up with hot water when necessary. | 3) After steaming, transfer the duck legs to another plate or a rack to cool, with the scallions and ginger removed (see note 2 & 3). | [Deep-fry] 1) Once the duck legs have cooled down, dry their surface with a paper towel. Start the deep frying process by heating the oil to 375°F/190°C. Carefully slide in the legs (fry in two batches if your cookware is small). Leave to fry 2-3 minutes until they turn golden. | 2) Fish out the legs using a slotted spoon and set aside. Increase the oil temperature to 390°F/200°C. Slide the duck back into the oil and fry for 20 seconds or so to crisp it up further. Take out and rest over paper towels to absorb any excess oil. | [Serve] 1) Once the duck has cooled enough to handle, remove the bones from the legs. Cut the meat into small pieces, or shred it with two forks. | 2) Serve the duck as a filling for warm bao buns or Peking duck pancakes , accompanied by scallions, cucumber, and a smear of your preferred sauce.",https://redhousespice.com/wp-content/uploads/2023/11/aromatic-crispy-duck-6.jpg,Main Course,Chinese,"chinese duck, Duck",472 kcal,5.0,8.0,12.0
"Bang Bang Chicken, the Original Sichuan Version","Explore the authentic flavor of Bang Bang chicken, featuring tender poached chicken and a bold, mouth-watering sauce.",https://redhousespice.com/bang-bang-chicken/,3m,10m,16m,2 servings,"[Ingredients] 1 piece chicken breast about 8oz/230g (see note 1) ,5 slice ginger ,2 stalk scallions cut in half then finely chop the green part | [For the sauce] 2 tablespoon light soy sauce ,1 tablespoon black rice vinegar ,2 tablespoon Chinese chili oil or to taste ,½ teaspoon sesame oil ,¼ teaspoon ground Sichuan pepper ,¼ teaspoon sugar ,⅛ teaspoon salt ,Toasted sesame seeds | [You also need] ½ large cucumber cut into matchsticks","[Instructions] 1) Put chicken breast, sliced ginger, and the white part of the scallions into a saucepan. Add water that’s enough to cover the meat. | 2) Bring water to a boil then turn down the heat to a bare simmer. Cover with a lid. Leave to cook for 8 minutes. Then turn off the heat and let it sit (covered) for a further 3 minutes (see note 2). | 3) Take out the chicken (keep the cooking liquid) and transfer it to a large bowl of cold water, with ice cubes if available. Once cooled completely, drain then pat dry the surface of the meat with kitchen paper. | 4) Tear the chicken into strips with your hands (Or, follow the traditional method of hammering the chicken with a rolling pin to loosen it up before shredding it). | 5) In a bowl, mix all the seasonings (light soy sauce, black rice vinegar, chili oil, sesame oil, ground Sichuan pepper, salt, and sugar) with 2 tablespoons of the chicken cooking liquid. | 6) Place julienned cucumber on the serving plate. Top with shredded chicken. Pour the sauce mixture over. Garnish with finely chopped scallion greens and toasted sesame seeds.",https://redhousespice.com/wp-content/uploads/2023/06/bang-bang-chicken-1.jpg,Appetizer,Chinese,"bam bam chicken, bang bang chicken, bon bon chicken, Sichuan chicken, spicy chicken",275 kcal,5.0,19.0,21.0
Big Plate Chicken with Belt Noodles (大盘鸡),Big Plate Chicken (Da Pan Ji) is a classic Chinese dish consisting of aromatic chicken stew and silky hand-pulled noodles. My recipe shows you how to make it from scratch with a great workflow.,https://redhousespice.com/big-plate-chicken-danpanji/,10m,25m,105m,4 servings,"[For the noodles] 300 g all-purpose flour ,¼ teaspoon salt ,150 g water see note 1 ,cooking oil for coating the dough | [For the chicken] 2 tablespoon cooking oil ,800 g chicken thigh, cut in chunks ,1½ tablespoon Sichuan chilli bean paste ,10 slice ginger ,10 clove garlic ,3 star anise ,2 piece cassia cinnamon ,1 bay leaf ,1 handful dried chilli or to taste ,1 tablespoon Sichuan pepper ,1½ tablespoon dark soy sauce | [For the vegetables] 1 red bell pepper, cut in chunks ,1 green bell pepper, cut in chunks ,1 medium-sized potato, cut in thin pieces ,1 onion, diced ,3 stalks scallions, chopped ,coriander optional","[Make & rest the dough (1 hour 15 mins)] 1) Mix flour and salt. Add water gradually. Mix with chopsticks until no more loose flour can be seen. | 2) Combine and knead briefly into a dough. Cover and leave to rest for 10 minutes. Knead again for about 2 minutes until very smooth (see note 2). | 3) Divide the dough into 6 parts. Roll each piece into a gherkin shape. | 4) Coat them with oil thoroughly. Cover with cling film then rest for at least 1 hour. | [Cook the chicken & vegetables (20 mins)] 1) Heat up the oil in a wok. Stir in the chicken. Fry until pale. | 2) Add all the herbs, spices and seasonings for the chicken. Pour in 250ml (1 cup) hot water. Cover with a lid. Leave to cook for 10 mins. | 3) Put in bell pepper, potato and onion (add some hot water if appear to be dry). Stir around then leave to cook for a further 5 mins until the vegetables become tender. Add scallions at the end. | [Pulled and cook the noodles (5 mins)] 1) When the dough is well rested, bring a large pot of water to a full boil. | 2) While waiting, use a rolling pin to flatten each dough piece into a rectangle shape. | 3) Pick up one piece by holding each end gently. Pull in opposite directions. The movement should be smooth and consistent. | 4) As your arms move apart, bounce the noodle against the worktop to help it stretch further (Please refer to the tutorial video below). Drop the pulled noodle into boiling water. | 5) Pull the second one and drop it in. Repeat until you finish all six pieces of dough. Leave to cook for 1-2 minutes (see note 3). | [Assemble the dish] 1) Transfer the noodles to a large serving plate/bowl using a pair of chopsticks. | 2) Pour in the cooked chicken & vegetables. | 3) Garnish with coriander if using. Stir well & enjoy immediately.",https://redhousespice.com/wp-content/uploads/2020/04/Big-plate-chicken-5.jpg,Main Course,Chinese,"Chicken, Noodles",745 kcal,5.0,17.0,32.0
Braised chicken wings with white pepper,A simple way to prepare Chinese-style braised chicken wings. The use of whole white peppercorns makes this dish unusually aromatic.,https://redhousespice.com/braised-chicken-wings/,5m,30m,35m,4 servings,"[Ingredients] 10 chicken wings ,1 tablespoon whole white (or black) peppercorns ,1 tablespoon neutral cooking oil ,10 slices ginger ,300 ml hot water about 1 ¼ cups ,2 teaspoon dark soy sauce see note ,½ teaspoon salt ,Scallions, finely chopped for garnishing, optional ,Cresh chilies, finely chopped for garnishing, optional","[Instructions] 1) Chop each chicken wing into 3 pieces by cutting through its 2 joints. | 2) Gently crush the whole peppercorns with the side of a knife to open them up a bit (but they should be still in the original shape). | 3) Put oil, ginger and the peppercorns in a wok. Fry over medium high heat until fragrant. | 4) Place the chicken pieces in. Stir fry until they are slightly brown. | 5) Add hot water, dark soy sauce and salt. Bring the water to a boil. Then cover with a lid and leave to simmer for 25 minutes or so (Stir once halfway through). | 6) Garnish with scallions and fresh chili before serving if you wish (optional).",https://redhousespice.com/wp-content/uploads/2017/02/chicken-wings-with-peppercorn.jpg,Main Course,Chinese,Chicken,,5.0,13.0,27.0
Chicken Chop Suey (with an easy stir-fry sauce),"A delicious stir-fry of tender chicken and crunchy vegetables, chicken chop suey is very easy to make. Its tasty, thick sauce works well for other stir-fries too.",https://redhousespice.com/chicken-chop-suey/,10m,3m,13m,2 servings,"[For the chicken] 1 piece chicken breast, about 180g/6.3oz ,½ tablespoon tapioca starch, or cornstarch ,1 pinch salt ,1 tablespoon water ,1 drop cooking oil | [For the sauce] 1 tablespoon light soy sauce ,½ tablespoon dark soy sauce ,2 tablespoon oyster sauce see note 1 ,½ teaspoon sesame oil ,1 tablespoon tapioca starch, or cornstarch see note 2 ,1 pinch salt ,¼ teaspoon ground white pepper ,4 tablespoon water | [For the vegetables] ½ onion, sliced ,2 cloves garlic, sliced ,1 small carrot, thinly sliced ,1 handful snow peas (mangetout), strings removed ,3 baby corn, diagonally sliced ,3 button mushroom, sliced ,1 handful mung bean sprouts | [You also need] 1½ tablespoon neutral cooking oil, divided","[Marinate the chicken] 1) Cut chicken breast crosswise into thin slices (about 5mm/0.2inch). Put into a bowl. | 2) Add tapioca starch (or corn starch) and water. Stir well to evenly coat the chicken. | 3) Then add a drop of oil and mix well. Set aside. | [Mix the sauce] 1) In a small bowl, mix all the ingredients for the sauce. Set aside. | [Cook the chicken] 1) Heat up a wok over high heat until it smokes (see note 3). Pour in 1 tablespoon of oil. | 2) Slide in the chicken. Transfer it out as soon as it loses the pinkness (Do not overcook). Set aside. | [Combine the dish] 1) Pour the remaining ½ tablespoon of oil into the wok. Firstly fry onion and garlic over high heat until fragrant. | 2) Add carrot and fry for 15 seconds or so. Then snow pea and baby corn go in. Stir fry for another 20 seconds. | 3) Put the chicken back into the wok, along with mushroom and mung bean sprouts. Cook for 30 seconds. | 4) Give the sauce a good stir (in case the starch sits at the bottom) then pour over. Mix well. | 5) As soon as you see the liquid thickening, transfer everything to a serving dish. Enjoy immediately with plain rice or as a topping for noodles.",https://redhousespice.com/wp-content/uploads/2020/12/chicken-chop-suey-in-wok.jpg,Main Course,Chinese,"American Chinese, Chicken, Stir-fry",326 kcal,4.98,49.0,81.0
Chicken meatball noodle soup (肉丸汤面),"Tender and springy meatballs cooked in tomato and shiitake soup. This chicken meatball noodle soup is tasty, filling and healthy.",https://redhousespice.com/chicken-meatball-noodle-soup/,15m,15m,30m,4 servings,"[For the meatballs] 250 g minced chicken 9 oz, see note 1 ,1 stalk scallions, finely chopped ,1 egg white ,1 tablespoon corn starch ,½ teaspoon salt ,1 pinch white pepper ,½ teaspoon light soy sauce | [For the soup] 1 tablespoon cooking oil ,1 stalk scallions, chopped ,5 dried shiitake mushrooms, rehydrated and sliced see note 2 ,4 ripe tomatoes, chopped ,750 ml hot water 3 cups ,¼ teaspoon salt or to taste ,1 pinch white pepper ,coriander, chopped to taste ,Chinese chilli oil to taste, optional | [You also need] 4 portions noodles shop-bought or homemade","[Prepare the meatballs] 1) In a mixing bowl, combine all the ingredients for the meatballs. Swirl constantly in the same direction until the mixture becomes very sticky. | 2) Use your hands or spoons to shape the mince into balls. Wet hands or spoons with water before making each ball to reduce stickiness. Set aside. | [Cook the noodles] 1) If cooking shop-bought dried noodles, follow the instructions on the package. If you wish to make the noodles yourself, check out these recipes: Hand-pulled Noodles , Knife-cut Noodles , Machine made Ramen Noodles . | [Make the soup] 1) In the meantime, heat up the oil in a wok over medium-high heat. Stir in spring onion and shiitake mushrooms. Cook until fragrant. | 2) Add tomato then fry until a bit mushy. Pour in hot water. Cover the wok with a lid. Leave to simmer until the tomato is very soft. | 3) Turn the heat up to high. Gently place the meatballs one after another into the soup. Boil until the meatballs are fully cooked (check one ball. Do not overcook ). | 4) Sprinkle with salt, white pepper and coriander. | 5) Serve it hot with well drained noodles. Add some Chinese chilli oil if you wish.",https://redhousespice.com/wp-content/uploads/2020/06/Chicken-meatball-noodle-soup-recipe-card-scaled.jpg,Main Course,Chinese,"Chicken, Noodles",,5.0,4.0,4.0
Chicken and Mushroom Stir-Fry,A delicious dish ready in minutes. Add this chicken and mushroom stir-fry to your meal plan and enjoy its rich flavor and fuss-free prep.,https://redhousespice.com/chicken-mushroom-stir-fry/,6m,4m,10m,2 servings,"[For the chicken] 10 oz chicken breast ,½ tablespoon cornstarch ,1 pinch salt ,1 tablespoon water ,1 drop neutral cooking oil | [For the sauce] 1 tablespoon light soy sauce ,1 tablespoon oyster sauce ,1 teaspoon dark soy sauce ,½ tablespoon cornstarch ,⅛ teaspoon ground black pepper or white pepper ,1 pinch sugar ,4 tablespoon water ,½ teaspoon sesame oil | [You also need] 1½ tablespoon neutral cooking oil divided ,3 cloves garlic sliced ,5 oz button mushroom sliced, or fresh shiitake mushroom ,1 stalk scallions finely chopped","[Marinate the chicken] 1) Cut the chicken into thin slices across the grain. Mix them with cornstarch, salt and water until well combined. Stir in oil to create a coating. | [Mix the sauce] 1) In a small bowl, mix light soy sauce, oyster sauce, dark soy sauce, cornstarch, black pepper, sugar, and water. Once the mixture becomes smooth, add sesame oil. Set aside. | [Sear the chicken] 1) Heat an empty wok over high heat until it smokes. Pour in 1 tablespoon of oil and swirl it around before putting in the chicken. | 2) Spread out the chicken to sear it quickly. Flip and toss to cook further once the bottom side slightly browns. When the chicken is cooked (no more pinkness remains), transfer it to a plate for later use. | [Stir-fry the mushrooms] 1) Add the remaining ½ tablespoon of oil to the wok. Sizzle sliced garlic for 10 seconds or so, then add sliced mushrooms. Keep the heat high and toss constantly until they just begin to sweat. | 2) Turn the heat down to low (or temporarily remove the wok from the burner if using an electric cooker). Return the chicken to the wok, then pour in sauce-well stirred beforehand. | 3) Toss everything while the sauce thickens (this takes very little time). Finally, stir in chopped scallions then dish out to serve.",https://redhousespice.com/wp-content/uploads/2025/03/chicken-mushroom-stir-fry-8.jpg,Main Course,Chinese,chicken stir-fry,326 kcal,5.0,2.0,6.0
Chinese Chicken Noodle Soup (鸡汤面),"An umami-rich, all-in-one dish made with simple ingredients, Chinese chicken noodle soup is easy to make and tastes delectable.",https://redhousespice.com/chicken-noodle-soup/,5m,35m,280m,4 servings,"[Ingredients] 8 pieces dried shiitake mushrooms see note 1 ,6 cups water ,2 chicken legs or 4 chicken thighs (skin on & bone in) ,2 tablespoon Shaoxing rice wine ,4 slices ginger ,2 stalks scallions separate the white and green parts ,2 teaspoon light soy sauce ,½ teaspoon salt ,⅛ teaspoon ground white pepper ,¼ teaspoon sesame oil ,4 portions noodles see note 2 ,2 heads bok choy or other leafy greens ,Chili oil optional","[Instructions] 1) Put dried shiitake mushrooms in a large bowl. Pour in 6 cups (1400ml) of water. Leave to soak overnight (or at least 4 hours). | 2) Put the chicken legs (or thighs) into a pot. Add the rehydrated mushrooms, along with the soaking water (leave out any residue at the bottom of the bowl). Bring to a full boil. Skim off any foam floating on the surface. | 3) Add Shaoxing rice wine, ginger, and the white part of the scallions. Turn the heat to the lowest. Cover the pot with a tight lid. Leave to gently simmer for 30 minutes or so until the meat becomes very tender. You may speed up this process using an Instant Pot or pressure cooker (see note 3). | 4) Transfer the chicken legs to a plate to cool. Discard the ginger and scallions. Add light soy sauce, salt, white pepper, and sesame oil to the broth. Taste to adjust if necessary. | 5) Once the chicken is cool to touch, remove the skin and tear the meat into bite-sized shreds. | 6) In a separate pot, bring plenty of water to a full boil. Cook the noodles over medium-high heat until fully cooked. At the very end of this process, add bok choy for a quick blanch (20 seconds). | 7) Drain the noodles and bok choy. Place them into 4 serving bowls. Add the broth and mushrooms. Top with the shredded chicken and the green part of the scallions (finely chopped). Optionally, drizzle some chili oil over.",https://redhousespice.com/wp-content/uploads/2022/11/chicken-noodle-soup-scaled.jpg,Main Course,Chinese,"chicken soup, Chinese noodles soup, noodle soup",491 kcal,5.0,46.0,61.0
Chicken potstickers with a crispy skirt (鸡肉锅贴),"A pleasure for both your palate and your eyes, chicken potstickers can be made to perfection in your own kitchen. A tutorial video and make-ahead instructions are included.",https://redhousespice.com/chicken-potstickers-with-crispy-skirt/,30m,15m,85m,30 potstickers,"[For the wrappers] 250 g all-purpose flour see note 1 ,70 g boiling water ,60 g tap water | [For the filling] 300 g minced chicken or turkey ,100 g canned sweetcorn ,50 g carrot grated ,3 shiitake mushrooms, finely chopped fresh or rehydrated dried ones ,2 stalks scallions, finely chopped ,1 teaspoon minced ginger ,1 teaspoon light soy sauce ,1 teaspoon oyster sauce ,1 teaspoon sesame oil ,1 pinch ground Sichuan pepper or five-spice powder , white pepper ,1 teaspoon salt | [For the slurry (for frying 10 at a time)] 1 teaspoon cornstarch ,½ teaspoon all-purpose flour ,100 g water ,¼ teaspoon vinegar | [For frying] cooking oil","[Make the dough (See note 2)] 1) In a mixing bowl, gradually add hot water to the flour. Mix with chopsticks/spatula. | 2) Then add tap water. Combine and roughly knead into a dough. | 3) Leave to rest (covered) for 10 minutes then knead again until very smooth. | 4) Cover and rest for a further 30-60 minutes until it becomes soft. | [Mix the filling] 1) Add all the ingredients for the filling into a mixing bowl. | 2) For an even distribution of ingredients, use your hand to rub and mix (wear a food-prep disposable glove if you wish). | [Roll the wrappers] 1) Divide the dough into three parts. | 2) Roll one part into a rope then cut into 10 equal sections (cover the rest to prevent them from drying out). | 3) Press each piece into a small disc with the palm of your hand. | 4) Use a rolling pin to flatten it into a thin disc (Please refer to my tutorial video below ). Dust with flour if it sticks | [Assemble the potstickers] 1) Place a spoonful of the filling in the middle of a wrapper. | 2) Fold the wrapper into a half-moon shape. | 3) Pinch and seal the potsticker along the edge while leaving the two corners open. | 4) Repeat to finish the rest. Remember to lightly flour the surface on which you place the assembled potstickers. | [Mix the slurry] 1) Mix all the ingredients for the slurry until well combined (no lumps can be seen). Set aside. | [Fry the potstickers (see note 4)] 1) Place a frying pan over high heat. Pour in oil (about 1 tablespoon for every 10 potstickers). Then add the potstickers. | 2) When the bottom of the potstickers turns golden, pour in the slurry (stir well beforehand) then cover with a lid. | 3) Leave to fry (remain high heat). Uncover when most of the water evaporates. | 4) Continue for 30 seconds or so until the skirt looks dry and crispy (do not burn though). | 5) Use a serving plate to cover the potstickers. Turn the frying pan upside down to transfer the potstickers onto the plate (the crispy part facing up). Serving warm with homemade chilli oil or a dipping sauce . | [Freeze uncooked potstickers] 1) Place assembled, uncooked potstickers on a tray lined with parchment paper (or dusted with flour). Put into the freezer. | 2) When completely frozen, transfer them into an airtight plastic bag/container. Use within three months. | [Cook frozen potstickers] 1) Without defrosting, pan fry the frozen potstickers following the same instructions above. Make sure you increase the quantity of the slurry by 50%.",https://redhousespice.com/wp-content/uploads/2020/05/Chicken-potsticker-with-crispy-skirt-2-scaled.jpg,Main Course,Chinese,"Chicken, Dumplings",,4.98,37.0,51.0
Chicken with Black Bean Sauce (豉椒鸡球),5 ingredients and 15 minutes are all you need to cook chicken with black bean sauce stir-fry. It’s simple but by no means short on flavor.,https://redhousespice.com/chicken-with-black-bean-sauce/,2m,3m,15m,2 servings,"[To marinate] 13 oz chicken skinless, boneless thighs, or breasts ,1 tablespoon cornstarch ,1 pinch salt ,2 tablespoon water ,1 teaspoon neutral cooking oil | [To stir-fry] 1½ tablespoon neutral cooking oil divided ,3 stalks scallions cut in sections diagonally ,2 fresh chili peppers or 1 bell pepper, cut into chunks ,2 tablespoon homemade black bean sauce see note if using shop-bought one","[Marinate the chicken] 1) Cut the chicken into bite-sized chunks then put them into a bowl. Add cornstarch, salt, and water. Mix very well so that the chicken is well coated and becomes sticky. | 2) Add 1 teaspoon of oil. Stir to distribute evenly. Leave to marinate for 10 minutes. | [Sear the chicken] 1) Heat an empty wok/skillet over high heat until smoking hot, then pour in 1 tablespoon of oil and swirl to coat a large area (If using cookware with a non-stick coating, add oil first then heat up). | 2) Add the marinated chicken. Spread it into a single layer and leave it to sear. Once the bottom side turns pale, flip and stir to quickly sear other sides. | 3) Dish out the chicken as soon as there is no more pinkness to be seen (It is not yet cooked inside at this stage). | [Combine the dish] 1) Add the remaining ½ tablespoon of oil to the wok/skillet. Put in scallions and chili pepper. Stir and toss over high heat for about 30 seconds, or until the scallions start to wilt. | 2) Put the chicken back in the wok, then add black bean sauce. Stir fry for a further one minute until the chicken is fully cooked. | 3) Dish out and serve immediately with steamed rice , alone or with other savory dishes.",https://redhousespice.com/wp-content/uploads/2023/10/chicken-with-black-bean-sauce-3.jpg,Main Course,Chinese,"black bean chicken, chicken stir-fry",637 kcal,5.0,12.0,22.0
Chinese Smoked Chicken (熏鸡),"Making a smoked chicken the Chinese way is easy! Marinate, steam, then smoke it in a wok with tea leaves, sugar and rice. The taste is spot on!",https://redhousespice.com/chinese-smoked-chicken/,15m,50m,65m,6 servings,"[For the dry rub (see note 1)] 1 teaspoon Sichuan pepper black seeds removed if any ,½ star anise brown seeds removed if any ,½ teaspoon sesame seeds ,¼ teaspoon fennel seeds ,4 teaspoon salt | [For the chicken] 1 free-range chicken ideally no bigger than 1.5kg/3.3lbs ,1 stalk scallions, cut in halves ,1 thumb-sized ginger, sliced | [For the brushing sauce] 1 teaspoon light soy sauce ,1 teaspoon dark soy sauce ,1 teaspoon oyster sauce ,1 teaspoon honey | [For smoking the chicken] 1 tablespoon loose tea leaves ,2 tablespoon brown sugar or white sugar ,4 tablespoon raw rice ,1 teaspoon sesame oil | [For the dipping sauce (optional)] 1 stalk scallion, finely chopped ,1 teaspoon minced ginger ,½ tablespoon neutral oil ,2 tablespoon light soy sauce ,½ tablespoon black rice vinegar","[Make the dry rub] 1) Put star anise, Sichuan pepper, sesame seeds, fennel seeds and salt into a cold pan. Toast over low heat. Stir around from time to time. | 2) Once the colour of the salt slightly darkens, transfer everything to a mortar. Leave to cool then grind with a pestle (You may also use a spice grinder). | [Marinate the chicken] 1) With kitchen paper, pat dry the chicken thoroughly. Sprinkle the dry rub all over the chicken, including the cavity. Use your hand to gently rub for better absorption (wear kitchen glove if you wish). N.B. You would need about half of the dry rub. Save the rest for sprinkling when serving or for seasoning other dishes (Please make sure the remaining dry rub has not been contaminated by your hands/gloves which have touched the chicken). | 2) Put the scallions and ginger inside the cavity. Leave to marinate for 4 hours or longer. | [Steam the chicken] 1) Put a steamer rack in a carbon steel or cast iron wok (see note 2 for alternative cookware). Fill with water (lower than the rack). Once it starts to boil, place the chicken on top of the rack with the breast side facing upwards. | 2) Bring the water to a boil then turn down the heat to medium. Cover the wok with a lid (If the lid isn’t tight enough, place a WET towel/cloth around the rim). Leave to steam for 40-45 mins (See note 3 on how to check the doneness). N.B. After 25 mins of steaming, open the lid and check the water level to prevent drying out. Top up with hot water if necessary (see note 4). | [Season the chicken] 1) Leave the chicken to cool for 5 mins or so. Mix light soy sauce, dark soy sauce, oyster sauce and honey until well combined. Brush it over the chicken. | [Smoke the chicken] 1) Lay a piece of kitchen foil in the wok (cleaned and dried). Put brown sugar, tea leaves and rice on top. Mix well then cook over medium-high heat. | 2) As soon as you notice smoke, place in the steamer rack and chicken. Cover with the lid immediately (Cover the rim with a WET towel/cloth if the smoke leaks). | 3) Turn off the heat after 8-10 mins (the longer the smokier the taste is). When you uncover the wok, turn on the extractor or take the wok outside to release the smoke. | 4) Transfer the chicken to a chopping board/serving plate. Brush sesame oil all over. Rest for 10 mins then serve. | [Serve the chicken] 1) Option 1 : Tear the chicken into small pieces with hands (or chop it with a cleaver). Serve on its own or sprinkle some of the remaining dry rub over. | 2) Option 2 : Make a dipping sauce: Put scallions and ginger into a bowl. Heat up the oil then pour over. Add light soy sauce and black rice vinegar. Mix well.",https://redhousespice.com/wp-content/uploads/2020/11/Smoked-chicken-torn-into-pieces.jpg,Main Course,Chinese,"Smoked, Xun Ji",395 kcal,4.92,24.0,48.0
One-pot Hainanese chicken rice,"An easy version of the classic Hainanese chicken rice, this one-pot recipe is very simple to make. You can cook it in a regular pot, an instant pot or a rice cooker.",https://redhousespice.com/chinese-style-one-pot-chicken-rice/,15m,22m,47m,4 servings,"[For the chicken] 4 pieces chicken thighs, skin on about 180g/6.3oz each (see note 1) ,1 teaspoon salt ,1 pinch ground white pepper | [For the rice] 1 ½ cup jasmine rice, or short grain white rice about 310g ,2 tablespoon neutral cooking oil ,4 stalk scallions, finely chopped ,1 tablespoon minced ginger ,1 tablespoon minced garlic ,¼ teaspoon salt | [For the sauce] 2 tablespoon light soy sauce ,1 tablespoon fresh lime juice ,1 teaspoon sesame oil ,fresh chilli, finely chopped optional | [You also need] cucumber, sliced or blanched green vegetables, such as Bok Choy, spinach, etc.","[Marinate the chicken] 1) Put the chicken thighs into a bowl then sprinkle with salt and white pepper. Rub to evenly distribute. Leave to marinate for 10 minutes or so. | [Cook the rice and chicken] 1) Rinse the rice with cold water then drain well. Set aside. | 2) Heat oil in a pot over medium heat on a stove (see note 2 & 3 if using an Instant Pot or a ice cooker ). Add chopped scallions, minced ginger and minced garlic. Fry until fragrant (do not burn). Scoop out about ⅔ of the aromatic to a small bowl for later use. | 3) Put in the drained rice and fry for 30 seconds or so. Add 2 cups of water and ¼ teaspoon of salt (see note 4). Use a spatula to scrape the bottom to loosen any grains stuck to the pot. Place the marinated chicken pieces on top of the rice without overlapping. | 4) Leave to cook uncovered until the water starts boiling very gently. Put on a tight lid and turn the heat to the lowest. Leave to cook for 20 minutes. | 5) Turn off the heat when the time is up. Let it sit for another 10 minutes (see note 1). Remember not to open the lid during the cooking and resting process. | [Serve the dish] 1) Take out the chicken thighs. Remove the centre bones. Then slice them into bite-sized strips. | 2) Put the rice onto individual serving plates. Place the chicken on the side, along with cucumber slices. | 3) Add light soy sauce, lime juice, sesame oil and fresh chilli (optional) to the fried aromatics you saved earlier. Serve it as a dipping sauce or pour it over the chicken.",https://redhousespice.com/wp-content/uploads/2017/09/easy-hainanese-chicken-rice-scaled.jpg,Main Course,Chinese,"Chicken, Rice",642 kcal,4.97,163.0,248.0
Coca-Cola Chicken Wings (可乐鸡翅),"Tender, juicy meat coated with a sticky, shiny sauce, Coca-Cola chicken wings are simple to make and amazingly tasty.",https://redhousespice.com/coca-cola-chicken-wings/,3m,27m,30m,4 servings,"[Ingredients] 9 chicken wings about 900 g/2 lb (see note 1) ,1 tablespoon neutral cooking oil ,1 can original Coca-Cola or Pepsi 330 ml/12 fl oz (see note 2) ,6 slices ginger ,2 stalks scallions | [Seasonings] 2 tablespoon light soy sauce ,1 tablespoon Shaoxing rice wine ,¼ teaspoon salt ,⅛ teaspoon ground white pepper ,1 piece star-anise optional ,1 bay leaf optional | [Garnishing (optional)] Sesame seeds ,Scallions, finely chopped","[Fry the chicken] 1) Cut each chicken wing into three parts at the joints. Pat dry the surface with kitchen paper if they appear to be wet. | 2) Add oil to a wok or a pot. Lay in the chicken pieces, ideally in a single layer. Fry over medium heat until lightly golden (flip halfway to brown both sides). | [Braise the chicken] 1) Pour in Coca-Cola (or Pepsi). Add ginger, scallions, light soy sauce, Shaoxing rice wine, salt, white pepper, star anise and bay leaf. Use high heat to bring the liquid to a full boil. | 2) Cover with a lid. Leave to cook over medium heat for about 15 minutes. It should be still boiling during the process (not a gentle simmer). Flip the chicken pieces halfway to ensure all sides have contact with the broth. | [Thickens the sauce] 1) When the time is up, remove the lid and turn the heat to the highest. Pick out the ginger, scallions and spices. Leave to boil vigorously to allow fast evaporation. | 2) Once the broth is thickened, toss the chicken very well to coat every piece with the sauce ( Tip : This process takes 8 to 10 minutes depending on the heat. Please bear in mind that the sauce will thicken further while cooling down. Be attentive not to overly boil down as you might burn the sauce.) | 3) Garnish with sesame seeds and chopped scallions. Serve warm with steamed rice , vegetable dishes , or at room temperature as finger food.",https://redhousespice.com/wp-content/uploads/2022/06/coca-cola-chicken-wings-1.jpg,Main Course,Chinese,Chicken,499 kcal,4.94,29.0,43.0
"Drunken Chicken (Zui Ji, 醉鸡)","A refreshing, aromatic appetiser, drunken chicken is made of perfectly poached chicken that’s soaked in a brine of chicken stock and rice wine.",https://redhousespice.com/drunken-chicken/,10m,20m,750m,3 servings,"[For the chicken] 3 free-range chicken legs about 680g/1.5 lb (see note 1) ,5 slices ginger ,2 stalks scallions ,6 dried red dates/jujube optional | [For the brine] 2 teaspoon salt ,1 teaspoon sugar ,1 tablespoon goji berries/wolfberries optional ,180 ml Shaoxing rice wine, preferably Hua Diao/花雕 variety about ¾ cup","[Make chicken rolls] 1) Remove the bones of the chicken legs. Lay one piece flat with the skin side down. Roughly score the meat to make it more even in thickness (do not cut through). | 2) Tightly roll the meat into a cylinder. Use kitchen twine to secure (You may also wrap it with kitchen foil/aluminium foil). | [Cook the chicken] 1) Put the chicken rolls, along with the bones, into a small pot (ideally just big enough to hold the rolls in a single layer). Add ginger, scallions and red dates. Pour in water enough to cover the meat. | 2) Bring it to a full boil then turn the heat to the lowest. Leave to simmer with a lid on for 10 mins. Then remove the pot from the cooker. Leave to steep (still covered) for a further 10 mins. | 3) Check the doneness by inserting a skewer into a chicken roll. They’re cooked if there isn’t much resistance and the juice coming out is clear (if using a kitchen thermometer, the inner part of the chicken should be above 165°F/74°C). | 4) Put the chicken rolls into a big bowl of cold water (ideally with ice cubes). Leave to cool for 10 mins. | [Prepare the brine] 1) While waiting for the chicken to cool. Pour about 250ml (1 cup) of the chicken stock made from last step, through a sieve, into a non-reactive container. Add the cooked red dates, salt, sugar, rice wine and goji berries (see note 2). Leave to cool. | [Soak the chicken] 1) Once the brine cools down to room temperature, put in the chilled chicken rolls (They should be fully immersed. Top up with more stock if necessary). | 2) Refrigerate for at least 12 hours. Slice the rolls and put into a serving bowl. Pour in some brine and garnish with red dates and goji berries.",https://redhousespice.com/wp-content/uploads/2021/06/drunken-chicken-in-a-bowl-scaled.jpg,Appetizer,Chinese,Chicken,305 kcal,5.0,9.0,15.0
Chinese Five Spice Chicken (五香烤鸡),"Tender, juicy and thoroughly flavoured, Chinese five spice chicken brings roast chicken to a new level. Learn how to cook it perfectly.",https://redhousespice.com/five-spice-chicken/,10m,45m,55m,6 servings,"[Ingredients] 1 free range chicken about 1.8kg/4 lbs | [For seasoning] 2 teaspoon salt ,¾ teaspoon five spice powder ,¼ teaspoon garlic powder/garlic granule ,¼ teaspoon ground white pepper ,1 teaspoon dark soy sauce ,1 teaspoon Shaoxing rice wine optional | [You also need] 1 tablespoon honey ,½ teaspoon dark soy sauce","[Spatchcock] 1) Place the chicken over a large tray with the breasts down and the legs towards you. Find its backbone in the middle. Use kitchen scissors/shears to cut along both sides of the backbone, separating it from the ribs (see images for reference in the post above). | 2) Flip over the chicken so that the breasts are facing up. Use the palm of your hand to firmly push the middle of the chicken until it’s completely flattened. | [Season] 1) Pat dry the whole chicken with kitchen paper to remove any moisture. | 2) Mix salt, five spice powder, garlic powder and white pepper in a bowl. Rub half of the mixture over the cavity side. | 3) Flip over the chicken. Mix dark soy sauce and Shaoxing rice wine. Rub it over the skin side. Then spread the rest of the dry mix. Massage to evenly distribute. | 4) Leave to rest uncovered in the fridge overnight (12-24 hours). | [Roast] 1) One hour before cooking, take the chicken out of the fridge and allow it to come back to room temperature. | 2) Preheat a fan-assisted oven at 390F°/200C°, or 425F°/220C° if using a conventional oven. | 3) Use a roasting tray with a wire rack that fits inside. Fill the tray with some water (lower than the rack) and put the chicken on the rack (skin facing up). Place the tray in the middle of the oven. Leave to cook for 15 minutes. | 4) Turn the oven down to 320F°/160C° (or 350F°/180C° if using a conventional oven). Continue cooking for a further 20 minutes. If your chicken is a little bigger or smaller, increase or reduce the time by 5 minutes or so (Check the water level in the tray and top up if necessary). | 5) Take out the chicken. Mix honey and soy sauce then brush a thin layer over the skin. Put back into the oven. Cook for another 5 minutes. | 6) Turn the heat back up to 390F°/200C° (or 425F°/220C° for a conventional oven). Take out the chicken and brush a second time. Roast for 5 more minutes to finish. | [Rest] 1) Check the doneness (see footnote to learn how). Then take the chicken out and leave to rest for 10 minutes before carving into small pieces to serve.",https://redhousespice.com/wp-content/uploads/2021/09/chinese-five-spice-chicken-scaled.jpg,Main Course,Chinese,"Chicken, Roast",542 kcal,5.0,73.0,126.0
Ginger Chicken (老姜鸡),"A delicious combination of two common ingredients, Chinese ginger chicken delivers complex aroma and flavour, yet is amazingly simple to cook.",https://redhousespice.com/ginger-chicken/,7m,8m,15m,3 servings,"[Ingredients] 2 tablespoon neutral cooking oil ,6 pieces boneless, skinless chicken thighs, cut into bite-sized chunks about 600g/1.3lb (see note 1) ,12 slices ginger ,6 cloves garlic, crushed ,10 g dried wood ear mushrooms rehydrated beforehand (see note 2) ,1 tablespoon light soy sauce ,1 teaspoon dark soy sauce ,1 tablespoon Shaoxing rice wine ,¼ teaspoon ground white pepper ,¼ teaspoon salt ,¼ teaspoon sugar ,120 ml water about ½ cup ,1 teaspoon sesame oil ,Fresh chilli, finely chopped to taste ,1 stalk scallions, finely chopped","[Instructions] 1) Heat oil in a wok/pan. Add chicken to sear over high heat until it loses the pinkness. | 2) Add ginger, garlic, wood ear, light and dark soy sauce, Shaoxing rice wine, white pepper, salt and sugar. Stir fry for 30 seconds then add water. Cover with a lid and braise for 5 minutes (remain high heat). | 3) Uncover. Add sesame oil and fresh chili. Continue cooking over high heat (without the lid) until the liquid reduces to the desired amount. | 4) Stir in scallions then serve immediately with steamed rice or as a topping for noodles .",https://redhousespice.com/wp-content/uploads/2022/01/chinese-ginger-chicken-1-scaled.jpg,Main Course,Chinese,"Chicken, Hunan",351 kcal,4.95,39.0,72.0
Hunan Chicken Stir-Fry,"Forget takeout—this real-deal Hunan chicken stir-fry brings bold, exciting flavors to your table with minimal effort. It’s perfect for meal prep too.",https://redhousespice.com/hunan-chicken/,13m,7m,20m,3 servings,"[For the chicken] 1 lb chicken thighs boneless, skinless ,1 tablespoon light soy sauce ,1 tablespoon Shaoxing rice wine ,1 tablespoon cornstarch ,¼ teaspoon ground white pepper ,1 teaspoon neutral cooking oil | [Other ingredients] 2 tablespoon neutral cooking oil ,8 slice ginger ,4 clove garlic sliced ,2 tablespoon fermented black beans rinsed and pat dried (see note 1) ,1 cup fresh chili pepper red and/or green, cut into chunks (see note 2) ,½ tablespoon dark soy sauce","[Marinate the chicken] 1) Cut chicken thighs into bite-sized pieces (on the smaller side). Mix them with light soy sauce, Shaoxing rice wine, cornstarch, and white pepper. Once well combined, rub in 1 teaspoon of oil to coat the chicken. Leave to marinate for 10 minutes. | [Fry the chicken] 1) Heat an empty wok over high heat until it becomes scalding hot. Pour in 2 tablespoons of oil and swirl it around to cover a larger area (if using non-stick cookware, add the oil first then heat up). | 2) Add ginger, garlic, and fermented black beans (see note 3 if using substitutes). Sizzle for about 20 seconds, or until fragrant. | 3) Put in the chicken. Remain high heat and toss to cook quickly and evenly. Once all the pieces turn pale and slightly brown on the edge, move to the next step. | [Combine and season] 1) Add chopped chili pepper, along with dark soy sauce. Stir fry until the pepper just begins to wilt. Dish out and serve immediately.",https://redhousespice.com/wp-content/uploads/2025/03/hunan-chicken-5.jpg,Main Course,Chinese,chicken stir-fry,326 kcal,,,
"Kung Pao Chicken, the Authentic Way (宫保鸡丁)","Tender chicken cubes fried with aromatic spices and seasoned with a delicious sauce, Kung Pao chicken can be easily made at home. A tutorial is included.",https://redhousespice.com/kung-pao-chicken/,10m,6m,16m,2 servings,"[For the chicken] 11 oz boneless & skinless chicken thighs or chicken breast ,1 teaspoon cornstarch ,1 tablespoon water ,1 teaspoon sesame oil | [For the nuts] ⅓ cup peanuts or cashew nuts | [For the sauce] 1 teaspoon light soy sauce ,1 teaspoon dark soy sauce ,1½ tablespoon black rice vinegar ,1 teaspoon Shaoxing rice wine ,2 teaspoon sugar ,2 teaspoon cornstarch ,1 tablespoon water | [For stir-frying] 2 tablespoon neutral cooking oil ,10 dried chillies halved and deseeded ,1 teaspoon whole Sichuan peppercorn see note ,6 stalks scallions cut into chunks ,3 cloves garlic sliced ,8 slices ginger","[Marinate the chicken] 1) Cut the chicken into small cubes (about 2cm) then put into a bowl. | 2) Add cornstarch and water. Mix until no more liquid can be seen. | 3) Add sesame oil. Stir to coat the chicken evenly. Set aside. | [Toast the nuts] 1) Put peanuts (or cashew nuts) into a pan. Toast over low heat. Stir from time to time to evenly heat the nuts. | 2) Remove from the heat when lightly brown. Transfer to a plate to cool. | [Mix the sauce] 1) Add all the ingredients for the sauce to a bowl. Mix well then set aside. | [Stir-fry the dish] 1) Heat a wok over high heat. Pour in oil then add dried chillies and Sichuan pepper. | 2) As soon as you smell the fragrance from the spices, put in the marinated chicken. Stir fry for 30 seconds. | 3) Add scallions, garlic & ginger. Continue frying until the chicken completely loses its pink colour (Do not overcook. You can test its done by cutting one piece open with the spatular). | 4) Give the sauce a good stir then pour into the wok. Stir to evenly coat the chicken. Turn off the heat as soon as the sauce thickens. | 5) Stir in the toasted peanuts. Dish out then serve immediately with plain rice.",https://redhousespice.com/wp-content/uploads/2020/08/Kung-Pao-Chicken-6-scaled.jpg,Main Course,Chinese,"Authentic, Gong Bao chicken, Sichuan chicken",526 kcal,4.99,84.0,138.0
Lemon Chicken,"This might not be the Chinese lemon chicken you’re used to, but it’s bursting with flavor, lighter to eat, and quicker to make.",https://redhousespice.com/lemon-chicken-thighs/,5m,15m,20m,4 servings,"[Ingredients] 2.2 lb chicken thighs see note 1 ,1 tablespoon neutral cooking oil ,4 stalk scallions cut into sections, plus a little for garnishing ,4 tablespoon light soy sauce ,1 tablespoon dark soy sauce ,1 tablespoon sugar ,1 cup water ,1½ large unwaxed lemon sliced","[Instructions] 1) Remove the bones from the chicken thighs using a sharp knife (see note 2). | 2) Heat the oil in a skillet or wok over medium heat. Place all the thighs in the pan, skin side up, and keep them as flat as possible. | 3) Once the bottom side is browned, flip the chicken pieces and add the scallions to fry together. | 4) When the skin side turns golden, add light soy sauce, dark soy sauce, sugar, and water. Cover with a lid and let it braise over medium heat for about 7 minutes. | 5) Remove the lid and flip the chicken so the skin side is facing up. Increase the heat to high. Add sliced lemon and continue to cook, uncovered, for another 5 minutes or so. Optionally, garnish with finely chopped scallion greens. | 6) Serve the chicken thighs whole or sliced into strips, with the thickened sauce.",https://redhousespice.com/wp-content/uploads/2025/04/Lemon-chicken-over-rice-3-scaled.jpg,Main Course,Chinese,Chicken,368 kcal,,,
"Mala chicken (Chongqing Laziji, 辣子鸡)","Crispy, tasty chicken pieces stir-fried with generous amount of dried chillies and Sichuan pepper, Mala chicken is a classic delicacy not to miss.",https://redhousespice.com/mala-chicken-laziji/,25m,15m,40m,2 servings,"[Group 1] 400 g / 14oz chicken thigh deboned with skin on (see note 1) ,6 slices ginger ,1 stalk spring onion cut in sections ,1 teaspoon light soy sauce ,1 teaspoon Shaoxing rice wine ,¼ teaspoon salt ,1 pinch ground white pepper | [Group 2] 500 ml / 2 cups cooking oil see note 2 | [Group 3] 30 g / 1oz dried chillies or to taste ,1 teaspoon whole Sichuan peppercorn see note 3 ,8 slices ginger ,4 cloves garlic sliced ,1 teaspoon light soy sauce ,1 pinch sugar ,1 teaspoon Shaoxing rice wine ,1 teaspoon toasted sesame seeds ,1 stalk spring onion finely chopped","[Instructions] 1) Cut the chicken into bitesize cubes. Mix with all Group 1 ingredients. Marinate for 20 minutes (or longer if you wish). Remove ginger and spring onion before deep frying. | 2) While waiting, prepare the dried chilli. Break each one into half then remove the seeds (see note 4). | 3) Heat up oil over a high heat. When the temperature reaches 160°C / 320°F, gently slide in chicken pieces. Fry for 3 minutes or so (when the edges of the chicken lightly brown). | 4) Remove the chicken from the oil. Continue heating up the oil. Put the chicken back in when the oil reaches 180°C / 356°F. Fry for 1 minute then take out. | 5) Leave about 1 tablespoon of oil in the wok. Fry ginger, garlic and Sichuan pepper over a medium low heat for 1 minute. Add dried chillies. Retain the heat level and fry until fragrant (do not burn). | 6) Stir in chicken pieces. Add soy sauce, sugar and rice wine. Cook a further 2 minutes. Sprinkle sesame seeds and spring onion. Give everything a quick stir then dish out.",https://redhousespice.com/wp-content/uploads/2020/03/mala-chicken-by-redhousespice.com-recipe-card.jpg,Main Course,Chinese,Chicken,,5.0,26.0,50.0
"Mouth-watering chicken (Kou Shui Ji, 口水鸡)","A vibrant dish with multiple layers of flavour, mouth-watering chicken is a classic of Sichuan cuisine. It makes a great cold dish for a festive feast.",https://redhousespice.com/mouth-watering-chicken/,5m,30m,35m,3 servings,"[Group 1] 3 chicken legs ,1 stalk scallions cut in half ,5 slices ginger ,1 tablespoon Shaoxing rice wine | [Group 2] 2 tablespoon raw peanuts/cashew nuts skinless | [Group 3] 1 teaspoon minced ginger ,1 tablespoon minced garlic ,60 ml fresh chicken stock (made with the ingredients from Group 1) ¼ cup ,1 tablespoon light soy sauce ,1 tablespoon black rice vinegar ,½ teaspoon toasted sesame oil ,¼ teaspoon salt or to taste ,¼ teaspoon sugar ,1 teaspoon freshly ground Sichuan pepper see note 1 | [Group 4] 1 stalk scallions finely chopped ,60 ml homemade chilli oil ¼ cup, see note 2 ,Toasted sesame seeds","[Cook the chicken] 1) Place all the ingredients from Group 1 into a pot filled with water (enough to immerse the chicken). | 2) Bring it to a full boil then turn the heat down. Leave to simmer with a lid on for 10 minutes. | 3) Remove from the heat and keep the chicken in the pot (covered) for a further 10 minutes. | 4) Then transfer the chicken into a bowl of cold water (ideally with ice cubes). Leave to cool for 10 minutes. | [Toast the nuts] 1) While waiting for the chicken to cook, toast the peanuts/cashew nuts in a cold wok over a low heat until they become lightly brown. | 2) Leave to cool then crush them into small pieces. | [Prepare the sauce] 1) Combine all the ingredients from group 3 (see note 1). | [Assemble the dish] 1) Carefully remove the bones of the chicken legs. Slice the flesh into 1-2 cm wide strips. | 2) Pour the sauce into a serving plate. Lay the chicken in. | 3) Garnish with crushed peanuts/cashew nuts and scallions. | 4) Pour the chilli oil (see note 2) over and sprinkle with sesame seeds.",https://redhousespice.com/wp-content/uploads/2019/01/mouth-watering-chicken.jpg,Main Course,Chinese,"Chicken, Salad, Sichuan",409 kcal,5.0,45.0,87.0
Oyster Sauce Chicken (蚝油焖鸡),"A simple and delicious way to cook chicken, Chinese oyster sauce chicken requires little effort and basic skills but delivers amazing taste.",https://redhousespice.com/oyster-sauce-chicken/,3m,30m,33m,6 servings,"[Ingredients] 1 tablespoon neutral cooking oil ,6 chicken thighs (skin on and bone in) about 2 lb/900g in total (see note 1) ,10 clove garlic ,10 slice ginger ,2 tablespoon oyster sauce see note 2 ,2 tablespoon Shaoxing rice wine ,1 tablespoon light soy sauce ,1 tablespoon dark soy sauce ,1 teaspoon sugar ,¼ teaspoon ground white pepper ,1 cup hot water ,5 dried chilies optional ,1 stalk scallions finely chopped","[Sear the chicken] 1) Heat oil in a skillet. Place in chicken thighs, garlic cloves, and sliced ginger. Pan fry over medium heat until both sides turn lightly golden. | [Braise the chicken] 1) Mix oyster sauce, Shaoxing rice wine, light soy sauce, dark soy sauce, sugar, and white pepper with hot water. Pour the mixture into the skillet and add dried chilies if using. | 2) Cover the skillet with a lid and leave to braise over medium heat for 15 minutes. Flip over the chicken thighs and cook for a further 10 minutes. | [Thicken the sauce] 1) Uncover the skillet and turn the heat up to high. Let the sauce bubble intensely. Once the sauce has become thick enough to coat a spatula, remove the skillet from the heat. | 2) Garnish the chicken with chopped scallions and serve immediately.",https://redhousespice.com/wp-content/uploads/2024/07/oyster-sauce-chicken-4-scaled.jpg,Main Course,Chinese,"braised chicken, chicken thighs",363 kcal,5.0,4.0,12.0
Taiwanese Popcorn Chicken (盐酥鸡),"Beautifully crispy on the outside and juicy within, popcorn chicken is a Taiwanese street food favorite. Recreate it at home with simple ingredients and foolproof tips.",https://redhousespice.com/popcorn-chicken/,10m,12m,37m,4 servings,"[For marinating] 1 lb chicken breast or other boneless cuts (see note 1) ,4 tablespoon water ,4 tablespoon cornstarch ,2 tablespoon all-purpose flour ,2 tablespoon light soy sauce ,2 teaspoon garlic minced ,½ teaspoon five spice powder or ground Sichuan pepper, white pepper ,¼ teaspoon baking soda | [For coating] 6 tablespoon cornstarch ,6 tablespoon all-purpose flour | [For deep-frying] Neutral cooking oil such as sunflower, canola, peanut, or avocado ,Fresh Thai basil Optional | [For seasoning] ¼ teaspoon five spice powder or ground Sichuan pepper, white pepper ,¼ teaspoon salt ,ground chili pepper optional","[Marinate] 1) Cut the chicken into chunks, around 1 inch (2½ cm) in size. Put them into a bowl and add water, cornstarch, flour, light soy sauce, garlic, five-spice, and baking soda. Mix well, then leave to marinate for 15 minutes (see note). | [Coat] 1) In a large, deep plate or tray, mix the cornstarch and flour for coating. Transfer one piece of marinated chicken to the plate and coat it with the mixture generously and evenly. | 2) Gently shake off any excess, then place the coated chicken on a dry plate. Repeat with the remaining pieces. | [Deep fry] 1) Pour oil for deep frying into a wok or a deep saucepan. Add Thai basil leaves (make sure they are completely dry), then turn on the heat to high. Once they turn crispy, remove with a slotted spoon and drain on paper towel. | 2) Carefully lower the chicken pieces, one by one, into the hot oil without overcrowding the wok (you'd likely need to fry in 2-3 batches). Fry until lightly golden and crispy. | 3) Remove with a slotted spoon, then wait 30-40 seconds for the oil to return to high temperature. Slide the chicken back in for a second fry. Once the crust turns vibrantly golden, transfer the pieces to the plate with basil. | 4) Mix five-spice powder with salt (and ground chili pepper if you wish), then sprinkle over the chicken. Serve immediately for the best flavor and crunch.",https://redhousespice.com/wp-content/uploads/2025/09/P1680413-scaled-e1757915958374.jpg,Main Course,Chinese,fried chicken,420 kcal,,,
Salt and Pepper Wings (椒盐鸡翅),"Crispy on the outside, juicy on the inside, and perfectly seasoned, Chinese salt and pepper chicken wings are simply irresistible!",https://redhousespice.com/salt-and-pepper-wings/,5m,10m,25m,4 servings,"[For the chicken] 2 lb chicken wings flats or a mixture of flats and drumettes ,1 tablespoon soy sauce ,½ teaspoon salt ,2 tablespoon cornstarch ,2 tablespoon neutral cooking oil | [For the seasonings] 2 fresh chili peppers finely chopped ,4 clove garlic minced ,1 stalk scallions finely chopped ,½ teaspoon salt and pepper seasoning shop-bought or homemade (see note 1)","[Marinate the wings] 1) Score each chicken wing flat twice with a sharp knife, then place them in a bowl. Add soy sauce and salt, and mix well to coat evenly. Let marinate for 10 minutes. | 2) Sprinkle cornstarch over the chicken. Rub to ensure an even, thin coating. | [Pan-fry the wings] 1) Heat oil in a large skillet over medium heat. Lay in the marinated wings in a single layer. Leave to fry, undisturbed, until the bottom side turns golden. Flip all the pieces to brown the other side (see note 2). Transfer the chicken to a plate for later use. | [Season the dish] 1) Pour out most of the oil from the skillet. Add fresh chili and garlic, leaving to sizzle in a little oil until fragrant. | 2) Return the fried chicken to the skillet and add chopped scallions. Toss everything together to coat the wings with the chili and garlic. | 3) Sprinkle salt and pepper seasoning evenly over the wings and serve immediately.",https://redhousespice.com/wp-content/uploads/2024/11/salt-pepper-chicken-wings.jpg,Main Course,Chinese,chicken wings,349 kcal,5.0,3.0,12.0
Scallion Chicken Chops (葱烧鸡腿),"Tender chicken coated in a thick, aromatic sauce, scallion chicken chops are a quick recipe that delivers the comforting warmth of classic Chinese cuisine.",https://redhousespice.com/scallion-chicken-chops/,10m,15m,30m,4 servings,"[Ingredients] 4 medium chicken leg quarters about 2 lb (900g) in total ,¼ teaspoon salt ,10 stalk scallions cut into halves ,8 slices ginger ,2 tablespoon light soy sauce ,1 tablespoon dark soy sauce ,1 tablespoon sugar ,¼ teaspoon ground white pepper ,½ cup water","[Debone] 1) Place a chicken leg quarter on a cutting board, with skin-side down. Use a sharp knife to cut along the thigh bone and then separate it from the meat. Then, follow the drumstick bone, cutting along its length until you can remove it. | 2) Flatten the chicken piece evenly and pierce it with a fork to help it absorb the seasoning and cook evenly. Then, sprinkle salt over all the pieces. Leave to marinate for 5 minutes. | [Sear] 1) Place the chicken, skin side down, in an empty non-stick skillet over high heat. Leave to fry until some fat is rendered and the skin becomes golden brown. | 2) Flip the chicken to brown the other side. Then, remove all the pieces from the skillet. | [Braise] 1) Add scallions and ginger into the skillet. Sizzle them with the rendered chicken fat until the scallions just start to wilt. | 2) Lay the chicken pieces, skin side up, over the scallions. Mix light soy sauce, dark soy sauce, sugar, white pepper, and water, then pour the mixture into the skillet. | 3) Once the liquid begins boiling, turn the heat down to medium and cover the skillet with a tight lid. Let the chicken braise for 6 minutes. | 4) Open the lid and flip the chicken so that the skin side is facing down soaked in the sauce. Cook, uncovered, for a further 3 minutes or so to reduce the sauce to a thick, sticky consistency. | 5) Slice the chicken and serve it with the sauce as a centerpiece of a meal or simply over a bowl of steamed rice.",https://redhousespice.com/wp-content/uploads/2024/10/scallion-chicken-chops-2-scaled.jpg,Main Course,Chinese,"braised chicken, chinese chicken recipe",452 kcal,5.0,4.0,12.0
Scallion Oil Chicken (葱油鸡),"Tender chicken pieces seasoned with a super aromatic dressing, Chinese scallion oil chicken is easy to make and tastes amazing.",https://redhousespice.com/scallion-oil-chicken/,5m,13m,30m,3 servings,"[For poaching the chicken] 6 chicken drumsticks see note 1 ,2 stalks scallions halved ,6 slices ginger ,1 tablespoon Shaoxing rice wine optional | [For the dressing] 5 stalks scallions ,4 tablespoon neutral cooking oil ,1 teaspoon ginger paste ,1 pinch ground white pepper or ground Sichuan pepper ,2 tablespoon light soy sauce","[Poach the chicken] 1) Put chicken drumsticks in a saucepan/small pot. Pour in enough water to cover the chicken. Add scallions, ginger and Shaoxing rice wine. | 2) Bring the water to a full boil and skim off any foam floating on the surface. Turn the heat down to the lowest. Leave to simmer with a lid on for 12 minutes. | 3) Turn off the heat. Let it sit (keep the lid on) for a further 10 minutes. Then transfer the chicken to a large bowl of cold water (with ice cubes if available). Keep the stock for later use. | 4) Once the chicken becomes cool enough to touch, remove the skin and bones. Tear the flesh into bite-sized pieces. Set aside. | [Make the dressing] 1) Halve the scallions. Cut the white part into 2-3 sections. Finely chop the green part. | 2) Put the white part of the scallions into a dry, clean saucepan. Add oil. Fry over low heat until the scallions brown on the edge. Pick out the scallion pieces and turn off the heat. | 3) Quickly add the chopped scallion green and ginger paste to the hot oil and leave to sizzle. | [Assemble the dish] 1) Arrange the chicken pieces on a serving plate. Add 2 tablespoons of the stock. Top with half of the scallion oil made in the last step (see note 2). Sprinkle white pepper and pour light soy sauce over. | 2) Serve with steamed rice, alone or with other savory dishes.",https://redhousespice.com/wp-content/uploads/2023/01/chinese-scallion-oil-chicken.jpg,Main Course,Chinese,"scallion chicken, scallion ginger chicken",347 kcal,5.0,12.0,22.0
Chili Cumin Chicken Thighs,"Quick to cook and intensely flavorful, chili cumin chicken thighs make a great weekday dinner paired with crunchy vegetables.",https://redhousespice.com/spicy-cumin-chicken-thighs/,5m,20m,25m,4 servings,"[For the chicken] 6 chicken thighs skinless & boneless ,½ teaspoon salt ,2 teaspoon chilli flakes ,1 teaspoon ground chili see note 1 ,2 teaspoon whole cumin seeds ,1 teaspoon cumin powder ,1 tablespoon neutral cooking oil | [For the vegetable] 10 oz green beans or broccoli (see note 2) ,½ teaspoon salt","[Marinate the chicken] 1) Put chicken thighs into a large bowl. Add salt, chili flakes, ground chili, cumin seeds, cumin powder, and cooking oil. Mix well and leave to marinate. | [Blanch the vegetable] 1) Bring about 4 cups (1 liter) of water to a boil. Add green beans and salt. Leave to simmer until the beans are slightly undercooked (Do not overcook). Drain well and set aside. | [Sear the chicken] 1) Once the vegetable is done, heat a large skillet/frying pan, preferably with a heavy bottom, over medium heat. Place the marinated chicken in a single layer (spread the pieces as flat as possible). | 2) Pan-fry until the first side turns golden. Flip over and cook for a further 2 minutes. | [Combine the dish] 1) Push the chicken to one side. Tilt the skillet a little to let the existing oil flow to the other side. Add drained green beans. Leave them to sizzle in the oil. | 2) Once the chicken thighs are fully cooked (see note 3) and the beans start to wilt, dish out and serve immediately.",https://redhousespice.com/wp-content/uploads/2024/02/chili-cumin-chicken-thighs-1.jpg,Main Course,Chinese,"Chicken, chicken thighs",264 kcal,5.0,40.0,61.0
Steamed Chicken with Shiitake Mushroom (香菇蒸鸡),"Tender, succulent and fragrant, Chinese steamed chicken with mushrooms requires little effort to cook yet it tastes amazing.",https://redhousespice.com/steamed-chicken-mushroom/,5m,20m,25m,3 servings,"[For the chicken] 500 g chicken thighs, cut into chunks 1.1 lb, see note 1 ,8 slices ginger ,1 teaspoon light soy sauce ,½ teaspoon dark soy sauce ,½ tablespoon oyster sauce ,1 teaspoon Shaoxing rice wine ,¼ teaspoon sesame oil¼ ,1 pinch ground white pepper ,1 teaspoon corn starch | [You also need] 1 big handful dried shiitake mushroom rehydrated, see note 2 ,4 bird’s eye chilies, deseeded and chopped optional ,1 stalk scallions finely chopped","[Marinate the chicken] 1) Put chicken pieces into a mixing bowl. Add all the ingredients for the chicken. Mix well then leave to marinate for 10 mins or so. | [Steam the dish] 1) Add shiitake mushroom and chilies to the chicken. Mix then transfer to a deep plate (see note 3). | 2) Bring water to a full boil in a wok/pot. Place in the chicken plate to steam using one of the following set-ups: in a steamer basket, over a steamer rack or a small bowl. | 3) Steam over medium heat for 20 mins. Garnish with scallions and serve immediately.",https://redhousespice.com/wp-content/uploads/2021/03/steamed-chicken-with-mushroom-3-scaled.jpg,Main Course,Chinese,"Chicken, Easy, steamed",313 kcal,5.0,43.0,81.0
"Three Cup Chicken (San Bei Ji, 三杯鸡)","Quick to cook and super aromatic, three cup chicken is a crowd-pleasing dish that you must try! Follow the tips to make it to perfection.",https://redhousespice.com/three-cup-chicken/,10m,15m,25m,4 servings,"[Ingredients] 3½ tablespoon sesame oil divided ,20 slice ginger ,20 clove garlic ,3 stalk scallions white and green parts separated ,2 lb chicken thighs cut into bite-sized chunks (see note 1) ,½ cup Shaoxing rice wine (see note 2) ,2 tablespoon light soy sauce ,2 tablespoon dark soy sauce ,1 tablespoon brown sugar or white sugar, rock sugar ,¼ teaspoon ground white pepper ,1 bell pepper cut into chunky pieces ,1 handful fresh Thai basil (see note 3)","[Fry the aromatics] 1) Pour 3 tablespoons of sesame oil, leaving ½ tablespoonful for later use, into a wok/large skillet, then add ginger slices, garlic (whole or halved), and the white part of the scallions. Fry over low heat until they become fragrant and the garlic browns slightly. | [Sear the chicken] 1) Push the aromatics to the side of the wok/skillet. Then put in chicken pieces. Arrange them in a single layer and sear them over medium heat. Flip and stir to brown other sides until they lose most of their pinkness. | [Braised the chicken] 1) Add Shaoxing rice wine, light soy sauce, dark soy sauce, sugar, and white pepper. Toss briefly then cover with a lid. Leave to braise over high heat for about 5 minutes (Alter the cooking time to 8 for chicken wings, 12 minutes for drumsticks, or 3 minutes for breasts). | [Reduce the sauce] 1) Open the lid and stir in bell pepper and the green part of the scallions. Leave it to cook further uncovered (keep the heat high). | 2) Once the cooking liquid reduces to a desired amount (see note 4), turn off the heat. Stir in the remaining ½ tablespoon of sesame oil, and fresh basil leaves. Dish out and serve warm with steamed rice .",https://redhousespice.com/wp-content/uploads/2023/09/three-cup-chicken-5.jpg,Main Course,Chinese,Chicken,700 kcal,5.0,31.0,81.0
Black Bean Sauce (豆豉酱),Homemade Chinese black bean sauce is tastier and healthier than commercial versions. It’s very easy to make and can be used to enhance the flavor of many dishes.,https://redhousespice.com/black-bean-sauce/,5m,10m,15m,1.5 cups,"[Ingredients] 1 cup fermented black beans see note 1 | [To infuse the oil] ¾ cup neutral cooking oil ,2 stalk scallions cut into sections ,1 small onion sliced | [To fry the beans] 1 head garlic minced ,1 tablespoon ginger minced ,2 tablespoon chili flakes or to taste (optional) ,2 tablespoon light soy sauce ,1 tablespoon Shaoxing rice wine ,1 teaspoon sugar ,½ teaspoon Chinese five spice powder or ground white pepper ,1 teaspoon sesame oil","[Prepare the beans] 1) Take fermented black beans out of their package. Discard dried ginger pieces if there are any. Rinse the beans under running water. | 2) Drain well then spread them over kitchen paper. Use more paper to dry them as much as possible. | 3) Coarsely chop the beans into smaller pieces, leaving some whole. Set aside. | [Infuse the oil] 1) Pour oil into a dry, clean wok/saucepan. Add scallions and onion. Simmer over medium heat until they brown on the edge (it took me around 6 minutes, but the time required may vary). | 2) Remove all the solids leaving the infused oil in the wok/saucepan. | [Fry the beans] 1) Put minced garlic and ginger into the hot oil. Fry over medium heat until the garlic turns slightly golden (do not burn). Add the chopped beans. Stir and toss for about 2 minutes to extract moisture out of the beans. | 2) If using chili flakes, add them at this moment. Sizzle for 10 seconds or so. Then add light soy sauce, Shaoxing rice wine, Chinese five spice powder, and sugar. Cook for a further 30 seconds or so. | 3) Remove the wok/saucepan from the heat then add sesame oil. Mix well then leave to cool. | [Store the sauce] 1) Once completely cool, transfer the sauce to an airtight jar/container. Best to allow 24 hours to further infuse before using the sauce. | 2) You can keep the sauce in the refrigerator for up to 4 weeks. Make sure to always use a clean spoon to scoop out the sauce (see note 2).",https://redhousespice.com/wp-content/uploads/2023/08/Chinese-black-bean-sauce-scaled.jpg,Condiment,Chinese,"black bean paste, douchi sauce",1466 kcal,5.0,10.0,25.0
Homemade chili oil (油泼辣子),"Magically delicious and extremely versatile, chili oil is a pantry staple you ought to have in a Chinese kitchen. Making it from scratch is easy!",https://redhousespice.com/chinese-chilli-oil/,3m,20m,23m,1.5 cup,"[For the chili mix] ¼ cup chili flakes ,1 tablespoon ground chili see note 1 & 2 ,½ teaspoon salt ,2 tablespoon sesame seeds toasted ,1 teaspoon black rice vinegar or soy sauce | [For the oil] 1 cup cooking oil ,1 teaspoon whole Sichuan peppercorn See note 3 ,1 teaspoon fennel seeds ,1 star anise ,1 piece cassia cinnamon aka Chinese cinnamon ,2 bay leaves ,1 Tsao-ko aka Chinese black cardamom (optional) ,3 slices ginger ,2 stalks scallions aka green onion, spring onion","[Instructions] 1) In a small bowl, mix chili flakes, ground chili, salt, sesame seeds and black rice vinegar (or soy sauce). Have another deep, dry, heat-proof bowl ready (see note 4). Place a fine mesh strainer over it. | 2) Pour oil into a small pan/pot. Add all the spices and aromatics. Simmer over low heat. Watch attentively. Turn off the heat immediately when the scallions turn brown (It took me about 20 minutes). Test the temperature with a thermometer (it needs to reach 350°F/175°C). Alternatively, drop in a few chili flakes to test. The oil is hot enough if they bubble and spin immediately. | 3) Pour the oil into the empty bowl through the strainer. Discard everything caught in the sieve. | 4) Add half of the chili mixture to the oil. You should see it bubbling intensively. Add the remaining when the bubbling calms down. Stir well with a clean dry spoon. | 5) Leave to cool uncovered. Then transfer to a container of your choice. Wait for at least 12 hours before using it to allow all the flavors to combine. | 6) Storage : The lifespan of chili oil is about 2 months in the kitchen cupboard (dry, cool and away from direct sunlight) and about 6 months in the fridge. | 7) Usage : Both the oil and the chili flakes are for consumption. Use a clean spoon to stir well before serving. If your dish requires pure chili oil, use a strainer to filter out the chili and sesame seeds.",https://redhousespice.com/wp-content/uploads/2022/10/chinese-chili-oil-scaled.jpg,Condiment,Chinese,"chili crisp, chili oil, red oil, red pepper oil",90 kcal,4.93,154.0,357.0
Chiu Chow Chili Oil (潮州辣椒油),"A fragrant, spicy flavor booster, Chiu Chow chili oil tastes best when homemade with fresh ingredients and balanced seasonings.",https://redhousespice.com/chiu-chow-chili-oil/,15m,32m,47m,3 cups,"[Ingredients] 1 lb red chili pepper see note 1 ,6 oz garlic about 3-5 heads (see note 2) ,1 onion ,1½ cup neutral cooking oil ,¼ cup chili flakes see note 1 ,1 tablespoon soy sauce ,½ tablespoon salt ,1 tablespoon sugar ,1 tablespoon sesame oil","[Prepare] 1) Wash the chili peppers thoroughly and drain well. Pat them dry with paper towels to remove any remaining water on the surface. Remove and discard the stems. If the peppers are large, cut them into sections. | 2) Use a food processor to chop the peppers into fine pieces, stopping intermittently to check the texture. Avoid over-processing them into a paste. (see note 3). | 3) Peel all the garlic cloves, then mince them in the food processor to a similar size as the chopped peppers. | 4) Cut onion into slices. | [Fry] 1) Pour oil into a wok, skillet, or saucepan, and add the sliced onion. Fry over medium-low heat for about 5 minutes, or until the onion is lightly browned on the edges. Remove the onion from the oil using a slotted spoon or chopsticks. | 2) Add the minced garlic and chili peppers to the oil and fry them gently. Keep the heat low, stirring occasionally. Use a spatula to scrape any garlic or pepper pieces clinging to the sides back into the oil to prevent burning. | 3) This process takes about 25 minutes. Toward the end, you’ll notice the garlic and peppers have reduced in size, and there’s a clear separation between the oil and the solid bits. | [Season] 1) Mix chili flakes with soy sauce, then put the mixture into the wok. Gently stir for 30 seconds or so. | 2) Add salt, sugar, and sesame oil, and give everything a final stir before turning off the heat. | [Store] 1) Let the chili oil cool completely. Transfer it to dry, clean jars or containers with an airtight seal. | 2) Store the chili oil in the refrigerator for up to 2 months, or in the freezer for up to 6 months (see note 4). Always use a dry, clean spoon to scoop out the chili oil to prevent contamination.",https://redhousespice.com/wp-content/uploads/2024/11/chiu-chow-chili-oil-4-scaled.jpg,Condiment,Chinese,"chili oil, chili sauce",1235 kcal,4.5,6.0,18.0
Homemade Five Spice Powder (五香粉),"A versatile spice mix unique to Chinese cuisine, five spice powder adds great flavour to many classic dishes. It’s very easy to make at home.",https://redhousespice.com/five-spice-powder/,5m,5m,10m,5 tablespoons powder,"[Ingredients] 10 g star anise ,10 g fennel seeds ,5 g cassia cinnamon/Chinese cinnamon ,5 g Sichuan pepper ,2 g cloves ,2 g white pepper optional","[Instructions] 1) Separate the pods of star anise. Remove any black seeds and stems from the Sichuan pepper. | 2) Put all the spices into a cool pan, toast over medium-low heat until fragrant (The colour of the fennel seeds darkens a little and you’d hear some popping sound). Remove from the pan and leave to cool completely. | 3) Add toasted spices to a spice grinder (or a mini blender). Mill until fine powder appears. | 4) Pass through a fine sieve to remove any remaining bits. | 5) Store the powder in an airtight jar away from direct sunlight. It can be used for up to a year (or longer if its aroma stays strong).",https://redhousespice.com/wp-content/uploads/2021/09/homemade-five-spice-powder-scaled.jpg,Condiment,Chinese,"Pantry, Spice",,5.0,17.0,26.0
How to make and use spring onion oil (葱油),A step by step recipe guiding you to make Chinese spring onion oil. You will also learn how to use this versatile condiment in seven ways.,https://redhousespice.com/make-use-spring-onion-oil/,3m,25m,28m,350 ml,"[Ingredients] 480 ml cooking oil (sunflower/rapeseed/vegetable, etc.) 2 cups ,150 g shallot or onion 5.3oz ,150 g spring onion 5.3oz, about 15 stalks","[Instructions] 1) Peel shallot then thinly slice. Wash spring onion then dry thoroughly with kitchen towel/paper. Cut into long sections (separate the white part and the green part). | 2) Pour oil into a wok (or a deep frying pan). Heat over medium-low heat. Add shallots then leave to simmer until it becomes lightly brown. Turn off the heat (see note 1 & 2). Take out the shallot pieces with chopsticks. | 3) Turn the heat back on. Add the white part of the spring onion. Leave to simmer over medium-low heat until it wrinkles a bit. Add the green part of the spring onion. Turn off the heat when it turns brown (see note 1 & 2). | 4) Pour the oil into a sterilized, airtight jar. Store in the fridge and use it within a month. Use a clean spoon each time you use the oil. | [A SIMPLE & FAST VERSION] 1) You may use only spring onion and cook on a slightly higher heat thus the simmering time will be shorter. Make sure to observe closely during the process to avoid burning.",https://redhousespice.com/wp-content/uploads/2020/02/Chinese-spring-onion-oil-recipe-card.jpg,Condiment,Chinese,Sauces,,5.0,19.0,67.0
"Pickled Chili Garlic Sauce (Duo Jiao,剁椒)","A detailed recipe for making Chinese pickled chili garlic sauce. It's long-lasting, flavorsome and can be used in many creative ways.",https://redhousespice.com/pickled-chili-garlic-sauce/,20m,20m,20m,600 ml,"[Ingredients] 450 g fresh red chili peppers see note 1 ,120 g garlic ,30 g ginger optional ,1½ tablespoon salt ,½ tablespoon sugar ,1 lime/lemon or 1 tablespoon white rice wine","[Prepare] 1) Wash the chili peppers under running water thoroughly. Drain then pad dry with a clean tea towel or kitchen paper. Lay them on a tray. Leave to air dry completely. | 2) Remove the green stems. Cut the peppers into chunks (Wear gloves to avoid burning). If you wish to reduce the spiciness, remove the seeds before cutting (see note 2 to learn how). | 3) Peel the garlic and ginger. Crush to loosen the texture a little. | [Blend (see note 3 for the traditional method)] 1) Add garlic and ginger to a food processor. Blend them on high speed into a paste-like consistency. | 2) Put in the chopped pepper (you might need to add it in two batches depending on the size of your food processor). Blend for 3 seconds then pause. Stir with a spatula then blend for another 3 seconds. Repeat the process until the pepper is evenly chopped into small pieces but not to a fine paste consistency. | [Season] 1) Pour everything into a large bowl. Add salt, sugar and the juice of the lime/lemon. Mix with a spatula until well combined. | 2) Cover the bowl and leave to rest on the counter for 48 hours. | [Store] 1) Transfer the chili garlic sauce into clean, oil-free, air-tight jars/containers. Store in the fridge for up to 3 months or in the freezer for 9 months. | [Use] 1) Use it a week later for a richer flavour. Always use a clean, oil-free spoon to scoop out the sauce. Put the jar/container back into the fridge after each use. | 2) For inspirations on how to use this sauce, pleace read in the post content above.",https://redhousespice.com/wp-content/uploads/2020/09/chinese-pickled-chili-garlic-sauce-6.jpg,Condiment,Chinese,Duo Jiao,,5.0,26.0,54.0
"Spicy black bean sauce, three versions","Popular, versatile Chinese black bean sauce can be easily made at home. I have three versions to share: classic, with mushrooms or with minced meat.",https://redhousespice.com/spicy-black-bean-sauce/,10m,5m,15m,1 cup (classic version),"[For classic version] 70 g fermented black beans ½ cup ,110 ml cooking oil ½ cup ,1 stalk scallions cut into sections ,3 slices ginger ,½ teaspoon Sichuan peppercorn ,3 tablespoon fresh chilli finely chopped (see note 2) ,2 tablespoon garlic minced ,1 tablespoon light soy sauce ,1 teaspoon Shaoxing rice wine ,½ teaspoon sesame oil ,1 pinch sugar ,1 pinch salt | [For mushroom version] All the ingredients for the classic version ,6 dried shiitake mushrooms rehydrated and finely chopped | [For meat version] All the ingredients for the classic version ,120 g minced beef/pork 1 cup","[Prepare the black beans] 1) Rinse the black beans under running water. Dry them very well with kitchen paper. | 2) Coarsely chop them into small pieces (see note 1). | [Spice the oil] 1) Place spring onion, ginger and Sichuan peppercorn (if using) in a wok (or a frying pan). Pour in the oil then heat up on a medium heat. | 2) When the spring onion and ginger become lightly brown, pick them out along with the Sichuan peppercorn and discard. | [If making the classic version] 1) Add fermented black beans and all the other ingredients into the oil. Stir fry for 2-3 minutes. | [If making the mushroom/meat version] 1) Put mushroom/meat into the oil, then fry until it turns light brown. Add fermented black beans and all the other ingredients. Stir fry for 2-3 minutes (see note 3). | [Usage] 1) It can be used in stir-fries, stews, steamed dishes, as a topping for noodles, or simply spread it on bread, steamed buns, etc. | 2) Since the sauce is quite salty, you normally don’t need to add extra salt to the dish. | [Storage] 1) You can use the sauce straight away or transfer it to an airtight jar when it’s completely cool. | 2) Store in the fridge for up to 2 weeks for the basic version and 1 week for mushroom or meat version. | 3) Scoop out the sauce with a dry, clean spoon (see note 4).",https://redhousespice.com/wp-content/uploads/2017/04/homemade-spicy-black-bean-sauce.jpg,Condiment,Chinese,Sauces,,5.0,7.0,20.0
Baked Rice Cake with Dates,"This baked rice cake recipe stands out for its delightful texture, balanced sweetness and quick preparation, making it an easy alternative to Chinese New Year cake.",https://redhousespice.com/baked-rice-cake/,5m,25m,30m,10 pieces,"[Ingredients] 2 large eggs ,⅘ cup coconut milk ,¼ cup neutral cooking oil ,¼ cup sugar white or brown ,2 cup glutinous rice flour ,½ tablespoon baking powder ,8 Chinese dates aka jujube, red dates (see note 1) ,3 Medjool dates ,1 tablespoon toasted sesame seeds optional","[Instructions] 1) Preheat the oven to 340°F (170°C), or 300°F (150°C) if it’s fan-assisted. | 2) In a mixing bowl, lightly beat the eggs until the whites and yolks are well incorporated. Add coconut milk and cooking oil. Stir well to combine. | 3) Put in sugar, glutinous rice flour, and baking powder. Mix until the mixture becomes thick, smooth, and lump-free. | 4) Use a pair of scissors to cut Chinese dates and Medjool dates into small pieces and discard all the pits. Add the dates to the batter. Stir to ensure even distribution. | 5) Use parchment paper to line a rectangle baking pan (11” x 7” / 28 cm x 18 cm), or a square/round pan with a similar volume (see note 2 for conversion), making sure to cover both the bottom and sides. | 6) Pour the batter into the pan. Spread it with a spatula until it appears level. Sprinkle sesame seeds evenly over the surface. | 7) Pop the baking pan into the preheated oven. Leave to bake for about 25 minutes until the top becomes lightly golden (see note 3). | 8) Transfer the cake onto a rack to cool. Then, cut it into 10 bars and enjoy them warm or at room temperature.",https://redhousespice.com/wp-content/uploads/2024/12/baked-rice-cake-with-dates-2-scaled.jpg,Dessert,Chinese,"baked nian gao, sticky rice cake",236 kcal,5.0,1.0,6.0
Black Sesame Paste (黑芝麻馅),"A popular filling for sweet treats, black sesame paste can be made with just two simple ingredients. Variations are included.",https://redhousespice.com/black-sesame-paste/,8m,6m,14m,12 tablespoons,"[Ingredients] 1 cup black sesame seeds raw or toasted ,1½ tablespoon honey or white/brown sugar (see note 1) ,2 tablespoon butter or coconut oil (OPTIONAL, see note 2)","[Toast (skip if using ready-toasted seeds)] 1) In a clean, dry pan, toast black sesame seeds over low heat. Move them around with a spatula constantly to heat evenly. | 2) When the seeds become plump and can be crushed easily between fingertips, remove them from the heat (It took me about 6 minutes). | [Grind] 1) Transfer the toasted seeds to a food processor, a blender, or a spice grinder. Run the machine in full power to grind them. Take breaks periodically to avoid overheating the machine. Also, use a flexible spatula to scrape off any seeds sticking to the side. | 2) Once the seeds release their natural oil and become a semi-solid, smooth paste, transfer it to a bowl. | [Flavor] 1) Use honey if you prefer a firm paste that holds its shape easily. Pour it over the paste, then fold with a spatula to combine thoroughly. | 2) Use white or brown sugar if you prefer a runnier paste. Add it little by little. Taste and adjust its quantity as needed. | 3) Optionally, add softened butter (or coconut oil) to the paste to enrich its flavor and increase its fluidity in hot food (see note 2). | [Store] 1) Store the paste in a sterilized, airtight container. Keep it in the fridge for a month or in the freezer for 6 months.",https://redhousespice.com/wp-content/uploads/2022/08/black-sesame-paste-scaled.jpg,Dessert,Chinese,"black sesame filling, black sesame paste",89 kcal,5.0,25.0,35.0
Chinese Almond Cookies (杏仁酥),"Learn the quick and simple method for making Chinese almond cookies, a delicious treat loved for their crumbly texture and nutty flavor.",https://redhousespice.com/chinese-almond-cookies/,20m,18m,38m,40 cookies,"[Ingredients] 2 cup all-purpose flour ,1⅓ cup almond flour see note 1 ,½ cup white sugar ,1 teaspoon baking powder ,½ teaspoon baking soda ,¼ teaspoon salt ,½ cup neutral cooking oil see note 2 & 3 ,40 piece almonds toasted ,1 egg yolk skip for the vegan version","[Make the dough] 1) Add all-purpose flour, almond flour, sugar, baking powder, baking soda, and salt to a large bowl. Use a fork to mix them well. | 2) Pour in the oil and mix with the fork until no dry flour remains. | 3) Combine and press all the lumps together. It’s okay if the dough falls apart easily, as long as it has a uniform texture (see note 2). | [Shape the cookies] 1) With the aid of a kitchen scale, divide the dough into 40 portions, with each weighing about ½ oz (15 g). | 2) With gentle pressure, shape a piece of dough into a ball. Place it on the palm of your hand. Press one almond halfway into the dough. | 3) Repeat to make all the cookies, then put them on a baking sheet lined with parchment paper, leaving a little space in between. | 4) Optional step: Mix egg yolk with ½ teaspoon of water. Brush it over the cookies. | [Bake the cookies] 1) Put the baking sheet on the middle rack of an oven preheated to 350ºF/180ºC, or 320ºF/160ºC if fan-assisted. | 2) Bake for 18 to 20 minutes until the cookies brown nicely. Cool them completely on a wire rack before storing them in air-tight containers.",https://redhousespice.com/wp-content/uploads/2024/10/chinese-almond-cookies-1-scaled.jpg,Dessert,Chinese,"chinese cookies, new year cookies",109 kcal,5.0,3.0,11.0
"Eight Treasure Rice Pudding (Ba Bao Fan, 八宝饭)","A delectable treat consisting of sticky rice, dried fruits, nuts and red bean paste, eight treasure rice pudding is a must-have for Lunar New Year.",https://redhousespice.com/eight-treasure-rice/,5m,45m,50m,6 servings,"[For the rice] 200 g glutinous rice (aka sticky rice, sweet rice) about 1 cup ,1 tablespoon white sugar or brown sugar | [For the filling] 3 tablespoon homemade red bean paste or shop-bought version, see note 1 | [For the toppings (see note 3)] 1 handful mixed dried fruit and nuts e.g. jujube (Chinese dates), apricot, cranberry, raisins, walnuts, pumpkin seeds, peanuts, etc. | [You also need] ½ teaspoon coconut oil or butter, neutral cooking oil ,Honey for serving (optional)","[Soak the rice] 1) Rinse glutinous rice under running water. Put it into a bowl and top with water. Leave to soak overnight. Then drain well and mix with sugar. | [Prepare the toppings] 1) Deseed and slice dried fruits if necessary. If using Jujube (Chinese dates), peanuts, lotus seeds or almonds, soak in water overnight to soften. Other dried fruits and nuts can be used directly without soaking. | [Assemble the bowl] 1) Evenly coat a bowl with coconut oil (or butter, neutral cooking oil) to prevent sticking. | 2) Spread a layer of mixed dried fruit and nuts over the bottom of the bowl. Design a pattern if you wish. | 3) Lay half of the rice over the dried fruit and nuts. Shape the red bean paste into a flat circle (smaller than the bowl). Place it on top of the rice. Put in the rest of the rice and flatten it with a spoon. | 4) Pour in water just enough to level with the rice (Be very gentle to avoid pushing the rice around). | [Steamed the pudding] 1) Place the pudding bowl into a steamer basket or onto a steamer rack. Fill the wok/pot with water. Leave to steam over medium heat for 50 mins. Don’t forget to check the water level in the wok/pot halfway through in case it dries out. | [Serve the pudding] 1) After steaming, leave to cool for 10 mins or so. Then use a knife or spatula to gently run along the edge of the pudding to help separating. Place a serving plate over the bowl. Flip over then gently remove the bowl. | 2) The rice pudding tastes great both warm and at room temperature. Drizzle some honey when serving if you like a sweeter taste. | [Store and reheat] 1) You can keep the rice pudding in the fridge for up to 3 days or in the freezer for up to 2 months (wrapped tightly with cling film after it cools completely). | 2) Steam for 10 minutes to reheat (defrost beforehand if frozen).",https://redhousespice.com/wp-content/uploads/2021/02/Chinese-eight-treasure-rice.jpg,Dessert,Chinese,"Glutinous rice, New Year, Vegetarian",,5.0,13.0,26.0
Homemade fortune cookies (签语饼),"A cute, fun treat for all festive occasions, fortune cookies can be made to your own taste and contain your own personalized wishes and messages inside.",https://redhousespice.com/fortune-cookies/,10m,30m,40m,18 cookies,"[Ingredients] 3 egg whites about 100g / 3.5oz ,4 tablespoon sugar or to taste ,½ teaspoon vanilla extract or other flavouring, see note 1 ,4 tablespoon melted butter ,2 tablespoon water ,80 g all purpose flour ½ cup ,1 tablespoon sesame seeds","[Preparation] 1) Write / print fortune messages that you wish to hide inside the cookies. | 2) Have a baking sheet (If it doesn’t have a non-stick surface, line it with non-stick baking paper / silicon baking mat), a spatular, a mug / glass and a muffin tray at hand. | 3) Preheat the oven to 180°C / 355°F (Fan 170°C / 340°F or Gas 4). | [Mix the batter] 1) In a mixing bowl, lightly beat egg whites and sugar until foamy. | 2) Pour in vanilla extract, melted butter and water. Whip until well incorporated. | 3) Add in flour. Gently mix and stop as soon as a smooth batter forms (do not overly mix). | [Bake the cookies] 1) Pour a tablespoon of batter onto the baking sheet. Spread with the back of the spoon to form a round, thin disc (about 10cm / 4inches in diameter). Sprinkle sesame seeds around the edge of the disc. | 2) Repeat the procedure. Make maximum 4 discs at a time (see note 2). | 3) Transfer the baking sheet into the oven. Bake for 7-8 minutes until the edges brown slightly (see note 3). | [Shape the cookies] 1) Bring the baking sheet out of the oven. | 2) Quickly flip a disc over with a spatular. Place a fortune message in the middle. | 3) Fold the disc into a semi-circle. Then quickly place it onto the rim of the mug. | 4) Push the corners down to shape it into a fortune cookie (Please refer to the tutorial video below). | 5) Place it in one of the molds of the muffin tray to keep it in shape while cooling. Repeat to finish the rest. | [Serve & reheat] 1) Enjoy when the cookies are completely cool. Or store them in an air-tight container for later consumption. | 2) If you find the middle of the cookies are not crispy enough when cooled, or your leftover cookies have lost their crunchiness, bake them in a preheated oven at 130°C / 260°F (Fan 120°C / 250° or Gas ½) for 6 minutes or so.",https://redhousespice.com/wp-content/uploads/2018/12/fortune-cookie-with-sesame.jpg,Dessert,Chinese,"cookies, Vegetarian",54 kcal,5.0,14.0,34.0
"Bubble Tea Three Ways (Boba Tea, 珍珠奶茶)","Making bubble tea (Boba) at home is easy! This recipe introduces three popular types: the classic version, the brown sugar version and the matcha version.",https://redhousespice.com/homemade-bubble-tea/,15m,8m,23m,3 drinks (1 for each version),"[For the bubbles/boba (3 portions)] ¾ cup instant tapioca pearls about 120g (see note 1) | [For the classic version] ½ tablespoon loose-leaf black tea, or 1 black tea bag ,1 cup hot water about 240ml ,Cow’s milk, or almond/soy milk to taste ,Sweetener of your choice to taste (see note 2 & 4) ,Ice cubes optional | [For the brown sugar version] 1 cup cow’s milk, or almond/soy milk about 240ml ,½ tablespoon loose-leaf black tea, or 1 black tea bag ,2 tablespoon dark brown sugar ,Ice cubes optional | [For the matcha version] 1 teaspoon matcha powder ,1 tablespoon hot water ,1 cup cow’s milk, or almond/soy milk about 240ml ,Sweetener of your choice to taste (see note 3 & 4) ,Ice cubes optional","[Cook the Tapioca Pearls] 1) Bring a pot of water to a full boil. Add instant tapioca pearls. Once they come up to the surface, cover with a lid and leave to boil for 3 mins over medium heat. | 2) Turn off the heat. Leave to sit for a further 3 mins (still with the lid on). | 3) Transfer the pearls into a bowl filled with cold water. Drain well once cooled. | 4) If not using the pearls straight away, mix them with a little syrup or honey to prevent sticking. Store at room temperature for no longer than 4 hours (do not refrigerate). | [The Classic Version] 1) Prepare the tea by steeping loose-leaf black tea (or the tea bag) in hot water. Leave to cool naturally. | 2) Put the cooked pearls in a serving glass. Remove tea leaves (or the tea bag) then pour the cooled tea into the glass. Add sweetener of your choice, milk and ice cubes if using. Stir well and serve. | [The Brown Sugar Version] 1) Heat up milk on the hob until small bubbles appear (do not boil). You may also heat it in a microwave for 2 mins. | 2) Add the tea. Leave to steep and cool naturally. | 3) Put dark brown sugar into a pan. Add drained pearls. Cook over low heat until the sugar turns into thick, foamy syrup. | 4) Spoon the pearls, along with the syrup, into a serving glass. Tilt the glass to move the pearls allowing the syrup to stain the glass. Pour in the cooled milk tea. Add ice cubes if using. Stir then serve. | [The Matcha Version] 1) Sift matcha tea powder then add hot water. Whisk to achieve a smooth paste. Pour in milk and stir well. | 2) Put the cooked tapioca pearls into a serving glass. Pour in the matcha milk tea, sweetener and ice cubes if using. Mix well and serve.",https://redhousespice.com/wp-content/uploads/2021/07/three-types-bubble-tea-drink.jpg,Drinks,Chinese,"Taiwanese, Tea",,5.0,7.0,9.0
Sichuan leaf-wrapped sticky rice cake (叶儿粑),"Soft, gooey dough stuffed with a tasty filling, Sichuan leaf-wrapped sticky rice cakes are a delightful, easy-to-make snack. This recipe shows you how to make them in two colours with two different fillings.",https://redhousespice.com/leaf-wrapped-sticky-rice-cake/,15m,10m,25m,12 savoury or sweet cakes,"[For the savoury filling] 1 tablespoon cooking oil or lard ,200 g minced pork 7oz ,1 teaspoon minced ginger ,3 tablespoon Ya Cai (preserved mustard greens) see note 1 ,½ teaspoon Shaoxing rice wine ,½ teaspoon light soy sauce ,½ teaspoon dark soy sauce ,1 pinch sugar ,½ teaspoon ground Sichuan pepper ,1 stalk scallions, finely chopped | [For the sweet filling] 120 g walnuts, toasted & crushed see note 2 ,3 tablespoon sesame seeds, toasted & crushed ,4 tablespoon dark brown sugar or to taste ,3 tablespoon softened butter or lard | [For the dough] 200 g glutinous rice flour about 1.5 cup ,50 g rice flour about ⅓ cup ,2 tablespoon cooking oil or softened lard ,210 ml water about 14 tbsp, see note 3 ,3 teaspoon spinach powder or matcha powder optional, see note 4 | [You also need] Bamboo leaves, cut into 12 rectangle pieces see note 5 for substitutes","[Fry the savoury filling] 1) Pour oil into a hot wok. Add pork and ginger. Fry until the meat turns pale. | 2) Stir in Ya Cai. Then add Shaoxing rice wine, light & dark soy sauce, sugar & ground Sichuan pepper. | 3) Cook for 1 minute or so. Stir in scallions. Mix then dish out. Leave to cool. | [Make the sweet filling] 1) Toast raw walnuts in a frying pan (without any oil) over low heat. When lightly browned, transfer to a plate to cool. Then put into a sealable plastic bag. Use a rolling pin to crush into small pieces. | 2) Follow the same instruction to toast and crush raw sesame seeds (you may use ready toasted ones and simply crush them a little). | 3) Mix them with brown sugar and butter/lard. Store in the fridge before assembly. | [Prepare the dough] 1) Add all the ingredients for the dough into a bowl. Mix with a pair of chopsticks/spatula until no liquid can be seen. | 2) Knead by hand into a soft dough (but not sticky). | 3) If you are using spinach or matcha powder to make a green dough, add a little more water (about 2 tsp). | [Assemble (please refer to the video below)] 1) Flatten a piece of dough and make it into a bowl shape. | 2) Place a spoonful of the savoury or sweet filling in the middle. | 3) Pinch with fingers to seal completely. Then gently roll it into a cylinder. | 4) Place it onto the shiny side of a leaf. | [Cook] 1) Place the assembled cakes into steamer baskets. Bring water to a full boil in a wok/pot. Put the baskets on top. | 2) Steam over medium heat for 8 mins. Serve warm. | [Make in advance] 1) You may freeze uncooked cakes right after they are assembled. Firstly place them in a single layer on a tray/plate lined with parchment paper. Once completely frozen, transfer to an airtight container/bag. | 2) Steam for 12 mins without defrosting.",https://redhousespice.com/wp-content/uploads/2020/07/leaf-wrapped-sticky-rice-cakes-7.jpg,Side Dish,Chinese,"Dumplings, Glutinous rice, Sichuan",,5.0,3.0,7.0
Sweet lotus root with sticky rice (糯米藕),"Sticky, fragrant and mildly sugary, sweet lotus root with sticky rice is one of the best ways to prepare this attractive vegetable.",https://redhousespice.com/lotus-root-with-sticky-rice/,15m,120m,135m,3 servings,"[Ingredients] 70 g glutinous rice ⅓ cup, see note 1 ,2 section lotus roots see note 2 ,80 g dark brown sugar or dark muscovado ½ cup ,10 dried Chinese dates optional ,Sweet Osmanthus sauce or honey","[Stuff the root] 1) Soak glutinous rice in water for at least 2 hours. Drain well. | 2) Peel the lotus root. From one end of each section, slice off the top 1-2 cm to serve as lids. | 3) Fill all the holes of the lotus root with the rice. Pushing it down with a chopstick from time to time to make sure the holes are tightly packed. | 4) Place the “lids” back on. Use a few toothpicks to secure the lids (be careful not to break the flesh of the roots). | [Cook the root] 1) Put the stuffed root into a small saucepan. Add dark brown sugar, Chinese dates and water (enough to cover the roots completely). | 2) Bring the water to a full boil. Turn the heat down to low. Leave to simmer for 2 hours. Flip the roots and add more hot water halfway through (see note 3 for pressure cooker method). | 3) Leave the root to cool in the water. | [Serve the root] 1) Transfer the roots to a chopping board. Remove the toothpicks. Cut the roots crosswise into slices (0.5-1cm thick). | 2) Boil about 100 ml of the cooking liquid until it thickens. Pour it over the lotus root slices. | 3) Add Sweet Osmanthus sauce or honey them serve.",https://redhousespice.com/wp-content/uploads/2020/07/lotus-root-with-sticky-rice-7.jpg,Appetizer,Chinese,"Glutinous rice, Vegetables, Vegetarian",,5.0,8.0,8.0
Hong Kong style mango pancake (芒果班戟),"Fresh mango topped with fluffy cream, then wrapped with a thin, moist crepe, pillow-shaped mango pancake is a dessert to die for.",https://redhousespice.com/mango-pancake/,15m,15m,30m,12 pancakes,"[For the pancakes] 240 ml milk 1 cup ,50 g all-purpose flour ⅓ cup, see note 1 ,30 g cornstarch or custard powder, ¼ cup, see note 2 ,25 g powdered sugar ¼ cup ,3 medium eggs lightly beaten ,2 teaspoon butter melted | [For the filling] 300 ml double cream or whipping cream, 1¼ cups ,½ teaspoon vanilla extract ,½ tablespoon powdered sugar ,2 large mangoes peeled and cut into chunks","[Prepare the batter] 1) Pour milk into a mixing bowl. Sift flour, cornstarch (or custard powder) and powdered sugar into the bowl. Mix with a balloon whisk until well combined. | 2) Add lightly beaten eggs and melted butter. Mix well. | 3) Through a sieve, pour the mixture into a bowl/measuring cup (ideally with a pouring spout). | [Cook the pancakes] 1) Heat up a non-stick skillet/frying pan over low heat. | 2) Pour a small amount of batter onto the pan, then swirl quickly to form a very thin disk. | 3) When small air pockets appear under the pancake, remove the pancake and place it on a plate to cool (no need to cook the other side). | 4) Repeat the procedure until you finish the batter mixture (see note 3). | [Whip the cream] 1) While waiting for the pancakes to cool, whip the cream, vanilla extract and powdered sugar until stiff peaks form. | [Assemble the pancakes] 1) Lay one pancake on a flat surface (shiny, smooth side facing down). | 2) Spoon some whipped cream onto the middle of the pancake. Place one piece of mango on top. | 3) Wrap the filling from four sides of the pancake to form a pillow-like shape. Place it on a serving plate with the folded side facing down. | [Store & serve] 1) You may serve the pancakes straight away. However, I suggest that you refrigerate them for at least 30 minutes before serving. This way the cream will be firmer thus the pancakes will look better when cut through.",https://redhousespice.com/wp-content/uploads/2017/05/hong-kong-mango-pancakes.jpg,Dessert,Chinese,Fruits,175 kcal,5.0,49.0,103.0
Mango sago with grapefruit (杨枝甘露),"Smooth mango puree flavoured with coconut, garnished with grapefruit and accompanied by soft tapioca pearls, mango sago is such a delectable treat!",https://redhousespice.com/mango-sago/,5m,25m,30m,4 servings,"[Ingredients] 40 g small tapioca pearls (or sago) ¼ cup ,2 ripe mangoes about 900g/31oz (gross weight) ,4 tablespoon coconut milk ,3 tablespoon single cream (or milk) ,Sugar optional ,¼ grapefruit","[Instructions] 1) Bring a pot of water to a boil, add tapioca pearls (or sago). Cover and cook over a low heat for 15 minutes or so until the pearls are transparent but still have a white spot in the middle. Remove from the heat and set aside covered for a further 5-10 minutes until they are completely transparent (see note 1). | 2) Meanwhile, prepare the fruit. Cut the flesh of mangoes into cubes. Set ¼ of them aside. Put the remainder of the cubes into a blender. Add coconut milk and cream (or milk). Blend to a very fine texture. Add some sugar if you prefer it a bit sweeter. | 3) Peel grapefruit then gently separate the juice-packed sacs (see note 2). | 4) When the tapioca pearls are ready to use, rinse them under cold water. Drain well, then place into serving bowls. Pour mango puree on top then garnish with the remaining mango cubes and grapefruit. | 5) You may consume it immediately or chill in the fridge before serving.",https://redhousespice.com/wp-content/uploads/2020/08/Mango-sago-with-grapefruit-foodgawker-1.jpg,Dessert,Chinese,"Hong Kong dessert, Vegetarian",,5.0,4.0,8.0
Peanut and sesame brittle (花生芝麻糖),"Super crunchy and nutty, Chinese peanut and sesame brittle is totally addictive! This recipe shows you how to make this delightful treat without fail.",https://redhousespice.com/peanut-sesame-brittle/,10m,15m,25m,10 servings,"[Ingredients] 150 g peanuts, skinless 1 cup ,150 g white or black sesame seeds 1 cup ,30 g butter 2 tbsp ,250 g sugar 1 ¼ cups","[Instructions] 1) Break peanuts into halves with your hands. Toast in a frying pan over a low heat until they become lightly brown. Coarsely chop them into smaller pieces (or crush them with a rolling pin). | 2) Toast sesame seeds the same way. | 3) In a non-stick pan over a low heat, melt butter then add sugar. Stir from time to time. Cook until it turns into a brown, smooth and sticky consistency (see note 1). | 4) Pour in peanuts and sesame seeds. Stir quickly until well combined. Turn off the heat. | 5) Put the mixture onto a sheet of baking paper placed over a chopping board. Put another sheet over (See note 2). Press the mixture into a flat block with the rolling pin. Cut the block into desired size and shape (See note 3). | 6) When completely cool, store brittle in an airtight container placed in a dry, dark place. Consume with 1 month.",https://redhousespice.com/wp-content/uploads/2020/02/Peanut-sesame-brittle-recipe-card.jpg,Dessert,Chinese,"Candy, Nuts",283 kcal,5.0,17.0,43.0
Pear with rock sugar–two ways (冰糖雪梨),A traditional Chinese home remedy for cough relief. Steamed or boiled pear with rock sugar is a delightful dessert very easy to prepare.,https://redhousespice.com/pear-rock-sugar/,3m,15m,18m,2 servings,"[For boiled version] 2 Asian pears See note 1 ,1.5 tablespoon rock sugar or to taste ,1 tablespoon dried Goji berries ,6-8 dried Chinese dates ,1.5 cups water | [For steamed version] 2 Asian pears See note 1 ,1.5 tablespoon rock sugar ,1 tablespoon dried Goji berries",[To boil the pears] 1) Remove the cores of the pears then slice them the way you like. | 2) Add pear and all the other ingredients into a pot. | 3) Firstly cook on high heat. Turn the heat down to low when the water starts boiling. | 4) Continue to cook for 15-20 minutes (see note 2). | [To steam the pears] 1) Cut off the top part of the pears (about ⅕ to ¼ of the total height). | 2) Use a teaspoon to remove the cores. Fill the holes with rock sugar and half of the Goji berries. | 3) Put the top part back (you can use toothpicks to stabilize the two parts) then put the pears vertically into 2 small bowls. | 4) Sprinkle the remaining Goji berries around the pears. Steam on medium heat for about 40 minutes (see note 2).,https://redhousespice.com/wp-content/uploads/2017/02/Chinese-steamed-pear-with-rock-sugar.jpg,Dessert,Chinese,Fruits,138 kcal,5.0,23.0,37.0
"Homemade Red Bean Paste (Hong Dou Sha, 红豆沙)","An essential filling for Chinese pastries and desserts, red bean paste tastes amazing when made at home. This recipe includes two classic versions.",https://redhousespice.com/red-bean-paste/,5m,60m,65m,500 g,"[Ingredients] 200 g adzuki beans (aka red beans) about 1 cup, see note 1 ,500 ml water ,2 tablespoon white sugar ,2 tablespoon dark brown sugar ,80 g butter about ⅓ cup, see note 2 for vegan options","[Soak the beans] 1) Soak adzuki beans in water overnight. Drain then rinse well. | [Cook the beans] 1) Put the beans into a small pot. Pour in water. Bring it to a boil then leave to simmer for 60-90 mins until they become soft and easy to crush (check the water level halfway through. Top up if necessary to avoid burning). | 2) You may use a stove-top pressure cooker or an instant pot to speed up the process. Cook for 25 mins. Then leave to cool naturally. | [Option 1: Make a smooth paste with a blender] 1) Drain the cooked beans then put into a blender or food processor. Add white sugar, dark brown sugar and butter. Blend on high speed into a fine paste. You may need to add a little water to make blending easier. However, only add as little as necessary. | 2) Transfer the puree into a pan. Cook over medium-high heat while stirring and flipping constantly to avoid burning. Once the paste becomes dark and holds in shape, transfer out to cool (See note 3 for the consistency). | [Option 2: Make a chunky paste by hand] 1) Remove the remaining water from the cooking pot. Add white sugar, dark brown sugar and butter to the beans. Use the flat bottom of a jar (or a potato masher if available) to crush the beans. | 2) Turn the heat back on. Heat up the paste to reduce its moisture until it reaches the desired consistency (see note 3). Stir constantly during this process to avoid burning. | [Storage] 1) Red bean paste can be kept in the fridge for up to 3 days or in the freezer for two months. Defrost in the fridge before using.",https://redhousespice.com/wp-content/uploads/2017/05/smooth-red-bean-paste-2-scaled.jpg,Dessert,Chinese,Vegetarian,284 kcal,4.99,73.0,138.0
Red Bean Popsicles (红豆冰棍),"A nostalgic frozen treat, red bean popsicles are easily made at home with just four ingredients. Try this simple recipe and enjoy the cooling deliciousness!",https://redhousespice.com/red-bean-popsicles/,7m,5m,12m,8 popsicles,"[Ingredients] 1½ cup whole milk aka full-fat milk (see note 1) ,3 tablespoon cornstarch or glutinous rice flour ,1½ cup cooked red beans aka adzuki beans (see note 2) ,½ cup condensed milk or to taste (see note 3)","[Instructions] 1) Use a few spoons of milk to mix with cornstarch until fully integrated. Then pour the mixture, along with the remaining milk, into a saucepan. | 2) Heat it over medium heat until it becomes hot to touch (dip your fingertip to test). Then stir it with a spatula constantly until it thickens to a runny yogurt consistency. | 3) Remove the saucepan from the heat. Pour the thickened milk into a blender/food processor. Add cooked red beans and condensed milk (leave out about ¼ of the recommended volume). | 4) Run the machine to blend and break the beans. Stop a few times to check the consistency. You can either keep the beans in bits (as shown in my recipe images) or break them into a very smooth texture. | 5) Taste the mixture and add more condensed milk as needed. Keep in mind that it will taste less sweet once frozen. | 6) With a spoon or a spouted jug, transfer the mixture into your popsicle molds (store any leftovers in the fridge for up to 3 days). Leave a little space to the rim as the mixture will expand slightly after freezing. Put in the sticks. Store the molds in the freezer for 4-8 hours. | 7) To unmold the popsicles, hold the molds upside down and run warm water over them for 10-15 seconds. Or, leave the molds on the counter for 5-10 minutes before pulling out the popsicles.",https://redhousespice.com/wp-content/uploads/2023/06/red-bean-popsicles-10-scaled.jpg,Dessert,Chinese,popsicles,145 kcal,5.0,6.0,8.0
"Sichuan spicy peanuts (Mala peanuts, 麻辣花生)","Hot, fragrant, crispy and powerfully mouth-numbing, Sichuan spicy peanuts are an addictive snack that can be easily made at home.",https://redhousespice.com/sichuan-spicy-peanuts/,3m,15m,18m,4 Servings,"[Ingredients] 200 g raw peanuts 1.5 cups (see note 1) ,120 ml cooking oil 0.5cup ,15 dried chilli or to taste ,1 tablespoon Sichuan peppercorn see note 2 ,5 bay leaves ,¼ teaspoon salt ,1 pinch sugar ,¼ teaspoon ground Sichuan pepper","[Prepare the peanuts & chillies] 1) Soak peanuts in water for 2 minutes. Then drain and pat dry. | 2) While waiting for the peanuts to be soaked, cut dried chilli into pieces with a pair of scissors (keep the yellow seeds). | [Fry the peanuts] 1) Pour peanuts into a cold wok / frying pan, then pour in oil. Turn on the heat to medium-low. | 2) Frying the peanuts for about 13 minutes (see note 3). Stir from time to time. They are done when the colour of their skin darkens . Taste one if you are not sure. They shouldn’t have any raw taste yet they shouldn’t have a burnt taste either . | 3) Transfer the peanuts to a plate lined with kitchen paper (to soak up excess oil). | [Season the peanuts] 1) Leave enough oil to cover the bottom of the wok (discard the rest). When the wok cools down, stir in dried chilli, Sichuan peppercorn and bay leaves. Fry over medium-low heat until fragrant (do not burn). | 2) Turn off the heat. Add in fried peanuts. Sprinkle with salt, sugar and ground Sichuan pepper. Shake around the wok, then dish out. | [Serve & store] 1) Leave to cool completely. Enjoy immediately or store in an air-tight container for later consumption. The flavour will be more intense after a day or two.",https://redhousespice.com/wp-content/uploads/2020/04/Mala-peanuts-recipe-card.jpg,Snack,Chinese,"Nuts, Sichuan, Vegetarian",361 kcal,5.0,8.0,14.0
Snow skin mooncake with custard filling (冰皮月饼),"No baking required, snow skin mooncakes consist of a tender skin and a creamy custard filling. Follow my detailed instructions to make some!",https://redhousespice.com/snow-skin-mooncake/,30m,15m,165m,8 mooncakes,"[For the filling] 2½ tablespoon wheat starch or cornstarch/tapioca starch (see note 1) ,3 tablespoon powdered sugar aka icing sugar ,3 tablespoon unsalted butter melted ,2 tablespoon condensed milk See note 2 for substitute ,2 large eggs | [For the skin] 3 tablespoon glutinous rice flour ,3 tablespoon regular rice flour ,2 tablespoon wheat starch or cornstarch/tapioca starch ,3 tablespoon powdered sugar aka icing sugar ,½ cup milk ,1 tablespoon condensed milk ,1 tablespoon neutral cooking oil ,Matcha powder for coloring (optional) | [For dusting] 2 tablespoon glutinous rice flour","[Make the filling] 1) Mix wheat starch (or cornstarch/tapioca starch), powdered sugar, melted butter and condensed milk until well combined. Add the eggs. Lightly beat until fully incorporated. | 2) Pour the mixture into a saucepan. Cook over low heat. Once the mixture starts to solidify at the bottom of the pan, stir and fold constantly with a flexible spatula. | 3) When the mixture becomes evenly solid, transfer it to a bowl. It should hold in shape but not too dry (please refer to the video below for the desired consistency). | 4) Lay a piece of cling film tightly over the cooked filling. Leave to cool completely then put into the fridge to firm up further. | [Prepare the skin] 1) While waiting for the filling to cool, prepare the skin. Put glutinous rice flour, regular rice flour, wheat starch (or cornstarch/tapioca starch) and powdered sugar into a bowl. Pour in milk. Mix until smooth. Add condensed milk and oil. Stir to combine. | 2) Pour the mixture into a deep plate, then cover it with another plate. Cook it using one of these methods: [Option 1] In a microwave for 4 minutes on high power; [Option 2] In a steamer for 20 minutes over medium-high heat (see note 3). | 3) By then the mixture should have turned solid. Use a flexible spatula to scrape it off and transfer to another plate to speed up cooling (see note 4). | 4) When it’s cool enough to touch, combine and knead it in your hands until it becomes smooth (you’ll need to wear food-safe gloves to prevent sticking). Wrap it with cling film if not used immediately. | [Color the skin (optional)] 1) Sprinkle matcha powder or purple sweet potato powder over the cooked dough. Knead to distribute the powder until the color becomes even. For the entire dough this recipe makes, you’d need about ½ teaspoon of powder. | [Toast the dusting flour] 1) In a pan, toast glutinous rice flour over low heat for about 4 minutes. Transfer out to cool for later use. | [Shape the mooncakes] 1) Take the filling out and knead in your hands briefly to make it smoother. Divide it into 8 equal pieces and roll each into a ball. | 2) Also, shape the skin into 8 equal balls. Flatten one piece into a round wrapper. Place a filling ball in the middle. Gently push the wrapper upwards to tightly cover the filling. Seal at the top. | 3) Roll the assembled ball in the toasted glutinous rice flour. Rub off any excess flour leaving just a very thin layer. | 4) Put the ball into a mooncake mold. Place the mold, with the opening facing down, onto a lightly dusted surface. Press the springy handle then lift up the mold. Push the handle again to release the mooncake (see note 5). | [Store] 1) In the fridge: Store them in air-tight containers in the fridge and consume within 72 hours. | 2) In the freezer: Lay them in a single layer to freeze. Once completely frozen, transfer them into air-tight containers/bags. Store in the freezer for up to 1 month. | [Serve] 1) They’re best when consumed right after assembly. The skin will harden over time. | 2) To soften , you can [Option 1]: Lightly wet them and microwave them in a plate/bowl covered with cling film. Run on high power for 15 seconds. Check the softness and cook longer (10 seconds at a time) until softened. [Option 2]: Steam them for 2 minutes. Check the softness. Cook a little longer as needed.",https://redhousespice.com/wp-content/uploads/2022/08/snow-skin-mooncakes-with-custard-filling-scaled.jpg,Dessert,Chinese,"chinese mooncakes, icy mooncakes, No-bake mooncakes, snow skin mooncakes",169 kcal,5.0,93.0,171.0
Pumpkin Mochi with Red Bean Filling (红豆南瓜饼),"Soft, gooey, sweet and nutty, pumpkin mochi cake with red bean filling shows you a delectable and fun way to enjoy autumn produce.",https://redhousespice.com/sticky-rice-pumpkin-cake/,30m,120m,150m,16 cakes,"[For the filling] 150 g adzuki beans (aka red beans/红豆) or 350g canned ones ,2 tablespoon white sugar ,1 tablespoon dark brown sugar ,80 g butter See note 1 for vegan option | [For the dough] 350 g butternut squash or canned pumpkin puree, see note 2 ,1 tablespoon white sugar ,1 tablespoon neutral cooking oil ,320 g glutinous rice flour (aka sweet rice flour/糯米粉) see note 3 | [You also need] 16 pieces raisins","[Cook the beans (skip if using canned beans)] 1) Soak adzuki beans in water enough to cover overnight. | 2) Drain then put into a pot. Pour in 500ml of water. Bring it to a boil then leave to simmer for about 90 mins until cooked (You may use a pressure cooker/instant pot to reduce the cooking time). | [Make the bean paste] 1) Put drained beans into a food processor. Add white sugar, dark brown sugar and butter (or lard, coconut oil). Blend on high speed into a fine paste. You may need to add a little water to make blending easier. However, only add as little as necessary. | 2) Transfer the soft paste into a non-stick pan. Cook over medium-high heat while stirring and flipping constantly to avoid burning. Once the paste becomes dark, dry and holds in shape, remove to cool (please refer to the video for the desired consistency). | [Cook the squash (skip if using canned pumpkin puree)] 1) Cut the butternut squash into chunks (skin & seeds removed). Steam for 15 mins until fork tender. | [Make the dough] 1) Put the cooked squash into a food processor. Add sugar and oil. Blend on high speed until it turns into a fine puree. | 2) Add glutinous rice flour in batches. Run the food processor on medium speed until a dough forms. It should be very soft but not sticky. Depending on the water content of the cooked squash, you may not need to use all the flour suggested in the recipe, or you may need to add a little more. Please feel free to adjust accordingly. | [Assemble the cakes] 1) Divide the dough into 16 equal pieces. Then shape each into a ball. Repeat the same procedure to make 16 balls with the red bean paste. | 2) Flatten one dough ball into a disc. Place a piece of filling in the middle. Gently push the edge of the dough upwards to cover the filling and seal completely. | 3) Use the spine of a butter knife to create indentations all around to imitate a pumpkin. Then insert a piece of raisin on top as the “stem”(please refer to the video below). | [Steam the cakes] 1) Lay the assembled cakes in steamer baskets lined with parchment paper (or brushed with a thin layer of oil if using metal/plastic steamer baskets). | 2) Bring water to a boil in a wok/pot, place in the baskets. Cover and steam for 10 mins over medium-high heat. | [Serve, store & make ahead] 1) When cooked, leave the cakes to cool in the baskets for 5 mins then serve (Otherwise, they are very sticky to touch). These pumpkin cakes can be served warm or at room temperature. | 2) You may keep them in the fridge for 3 days or in the freezer for 2 months. | 3) Reheat refrigerated or frozen pumpkin cakes in the steamer until they become soft again. | 4) Make ahead : Lay assembled, uncooked pumpkin cakes on a tray lined with parchment paper. Put into the freezer. Once completely frozen, transfer them into an air-tight bag/container. Store in the freezer for 2 months. Steam them without defrosting for 15 mins.",https://redhousespice.com/wp-content/uploads/2020/10/steamed-pumpkin-cake-12.jpg,Dessert,Chinese,"Cake, mochi",169 kcal,5.0,11.0,29.0
Sweet Potato Sesame Balls (红薯煎堆),"Crispy, gooey and super nutty, sweet potato sesame balls are a delectable treat that can be easily made at home.",https://redhousespice.com/sweet-potato-sesame-balls/,15m,60m,75m,12 balls,"[Ingredients] 260 g sweet potato / 9oz ,110 g glutinous rice flour / 4oz, plus 1 tablespoon for coating (see note 1) ,2 tablespoon sugar or to taste ,4 tablespoon sesame seeds raw or toasted ,600 ml cooking oil see note 2","[Cook the sweet potato] 1) Pierce the sweet potato (without peeling) several times with a fork or a knife. | 2) Place into a preheated oven and bake at 200°C / 400°F / Gas 6 for 45 – 60 minutes. | 3) Peel off the skin when cold enough to handle (see note 3). | [Make the dough] 1) Mash the sweet potato with a fork until smooth. | 2) Gradually add glutinous rice flour and sugar while mixing with a spatular. | 3) Combine with hands to form a soft dough (see note 1). | [Form the balls] 1) Divide the dough into 12 equal parts. Roll each piece into a ball with the palm of your hands. | [Coat the balls] 1) Mix a tablespoon of glutinous rice flour with ½ cup of water. | 2) Wet a dough ball thoroughly in the mixture. Then place it in a bowl filled with raw sesame seeds. | 3) Shake the bowl in a circular motion to allow the ball to roll around in the seeds. | 4) Take the ball out when it’s fully covered with seeds. | 5) Press gently with the palm of your hands to firm up the coating. Repeat to coat the rest of the balls. | [Fry the balls] 1) Heat up the oil over a high heat. When the temperature reaches 125°C / 250°F, turn the heat to medium then gently add the sesame balls. | 2) They stay at the bottom of the cookware initially (with tiny bubbles appearing around them), then slowly rise up. | 3) When they reach the surface, push them down from time to time to help achieve an even colour. | 4) They are done once the dough (between the gaps of the seeds) turns bright orange. | 5) N.B. If you wish to deep fry another batch, make sure you wait for the oil to cool down to 125°C / 250°F. This is often a neglected point that causes problems.",https://redhousespice.com/wp-content/uploads/2020/04/sesame-balls-sweet-potato-version-recipe-card.jpg,Dessert,Chinese,"Sweet potato, Vegetarian",105 kcal,5.0,22.0,42.0
"Tang Yuan, Chinese glutinous rice balls (汤圆)","A sweet, nutty, runny filling sealed with a slippery, chewy wrapper, Tang Yuan (Chinese glutinous rice balls) is a delectable dessert not to miss.",https://redhousespice.com/tang-yuan/,30m,5m,35m,20 balls,"[For the filling] ⅔ cup black sesame seeds ,2½ tablespoon sugar or to taste ,2½ tablespoon softened butter or coconut oil, lard | [For the dough] 1 cup glutinous rice flour ,3 tablespoon boiling water ,4 tablespoon room temperature water or beetroot juice","[Prepare the filling] 1) Toast black sesame seeds in a dry frying pan over low heat until they plump up and become very easy to break when crushed with your fingers (see note 1). | 2) Once completely cool, put the toasted black sesame seeds in a food processor. Grind them with sugar until they turn into a soft, shiny paste. | 3) Add butter (or coconut oil/lard). Mix to combine then keep refrigerated until the mixture is firm enough to handle. | 4) Divide the paste into 20 portions. Shape each piece into a ball. Put them back in the fridge while preparing the dough (see note 2). | [Make the dough] 1) In a mixing bowl, pour boiling water into glutinous rice flour while stirring with a spatula. Then add room temperature water (or beetroot juice for a pink dough) little by little. | 2) Knead with your hand until a smooth, soft dough forms. Adjust its consistency by adding more water or flour (see note 3). If you are not using the dough straightaway, wrap it with cling film to avoid drying out. | 3) Divide the dough into 20 equal pieces then roll each into a ball. | [Assemble Tang Yuan (please refer to the video below)] 1) Flatten a piece of dough into a round wrapper with your fingers. | 2) Place a ball of filling in the middle. Gently push the wrapper upwards to wrap the filling tightly. Seal at the top completely (see note 4). | [Cook Tang Yuan] 1) Bring a large pot of water to a full boil. Gently slide in some Tang Yuan. If necessary, cook in batches as the balls expand while cooking so do not crowd the pot. | 2) Push the balls around with the back of a spoon to prevent them from sticking to the bottom of the pot. Cook over medium-high heat. Once all the balls start to float on the surface, boil for a further minute. | 3) Dish out (along with some cooking liquid) and serve warm. You may also make some ginger syrup separately as the serving liquid (see note 4). | [Store Tang Yuan] 1) Freeze Tang Yuan right after they are assembled. Lay them in a single layer on a tray lined with parchment paper to freeze. Once totally frozen, put them in an air-tight bag and store in the freezer. | 2) To cook frozen Tang Yuan , follow the same cooking procedure (do not defrost).",https://redhousespice.com/wp-content/uploads/2019/12/Tang-Yuan-Chinese-glutinous-rice-balls-foodgawker-1.jpg,Dessert,Chinese,Rice balls,89 kcal,5.0,96.0,168.0
Zongzi: Chinese sticky rice dumpling (粽子),"A classic treat for Dragon Boat Festival. With this informative recipe, you will make sweet and savoury Zongzi, Chinese sticky rice dumplings, with great ease.",https://redhousespice.com/zongzi-two-ways/,20m,150m,170m,12 dumplings (sweet or savoury),"[For the sweet Zongzi made in triangle shape] 600 g glutinous rice 21oz ,4 tablespoon red bean paste aka adzuki bean paste ,4 tablespoon red bean aka adzuki beans ,12 Chinese dates pitted ,12-24 bamboo leaves two ends trimmed ,12 cooking strings 70cm/27inch each ,Honey or sugar for serving, optional | [For the savoury Zongzi in pyramid shape] 600 g glutinous rice 21oz ,6 shiitake mushrooms ,200 g pork belly cut into chunks ,2 tablespoon light soy sauce ,1 tablespoon dark soy sauce ,1 tablespoon Shaoxing rice wine ,¼ teaspoon Chinese five-spice powder ,1 pinch white pepper ,1 pinch salt ,1 pinch sugar ,1 teaspoon ginger minced ,48 bamboo leaves two ends trimmed ,12 cooking strings 125cm/50 inch each","[For the sweet Zongzi] 1) Prepare : Soak glutinous rice, red beans and bamboo leaves in water overnight. | 2) Assemble (triangle shape) : Use one wide bamboo leaf (or two overlapped narrow ones) to form a narrow cone. First, place a date in the cone, then some glutinous rice. Add a tablespoon of red bean paste . Top with more rice and whole red beans. Fold the two sides of the leaf over the rice. Then fold the top of the leaf down to cover the rice completely. Wrap the rest of the leaf around the shape. Tie with a cooking string. Please refer to the video below. | 3) Cook : Place Zongzi in a pot (ideally small enough to let them snuggle). Fill the pot with water completely covering the Zongzi. Place a heavy plate on top. Bring the water to a boil then leave to simmer for 2.5 hours (check the water level from time to time. Top up to ensure the Zongzi are always underwater). | 4) Serve : Equally delicious both warm and cold. Dip into sugar or honey for a sweeter taste if you wish. | [For the savoury Zongzi] 1) Prepare : Soak glutinous rice, shiitake mushrooms and bamboo leaves in water overnight. Marinate the pork with the rest of the ingredients overnight. | 2) Assemble (pyramid shape) : Overlap two leaves like an X. Form a wide cone in the middle. Place some glutinous rice in, then the pork and mushroom. Top with more rice and make it level. Fold two ends of the leaves towards the middle. Then use another two leaves to seal two sides. Tie with a cooking string (opposite direction of the last two leaves). Please refer to the video below. | 3) Cook : Same as cooking sweet Zongzi (see above). | 4) Serve : Best to serve warm.",https://redhousespice.com/wp-content/uploads/2019/06/Zongzi-recipe-card.jpg,Main Course,Chinese,Dumplings,105 kcal,4.95,18.0,45.0
Easy congee with chicken and mushroom (香菇鸡肉粥),"Instead of the usual lengthy process, my recipe introduces a quick method to cook chicken and mushroom congee. Vegetarian/vegan adaptation is included.",https://redhousespice.com/congee-with-chicken-mushroom/,3m,12m,15m,4 servings,"[For the rice] 1 cup jasmine rice or short-grain rice, see note 1 ,6 cups boiling water ,4 dried shiitake mushrooms rehydrated & thinly sliced ,½ teaspoon salt | [For the chicken] 1 piece chicken breast cut into narrow strips/thin slices ,1 teaspoon light soy sauce ,1 teaspoon oyster sauce ,½ teaspoon Shaoxing rice wine ,½ teaspoon cornstarch ,½ teaspoon sesame oil ,1 pinch ground white pepper ,1 pinch salt ,1 pinch sugar | [You also need] 1 tablespoon minced ginger ,2 stalks scallions finely chopped ,2 boiled eggs optional ,4 tablespoon toasted peanuts crushed, optional, see note 2","[Freeze the rice] 1) The night before you cook the congee, rinse the rice under running water. Drain then put into a container/plastic bag. Freeze overnight. | 2) Soak dried shiitake mushrooms in water overnight. | [Cook the rice] 1) Pour boiling water into a pot. Put in the frozen rice. Add salt, mushroom and the water in which the mushrooms were soaked (it's full of umami flavour). | 2) Once it starts to boil again, turn down the heat to the lowest. | 3) Cover with a lid and leave to simmer for 10 mins. | [Marinate the chicken] 1) While waiting for the rice to cook. Marinate the chicken with all the ingredients listed. | [Cook the chicken] 1) Stir in the chicken strips and ginger. Cook for 1 min then turn off the heat. | 2) Leave to sit (covered) for a further 1 min. | [Assemble the dish] 1) Add the scallions to the congee. Stir well then transfer into the serving bowls. | 2) Optional garnish: Top each bowl with half of a hard boiled egg and some toasted peanuts. Serve warm.",https://redhousespice.com/wp-content/uploads/2020/06/easy-congee-with-chicken-mushroom-4-scaled.jpg,Breakfast,Chinese,"Chicken, Rice",248 kcal,4.96,50.0,101.0
"Chinese Dumplings, an Ultimate How-to Guide",Making Chinese dumplings can be easy and fun! Follow this recipe to learn how to prepare them from scratch.,https://redhousespice.com/dumpling-guide/,50m,15m,95m,30 dumplings,"[For the wrappers] 250 g all-purpose flour/plain flour about 2 cups (see note 1) ,130 g water ½ cup+2 teaspoon (see note 2) | [For the filling] Beef & Chinese chive filling ,Pork, Chinese chive & water chestnut filling ,Pork & scallion filling ,Pork, carrot & onion filling ,Pork, shrimp & mushroom filling ,Chicken & sweetcorn filling ,Dim sum style shrimp filing (Har gow) ,Soup dumpling (Xiao Long Bao) filling with aspic ,Bok choy, mushroom, vermicelli & egg filling Vegetarian ,Chinese chive, egg & vermicelli filling Vegetarian ,Tofu & vegetable filling Vegan | [You also need] neutral cooking oil If pan-frying ,30 slices carrot if steaming | [For serving] Six dumpling sauces ,Homemade chili oil ,Black rice vinegar","[Make the dough] 1) In a mixing bowl, add water to flour gradually. Mix with chopsticks/spatula until no more loose flour can be seen. Combine and knead into a dough. | 2) Leave to rest (covered) for 10 minutes then knead again until smooth. | 3) Cover and rest the dough again for 30-60 minutes until it becomes soft (Chinese cooks would say “as soft as an earlobe”). | 4) If using a machine : You can also use a stand mixer with a dough hook to make the dough. Knead on low speed for 8 minutes or so until smooth. Cover and rest for 30-60 minutes. | [Mix the filling] 1) While waiting for the dough to rest, mix the filling of your choice following instructions found in its respective recipe. | [Roll the wrappers] 1) Divide the dough into three parts. Roll one part into a rope then cut into 10 equal sections (cover the rest to avoid drying out). | 2) Press each piece into a small disc with the palm of your hand. | 3) Use a rolling pin to flatten it into a thin disc (Please refer to the tutorial video below ). Dust with flour if it sticks. Repeat to finished the rest of the dough. | [Assemble the dumplings] 1) Place a spoonful of filling on the wrapper. Seal the wrapper using the techniqe you're most comfortable with. Please refer to the tutorial video below or the methods demonstrated in "" Ten Ways to Fold Dumplings "". | [Cooking option 1: Boiling] 1) Bring a pot of water to a full boil over a high heat. Gently slide in the dumplings (cook in two batches if using a small pot). Push them around with the back of a spoon to avoid sticking. Cover with a lid. | 2) When the water comes back to a full boil, add about 120 ml/0.5 cup of cold water then cover. | 3) Repeat the procedure another two times. When fully cooked, the dumplings should be plump and floating on the surface. | 4) Transfer the dumplings to a colander. Briefly rinse under tap water (make sure it’s drinkable water). Drain and serve immediately. | [Cooking option 2: Pan-frying] 1) Heat up a little oil over high heat. Place in dumplings (Gently move the pan back and forth to make sure each dumpling is in touch with the oil). | 2) When the bottom part of the dumplings becomes golden brown, pour in cold water (enough to cover ⅓ of the dumplings). Cover with a lid (remain high heat). | 3) Uncover when the water evaporates completely. Cook another 30 seconds or so to crisp up. | [Cooking option 3: Steaming] 1) Scatter carrot slices in the steamer baskets, then place dumplings on top (This is to avoid sticking. You may use parchment paper or coat the steamer with a little oil). | 2) Bring the water to a full boil in a pot/wok, then place the baskets in (you may stack up 2-3 baskets and cook all at once). Cover with a lid then steam over medium heat for 10 minutes. | [Serve the dumplings] 1) Serve the dumplings warm with a dipping sauce if you like. Choose one of the Six Dumpling Sauces or make a simple one by mixing homemade chili oil and black rice vinegar . | [Freeze uncooked dumplings] 1) Place assembled, uncooked dumplings on a tray lined with parchment paper (or dusted with flour). Put into the freezer. | 2) Once completely frozen, transfer them into an airtight plastic bag/container. Use within three months. | [Cook frozen dumplings] 1) No need to defrost before cooking. If boiling or pan frying, follow the same methods explained above. If steaming, prolong the cooking time by 2 minutes.",https://redhousespice.com/wp-content/uploads/2021/02/uncooked-dumplings-on-a-tray-scaled.jpeg,Main Course,Chinese,"Dumplings, Jiaozi, Potstickers",,5.0,70.0,105.0
Kimchi Dumplings,"Intensely flavorful with a crispy crust, pan-fried kimchi dumplings are totally worth trying. This recipe comes with clear instructions, helpful tips, and a tutorial video.",https://redhousespice.com/kimchi-dumplings/,40m,10m,50m,30 dumplings,"[Ingredients] 30 pieces dumpling wrappers shop-bought or homemade ,7 oz firm tofu ,1.7 oz glass noodles see note 1 ,7 oz kimchi ,3 oz Chinese chives ,2 teaspoon sesame oil ,½ teaspoon Sichuan pepper oil optional ,¼ teaspoon ground white pepper ,Salt to taste ,Neutral cooking oil for pan-frying ,Chili oil & black rice vinegar for dipping, optional","[Prepare the wrappers] 1) If using shop-bought wrappers, defrost them in the fridge. Do not open the packaging until you’re ready to assemble. | 2) For fresh wrappers, please follow my Dumpling Wrappe r recipe. Allow about 1 hour 20 minutes for making, resting the dough, and rolling individual wrappers. | [Mix the filling] 1) Put tofu blocks on a deep plate, then place something heavy over the tofu to help squeeze out some of the water. Let it sit for 10 minutes or so. Over a mixing bowl, crumble the pressed tofu into small pieces. | 2) Soak glass noodles in warm water until they become pliable. Chop them into small strands, then add to the mixing bowl. | 3) Finely chop kimchi and Chinese chives, then add them to the mixture, along with sesame oil, Sichuan pepper oil if using, and white pepper. Mix well then give the filling a taste. Stir in a little salt if necessary. | [Fold the dumplings] 1) Place a portion of the filling in the middle of a wrapper (moisten the edge with a little water if using shop-bought ones). Fold the wrapper into a half-moon shape, adding a few pleats as you go. Place the assembled dumplings on a tray dusted with flour to prevent sticking. | [Pan-fry (see other methods in note 2 & 3)] 1) In a large skillet/frying pan, heat oil just enough to cover the surface. Put in dumplings. Leave to fry over high heat until the bottom of the dumplings turns golden (lift one to check). | 2) Pour cold water into the skillet, deep enough to cover ⅓ of the height of the dumplings. Cover with a lid immediately. | 3) Leave to steam over high heat until the water has fully evaporated. Remove the lid, then keep the skillet on the burner for another 20-30 seconds to further crisp the dumplings. | 4) Serve immediately with a mixture of Chinese chili oil and black rice vinegar, or dipping sauces of your choice. | [Make ahead] 1) Put uncooked dumplings over a tray lined with parchment paper. Store in the freezer until fully frozen. Transfer them into airtight bags. Keep in the freezer for up to 3 months. | 2) Pan-fry frozen dumplings, without defrosting, following the same method.",https://redhousespice.com/wp-content/uploads/2024/01/pan-fried-kimchi-tofu-dumplings-scaled.jpg,Main Course,Chinese,"Dumplings, Jiaozi, vegan dumplings",53 kcal,5.0,6.0,10.0
Pan-Fried Pork Chive Dumplings,"Crispy pan-fried pork and chive dumplings with juicy filling—packed with flavor, fun to make, and irresistibly delicious in every bite!",https://redhousespice.com/pan-fried-pork-chive-dumplings/,50m,10m,90m,30 dumplings,"[For the wrappers] 250 g all-purpose flour about 2 cups (see note 1) ,130 g water ½ cup+2 teaspoon (see note 2) | [For the filling] 230 g ground pork ½ lb ,1⅛ teaspoon salt ,1 teaspoon sesame oil ,¼ teaspoon five spice powder or ground Sichuan pepper , white pepper ,6 tablespoon water or unsalted stock ,140 g Chinese chives 5 oz, finely chopped | [You also need] Neutral cooking oil for pan-frying ,Chinese chili oil for dipping, optional ,Black rice vinegar for dipping, optional","[Make the dough] 1) In a mixing bowl, add water to flour gradually. Mix until no more loose flour can be seen. Combine and knead into a dough. Leave to rest (covered) for 10 minutes then knead again until smooth. Cover and rest the dough again for 30-60 minutes until it becomes soft. | 2) If using a stand mixture with a dough hook : Add flour and water into the mixing bowl. Knead on low speed for 8 minutes or so until smooth. Cover and rest for 30-60 minutes. | [Prepare the filling] 1) Put ground pork in a bowl. Add salt, sesame oil, and white pepper. Stir the meat in one direction while gradually pouring in the water or stock. | 2) Once all the liquid is well absorbed and the meat becomes sticky, add Chinese chives. Mix well to evenly distribute the chives. Set aside, or refrigerate if not using immediately. | [Roll the wrappers] 1) Divide the dough into three parts. Roll one portion into a rope then cut it into 10 equal pieces (cover the other two portions to avoid drying out). | 2) Press one dough piece into a small disc with the palm of your hand. Then flatten it into a thin disc with a rolling pin ( Please refer to the tutorial video below ). Dust with a little flour if the dough sticks. Repeat to finish the rest of the dough. | [Assemble the dumplings] 1) Place a spoonful of filling on a wrapper. Fold the wrapper and seal it using the technique you're most comfortable with. Please refer to the tutorial video below or the methods demonstrated in "" Ten Ways to Fold Dumplings "". | 2) * If you're using frozen wrappers , defrost them in the fridge. Wet the edge of the wrapper with a little water, then fold and seal the filling in securely. | [Pan-fry the dumplings] 1) In a skillet, heat a little oil, about 1 tablespoon for a 12-inch skillet. Place in the dumplings (fry them in two batches if your cookware isn’t big enough). | 2) Leave them to fry over high heat until the bottoms of the dumplings turn golden (lift one to check). Pour cold water into the skillet, enough to cover ⅓ of the height of the dumplings. Cover with a lid. | 3) Keep the heat high and wait for the water to evaporate completely. Uncover the skillet and let the dumplings crisp up further for about 20 seconds. | 4) Transfer the dumplings to a serving plate. Enjoy them on their own, or with a dipping sauce made of chili oil and black rice vinegar.",https://redhousespice.com/wp-content/uploads/2024/12/pan-fried-pork-chive-dumplings.jpg,Main Course,Chinese,"Dumplings, pan-fried dumplings, pork dumplings",59 kcal,,,
Sichuan Dumplings (Zhong Dumplings/钟水饺),Make mouth-watering Sichuan dumplings with this simple recipe! They’re filled with succulent pork and seasoned with a super flavorful sauce. An absolute delight to your taste buds.,https://redhousespice.com/sichuan-dumplings/,40m,35m,75m,40 dumplings,"[For the spiced sweet soy sauce] 1 cup light soy sauce ,¼ cup water ,½ cup dark brown sugar or rock sugar, light brown sugar ,2 stalk scallions ,5 slices ginger ,1 star anise ,1 piece cassia cinnamon ,2 bay leaves ,1 teaspoon Sichuan pepper ,½ teaspoon fennel seeds ,1 Tsao-ko optional | [For the dumplings] 1 stalk scallions chopped ,5 slices ginger ,1 teaspoon Sichuan pepper ,⅓ cup hot water ,12 oz ground pork see note 1 ,1 egg ,1 teaspoon Shaoxing rice wine ,½ teaspoon sesame oil ,½ teaspoon salt ,¼ teaspoon sugar ,⅛ teaspoon white pepper ,40 dumpling wrappers if using frozen ones, defrost beforehand | [You also need] Chinese chili oil to taste ,Minced garlic to taste","[Make the spiced sweet soy sauce] 1) Put all the ingredients for the sweet soy sauce into a saucepan. Bring to a boil then turn the heat down to low. Leave to simmer uncovered for 25 minutes or so until the volume has reduced by about ⅓. | 2) Use a sieve to separate the liquid and the solid bits. Discard the latter and leave the spiced sweet soy sauce to cool (see note 2). | [Prepare the filling] 1) Put ginger, scallion, and Sichuan pepper into a small bowl. Pour in hot water. Set aside to infuse for 10 minutes, then pass through a sieve and keep the liquid for later use. | 2) Add ground pork, Shaoxing rice wine, sesame oil, egg, salt, sugar, and white pepper to a mixing bowl. Pour in the aromatic water from the last step gradually while stirring in one direction with chopsticks/spatula until the liquid is fully absorbed. You’ll end up with a smooth, sticky, paste-like mixture. | [Fold the dumplings] 1) Place some filling in the middle of a dumpling wrapper. Fold it into a half circle. Press the rim to seal it all around. | 2) If using shop-bought wrappers, you’d need to wet the rim with a little water before pinching them together. | 3) Put assembled dumplings onto a lightly floured surface without them touching one another. This is particularly important if using freshly made wrappers . | [Cook the dumplings] 1) In a large pot/wok, bring plenty of water to a full boil. Slide in the dumplings (you may need to cook them in two batches depending on the size of your cookware). Gently move them around to prevent sticking. Cover with a lid and leave to cook over high heat. | 2) Once the water comes back to a full boil, add about ½ cup (120ml) of cold water then cover. Repeat the procedure another two times. The dumplings will be fully cooked when the water boils again after the third water addition (They should be all floating on the surface). | [Assemble the dish] 1) Fish out the dumplings with a slotted spoon (shake to drain off as much water as possible). Divide them into serving bowls (3-5 dumplings each as a snack or 10-12 dumplings as a meal). | 2) Add sweet soy sauce, chili oil, and minced garlic to each bowl. Stir to coat evenly. Adjust the sauce quantity based on the number of dumplings in each bowl. | [Make ahead & store] 1) The spiced sweet soy sauce: Once completely cool, transfer to a clean jar and store in the fridge for up to 3 months. | 2) The dumplings: Right after assembly, place them over a lightly floured tray in a single layer. Once completely frozen, transfer to an airtight bag and keep in the freezer for 3 months. Boil them the usual way without defrosting.",https://redhousespice.com/wp-content/uploads/2023/03/Sichuan-dumplings-02-scaled.jpg,Main Course,Chinese,szechuan dumplings,42 kcal,5.0,17.0,29.0
"How to Make Steamed Dumplings, Two Ways (蒸饺)","A complete guide on making steamed dumplings which includes two types of dough, filling ideas, folding methods, dipping sauce and make-ahead advice.",https://redhousespice.com/steamed-dumplings-two-ways/,40m,10m,50m,24 regular or crystal dumplings,"[For regular wrappers] 230 g all-purpose flour aka plain flour ,100 g boiling water ,30 g room temperature water see note 1 | [For crystal wrappers] 100 g wheat starch (澄粉) ,70 g tapioca starch/corn starch ,170 g boiling water see note 2 ,2 teaspoon cooking oil | [For the filling (see note 3 for other filling options)] 200 g minced pork ,¼ teaspoon white pepper ,¼ teaspoon salt ,½ teaspoon sesame oil ,2 tablespoon water or stock ,150 g Chinese chives finely chopped ,30 g canned water chestnuts finely chopped ,1 tablespoon papery dried shrimp minced (optional, see note 4) | [For steaming] 24 slices carrot see note 5 for other options | [For serving (optional)] Six dumpling Sauces ,Homemade chilli oil ,Black rice vinegar","[Make the dough] 1) For regular wrappers: Pour boiling water into the flour while mixing with chopsticks. Then add room temperature water. Stir until no more liquid can be seen. Combine and knead with your hands until smooth. Cover the bowl then rest for 30 minutes. | 2) For crystal wrappers: Mix wheat starch and tapioca starch (or cornstarch) in a bowl. Pour boiling water over (It has to be just boiled). Stir with chopsticks immediately to distribute the water evenly. Then add oil. Combine and knead with your hands until very smooth. It can be used straight away. Remember to cover it well while preparing the filling. | [Mix the filling] 1) Put minced pork into a mixing bowl. Add white pepper, salt, sesame oil & water. Stir to combine. | 2) Add Chinese chives, water chestnut & dried papery shrimp. Mix well then keep in the fridge until you’re ready to assemble the dumplings. | [Roll the wrappers] 1) Divide the dough into two parts. Roll each part into a rope then cut into 12 equal sections (24 pieces in total). | 2) Use a rolling pin to flatten a piece into a thin disc, about 9-10cm in diameter (Please refer to the tutorial below). Dust with flour/starch if it sticks. Remember to cover the unused pieces to prevent them from drying out. | [Assemble the dumplings] 1) Place a spoonful of filling on the wrapper. Fold and seal completely. The video below shows you how I fold them in half-moon shape and triangle shape. | 2) Check out my post and video on "" Ten Ways to Fold Dumplings ” if you wish to learn other techniques. | [Steam the dumplings] 1) Scatter carrot slices in the steamer basket, then place dumplings on top (This is to avoid sticking. You may use parchment paper or coat the steamer with a thin layer of oil). | 2) Bring the water to a full boil, then place the basket in and cover with a lid. | 3) Steam over medium heat for 10 minutes for the regular dumplings, or 6 minutes for the crystal dumplings. | [Serve the dumplings] 1) It’s best to enjoy steamed dumplings when warm. | 2) You can serve them on their own, with a simple mix of homemade chilli oil & black rice vinegar or with other delcious sauces found in my post "" Six Dumpling Sauces "". | [Reheat leftovers] 1) Keep the leftover cooked dumplings in an airtight container in the fridge for up to 2 days. To reheat, you may either steam for 3-4 minutes or pan fry over low heat with a little oil until piping hot. | [Make-ahead & freeze] 1) Right after the dumplings are assembled, lay them in a single layer on a tray. Freeze until completely frozen. Transfer to an airtight container/plastic bag. Store in the freezer for up to 2 months. | 2) Cook frozen dumplings: Do not defrost. Steam for 15 mins or so.",https://redhousespice.com/wp-content/uploads/2020/09/Steamed-Dumplings-15-scaled.jpg,Main Course,Chinese,"Authentic, Jiaozi",,5.0,25.0,32.0
Vegan dumplings with spicy dipping sauce,"Filled with five-spice tofu and Chinese chives and served with a delicious dipping sauce, these vegan dumplings are a great treat for all.",https://redhousespice.com/vegan-dumplings/,20m,15m,95m,30 dumplings,"[For the wrappers] 250 g all-purpose flour about 2 cups, plus some for dusting ,130 ml water ½ cup+2 teaspoon (see note 1) | [For the filling] 150 g five-spice tofu/smoked tofu finely chopped, about 1 cup ,70 g Chinese chives finely chopped, about 1 cup ,6 shiitake mushrooms finely chopped, about ⅓ cup (see note 2) ,50 g carrot grated, about ½ cup ,1 tablespoon scallions finely chopped ,½ teaspoon ginger minced ,¼ teaspoon ground Sichuan pepper ,1 tablespoon cooking oil ,2 teaspoon light soy sauce ,¼ teaspoon sesame oil ,¼ teaspoon salt or to taste | [For frying] cooking oil ,water | [For the dipping sauce] 1 tablespoon cooking oil ,1 teaspoon chilli flakes ,¼ teaspoon ground Sichuan pepper ,1 teaspoon scallions finely chopped ,1 pinch sugar ,2 teaspoon light soy sauce ,2 teaspoon black rice vinegar","[Make the dough] 1) In a mixing bowl, add water to the flour gradually. Mix with chopsticks/spatula until no more loose flour can be seen. Combine and knead into a dough. | 2) Leave to rest (covered) for 10-15 minutes then knead again until smooth (see note 3). | 3) Cover and rest for a further 30-60 minutes until it becomes soft. | [Prepare the filling] 1) Put tofu, Chinese chive, mushroom and carrot into a large bowl. Place scallions, ginger and ground Sichuan pepper on top. | 2) Heat the oil until smoke appears. Pour it over scallions, ginger and Sichuan pepper. | 3) Add light soy sauce, sesame oil and salt. Mix well. | [Roll the wrappers] 1) Divide the dough into three parts. | 2) Roll one part into a rope then cut into 10 equal sections (cover the rest to prevent them from drying out). | 3) Press each piece into a small disc with the palm of your hand. | 4) Use a rolling pin to flatten it into a thin disc. Dust with flour if it sticks. | [Assemble the dumplings] 1) Place a spoonful of filling on the wrapper. | 2) Fold and seal the middle part. | 3) Make 2-4 pleats from each end. | 4) Press all around the edge to seal completely. | [Fry the dumplings] 1) Coat a frying pan with a thin layer of oil. Heat up over high heat. Place the dumplings in the pan. | 2) When the bottom part becomes golden brown, pour in water (enough to cover ⅓ of the dumplings) then cover with a lid. | 3) Uncover when the water evaporates completely. Cook another 30 seconds to crisp up. | [Prepare the sauce] 1) Heat the oil until smoke appears. Put chilli flakes, ground Sichuan pepper, scallion and sugar into a bowl. Pour hot oil over. | 2) Add light soy sauce, black rice vinegar. Mix well. | [Make-ahead tips] 1) Right after the dumplings are assembled, lay them on a tray to freeze (dust with flour or line with parchment paper). Then put them in an air-tight bag when frozen. | 2) Whenever you need to cook them, pan fry the usual way without defrosting.",https://redhousespice.com/wp-content/uploads/2019/12/vegan-dumplings-recipe-card.jpg,Main Course,Chinese,Dumplings,481 kcal,5.0,24.0,39.0
Chinese chive pockets (韭菜盒子),"Pan-fried flat dumplings filled with fragrant Chinese chives, tender eggs, and springy noodles — Chinese chive pockets are simply delightful.",https://redhousespice.com/chinese-chive-pockets/,30m,15m,60m,12 pieces,"[For the dough] 3 cup all-purpose flour plus a little extra for dusting ,1 cup hot water | [For the filling] 4 eggs lightly beaten ,1 bundle dried mung bean vermicelli 1.8 oz/50 g, optional, see note 1 ,6 oz Chinese chives finely chopped ,3 tablespoon neutral cooking oil ,1 teaspoon salt ,¼ teaspoon ground Sichuan pepper or five-spice powder , ground white pepper | [For frying] 2 tablespoon neutral cooking oil","[Make the dough] 1) Put the flour into a heatproof bowl. Pour in hot water (soon after being boiled). Stir with chopsticks or a fork until the flour turns into small lumps. | 2) As soon as the mixture becomes cool enough to handle, knead the mixture into a soft, smooth dough (see note 2). | 3) Cover the dough tightly with cling film. Leave to rest for 15 minutes. | [Prepare the filling] 1) Heat oil in a skillet over high heat until very hot. Pour in the beaten eggs and scramble until they turn solid. Once they cool down a little, chop into small pieces. | 2) Soak mung bean vermicelli in hot water for 5 minutes until pliable. Rinse under cold water, then chop the strands into tiny pieces. | 3) Put the chopped chives, vermicelli and eggs into a mixing bowl. Stir in salt and ground Sichuan pepper (or five-spice powder, ground white pepper). | [Assemble the pockets] 1) Divide the dough into 12 equal portions. | 2) Dust the working surface and the rolling pin with a little flour to prevent sticking. Flatten each piece of dough into a round wrapper, about 6 in / 15 cm in diameter. | 3) Place the filling mixture in the middle of a wrapper then seal it into a semi-circle flat pocket (see note 3) | [Fry the pockets] 1) Fry the assembled pockets in two batches. Pour 1 tablespoon of oil into the skillet over medium heat. | 2) Place in 6 chive pockets then cover with a lid. Flip over when the first side becomes golden brown. | 3) Fry the other side uncovered until it turns golden brown (see note 4). | [Make ahead] 1) Freeze uncooked chive pockets on a lightly floured tray. Once completely frozen, transfer them to an airtight bag and store in the freezer for up to three months. | 2) Fry the frozen pockets without defrosting them first. When frying the first side, add about ½ cup (120 ml) of water and cover the pan with a lid.",https://redhousespice.com/wp-content/uploads/2020/02/Chinese-chive-pocket-recipe-card.jpg,Main Course,Chinese,Dumplings,219 kcal,5.0,32.0,55.0
Steamed cabbage rolls (翡翠包肉),"A tasty filling wrapped with cabbage leaves and served with a delicious sauce, steamed cabbage rolls are pretty, low-carb and very simple to make.",https://redhousespice.com/chinese-steamed-cabbage-rolls/,15m,10m,25m,2 servings,"[For the wrappers] 8 savoy cabbage leaves see note 1 ,1 long carrot optional | [For the filling] 4 dried shiitake mushrooms rehydrated in water ,200 g minced pork/beef/chicken 7oz ,1 stalk scallions, finely chopped ,2 teaspoon light soy sauce Use gluten-free soy sauce to make the dish gluten-free ,1 pinch Chinese five spice powder ,1 pinch sugar ,1 dash sesame oil | [For the sauce] 3 tablespoon mushroom water see note 2 ,1 tablespoon oyster sauce ,½ teaspoon cornstarch","[Prepare the wrappers] 1) Blanch cabbage leaves in boiling water until they begin to wilt (it should take no more than 20 seconds). Drain and set aside. | 2) Use a vegetable peeler to peel off 8 narrow strips of carrots. Blanch for a few seconds then drain (carrot is purely for an aesthetic reason so it’s optional). | [Mix the filling] 1) Squeeze out excess water in shiitakes mushrooms (keep the water in which the mushrooms are soaked for later use). Chop them into tiny pieces. | 2) Put mushrooms, minced meat and all the seasonings into a bowl. Mix well. | [Assemble the rolls] 1) Place ⅛ of the filling in the middle of a cabbage leaf. Wrap it into a cylinder shape. | 2) Tie the roll with a strip of carrot (please refer to my tutorial video below). Repeat to finish the rest. | [Steam the rolls] 1) Place the rolls into a serving plate then put into a steamer. Steam for 10 minutes. | 2) If you don’t have a steamer, see note 3 for an alternative solution which is also demonstrated in my tutorial video below. | [Make the sauce] 1) While waiting for the rolled to cook, mix 3 tablespoons of the mushroom water with oyster sauce and cornstarch. Stir well. | 2) Heat up the sauce over high heat. Remove as soon as it thickens. Pour it over the rolls. Serve warm. | [Make in advance] 1) You may keep raw, wrapped cabbage rolls in the fridge for up to 24 hours. Extend the steaming time to 12 minutes if just taken out from the fridge.",https://redhousespice.com/wp-content/uploads/2020/04/steamed-cabbage-rolls-4.jpg,Main Course,Chinese,"Dumplings, Pork",234 kcal,4.99,79.0,121.0
Colourful dumplings for Chinese New Year,"Appetizing and tasty, these colourful dumplings with pork and prawn filling make a perfect festive dish for family and friends.",https://redhousespice.com/colourful-dumplings/,50m,20m,130m,80 dumplings,"[For white wrappers] 150 g all-purpose flour ,75 ml water | [For green wrappers] 150 g all purpose flour ,200 g spinach ,200 ml water | [For orange wrappers] 150 g all purpose flour ,250 g carrot ,150 ml water | [For purple wrappers] 150 g all purpose flour ,200 g purple cabbage ,150 ml water | [For the filling] 400 g minced pork ,1 teaspoon salt ,½ teaspoon ground Sichuan pepper ,2 teaspoon light soy sauce ,½ teaspoon sesame oil ,2 teaspoon oyster sauce ,2 tablespoon scallions finely chopped ,1 teaspoon minced ginger ,200 g minced prawns ,160 g shiitake mushrooms, finely chopped 40g in dried form","[Prepare the green dye] 1) Bring water to a boil. Briefly blanch spinach then drain. Transfer to a food processor to puree. | 2) Use a fine sieve to extract 75 ml of spinach juice for the dough (add a little water if necessary). | 3) Set the leftover spinach aside. | [Prepare the orange dye] 1) Simmer sliced carrot in water for 5 minutes. Then transfer everything to a food processor. Blend until very smooth. | 2) Use a sieve to extract about 90g semi-liquid puree for the dough. | 3) Set the leftover carrot aside. | [Prepare the purple dye] 1) Simmer purple cabbage (cut into small pieces) in water for 5 minutes. | 2) Drain the cabbage to get 75 ml purple liquid for the dough. | [Make the dough] 1) Add water/green dye/orange dye/purple dye to the flour gradually. Mix until no more loose flour can be seen. Then combine and knead with your hand until smooth. | 2) Leave to rest covered for 40–60 minutes. | [Mix the filling] 1) Place pork in a mixing bowl. Add salt, Sichuan pepper, soy sauce, sesame oil, oyster sauce, scallions & ginger. | 2) Gradually add 5 tablespoons of the water in which the shiitake mushrooms have been soaked (or just water) to the meat while swirling in one direction until no more liquid can be seen. | 3) Add minced prawn, mushroom and 200g carrot puree, 150g spinach puree that was left from the last process. Mix well. | [Roll the wrappers] 1) Roll part of the dough into a rope then cut into small pieces (always keep the unused dough covered). | 2) Press each piece into a small disc. Then use a rolling pin to flatten it into a thin disc (Please refer to the video below). Dust with flour if the dough sticks. | [Assemble the dumplings] 1) Place a spoonful of filling in the middle of a wrapper. Seal the wrapper into the shapes of your choice (Please refer to the video below). You can learn other shapes in my post “ Ten ways to fold dumplings ”). | [Cooking method 1: Boiling] 1) Bring a pot of water to a full boil over a high heat. Gently slide in dumplings. Push them around with the back of a spoon to avoid sticking. Cover with a lid. | 2) When the water comes back to a full boil, add about 120 ml / 0.5 cup of cold water then cover. Repeat the procedure twice. When fully cooked, the dumplings should be plump and floating on the surface. | 3) Transfer the dumplings to a colander. Briefly run cold water over. Drain and serve immediately. | [Cooking method 2: Pan-frying] 1) Heat up a little oil (just enough to cover the surface of your pan) over a high heat. Place in dumplings. | 2) When the bottom part of the dumplings becomes golden brown, pour in cold water (enough to cover ⅓ of the dumplings). Cover with a lid. | 3) Uncover when the water evaporates completely. Cook another 30 seconds or so to crisp up. | [Cooking method 3: Steaming] 1) Place dumplings in the steamer basket (To avoid sticking: coat with oil/line with parchment paper/using carrot slices). | 2) Bring the water to a full boil, then place the basket in. Cook with lid on over a medium heat for around 10 minutes.",https://redhousespice.com/wp-content/uploads/2019/02/naturally-Coloured-dumplings.jpg,Main Course,Chinese,Dumplings,419 kcal,5.0,8.0,22.0
How to make great dumpling fillings,"Four tasty, moist fillings for homemade dumplings (including vegetarian and vegan versions). The video above the recipe card shows you two examples of how I prepare them.",https://redhousespice.com/dumpling-fillings/,20m,20m,20m,30 dumplings per recipe,"[For Pork Filling] 200 g minced pork 7oz ,½ teaspoon salt ,2 tablespoon scallions, finely chopped ,1 teaspoon minced ginger ,¼ teaspoon ground Sichuan pepper or Chinese five-spice powder ,1 teaspoon light soy sauce ,1 teaspoon oyster sauce ,½ teaspoon sesame oil ,5 tablespoon water / stock ,300 g celery, finely chopped 10oz ,2 tablespoon coriander, finely chopped | [For Chicken Filling] 100 g Shiitake mushrooms soaked & finely chopped, 3.5oz ,250 g minced chicken 9oz ,½ teaspoon salt ,1 pinch ground Sichuan pepper or Chinese five-spice powder ,1 teaspoon light soy sauce ,80 g water chestnut, finely chopped 3oz ,2 tablespoon cooking oil ,1 tablespoon scallions, finely chopped | [For Vegetarian Egg Filling] 2 tablespoon cooking oil ,4 eggs lightly beaten ,60 g Chinese chive, finely chopped 2oz ,60 g wood ear mushroom (soaked & finely chopped) 2oz ,½ teaspoon salt ,½ teaspoon sesame oil | [For Vegan Tofu Filling] 200 g soft tofu 7oz ,100 g pak choi 3.5oz ,½ teaspoon salt ,2 tablespoon cooking oil ,2 tablespoon scallions, finely chopped ,80 g carrot, grated 3oz ,100 g mung bean vermicelli, soaked & coarsely chopped 3.5oz ,1 pinch ground Sichuan pepper or white pepper ,½ teaspoon sesame oil","[For Pork Dumpling Filling] 1) Place pork in a mixing bowl. Add scallions, ginger, ¼ teaspoon salt, Sichuan pepper / five-spice, soy sauce, oyster sauce and sesame oil. | 2) Gradually add water to the meat while swirling in one direction until no more liquid can be seen. | 3) Add the remaining salt to the celery then leave to rest for 10 minutes. Squeeze out excess liquid then add to the meat. Mix well with coriander. | [For Chicken Dumpling Filling] 1) Soak shiitake mushrooms in water (ideally overnight) then chop into small pieces (remove the stem). | 2) Place chicken in a mixing bowl. Add salt, Sichuan pepper / five-spice and soy sauce. | 3) Gradually add 5 tablespoons of the water in which the mushrooms have been soaked to the meat while swirling in one direction until no more liquid can be seen. | 4) Add chopped mushrooms and water chestnut. Place scallions on top of the mixture. Pour hot oil over then mix well. | [For Egg Dumpling Filling (Vegetarian)] 1) Heat up oil in a wok / frying pan. Pour in the egg when the oil smokes. Dish out as soon as there is no more liquid. Coarsely chop when it cools down. | 2) Add Chinese chive, wood ear mushroom, salt and sesame oil. Mix well. | [For Tofu Dumpling Filling (Vegan)] 1) Blanch tofu in boiling water for 2 minutes. Drain and cut into small pieces. | 2) Briefly blanch pak choi then chop small. Add ¼ teaspoon salt. Leave to rest for 10 minutes then squeeze out excess liquid. | 3) Heat up oil in a wok / frying pan. Add scallions, carrot and the remaining salt. Fry until soft. | 4) Put all the ingredients into a bowl then mix well.",https://redhousespice.com/wp-content/uploads/2019/01/ingredients-for-dumpling-fillings.jpg,Main Course,Chinese,Dumplings,,5.0,54.0,109.0
Pan-fried vegetarian dumplings / potstickers (素煎饺),"Delectable on the palate and pleasing on the eyes, pan-fried vegetarian dumplings are filled with vegetables and resemble vegetables.",https://redhousespice.com/pan-fried-vegetarian-dumplings/,40m,10m,80m,40 dumplings,"[For the dough] 150 g spinach 5oz ,300 g all-purpose flour 2 ⅓ cups, plus extra for dusting | [For the filling] 200 g Pak Choi or Chinese cabbage ,60 g carrot ,5 dried Shiitake mushroom pre-soaked (see note 1) ,30 g dried mung bean vermicelli noodles pre-soaked ,1 egg ,1 stalk spring onion finely chopped ,½ teaspoon minced ginger ,1 pinch ground Sichuan pepper ,1 tablespoon cooking oil ,1 teaspoon salt | [You also need] Cooking oil for frying","[Prepare the spinach juice] 1) Briefly blanch spinach then transfer to a food processor to puree. | 2) Use a fine sieve to extract approximately 75 ml / 5 tablespoons of spinach juice (add anlittle water if necessary). Set the spinach puree aside for the filling. | [Make the dough in two colours] 1) Divide the flour into two equal portions. Add about 75 ml / 5 tablespoons of water to one portion of flour then knead to a white dough. | 2) Add the spinach juice to the other portion of flour to form a green dough. | 3) Leave to rest for at least 30 minutes (see note 2). | [Mix the filling] 1) Mince Pak Choi (Bok choy), carrot, Shiitake mushroom and mung bean vermicelli noodles (chop with a knife or use a food processor). | 2) Squeeze out the excess water from the vegetables with your hands. | 3) Stir in the spinach puree and egg. | 4) Place spring onion, ginger and ground Sichuan pepper on top of the mixture. Heat up the oil then pour it over the herbs and spice. | 5) Finally, add salt and mix(see note 3). | [Roll the wrappers] 1) Roll the white dough into two ropes. | 2) Flatten the green dough into two rectangle pieces (same length as the ropes) then wrap the white dough all round and seal well. | 3) Cut into about 40 equal sections. Press each piece into a small disc with the palm of your hand. | 4) Use a rolling pin to flatten it into a thin disc. Dust with flour if the dough sticks (Please refer to the video in the post). | [Shape the dumplings] 1) Place a spoonful of filling in the middle of a wrapper. | 2) Fold the wrapper, then seal it. You may do it any way you like. Make sure there is no leakage if you plan to boil (instead of frying) the dumplings. | [Fry the dumplings] 1) Coat a frying pan with oil and heat up over high heat. Place in the dumplings. | 2) When the bottom part becomes golden brown, pour in water (enough to cover ⅓ of the dumplings) then cover with a lid. | 3) Uncover when the water evaporates completely. Serve warm with a dipping sauce of your choice.",https://redhousespice.com/wp-content/uploads/2018/02/pan-fried-vegetarian-dumplings-with-bicolour-wrappers.jpg,Main Course,Chinese,Dumplings,381 kcal,5.0,11.0,39.0
Pork Dumpling with Napa Cabbage (猪肉白菜水饺),"Tasty and juicy filling wrapped with pleasantly chewy skin, Chinese pork dumpling with Napa cabbage is an absolute classic! Make-from-scratch instructions and a tutorial video are included.",https://redhousespice.com/pork-cabbage-dumpling/,50m,10m,90m,30 dumplings,"[For the wrappers] 250 g all-purpose flour/plain flour about 2 cups (see note 1) ,130 g water at room temperature ½ cup+2 teaspoon (see note 2) | [For the filling] ½ head Napa cabbage (aka Chinese cabbage) about 300g ,¼ teaspoon salt ,250 g minced pork about 9oz ,2 stalk scallions finely chopped ,1 teaspoon minced ginger ,2 tablespoon light soy sauce ,1 pinch ground Sichuan pepper or five-spice powder ,1 tablespoon dried shrimp soaked in 2 tablespoon water until soft (see note 3) ,½ tablespoon sesame oil | [For serving] Homemade chili oil ,Black rice vinegar","[Make the dough] 1) In a mixing bowl, add water to flour gradually. Mix with chopsticks/spatula until no more loose flour can be seen. Combine and knead into a dough. | 2) Leave to rest (covered) for 10 minutes then knead again until smooth. | 3) Cover and rest the dough again for 30-60 minutes until it becomes soft (Chinese cooks would say “as soft as an earlobe”). | 4) If using a machine : Add flour and water into the mixing bowl. Knead on low speed for 8 minutes or so until smooth. Cover and rest for 30-60 minutes. | [Mix the filling] 1) Cut Napa cabbage into thin slices then cut across again into tiny pieces. Put minced cabbage into a colander then add salt. Mix well and leave to rest for 10 mins or so (place the colander in a sink or over a plate to collect extracted water). | 2) Add minced pork, scallions, ginger, light soy sauce and ground Sichuan pepper to a mixing bowl. Mince rehydrated dried shrimp. Add it to the meat, along with the water in which it was soaked. Stir until the liquid is fully absorbed by the meat. | 3) Use your hands to squeeze the cabbage in batches to remove any water extracted by the salt. Then put into the bowl. Add sesame oil and mix to combine. | [Roll the wrappers] 1) Divide the dough into three parts. Roll one part into a rope then cut into 10 equal sections (cover the rest to avoid drying out). | 2) Press each piece into a small disc with the palm of your hand. Use a rolling pin to flatten it into a thin disc ( Please refer to the tutorial video below ). Dust with flour if it sticks. Repeat to finished the rest of the dough. | [Assemble the dumplings] 1) Place a spoonful of filling on the wrapper. Seal the wrapper using the technique you're most comfortable with. Please refer to the tutorial video below or the methods demonstrated in "" Ten Ways to Fold Dumplings "". | [Boil the dumplings] 1) Bring a pot of water to a full boil over high heat. Gently slide in the dumplings (cook in two batches if using a small pot). Push them around with the back of a spoon to avoid sticking. Cover with a lid. | 2) When the water comes back to a full boil, add about 120 ml (½ cup) of cold water then cover. | 3) Repeat the procedure another two times. When fully cooked, the dumplings should be plump and floating on the surface. | 4) Transfer the dumplings to a colander. Briefly rinse under tap water (make sure it’s drinkable water). Drain and serve immediately. | [Serve the dumplings] 1) Serve the dumplings warm with a mixture of homemade chili oil and black rice vinegar. Or read Six Dumpling Sauces for more inspirations. | [Freeze uncooked dumplings] 1) Place assembled, uncooked dumplings on a tray lined with parchment paper (or dusted with flour). Put into the freezer. | 2) Once completely frozen, transfer them into an airtight plastic bag/container. Use within three months. | [Cook frozen dumplings] 1) No need to defrost before cooking. Follow the boiling instructions explained above.",https://redhousespice.com/wp-content/uploads/2021/04/boiled-pork-cabbage-dumplings-1-scaled.jpg,Main Course,Chinese,"Chinese cabbage, Dim Sum, Dumplings",505 kcal,5.0,68.0,87.0
Wonton Soup (馄饨汤),"Tasty, juicy filling wrapped with slippery wrappers and served in an umami broth, this easy wonton soup makes a wonderful all-in-one meal.",https://redhousespice.com/pork-wonton-soup/,30m,6m,36m,4 servings,"[For the wontons] 300 g ground pork or chicken, shrimp, beef ,2 stalks scallions finely chopped ,1 teaspoon ginger minced ,1 tablespoon light soy sauce ,1 teaspoon Shaoxing wine ,¼ teaspoon salt ,1 pinch ground white pepper or ground Sichuan pepper , five-spice powder ,3 tablespoon chicken broth homemade or shop-bought (see note 1) ,40 pieces wonton wrappers homemade or shop-bought (see note 2) | [For the soup] 1 liter chicken broth homemade or shop-bought (see note 1) ,2 heads baby bok choy or other leafy greens ,Salt to taste ,Ground white pepper to taste ,Sesame oil to taste ,Scallions finely chopped ,Chili oil optional","[Mix the filling] 1) Add ground pork, scallions, ginger, light soy sauce, Shaoxing wine, salt, white pepper and 3 tablespoons of chicken stock to a mixing bowl. Swirl constantly to combine until the meat fully absorbs the liquid and becomes a sticky paste. | [Wrap the wontons] 1) With your fingertip, wet the edge of a wonton wrapper with a little water. Place some pork filling in the middle. Fold the wrapper into a rectangle. Press to seal the edge. From the folded side, wet one corner then place the other corner on top. Press to seal ( see video below ). | [Heat the broth] 1) In a saucepan, heat the chicken broth to a boiling point. Set aside for later use. | [Cook the wontons] 1) While the broth is heated, bring plenty of water in a separate pot/wok to a full boil. Gently put in the wontons. Move them around with a spoon to avoid sticking. You may need to cook them in batches (see note 3). | 2) When the wontons rise from the bottom and float on the surface, continue boiling for a further 1½ minutes or so. Put in bok choy and cook for another 20 seconds. | [Assemble the dish] 1) Add salt, ground white pepper and sesame oil to 4 serving bowls, then top up each one with the heated broth. | 2) Fish out the wontons and bok choy and put them to the bowls. Garnish with scallions and chili oil (if using). | [Make in advance] 1) You may freeze uncooked wontons right after they’re assembled (Do not leave them on the counter for too long). Lay them in a single layer on a tray lined with parchment paper. Once completely frozen, transfer them to airtight bags or containers. | 2) Cook frozen wontons: Do not defrost. Follow the same method above.",https://redhousespice.com/wp-content/uploads/2022/07/chinese-pork-wonton-in-soup.jpg,Main Course,Chinese,"easy wonton recipe, pork wonton, wonton, wonton recipe, wonton soup",453 kcal,5.0,69.0,120.0
Sichuan Spicy Wonton In Chili Oil (红油抄手),"Tender meat in slippery wrappers seasoned with a chili oil based sauce, Sichuan spicy wonton combines great flavour and texture. Follow my recipe to make it in 30 mins.",https://redhousespice.com/sichuan-spicy-wonton-in-chili-oil/,25m,5m,30m,4 servings,"[For the wontons] 2 stalks scallions ,1 tablespoon minced ginger ,80 ml warm water ,200 g minced pork or beef/chicken/turkey ,1 medium egg ,¼ teaspoon salt ,1 pinch ground white pepper ,40 wonton wrappers homemade or shop-bought | [For each portion of the sauce] 1 teaspoon minced garlic ,1 tablespoon light soy sauce ,1 teaspoon black rice vinegar ,¼ teaspoon ground Sichuan pepper see note 1 ,¼ teaspoon sugar ,2 tablespoon homemade chili oil or to taste, see note 2","[Mix the filling] 1) Finely chop the scallions. Put the white part into a bowl (keep the green part for garnishing the dish later). Add the ginger. Pour in the water. Leave to infuse for 5 mins. | 2) In another bowl, mix the minced meat, egg, salt and white pepper until well combined. | 3) Remove the scallions and ginger then pour the water into the meat in batches while stirring in one direction until the liquid is fully absorbed. | [Shape the wontons] 1) Lay a wonton wrapper on your hand. Dip the back of a spoon in water then use it to wet two neighbouring edges of the wrapper. | 2) Put the filling (about a teaspoon) in the middle. Fold the wrapper to form a triangle. Gently press to seal. | 3) Wet one of the sharp corners of the triangle. Put the other sharp corner over the wet corner. Press to stick two corners securely. Repeat to finish all the wrappers. | [Cook the wontons] 1) Bring a large pot of water to a full boil. Gently slide in the wontons. Cook over high heat. Push them around with a spoon to prevent sticking to the bottom (You may cook all 40 wontons at once or in two batches depending on the size of your cookware. They need to be able to move around with ample space). | 2) Once all the wontons rise to the surface, cook for a further minute. | [Assemble the dish] 1) While waiting for the wontons to cook, add all the ingredients for the sauce in each serving bowl. | 2) Use a slotted spoon to take out the wontons. Add them into serving bowls. | 3) Garnish with the green part of the scallions saved from step one. Mix well then serve immediately. | [Store the wontons] 1) Uncooked wontons freeze well. Lay them on a tray and keep in the freezer until fully frozen. Transfer to an airtight container/bag and put back to the freezer. Consume within 3 months. | [Cook frozen wontons] 1) Follow the same procedure to cook frozen wontons. Defrosting is unnecessary and not recommended.",https://redhousespice.com/wp-content/uploads/2020/12/a-bowl-of-spicy-wontons.jpg,Main Course,Chinese,"Dumplings, Sichuan, Spicy",348 kcal,4.99,80.0,102.0
"Century Eggs, the Myths and Recipe (Pi Dan, 皮蛋)","A classic Chinese salad combining century eggs, tofu and roasted pepper. The flavourful dressing can also be used in other dishes.",https://redhousespice.com/century-eggs/,4m,6m,10m,2 servings,"[Ingredients] 1 sweet pointed pepper see note 1 ,3 century eggs ,100 g silken tofu see note 2 ,1 stalk scallions, finely chopped | [For the sauce] 1 teaspoon minced ginger ,2 cloves garlic, minced ,½ tablespoon chili flakes ,¼ teaspoon ground Sichuan pepper see note 3 ,1 tablespoon neutral oil ,1½ tablespoon light soy sauce ,1½ tablespoon black rice vinegar","[Instructions] 1) Roast pepper in an empty pan/wok (Do not use non-stick cookware) over high heat. Flip from time to time until the skin wrinkles and charred spots appear (see note 4 for alternative methods). Scrape off the skin with a spoon. Slice the flesh of the pepper into thin strips. | 2) Peel century eggs then rinse briefly under running water. Cut into wedges. Place on a serving plate. | 3) Slice silken tofu into chunks then add to the plate. Top it with the pepper and scallions. | 4) Put ginger, garlic, chili flakes, Sichuan pepper in a bowl. Heat up oil then pour it over the spices. Add light soy sauce and black rice vinegar. Mix well. | 5) Pour the sauce over the egg, tofu and pepper. Serve as a salad for a multi-course meal with plain steamed rice.",https://redhousespice.com/wp-content/uploads/2021/01/century-egg-with-tofu-scaled.jpg,Appetizer,Chinese,"Eggs, Salad, Spicy",191 kcal,5.0,15.0,23.0
Chinese Chive and Egg Stir-Fry (韭菜炒鸡蛋),"Incredibly simple to make yet wonderfully flavorful, Chinese chive and egg stir-fry is a classic homey dish that everyone should try.",https://redhousespice.com/chinese-chive-egg/,2m,2m,4m,2 servings,"[Ingredients] 4 oz Chinese chives aka garlic chives ,4 eggs ,¼ teaspoon salt or to taste ,2 tablespoon neutral cooking oil","[Instructions] 1) Wash Chinese chives thoroughly, then shake off any excess water. Cut them into 1-inch (2.5 cm) long sections. | 2) In a big bowl, lightly beat the eggs until the yolks are well incorporated with the whites. Add the chives and salt to the eggs. Stir to mix well. | 3) Heat oil in a wok, or a skillet, over high heat until slightly smoking. Swirl the oil to coat a larger area, then pour in the chive and egg mixture. | 4) Let the eggs puff up undisturbed. As soon as the bottom part turns solid, push the block to the side of the wok, allowing the runny mixture to flow to the center to cook. | 5) When most of the mixture has solidified, toss and break any large lumps into bite-sized pieces, then transfer the dish out immediately.",https://redhousespice.com/wp-content/uploads/2024/03/Chinese-chive-egg-stir-fry-scaled.jpg,Main Course,Chinese,chive and egg,258 kcal,4.84,6.0,8.0
"Egg Drop Soup, The Classic Version (蛋花汤)","A simple, tasty dish using common ingredients, Chinese egg drop soup only takes a few minutes to cook. Learn pro tips to make it to perfection.",https://redhousespice.com/classic-egg-drop-soup/,2m,3m,5m,4 servings,"[Ingredients] 3 large eggs ,4 cups chicken broth or vegetable broth (see note 1) ,Salt to taste ,Ground white pepper to taste ,¼ teaspoon sesame oil ,3 tablespoon cornstarch ,1 stalk scallions finely chopped","[Instructions] 1) Crack the eggs then add 2 tablespoons of water. Beat lightly until the whites and yolks are fully integrated. Set aside. | 2) Pour the broth into a saucepan/pot. Bring it to a full boil then turn the heat down to a gentle simmer. | 3) Season the broth with salt, white pepper, and sesame oil. Taste to adjust. | 4) In a small bowl, mix cornstarch with 6 tablespoons of water until combined (make sure no starch sinks to the bottom). Gradually pour it into the broth while stirring with a spoon. | 5) Turn the heat to the lowest so the broth is at a bare simmer. Pour the beaten eggs in a thin stream while slowly swirling with the spoon. | 6) Transfer the soup to individual bowls. Garnish with scallions and serve immediately.",https://redhousespice.com/wp-content/uploads/2022/10/egg-drop-soup-with-scallions-scaled.jpg,Soup,Chinese,"chinese egg soup, egg drop soup, Egg flower soup",94 kcal,4.99,124.0,157.0
Tomato Egg Drop Soup (番茄蛋汤),"Neither chicken stock nor corn starch is required, Chinese tomato egg drop soup is a tasty, healthy dish that can be made in 10 minutes.",https://redhousespice.com/egg-drop-soup/,5m,5m,10m,4 servings,"[Ingredients] 3 medium ripe tomatoes ,2 eggs ,1 tablespoon cooking oil ,1 stalk scallions finely chopped ,1 teaspoon papery dried shrimp optional ,4 cups water ,½ teaspoon salt ,1 pinch ground white pepper ,¼ teaspoon sesame oil ,Coriander chopped","[Instructions] 1) Cut a cross on each tomato (opposite the stem). Leave them in hot water (just boiled) for 1-2 minutes. Take out and peel the skin off from the cross-cut. Then dice them into small cubes (see note). | 2) Crack the eggs into a bowl. Add 1 tablespoon of water. Whisk until smooth. | 3) Heat up the oil over high heat in a pot/wok. Fry scallions and papery dried shrimp until fragrant. | 4) Stir in the tomato pieces. Leave to cook until they become a little mushy. Pour in water then cover with a lid. | 5) When the water begins to boil, turn the heat down. Uncover and slowly pour in the egg. Swirl around with a spoon. | 6) Add salt, ground white pepper & sesame oil. Sprinkle over the chopped coriander.",https://redhousespice.com/wp-content/uploads/2018/12/chinese-tomato-egg-soup.jpg,Soup,Chinese,"chinese egg soup, tomato egg soup",82 kcal,5.0,18.0,39.0
"Egg Foo Young (Chinese Omelette, 芙蓉蛋)","An easy-to-follow egg foo young recipe which includes the formula for the classic gravy, as well as a tasty alternative way to season.",https://redhousespice.com/egg-foo-young/,10m,10m,20m,4 servings,"[For the gravy] 1 tablespoon oyster sauce ,1 tablespoon light soy sauce ,½ teaspoon dark soy sauce ,½ teaspoon sesame oil ,1 tablespoon cornstarch ,1 pinch ground white pepper ,1 pinch garlic powder optional ,1 pinch sugar ,240 ml water, or unsalted stock about 1 cup | [For the egg mixture] 6 eggs ,50 g shrimp (raw), diced about ⅓ cup (see note 1) ,50 g chicken (precooked), diced about ⅓ cup (see note 1) ,50 g bean sprouts about ½ cup ,30 g carrot, grated about ⅓ cup ,30 g scallions, finely chopped about ⅓ cup ,⅛ teaspoon salt ,Neutral cooking oil | [Alternative seasoning (substitute for the gravy)] Sweet soy sauce, or light soy sauce to taste ,homemade chilli oil to taste | [For garnishing] Scallions, finely chopped ,Toasted sesame seeds","[Prepare the gravy (skip this step if using alternative seasonings)] 1) In a small saucepan, mix oyster sauce, light and dark soy sauce, sesame oil, cornstarch, white pepper, garlic powder and sugar with room temperature water (or unsalted stock). | 2) Bring it to a boil then leave to simmer over low heat until it becomes just thick enough to coat the spoon (Do not overcook as the sauce will thicken further as it cools). | [Cook the egg mixture] 1) In a mixing bowl, lightly beat eggs. Then add shrimp, chicken, bean sprouts, carrot, scallions and salt. Mix well. | 2) Heat an empty wok over high heat until smoking hot (see note 2). Pour in oil (just enough to cover the bottom of the wok). Swirl to cover a bigger perimeter. Add ¼ part of the egg mixture. | 3) Turn the heat to medium-low and leave to fry. Once the bottom side becomes golden brown, flip to fry the other side. Repeat to cook the rest of the mixture. | [Garnish and serve] 1) Place the cooked egg foo young over steamed rice . Pour the gravy over. Alternatively, use soy sauce and chilli oil to season. Garnish with scallions and sesame seeds.",https://redhousespice.com/wp-content/uploads/2022/03/egg-foo-young-with-gravy-scaled.jpg,Main Course,Chinese,Eggs,232 kcal,4.98,45.0,58.0
Egg fried rice noodles (鸡蛋炒米粉),"Simple ingredients, great flavour. This egg fried rice noodles is quick to prepare using the easy Chinese dressing formula.",https://redhousespice.com/egg-fried-rice-noodles/,5m,5m,10m,2 servings,"[For stir-frying] 160 g dry rice noodles 5.6oz ,2 tablespoon vegetable oil ,2 egg, beaten ,1 onion, sliced ,2 clove garlic, crushed ,2 handful baby spinach ,2 teaspoon fresh chilli, finely chopped | [For seasoning] 2 teaspoon light soy sauce ,4 teaspoon black rice vinegar ,1 teaspoon sesame oil ,¼ teaspoon salt ,¼ teaspoon sugar ,2 teaspoon Chinese chilli oil or to taste","[Prepare the noodles] 1) Soak dry rice noodles in boiling water for the amount of time recommended for stir-fries (read instructions on the package. It varies depends on the brand). | 2) Rinse under cold water then leave the noodles in a bowl of cold water. Cut them into shorter strips with scissors. | [Mix the sauce] 1) Mix all the ingredients for seasoning. Set aside. | [Stir fry] 1) Heat up oil in a wok (or a deep frying pan) over high heat until it smokes. Pour in the beaten egg. Break it into small pieces with a spatula. | 2) As soon as the egg is cooked, add onion & garlic. fry for 30 seconds or so. | 3) Take rice noodles out of the water and put directly into the wok. | 4) Add the seasoning prepared earlier. Stir fry constantly until the noodles are evenly heated. | 5) Stir in baby spinach and fresh chilli. Turn off the heat immediately once the spinach wilts.",https://redhousespice.com/wp-content/uploads/2017/02/Egg-fried-rice-noodles-recipe-card.jpg,Main Course,Chinese,"Eggs, Noodles",506 kcal,5.0,19.0,41.0
Egg and Pickled Chili Stir-fry (剁椒鸡蛋),"A classic dish from Hunan cuisine, egg and pickled chili stir-fry is a simple, exciting and delectable way to cook eggs.",https://redhousespice.com/egg-pickled-chili-stir-fry/,3m,5m,8m,2 servings,"[Ingredients] 5 eggs ,2 tablespoon water ,2½ tablespoon neutral cooking oil, or lard divided ,2 tablespoon pickled chili garlic sauce or to taste (see note 1) ,1 tablespoon minced garlic ,1 teaspoon fermented black beans optional (see note 2) ,20 g fresh chili pepper cut into sections","[Instructions] 1) Crack eggs into a bowl. Add water and beat until the yolk and white are fully combined. | 2) Heat up 2 tablespoons of oil in a wok/frying pan. Pour in the egg when the oil is very hot. Push around with a spatula to cook the egg evenly. Then break it into smaller pieces. Dish out as soon as no runny part is left. | 3) Add the remaining ½ tablespoon of oil to the wok/frying pan. Stir in pickled chili garlic sauce, garlic, and fermented black beans. Fry until fragrant. | 4) Put in the green chili and cooked egg. Stir fry for another 10 seconds to evenly distribute the ingredients. Dish out and serve immediately with steamed rice.",https://redhousespice.com/wp-content/uploads/2021/08/Egg-and-pickled-chili-stir-fry.jpg,Main Course,Chinese,"Eggs, Hunan, Stir-fry",304 kcal,5.0,7.0,13.0
Omelette with homegrown garlic sprouts,Don’t discard sprouted garlic! Grow them in water instead. Homegrown garlic sprouts add great flavour to omelette.,https://redhousespice.com/grow-garlic-sprouts/,2m,3m,5m,2 servings,"[Ingredients] 2 eggs ,A handful garlic sprouts chopped ,A pinch salt ,2 teaspoon water ,1 teaspoon cooking oil","[Instructions] 1) Put eggs, garlic sprouts, salt and water into a bowl. Beat until the egg white and yolk are well combined. | 2) Heat up the oil in a non-stick frying pan over a medium high heat. Pour in the egg mixture. Give it a good swirl. | 3) Turn the omelette over when the first side becomes golden brown. Cook until the other side is done.",https://redhousespice.com/wp-content/uploads/2017/03/omelette-with-home-grown-garlic-sprouts.jpg,Side Dish,Chinese,"Eggs, Vegetables, Vegetarian",,5.0,6.0,17.0
Seaweed Egg Drop Soup (紫菜蛋花汤),"Enjoy this humble and effortless Chinese seaweed egg drop soup - light, comforting, full of umami, and ready in minutes.",https://redhousespice.com/seaweed-egg-drop-soup/,2m,3m,5m,4 servings,"[Ingredients] ¼ oz dried laver seaweed aka Zi Cai/紫菜 (see note 1) ,3 eggs ,1 teaspoon neutral cooking oil ,2 stalks scallions finely chopped ,1 tablespoon papery dried shrimp or regular dried shrimp (see note 2) ,1½ tablespoon light soy sauce ,½ tablespoon black rice vinegar ,1 teaspoon sesame oil ,¼ teaspoon salt or to taste ,⅛ teaspoon ground white pepper","[Instructions] 1) Heat oil in a saucepan, then add papery dried shrimp and the light green part of the scallions. Sizzle until fragrant. | 2) Carefully pour in 4 cups (1000ml) of water and bring it to a boil. | 3) Use one hand to pour in the beaten eggs in a thin stream, while swirling the water in one direction with a spoon held in the other hand. | 4) Once the egg strands form, add the seaweed, torn into small pieces. Leave to simmer over low heat for 30 seconds. | 5) Turn off the heat and season the soup with light soy sauce, black rice vinegar, sesame oil, salt, and white pepper. | 6) Finally, garnish with the remaining scallions and serve warm.",https://redhousespice.com/wp-content/uploads/2025/04/Seaweed-egg-drop-soup-5-scaled.jpg,Side Dish,Chinese,"egg drop soup, Soup",92 kcal,,,
Chinese Tea Eggs (茶叶蛋),Probably the best way to enjoy hard-boiled eggs! Chinese tea eggs are packed with flavor and have a beautiful marble look. They make a great high-protein and low-calorie snack.,https://redhousespice.com/tea-eggs/,2m,13m,735m,8 eggs,"[Ingredients] 8 eggs at room temperature (see note 1) ,2 bags black tea or 1 tablespoon of loose tea (see note 2) ,1 star-anise see note 3 ,1 bay leaf ,1 piece Chinese cinnamon aka cassia cinnamon ,½ teaspoon Sichuan peppercorn ,2 tablespoon dark soy sauce ,1 tablespoon light soy sauce ,1 teaspoon Shaoxing rice wine optional ,½ tablespoon sugar ,2 teaspoon salt","[Instructions] 1) Bring plenty of water (enough to cover all the eggs) to a full boil in a pot/saucepan. Gently slide in all the eggs. Leave to boil uncovered over medium heat for 8 minutes (if you prefer runny yolks, reduce the time to 7 minutes). | 2) While waiting for the egg to cook, put all the other ingredients into a clean saucepan. Add 2 cups (500ml) of water. Bring to a boil then leave to simmer for 3 minutes. Set aside. | 3) When the eggs are cooked, transfer them to a large bowl of cold water. Once they’re cool enough to touch, gently crack them one by one against the kitchen counter making sure the shells are cracked all around. | 4) Place the eggs in a container (ideally one that can fit them snuggly). Pour in the marinade. Cover with a lid and leave to steep for 12 to 24 hours before serving (see note 4). | 5) To reuse the leftover marinade: Freeze it if you don’t plan to make another batch soon. Add more tea, spices and seasonings when necessary. Always boil it for each use to prevent bacteria growth.",https://redhousespice.com/wp-content/uploads/2023/02/peeled-tea-eggs-scaled.jpg,Breakfast,Chinese,Eggs,72 kcal,5.0,30.0,66.0
Tofu Omelet (豆腐蛋饼),"Combining simplicity and taste with two healthy ingredients, the Chinese-style tofu omelet is a winner for quick cooking and delicious flavor.",https://redhousespice.com/tofu-omelet/,3m,5m,8m,2 servings,"[Ingredients] 10 oz tofu medium or firm ,3 large eggs ,½ tablespoon neutral cooking oil ,2 stalk scallions finely chopping ,1 tablespoon soy sauce ,⅛ teaspoon salt ,1 pinch ground white pepper ,2 tablespoon water ,1 teaspoon sesame oil or Chinese chili oil","[Prepare the ingredients] 1) Drain tofu from its packaging. Pat dry with kitchen paper, then cut it into squares or rectangle pieces of about ½ inch (1.3 cm) thickness. | 2) Crack and lightly beat the eggs in a bowl. | 3) In another bowl, mix soy sauce, salt, and white pepper with water. | [Fry the tofu] 1) Heat oil in a medium-sized, non-stick skillet/frying pan. Place in the tofu pieces and part of the scallions (keep some of the green part for garnishing). Leave to fry over medium heat until the bottom side of the tofu turns golden. | [Cook the eggs] 1) Pour in the beaten eggs. Let it cook undisturbed. Once the bottom part firms up and you can slide the omelet freely in the skillet, gently transfer it onto a plate. | 2) Cover the plate with the skillet, then flip it over so that the undercooked side of the omelet is facing down. Let it cook for about 20 seconds. | [Season the dish] 1) Carefully pour the seasoning mixture around the edge of the omelet so it runs underneath. Wait for 5 to 10 seconds before sliding the omelet onto a serving dish. | 2) Drizzle sesame oil or chili oil over the top, along with the remaining scallions. Serve immediately.",https://redhousespice.com/wp-content/uploads/2024/07/Chinese-tofu-omelet-3-scaled.jpg,Main Course,Chinese,"omelette, tofu and egg",285 kcal,4.75,4.0,14.0
Tomato Egg Stir-Fry (番茄炒蛋),"Cooked with minimum ingredients in just a few minutes, tomato egg stir-fry is a must-try Chinese dish. You'll be surprised how wonderful it tastes!",https://redhousespice.com/tomato-egg-stir-fry/,3m,4m,7m,2 servings,"[Ingredients] 4 medium ripe tomatoes about 11oz/310g (see note 1) ,4 eggs ,2 tablespoon neutral cooking oil divided ,3 cloves garlic sliced ,½ teaspoon salt ,1 pinch sugar ,½ stalk scallions finely chopped","[Instructions] 1) Remove the stems of the tomatoes, then cut them into bite-sized pieces. Optionally, remove their skin beforehand (see note 1 to learn how). | 2) Crack the eggs into a bowl and add 2 tablespoons of water. Beat until the whites and yolks are well integrated. | 3) Heat 1½ tablespoons of oil in a skillet/frying pan over high heat until very hot (see note 2 if using a carbon steel wok). | 4) Pour in the beaten egg. Allow the bottom part to set first. Then move with a spatula so that the running part flows to the hot surface to cook. Break the scrambled egg into bite-sized pieces then transfer out to a plate. | 5) Add the remaining ½ tablespoon of oil to the same skillet/pan/wok. Fry sliced garlic over medium heat until fragrant (do not burn). | 6) Put in the chopped tomato. Stir-fry for 20 seconds or so. Add ¼ cup (60ml) of water. Leave to cook until the tomato becomes a little mushy. | 7) Add the scrambled egg. Sprinkle salt, sugar and scallions over. Give everything a quick stir to combine. Dish out and serve immediately with steamed rice , or as a topping for noodles (see note 3 if using a carbon steel wok).",https://redhousespice.com/wp-content/uploads/2022/10/stir-fried-tomato-and-egg.jpg,Main Course,Chinese,"chinese tomato egg, tomato and egg stirfry",300 kcal,5.0,102.0,187.0
Kung Pao shrimp (宫保虾仁),"Make authentic Kung Pao shrimp at home with this easy recipe. Learn the seasoning ratio and cooking procedure for the perfect balance of spicy, sweet, and sour flavors.",https://redhousespice.com/kung-pao-shrimp/,10m,3m,13m,2 servings,"[For the shrimp] 11 oz shrimp headless and skinless ,1 teaspoon Shaoxing rice wine ,1 teaspoon cornstarch ,1 pinch salt ,1 pinch white pepper | [For the sauce (see note 1)] 1½ tablespoon black rice vinegar ,1 teaspoon light soy sauce ,½ teaspoon dark soy sauce ,1 teaspoon Shaoxing rice wine ,2 teaspoon cornstarch ,2 teaspoon sugar ,1 tablespoon water | [For the nuts] ⅓ cup skinless peanuts or cashew nuts (see note 2) | [For stir-frying] 2 tablespoon neutral cooking oil divided ,10 dried chilli or to taste, halved and deseeded ,1 teaspoon whole Sichuan peppercorn see note 3 ,3 clove garlic sliced ,1 teaspoon julienned ginger ,4 stalk scallions diced","[Marinate the shrimp] 1) Put shrimp, Shaoxing rice wine, cornstarch, white pepper, and salt in a bowl. Mix well then leave to marinate for 5 minutes. | [Prepare the sauce] 1) In a small bowl, mix light soy sauce, dark soy sauce, black rice vinegar, Shaoxing rice wine, sugar, cornstarch, and water. Set aside. | [Toast the nuts (skip if the nuts are already roasted)] 1) Put raw peanuts (or cashew nuts) in a cold wok/skillet. Turn on the heat and toast the nuts over medium-low heat. Once they brown slightly, transfer them out and set them aside. | [Stir-fry the dish] 1) Add 1 tablespoon of oil to a hot wok/skillet over medium-high heat. Stir in the marinated shrimp. As soon as it curls up and turns pink, dish it out (do not overcook). | 2) Wipe clean the wok/skillet with kitchen paper. Pour the remaining 1 tablespoon of oil. Add dried chili, Sichuan pepper, garlic, and ginger. Fry until fragrant (be careful not to burn the chilies). | 3) Stir in scallions. Fry for about 30 seconds. Then add the shrimp, toasted nuts, and the sauce mixture (stir well beforehand in case any starch has sunk to the bottom). Give everything a quick stir. Dish out when the sauce thickens to your desired consistency. Serve warm with steamed rice.",https://redhousespice.com/wp-content/uploads/2023/03/Kung-Pao-Shrimp-1.jpg,Main Course,Chinese,"kung pao, Shrimp, Sichuan",456 kcal,4.85,19.0,38.0
Pan Fried Belt Fish (香煎带鱼),"Quick to prepare and delightful to eat, pan-fried belt fish is a well cherished dish in Chinese households.",https://redhousespice.com/pan-fried-belt-fish/,10m,5m,25m,4 servings,"[Ingredients] 1 lb belt fish aka ribbonfish, gutted ,2 stalk scallions julienned ,1 thumb-sized ginger julienned ,1 tablespoon Shaoxing rice wine ,½ teaspoon salt ,⅛ teaspoon ground white pepper ,2 tablespoon cornstarch ,2 tablespoon neutral cooking oil","[Prepare] 1) Gently rub the surface of the fish with the rough side of a clean sponge or the blade of a dull knife to remove the silver layer. Rinse the fish under running water then pat it dry with kitchen paper. | 2) Cut the fish into manageable sections. Then score both sides of each piece with crosswise lines to enhance flavor penetration. | [Marinate] 1) In a bowl or tray, mix the fish with scallions, ginger, Shaoxing rice wine, salt, and white pepper. Leave to marinate for 10 minutes. | 2) Discard the aromatics and any liquid appeared during marination. Evenly coat the fish with cornstarch. | [Pan-Fry] 1) Heat the oil in a large skillet. Place in the fish pieces. Leave to fry undisturbed over medium heat. | 2) Once the bottom side becomes golden, flip each piece over to brown the other side. | 3) Serve warm with steamed rice, accompanied by other savory dishes. Or, enjoy it at room temperature as a snack.",https://redhousespice.com/wp-content/uploads/2024/07/pan-fried-belt-fish-3-scaled.jpg,Main Course,Chinese,"belt fish, ribbonfish",,5.0,1.0,5.0
Purple sprouting broccoli and prawn stir-fry,"Fresh, crunchy, healthy and very easy to cook, purple sprouting broccoli and prawn stir-fry is a great seasonal dish to try.",https://redhousespice.com/purple-sprouting-broccoli-prawn/,10m,5m,15m,2 servings,"[Ingredients] 160 g medium prawns, peeled and deveined 5.5oz ,130 g purple sprouting broccoli florets, or regular broccoli 4.5oz ,5 baby corn, sliced ,½ teaspoon Shaoxing rice wine ,½ teaspoon corn starch ,1 tablespoon cooking oil ,5 clove garlic, crushed ,1 teaspoon light soy sauce ,1 pinch salt","[Instructions] 1) Put prawns flat on a chopping board then cut sideways from the back (Do not cut through). Marinate the prawns with rice wine and corn starch for 5 mins. | 2) Heat up the oil in a wok (or a deep frying pan) on a high heat. Stir in the marinated prawns. Cook until they curl up and become pink (do not overcook). Transfer to a plate. | 3) Turn the heat down to medium. Add garlic into the remaining oil. Leave to sizzle until fragrant. Stir in broccoli florets, baby corn and soy sauce. | 4) Pour the prawns back into the wok when the vegetables are tender. Sprinkle with salt. Stir for another 30 seconds or so.",https://redhousespice.com/wp-content/uploads/2020/06/Purple-sprouting-broccoli-and-prawn-stir-fry-recipe-card.jpg,Main Course,Chinese,"Shrimp, Vegetables",,5.0,3.0,5.0
Scallion Ginger Salmon with Soy Dressing,Pan-fried salmon with crispy skin seasoned with scallion and ginger infused oil and an umami-rich sauce. It only takes 15 minutes to cook.,https://redhousespice.com/scallion-ginger-salmon/,5m,10m,15m,4 servings,"[Ingredients] 1.3 lb salmon filet (skin on) see notes 1 & 2 ,⅛ teaspoon salt ,6 stalks scallions ,5 sliced ginger ,2 tablespoon light soy sauce ,1 tablespoon Shaoxing rice wine see note 3 ,½ teaspoon sugar or honey ,¼ teaspoon ground white pepper ,4 tablespoon neutral cooking oil","[Prepare] 1) Pat dry salmon filet thoroughly with kitchen paper. Sprinkle salt evenly over the flesh side. | 2) Cut scallions into sections then slice them lengthwise into thin strips. Cut ginger into sticks. | 3) Mix light soy sauce, Shaoxing rice wine, sugar (or honey), and white pepper in a small bowl. | [Pan-fry] 1) Pour oil into a skillet (frying pan). Add scallions and ginger. Fry over medium heat until the scallions start to wilt. | 2) Push the scallions and ginger to the side of the skillet leaving most of the oil over the empty surface. Place the salmon, skin side down, over the hot oil. Press with a spatula to ensure the skin is in contact with the oil. | 3) Leave to cook for about 3 minutes (remain on medium heat) then flip over to cook the other side for a further 4 minutes. During the process, as soon as the scallions and ginger start to brown, pick them out to avoid burning. | 4) Finally, turn the heat to high, and flip over the salmon again to crisp the skin side for a minute. Once it browns nicely, turn off the heat. Transfer the salmon to a serving plate (skin side up). Pour the oil around it. | 5) Pour the sauce mixture into the skillet. Use its remaining heat to bubble up the sauce for 5 seconds or so. Pour it around the salmon (see note 4). Sprinkle the fried scallions and ginger over the fish and serve immediately.",https://redhousespice.com/wp-content/uploads/2023/01/pan-fried-salmon-with-soy-dressing.jpg,Main Course,Chinese,pan-fried salmon,318 kcal,4.88,33.0,59.0
Shrimp Fried Rice (虾仁炒饭),"Made with juicy shrimp, fluffy eggs, and perfectly seasoned rice, Chinese shrimp fried rice comes together in minutes and is so satisfying to enjoy!",https://redhousespice.com/shrimp-fried-rice/,3m,5m,8m,3 servings,"[For the shrimp] 7 oz shrimp raw, shelled, see note 1 ,½ teaspoon cornstarch ,⅛ teaspoon salt | [Other ingredients] 2 tablespoon neutral cooking oil divided ,2 eggs lightly beaten ,3 cup cooked rice see note 2 ,3 clove garlic minced ,1½ teaspoon light soy sauce ,¼ teaspoon salt ,1 pinch ground white pepper ,½ teaspoon sesame oil ,1 stalk scallions finely chopped","[Prepare the shrimp] 1) Put shrimp into a bowl. Sprinkle cornstarch and salt over, then gently rub them to coat evenly. | 2) Pour ½ tablespoon of oil into a hot wok/skillet. Add the shrimp. Toss to sear them quickly over high heat. Transfer out as soon as it curls up and turns pink (see note 3). | [Scramble the eggs] 1) Add 1 tablespoon of oil in the vacant wok over high heat. when it starts to smoke, pour in the beaten egg. As it turns solid, break it into small pieces before dishing it out for later use. | [Combine the dish] 1) Pour the remaining ½ tablespoon of oil into the wok. Add minced garlic and sizzle it until fragrant. | 2) Add cooked rice, along with light soy sauce, salt, and pepper. Toss constantly to heat the grains evenly. | 3) Put in the shrimp, egg, sesame oil, and scallions. Toss for 30 seconds or so to well combine all the elements. Serve warm.",https://redhousespice.com/wp-content/uploads/2025/03/Shrimp-fried-rice-3-scaled.jpg,Main Course,Chinese,fried rice,396 kcal,5.0,1.0,3.0
"Sichuan boiled fish (Shui Zhu Yu, 水煮鱼)","Tendre fish fillet poached in seasoned water, then topped with spices, Sichuan boiled fish is tasty, pungent and super addictive.",https://redhousespice.com/sichuan-boiled-fish/,15m,10m,25m,2 servings,"[For the fish] 250 g skinless, boneless fish fillet 9oz (see note 1) ,1 pinch salt ,1 pinch white pepper ,1 teaspoon Shaoxing rice wine ,1 teaspoon corn starch | [For the spices] ½ teaspoon cooking oil ,15 dried chilli ,2 teaspoon Sichuan peppercorn see note 2 | [For the vegetable] 1 teaspoon cooking oil ,250 g celery, cut into thin strips or bean sprouts | [For the broth] 2 tablespoon cooking oil ,2 clove garlic minced ,1 teaspoon ginger minced ,1 stalk scallions chopped ,1.5 tablespoon Sichuan chilli bean paste see note 3 ,1 teaspoon chilli powder ,400 ml hot water or chicken stock | [For garnishing] Coriander chopped ,2 tablespoon cooking oil","[Marinate the fish] 1) Slice the fish fillet diagonally. Marinate with salt, white pepper, rice wine & corn starch. | [Fry the spices] 1) In a wok (or a deep frying pan), fry dried chilli and Sichuan pepper in oil over a low heat until fragrant (do not burn them). Chop coarsely when cooled. Set aside. | [Cook the vegetable] 1) In the same wok, heat up oil over a medium heat, stir in celery. Cook for 1.5 minutes or so (30 seconds if using bean sprouts instead). Transfer to a serving bowl. Set aside. | [Make the broth] 1) Heat up oil in the wok, fry garlic, ginger and spring onion. Add Sichuan chilli bean paste and chilli powder. Pour in water (or chicken stock). Bring it to a full boil. | [Cook the fish] 1) Gently place the fish slices into the wok. When cooked, pour the fish and the soup onto the vegetable. | [Garnishing] 1) Top with fried spices and coriander. Heat up oil then pour over to sizzle the spices. Serve immediately with plain rice.",https://redhousespice.com/wp-content/uploads/2017/11/Sichuan-boiled-fish-shui-zhu-yu.jpg,Main Course,Chinese,Fish,512 kcal,4.99,85.0,169.0
Steamed salmon with spring onion oil (葱油三文鱼),"A healthy, tasty dish ready in 10 minutes. Steamed salmon fillets with homemade spring onion oil is aromatic, moist and tender.",https://redhousespice.com/steamed-salmon/,3m,7m,10m,2 servings,"[For steaming] 2 pieces salmon fillets about 250g/9 oz ,1 pinch salt ,3 slices ginger, julienned ,2 stalks scallions chopped ,70 g edamame ½ cup | [For the sauce] 1 tablespoon homemade scallion oil see note 1 ,2 teaspoon light soy sauce see note 2 ,½ teaspoon Shaoxing rice wine ,½ teaspoon sugar ,1 pinch white pepper","[Instructions] 1) Cut salmon fillets several times at a 45 degree angle (do not cut through). Rub salt all over. | 2) In a steamer (filled with hot water at the bottom), put in half of the ginger and scallions. Place the fillets on top. Fill the cuts of the fillets with the rest of the ginger and scallions. Add edamame to the side. | 3) Steam over a medium heat for about 5 minutes. | 4) Meanwhile, prepare the sauce. Mix all the ingredients in a sauce pan. Cook until bubbles appear. | 5) When the fillets are done, place them onto a serving plate along with the edamame. Pour the sauce over.",https://redhousespice.com/wp-content/uploads/2020/08/Steamed-salmon-with-spring-onion-oil-4.jpg,Main Course,Chinese,Fish,,5.0,3.0,8.0
"Suan Cai Yu (Sichuan Fish with Sour Vegetable, 酸菜鱼)","Tender fish slices in a hot and tangy broth bursting with aroma, Suan Cai Yu is an iconic Sichuan dish that can be easily prepared at home.",https://redhousespice.com/suan-cai-yu/,20m,10m,30m,4 servings,"[For the fish] 1½ lb boneless catfish filets see note 1 ,1 tablespoon Shaoxing rice wine ,2 teaspoon cornstarch ,¼ teaspoon ground white pepper ,⅛ teaspoon salt | [For the broth] 7 oz pickled mustard greens aka Haam Choy, Suan Cai ,2 tablespoon neutral cooking oil ,1 teaspoon minced ginger ,5 clove garlic minced and divided ,3 stalk scallions finely chopped and divided ,1 tablespoon Sichuan pickled chilies chopped, optional (see note 2) ,2½ cup water or unsalted stock ,1 teaspoon sugar ,¼ teaspoon ground white pepper | [For the toppings] 5 dried chlies or to taste, chopped ,1 teaspoon Sichuan peppercorn ,Toasted sesame seeds ,2 tablespoon neutral cooking oil","[Marinate the fish] 1) Lay the fish filets on a chopping board. Slice it at a 45-degree angle into thin, large pieces. | 2) Put them into a bowl. Add Shaoxing rice wine, salt, white pepper, and cornstarch. Use your hand to mix and rub gently. Then leave to marinate while preparing other ingredients. | [Prepare the vegetables] 1) Rinse the pickled mustard greens under running water, then soak them in water to reduce their saltiness. The time required differs depending on their original saltiness and your own preferences. Taste a piece, keeping in mind that it will taste milder once cooked in the broth. | 2) Drain them and squeeze to remove any excess water. Then cut them into pieces (slice the thick stem part at an angle). | [Make the broth] 1) Heat the oil in a wok over medium-high heat. Add ginger, garlic, scallions, and pickled chilies (keep ⅓ of the garlic and scallions for the last step). Sizzle them until fragrant. | 2) Put in the pickled mustard greens. Stir fry for about a minute, then pour in water (or stock). Bring it to a full boil. Cover with a lid and leave to simmer over low heat for 3 minutes. | [Cook the fish] 1) Put the marinated fish slices, ideally one piece at a time, into the gently simmering broth. Avoid overlapping for even cooking. Leave the fish to simmer undisturbed until they no longer look translucent and become firm. | [Sizzle the toppings] 1) Transfer the dish to a large serving bowl. Top with the remaining garlic, scallions, dried chili, Sichuan pepper, and sesame seed. | 2) Heat the oil in a dry, clean pan, then pour it over the toppings. Serve immediately with steamed rice.",https://redhousespice.com/wp-content/uploads/2024/05/suan-cai-yu-7-scaled.jpg,Main Course,Chinese,"sichuan fish, sour vegetable fish",329 kcal,5.0,3.0,11.0
Sweet and sour fish in 20 mins (糖醋鱼),Chinese sweet and sour fish ready in 20 minutes. No deep-frying needed. Visually appealing and balanced in flavour.,https://redhousespice.com/sweet-sour-fish/,5m,15m,20m,2 servings,"[For the fish] 1 whole rainbow trout, , gutted and descaled about 600g, see note 1 for other options ,1 tablespoon cornstarch or potato starch ,2 tablespoon cooking oil ,2 stalk scallions chopped ,2 slices ginger ,4 cloves garlic, sliced | [For the sauce] 1 tablespoon Shaoxing rice wine or white wine ,1 tablespoon light soy sauce ,3 tablespoon white rice vinegar or cidre vinegar ,1½ tablespoon sugar ,3 tablespoon tomato ketchup ,120 ml water ½ cup ,¼ teaspoon white pepper ,½ teaspoon salt | [You also need] Coriander, chopped","[Instructions] 1) Use kitchen paper to dry the fish completely. Coat the fish with a thin layer of corn starch (see note 2). | 2) Cut the fish at 45 degree angle several times on each side. | 3) Add oil to a hot wok (or a frying pan). Place fish in the wok, then turn the heat down to medium. Flip it over when the first side is golden and firm. It takes roughly 2 mins for each side (see note 3). | 4) While waiting for the fish to be fried, mix all the ingredients for the sauce. | 5) When the second side is done, push the fish over to one side of the wok. Put scallions, ginger and garlic into the oil. Stir fry for half a minute or so. | 6) Pour the sauce into the wok. Bring it to a boil then cover with a lid. Turn the heat to low. Leave to simmer for about 5 minutes each side. The sauce should be in a thick consistency at the end. | 7) Scatter coriander shortly before dishing the fish out. Serve warm with plain rice.",https://redhousespice.com/wp-content/uploads/2017/01/chinese-sweet-sour-fish.jpg,Main Course,Chinese,Fish,,5.0,20.0,33.0
Sweet and Sour Salmon,"Beautifully flavored with a pleasant contrast in texture, this sweet and sour salmon recipe is perfect for both weekday meals and special feasts.",https://redhousespice.com/sweet-sour-salmon/,5m,10m,25m,4 servings,"[Ingredients] 4 piece salmon filets | [For the sauce] 3 tablespoon white rice vinegar see note 1 ,3 tablespoon tomato ketchup ,1 tablespoon light soy sauce ,1 tablespoon Shaoxing rice wine see note 2 ,1½ tablespoon white sugar ,¼ teaspoon ground white pepper | [For the skin] 1 teaspoon olive oil ,1 pinch fine salt | [For the garnish] Scallions finely chopped","[Instructions] 1) Pat dry the salmon filets with kitchen paper to remove any moisture on the surface. | 2) In a microwave-safe bowl, mix all the ingredients for the sauce until well incorporated. Microwave for 20 seconds so that the sugar is fully dissolved. | 3) Pour the sauce into a roasting pan/oven dish. With the skin side facing up, lay the salmon filets over the sauce. Leave to marinate for 10 minutes or so. | 4) While waiting, prepare the oven by moving the rack up so that the salmon will be placed about 4 in/10 cm below the top heat element (not closer than that though). Preheat the oven to 425°F/220°C using the broil with fan setting (aka grill with fan). | 5) When the oven is preheated, brush a thin layer of olive oil over the skin, then sprinkle a little fine salt on top (do not overdo it). | 6) Put the pan/dish onto the oven rack. Leave to cook for about 10 minutes until the skin becomes crispy and the flesh is cooked (see note 3 for adjustment). Garnish with chopped scallions and serve immediately.",https://redhousespice.com/wp-content/uploads/2023/11/sweet-and-sour-salmon-1-scaled.jpg,Main Course,Chinese,"baked salmon, roast salmon",288 kcal,5.0,9.0,18.0
Homemade Alkaline Noodles/Ramen Noodles (碱水面),"Loved for its bouncy, slippery texture and appetising colour, alkaline noodles, aka ramen noodles, can be easily made at home and served in many delicious ways.",https://redhousespice.com/alkaline-noodles-ramen-noodles/,20m,3m,83m,4 servings,"[Ingredients] 500 g all-purpose flour ,½ teaspoon salt ,210 g water at room temperature ,1½ teaspoon lye water (Kansui) see note 1 for substitute ,Cornstarch for dusting","[Make the dough] 1) Add flour and salt to a mixing bowl. Mix water with lye water then pour into the flour gradually. Stir the flour constantly with chopsticks to evenly distribute the liquid. | 2) Use your hand to bring the lumps together to form a rough-looking dough. As this dough is on the dry side, this process may take some time to finish. You don’t need to make it smooth. It’s fine as long as everything is combined into one piece. | [Rest the dough] 1) Cover the dough with plastic wrap/cling film or a damp cloth. Leave to rest at room temperature for 1 hour. | 2) Knead the dough for 1-2 mins to make it smoother (Don’t worry if it’s not perfectly smooth). Then divide into four portions. | [Roll the dough sheet] 1) Use your hands or a rolling pin to flatten one piece of dough (cover the rest to prevent drying) until it’s thin enough to go through your pasta maker on the widest setting. | 2) Feed it through the machine. Then fold the dough lengthway and repeat the procedure another couple of times. | 3) Reduce the thickness setting. Pass the dough through twice. Then repeat the process while reducing the setting one number up at a time until the dough reaches the desired thickness. My pasta maker has settings from 0 to 9, I usually stop at No. 3 (2.4mm) or No. 4 (1.8mm). | [Cut the noodles] 1) Dust the dough sheet with a thin layer of corn starch (or other types of starch) to prevent the noodle strands from sticking. | 2) Pass the dough sheet through a cutting attachment (I use a spaghetti cutter) to produce noodles. At about halfway through the process, use your hand to catch the noodles. | [Cook the noodles] 1) Bring a large pot of water to a full boil. Add the noodles. Once the water comes back to boil, cook for a further 1-2 mins. Taste one strand to check the doneness (Do not overcook). | 2) Rinse the noodles under running water for a few seconds then drain well. Serve with a sauce, toppings or in a soup (if serving as a cold dish, rinse until cooled). | [Store the noodles] 1) Place uncooked noodles in sealed bags/containers. Store in the fridge for up to 5 days, or in the freezer for 3 months. | 2) Cook the usual way. No need to defrost if frozen.",https://redhousespice.com/wp-content/uploads/2021/07/Alkaline-noodles-in-rolls-scaled.jpg,Side Dish,Chinese,"Dough, Noodles, Vegan, Vegetarian",455 kcal,5.0,70.0,111.0
Easy Homemade Noodles (No Machine Required),"Manually prepared with three basic ingredients, Chinese homemade noodles are simple yet delicious.",https://redhousespice.com/basic-homemade-noodles/,40m,5m,45m,3 servings,"[Ingredients] 250 g all-purpose flour, or bread flour plus extra for dusting ,¼ teaspoon salt ,115 g water see note 1 ,1 tablespoon cornmeal or semolina for dusting (optional), see note 2","[Make the dough] 1) In a large bowl, mix flour and salt. Add water gradually while stirring the flour constantly to evenly distribute the liquid. | 2) Combine with your hand into a rough-looking dough. Cover then leave to rest for 30 mins. | 3) Knead the dough for about 3 mins until it becomes very smooth. | [Flatten the dough] 1) With a rolling pin, gradually flatten the dough into a sheet about 2mm thick. During this process, flip and turn the dough as often as necessary to achieve an even thickness. Also, remember to dust the surface and the dough with flour to prevent sticking. | [Cut the noodles] 1) Once the dough is rolled to your desired thickness, spread cornmeal over and underneath. Then fold the dough sheet into a band of 4-5 layers. Use a sharp, dry knife to cut it into thin strips. | 2) Gently unfold and loosen the noodles with your hands. | [Cook the noodles] 1) Bring a large pot of water to a full boil. Add the noodles. Cook over high heat. Once the water boils again, pour in 120ml/½ cup cold water. | 2) Cook the noodles for a further 1-2 mins (Taste a bit to check the doneness as the time required depends on the size of your noodles). | 3) Rinse the noodles briefly under running water to remove excess starch then drain well. Serve in soup or with sauce and toppings. | [Store the noodles] 1) You may increase the ingredient quantity proportionally and make a bigger batch. It’s best to freeze uncooked noodles right after they’re cut and loosened. | 2) Sprinkle extra cornmeal to prevent sticking and divide them into single portions. Place them in a single layer onto a tray. Store in the freezer. Once completely frozen, transfer the noodles into an air-tight bag/container. | 3) Cook the usual way without defrosting.",https://redhousespice.com/wp-content/uploads/2021/06/fresh-chinese-handmade-noodles-scaled.jpg,Side Dish,Chinese,"Dough, Noodles, Vegan, Vegetarian",306 kcal,5.0,32.0,49.0
Xi’an Biang Biang noodles,"Thick, broad, hand-pulled noodles seasoned with chilli, garlic and Sichuan pepper, Xi'an Biang Biang noodles offer a delectable taste and texture.",https://redhousespice.com/biang-biang-noodles/,20m,10m,100m,2 servings,"[For the noodles] 250 g all-purpose flour about 2 cups ,¼ teaspoon salt ,125 ml water ½ cup+2 teaspoon (see note 1) ,cooking oil for coating the dough | [For the seasoning] 1 tablespoon scallions finely chopped ,2 teaspoon garlic minced ,Chili flakes to taste ,Chili powder to taste ,¼ teaspoon ground Sichuan pepper ,Salt to taste ,3 tablespoon cooking oil ,1 tablespoon light soy sauce ,1 tablespoon black rice vinegar | [You may also need] 1 head bok choy or other green leafy vegetables","[Make the dough] 1) If using hands: Put flour and salt into a mixing bowl. Pour water over gradually while mixing with chopsticks. Combine and knead to form the rough-looking dough. Leave to rest for 10 minutes, then knead again until it develops a medium-firm, smooth texture . | 2) If using a stand mixer : Add flour, salt, and water to the mix bowl. Use a dough hook to mix and knead on low speed for about 8 minutes, until a smooth dough forms. | [Shape the dough] 1) Divide the dough into 8 equal pieces. Knead each one again, then roll it into a gherkin shape. Thoroughly coat each dough piece with oil then place them on a plate or in a container. Cover with cling film and leave to rest for 1 hour (See note 2). | [Pull the noodles (please refer to the video in the post above)] 1) Heat up a pot of water for cooking the noodles. While waiting, flatten each dough piece into a rectangle shape with a rolling pin. Once the water begins to boil, start the process of noodle pulling. | 2) Press the dough down the middle lengthwise using a rolling pin or a chopstick to create an indentation (be careful not to tear the dough). | 3) Hold each end of the dough and gently pull to stretch it to your desired thickness. Place the stretched dough on a surface and tear it along the indentation, creating a loop-shaped noodle. | [Cook the noodles] 1) Immediately after pulling, place the noodle into the boiling water (do not let it sit on the counter). Repeat the procedure to pull other dough pieces. Boil four noodles per portion at a time, then repeat the process to cook the other portion. | 2) When the noodles are nearly cooked through, add bok choy and blanch for 20 seconds. | [Season the noodles] 1) Put the drained noodles and blanched bok choy into 2 serving plates or bowls. Top them with chopped scallions, minced garlic, chili flakes, chili powder, ground Sichuan pepper, and salt. | 2) Heat up the oil in a small pan. When it starts to smoke, pour it over the aromatics and spices to sizzle. Add light soy sauce and black rice vinegar. Stir to coat the noodles evenly.",https://redhousespice.com/wp-content/uploads/2020/02/Xian-biang-biang-noodles-recipe-card.jpg,Main Course,Chinese,Noodles,709 kcal,5.0,147.0,220.0
"Chongqing Noodles (Xiao Mian, 重庆小面)","Fiercely spicy, mouth-numbing and super aromatic, Chongqing noodles are one of the most popular street foods of China.",https://redhousespice.com/chongqing-noodles/,10m,20m,30m,2 bowls,"[For the meat topping] 1 tablespoon cooking oil ,3.5 oz ground pork or beef ,1 teaspoon minced ginger ,1 tablespoon minced Ya Cai or Zha Cai (see note 1) ,1 pinch dried chilli flakes ,1 teaspoon Shaoxing rice wine ,2 teaspoon sweet bean sauce aka Tian Mian Jiang (see note 2) | [Noodles & vegetable] 7 oz dried noodles see note 3 ,1 handful leafy green eg. bok choy, water spinach, choy sum, etc. | [For the broth] 1¼ cup chicken/beef/vegetable stock see note 4 ,3.5 oz canned chickpeas, drained see note 5 ,2 tablespoon light soy sauce ,2 teaspoon black rice vinegar ,2 tablespoon Chinese chilli oil or to taste ,½ teaspoon ground Sichuan pepper or to taste ,1 teaspoon minced garlic ,1 teaspoon minced ginger ,½ teaspoon sesame oil ,1 pinch sugar | [For the garnish] 1 tablespoon roasted peanuts/cashews crushed ,1 tablespoon finely chopped scallion","[Cook the meat topping] 1) Heat up oil in the wok over high heat. Stir in minced meat and ginger. | 2) Loosen the meat with a spatula. When it turns pale, add Ya Cai/Zha Cai (see note 1), dried chilli flakes & Shaoxing rice wine. | 3) Add sweet bean sauce once the meat becomes dry. Fry for 30 seconds or so to evenly coat the meat. Dish out and leave aside for later use. | [Boil the noodles & vegetable] 1) Bring a pot of water to a full boil. Cook the noodles following the instructions on the package. | 2) Add the vegetable for a quick blanch then drain everything. | [Prepare the broth] 1) While waiting for the noodles, heat up the chicken stock with chickpeas. | 2) Mix all the other ingredients for the soup then pour an equal portion into the serving bowls. | [Assemble the dish] 1) Place the noodles and the vegetable in each bowl. | 2) Add the stock. Top with chickpeas and the cooked minced meat. | 3) Sprinkle roasted peanuts & scallion.",https://redhousespice.com/wp-content/uploads/2019/12/chongqing-noodles-Red-House-Spice-15.jpg,"Breakfast, Side Dish",Chinese,Noodles,490 kcal,5.0,47.0,71.0
Chicken Chow Mein (鸡肉炒面),Homecooked chicken chow mein tastes great and is likely healthier than the bought version. No hard-to-source ingredients are required and it takes only 15 minutes to prepare.,https://redhousespice.com/chow-mein/,10m,5m,15m,2 servings,"[For the chicken (see note 1 for other protein options)] 1 piece chicken breast about 180g/6.3oz ,½ tablespoon cornstarch, or tapioca starch ,1 pinch salt ,1 tablespoon water ,1 teaspoon sesame oil | [For the sauce] 1 tablespoon light soy sauce ,1 teaspoon dark soy sauce ,1 tablespoon oyster sauce ,1 pinch black pepper, freshly ground | [For the stir fry] 2 tablespoon neutral cooking oil divided ,1 stalk scallions, chopped white and green parts divided ,2 cloves garlic, sliced ,Fresh chilli, sliced to taste ,1 head bok choy, sliced see note 2 for other veggie options ,80 g bean sprouts about 1½ cup ,400 g ready-to-fry chow mein noodles/Chinese egg noodles about 14oz (see note 3 if using uncooked ones)","[Instructions] 1) Cut chicken breast into thin slices. Mix with cornstarch, salt and water until well incorporated. Pour in sesame oil. Stir to coat evenly. | 2) Mix light soy sauce, dark soy sauce, oyster sauce and black pepper. Set aside. | 3) Heat up a wok/skillet until very hot. Add 1 tablespoon of oil (see note 4 if using non-stick cookware). Stir in the chicken slices. Fry until they lose the pinkness and turn pale (do not overcook). Dish out. | 4) Pour the remaining 1 tablespoon of oil into the wok. Sizzle garlic, fresh chili and the white part of the scallion until fragrant. Put in noodles. Stir fry for 1 minute or so. | 5) Add the chicken, bok choy and bean sprouts then pour in the sauce mixture. Toss and mix until the seasoning is evenly distributed and everything becomes piping hot. | 6) Garnish with the green part of the scallion. Dish out and serve immediately. Drizzle some homemade chili oi l over if you wish.",https://redhousespice.com/wp-content/uploads/2021/10/chicken-chow-mein-scaled.jpg,Main Course,Chinese,"Cantonese, Chicken, Noodles, Stir-fry",466 kcal,5.0,120.0,151.0
"Cold Noodles With Sichuan Dressing (Liang Mian, 凉面)","Pungent, aromatic and refreshing, cold noodles with Sichuan dressing is such a delectable dish to try! My recipe explains in detail the cooking method, ingredient sourcing and topping inspirations.",https://redhousespice.com/cold-noodles-with-sichuan-dressing/,5m,20m,25m,2 servings,"[For the aromatic water] 1 teaspoon minced garlic ,1 teaspoon Sichuan pepper ,1 star anise ,4 tablespoon hot water | [For the chicken (see note 1 for vegetarian/vegan options)] 1 chicken thigh, boneless & skinless or 1 chicken breast, see note 2 | [For the noodles] 2 portion noodles of your choice, see note 3 ,1 teaspoon sesame oil | [For the dressing] 1 tablespoon light soy sauce or Sichuan spiced sweet soy sauce, see note 4 ,1 tablespoon black rice vinegar ,½ teaspoon sugar ,Salt to taste ,2 tablespoon Chinese chilli oil see note 5 ,¼ teaspoon Sichuan pepper oil optional | [For the toppings] 150 g cucumber, cut into matchsticks ,1 stalk scallions, finely chopped ,2 fresh chilli, thinly sliced ,Coriander ,Toasted or fried peanuts optional","[Prepare the aromatic water] 1) Put minced garlic, Sichuan pepper & star anise into a small bowl. Add hot water. Leave to infuse. | [Cook the chicken] 1) Option 1: Put the chicken on a plate. Steam for 15 mins over medium heat. Transfer to another plate to cool. | 2) Option 2 : Place the chicken in a roasting tray. Cover the tray with tin foil. Cook for 20 mins in a preheated oven at 390°F/200°C/Fan 180°C. Transfer to a plate to cool. | [Boil the noodles] 1) Bring a pot of water to a full boil. Add noodles. Boil until they are just cooked or a little undercooked. Be attentive to avoid boiling over. | 2) Drain the noodles. Rinse under tap water to cool. | 3) Transfer to a large bowl. Add sesame oil. Toss well. | [Assemble the dish] 1) Shred the chicken either by hand or with a knife. Add to the noodles along with cucumber, scallions and fresh chilli. | 2) Drain the aromatic water through a sieve. Discard the garlic & spices. Pour the water over the noodles. Add all the ingredients for the dressing and mix well. | 3) Transfer the noodles to 2 serving bowls. Top each one with coriander, peanuts (if using).",https://redhousespice.com/wp-content/uploads/2020/07/cold-noodles-with-Sichuan-dressing-4-scaled.jpg,Side Dish,Chinese,"Chicken, Noodles, Sichuan",439 kcal,4.98,34.0,68.0
Dan Dan Noodles(担担面),"Famous for its nutty and pungent taste, Dan Dan noodles can be easily replicated in your home kitchen. Try my easy-to-follow recipe!",https://redhousespice.com/dan-dan-noodles/,10m,15m,25m,2 servings,"[For the toppings] 4 oz ground pork or beef ,2 teaspoon light soy sauce ,2 teaspoon Shaoxing rice wine ,2 tablespoon neutral cooking oil ,2 tablespoon peanuts skinless, coarsely crushed ,1 teaspoon ginger minced ,1 tablespoon minced Ya Cai or Zha Cai (see note 1) ,1 teaspoon chilli flakes or to taste | [For the sauce] 1½ tablespoon Chinese sesame paste see note 2 ,1½ tablespoon water ,2 cloves garlic minced ,2 tablespoon light soy sauce ,1 tablespoon black rice vinegar ,½ teaspoon ground Sichuan pepper ,2 tablespoon Chinese chilli oil or to taste ,1 pinch sugar | [For the noodles] 2 portions noodles fresh or dried ,1 handful leafy green vegetable i.e bok choy, choy sum, spinach, etc | [For garnishing] 1 stalk scallions finely chopped","[Season the meat] 1) Put the ground pork in a bowl. Add soy sauce and rice wine. Mix well and loosen the meat as much as possible. | [Fry the toppings] 1) Pour oil into a cold wok. Add peanuts and fry over low heat until they turn golden brown. Transfer the peanuts to a bowl (Leave the oil in) and set aside. | 2) In the remaining oil, stir-fry the marinated meat with minced ginger, Ya Cai and chilli flakes. Dish out when the meat is fully cooked. Set aside. | [Mix the sauce] 1) In a bowl, mix sesame paste and water until it becomes semi-runny & smooth. | 2) Add garlic, soy sauce, vinegar, ground Sichuan pepper, chilli oil and sugar. Mix well and set aside. | [Cook the noodles] 1) Bring a large pot of water to a full boil. Cook noodles following the instructions on the package. | 2) Add the vegetable at the very end of the process. | 3) Once cooked, drain and rinse under cold water for a few seconds to remove excess starch. | [Assemble the dish] 1) Pour the sauce into two serving bowls. Add the noodles and the vegetable. | 2) Top with cooked meat and peanuts. Garnish with scallions.",https://redhousespice.com/wp-content/uploads/2017/02/Dan-dan-noodles-8.jpg,Main Course,Chinese,"Noodles, Sichuan spicy noodles, Tan Tan noodles",888 kcal,5.0,108.0,209.0
Glass Noodle Salad (凉拌粉丝),"A popular Chinese appetizer, glass noodle salad combines springy noodles, crunchy vegetables and a mouthwatering dressing. It’s vegan and gluten-free adaptable.",https://redhousespice.com/glass-noodle-salad/,10m,3m,13m,2 servings,"[Ingredients] 3.5 oz glass noodles see note 1 ,1 medium carrot grated ,½ large cucumber grated ,Chili pepper to taste, finely chopped ,Cilantro/coriander optional | [For the dressing] 3 cloves garlic minced ,1 teaspoon chili flakes or to taste ,1 teaspoon toasted sesame seeds ,1½ tablespoon neutral cooking oil ,1 tablespoon light soy sauce see note 2 ,1 tablespoon black rice vinegar see note 2 ,½ teaspoon sesame oil ,½ teaspoon sugar ,1 pinch salt","[Instructions] 1) Soak glass noodles in cold water for 10 minutes or in hot water for 5 minutes (see note 3) until they become pliable. Cut them shorter with scissors. | 2) Bring plenty of water to a boil in a saucepan. Add the drained noodles. Cook for about 2½ minutes (see note 3) until they’re done (can be snapped with nails but still crispy). | 3) Transfer them to a bowl of cold water to cool. Drain well and set aside. | 4) Put minced garlic, chili flakes, and sesame seeds into a small bowl. Heat oil then pour it over the mixture. | 5) Stir well then add light soy sauce, black rice vinegar, sesame oil, salt and sugar. | 6) Add the noodles, carrot, cucumber, fresh chili and cilantro (if using) to a large bowl. Pour the dressing mixture over. Toss well then transfer to a serving plate.",https://redhousespice.com/wp-content/uploads/2023/05/glass-noodle-salad-1.jpg,Salad,Chinese,"bean thread noodles, cellophane noodles, glass noodles",323 kcal,5.0,11.0,17.0
Glass Noodles with Napa Cabbage (白菜炖粉条),"Cook this classic Chinese dish made of silky glass noodles tossed with crunchy Napa cabbage in a flavourful braising sauce. It is quick, tasty and filling!",https://redhousespice.com/glass-noodles-napa-cabbage/,5m,10m,20m,2 servings,"[Ingredients] 80 g dried sweet potato noodles (or potato noodles) about 3oz (see note 1 for substitutes) ,½ head Napa cabbage (Chinese cabbage) about 300g/11oz ,1 tablespoon neutral cooking oil ,1 teaspoon whole Sichuan pepper ,Dried chilli pepper to taste ,3 cloves garlic, sliced ,2 stalks scallions, chopped ,1 tablespoon light soy sauce ,1 teaspoon dark soy sauce ,1 tablespoon oyster sauce see note 2 for vegan substitutes ,120 g water about ½ cup","[Prepare] 1) Put the dried noodles into a large bowl. Add hot water and leave to soak for 5 minutes until they become pale and pliable but still hard to break with nails (see note 3). Rinse under running water to cool. Drain well then set aside. | 2) Tear the leafy part of the napa cabbage into pieces, then cut the firm white part into strips. | [Stir-fry] 1) Add oil and whole Sichuan pepper to a cold wok (frying pan/skillet). Over low heat, toast the peppercorn until you see intense bubbles appear and smell its fragrance. Use a spatula to remove it from the wok leaving the oil in the wok. | 2) Turn up the heat to medium-high. Add dried chilli pepper, garlic and scallions (leave some for garnishing later). Fry until the garlic turns lightly golden on the edge. | 3) Put in the white part of the napa cabbage. Stir fry for 30 seconds or so. Add light soy sauce, dark soy sauce, oyster sauce and water. | 4) Toss to evenly distribute the seasoning, then put in the leafy part of the cabbage and the noodles. | [Braise] 1) Mix well then cover with a lid. Leave to cook over medium heat for about 4 minutes. The cooking liquid should be fully absorbed by the noodles at this point (if not, cook a little longer uncovered). | 2) Sprinkle the remaining scallions to garnish. Serve warm on its own, or as part of a multi-dish meal with steamed rice .",https://redhousespice.com/wp-content/uploads/2022/04/glass-noodles-with-napa-cabbage-scaled.jpg,Main Course,Chinese,"Noodles, Stir-fry, Vegetarian",227 kcal,5.0,21.0,29.0
"Hand-pulled noodles (La Mian), a foolproof recipe","A complete guide to Chinese hand-pulled noodles. Techniques explained in detail and two shapes introduced. Following this recipe, everyone can make them with ease!",https://redhousespice.com/hand-pulled-noodles/,10m,10m,110m,2 servings,"[Ingredients] 250 g all-purpose flour about 2 cups (see note 1) ,¼ teaspoon salt ,125 ml water ½ cup + 1 teaspoon ,cooking oil for coating the dough","[Prepare the dough] 1) IF KNEADING BY HAND: Mix flour and salt. Add water gradually. Mix with chopsticks/spatula until no more loose flour can be seen. Combine and knead briefly into a dough. Leave to rest for 10-15 minutes (covered). Knead again for about 2 minutes until very smooth. | 2) IF KNEADING WITH A STAND MIXER: Add flour, salt and water into the mixing bowl. Knead on low speed until a very smooth dough forms. | [Coat & rest the dough] 1) Divide the dough into two equal parts. With a rolling pin, flatten each piece into a rectangle shape (about ½ cm thick). | 2) Thoroughly coat each piece with oil then place them on a tray. Cover with cling film then leave to rest for 1.5 hours. | [Cut the dough] 1) Bring a large pot of water to a full boil. While waiting, cut the dough. | 2) Place one piece of dough on a chopping board. Widthways, cut it into strips: about 1 cm wide if making round, thin noodles; about 3 cm wide if making flat, wide noodles. | [Pull the noodles (see note 3 foralternative method)] 1) Pick up one strip of dough by holding each end gently. Pull towards opposite directions. The movement should be smooth and consistent. | 2) As your arms move apart, bounce the noodle against the worktop to help it stretch further. | 3) Fold the noodle and repeat the movement (Please refer to the video below). | [Cook the noodles] 1) Drop the pulled noodle into boiling water. Repeat the procedure to pull other strips cut from the first piece of dough. | 2) Cook 1 minute for the thin noodles or 2 minutes for the wide noodles (While waiting, cut the second piece of dough into strips.). Transfer the noodles to a serving bowl using a pair of chopsticks. | 3) Repeat to pull and cook the second bowl of noodles. | [Serve the noodles] 1) To avoid the noodles sticking to each other, serve immediately. | 2) You may add a broth or mix the noodles with toppings/dressings. Please see note 4 for recipe links. | [Store & Reheat] 1) If not serving straight away, you need to briefly rinse the noodles with cold water then add a few drops of sesame oil and stir well. Keep in the fridge for up to 2 days. | 2) To reheat: Bring a pot of water to a full boil. Add the noodles and cook for no more than 30 seconds.",https://redhousespice.com/wp-content/uploads/2020/01/Hand-pulled-noodles-15.jpg,Main Course,Chinese,Noodles,455 kcal,4.99,115.0,247.0
"Hot Dry Noodles (Re Gan Mian, 热干面)","A classic breakfast dish, hot dry noodles deliver exciting flavours, pleasant textures and are very easy to make!",https://redhousespice.com/hot-dry-noodles/,10m,5m,15m,2 servings,"[Ingredients] 2 portions alkaline noodles see note 1 for substitutes | [For the dressing] 2 tablespoon sesame paste see note 2 ,½ tablespoon sesame oil ,2 cloves garlic, minced ,2 tablespoon light soy sauce ,1 teaspoon dark soy sauce ,Salt ,Ground white pepper ,homemade chili oil optional | [For the toppings] Pickled long beans (酸豇豆), chopped See note 3 ,Preserved daikon radish (萝卜干), chopped See note 3 ,Scallions, finely chopped","[Instructions] 1) Heat up a large pot of water. While waiting for the water to boil, add sesame paste, sesame oil and 1 tablespoon of water to a bowl. Stir to thin the paste until it reaches a smooth and runny consistency. | 2) Put minced garlic into another small bowl. Once the water starts to boil, spoon out 2 tablespoon of hot water and pour over the garlic. Set aside. | 3) Add alkaline noodles to the boiling water. Cook until they’re “Al dente” (just cooked and firm in the middle when bitten). | 4) Rinse the noodles under running water for a few seconds then drain. Divide them into 2 serving bowls (see note 4). | 5) For EACH bowl, add 1 tablespoon of light soy sauce, ½ teaspoon of dark soy sauce, 1 pinch of salt, 1 pinch of ground white pepper and a dash of chili oil if using. | 6) Divide the thinned sesame paste and garlic water and add to the 2 bowls of noodles. | 7) Garnish with pickled long beans, preserved radish and scallions. Stir the noodles to evenly distribute the dressing. Serve immediately.",https://redhousespice.com/wp-content/uploads/2021/07/Wuhan-hot-dry-noodles-scaled.jpg,"Breakfast, Main Course",Chinese,Noodles,550 kcal,5.0,12.0,16.0
Suan La Fen (Hot and sour noodle soup/酸辣粉),"Slippery noodles served in an intensely flavored broth, Sichuan hot and sour noodle soup is utterly irresistible. It's simple and quick to prepare.",https://redhousespice.com/hot-sour-glass-noodle-soup/,10m,15m,25m,2 servings,"[Ingredients] 7 oz sweet potato glass noodles or mung bean vermicelli (aka bean thread noodles) ,2 cup unsalted stock vegetable or chicken ,2 tablespoon black rice vinegar i.e. Zhenjiang/Chinkiang vinegar ,1 tablespoon light soy sauce ,2 tablespoon Chinese chili oil or to taste ,¼ teaspoon ground Sichuan pepper ,2 clove garlic minced ,Salt to taste | [For the garnish] 2 tablespoon fried soybeans (see note) or roasted peanuts ,2 tablespoon preserved Sichuan pickle aka Zha Cai/榨菜, chopped ,Scallions or garlic sprouts ,Coriander optional","[Prepare the noodles] 1) Soak glass noodles in warm water for about half an hour until pliable. | 2) Bring a pot of water to a full boil. Add the noodles and boil them until they become translucent and are just cooked through. The process is quick, so remain vigilant to prevent overcooking. Taste the noodles if you’re unsure of their doneness. | [Prepare the soup] 1) While waiting for the noodles to cook, heat the stock until simmering. Pour it into two serving bowls. | 2) Add black rice vinegar, light soy sauce, Chinese chili oil, Sichuan pepper, and minced garlic (remember, the quantities in the ingredient list are for two bowls). Stir well, then taste. Add a little salt if necessary. | [Assemble the dish] 1) Put drained noodles into the bowls. Top with fried soybeans and preserved Sichuan pickle. Garnish with scallions and coriander if using.",https://redhousespice.com/wp-content/uploads/2024/03/sichuan-hot-sour-noodle-soup-6.jpg,Main Course,Chinese,"Noodles, Sichuan, Soup",,5.0,17.0,43.0
Hot and Sour Noodle Soup (酸辣面),"This might become your new favorite! Sichuan hot and sour noodles are quick to make and packed with irresistible flavors—a perfect dish for anyone who loves a spicy, tangy kick.",https://redhousespice.com/hot-sour-noodles/,2m,6m,8m,1 bowl,"[Ingredients] ½ tablespoon chili flakes or ground dried chili ,½ teaspoon sesame seeds ,⅛ teaspoon ground Sichuan pepper or ground white pepper ,1 teaspoon garlic minced ,1½ tablespoon neutral cooking oil ,2 tablespoon black rice vinegar ,1 tablespoon light soy sauce ,1 pinch sugar ,1 egg ,1 portion noodles fresh or dried, see note ,1 handful leafy greens e.g. bok choy, spinach ,½ stalk scallions finely chopped ,1 tablespoon roasted peanuts crushed","[Instructions] 1) To start, place chili flakes, ground Sichuan pepper, sesame seeds, and minced garlic in a serving bowl. Heat the cooking oil until it’s very hot, then pour most of it over the mixture, leaving the rest in the wok. Once the sizzling subsides, stir in black rice vinegar, light soy sauce, and sugar. | 2) Using the leftover oil, fry an egg. You can leave the yolk runny by cooking just one side, or flip it if you prefer it well done. | 3) Bring a pot of water to a boil and cook the noodles over medium heat. Just before they’re fully cooked, add a handful of leafy greens to blanch briefly. | 4) Ladle about 1¼ cup (300ml) of the noodle boiling water to the prepared bowl. Then add the drained noodles and greens. Top everything with the fried egg, a sprinkle of chopped scallions, and roasted peanuts.",https://redhousespice.com/wp-content/uploads/2025/05/Hot-Sour-Noodles-5.jpg,Main Course,Chinese,"noodle soup, Sichuan spicy noodles",702 kcal,5.0,2.0,6.0
"Liang Fen (Mung Bean Jelly Noodles, 凉粉)","Slippery jelly noodles seasoned with a mouthwatering dressing, Liang Fen is a refreshing dish with great texture. It's very simple to make it from scratch.",https://redhousespice.com/mung-bean-jelly/,3m,3m,186m,2 servings,"[For the jelly noodles] ½ cup mung bean starch see note 1 ,3½ cup water divided | [For the sauce] 2 cloves garlic minced ,1½ tablespoon light soy sauce ,1½ tablespoon black rice vinegar e.g. chinkiang vinegar ,½ teaspoon sesame oil ,Chinese chili oil or spicy black bean sauce , to taste (see note 2) ,Salt to taste ,Scallions finely chopped ,Fresh chili sliced (optional)","[Make the jelly] 1) In a bowl, mix mung bean starch with ½ cup of water until fully integrated. | 2) Heat up the remaining 3 cups of water in a saucepan until you see lots of bubbles start to appear at the bottom (Keep a close eye to avoid overheating it). | 3) Turn the heat to low. Stir the starch mixture well, then pour into the water. Stir constantly with a spatula for 1-2 minutes. | 4) When you see big air bubbles coming up to the surface and the mixture becoming quite thick and sticky but still runny, remove the saucepan from the heat (watch the video below for reference). | 5) Pour the translucent mass into a heat-proof container. Leave it to cool uncovered. Then cover with a lid and store in the fridge until it turns into a block of white, solid jelly. It takes 2-3 hours. | [Cut the noodles] 1) Put one hand over the jelly, then flip the container upside down. It will slide off onto your hand easily. Put the block onto a chopping board. | 2) Use a knife to cut the jelly into noodle strips of your preferred thickness (See note 3 for an alternative method). Transfer them to a serving plate/bowl. | [Season the dish] 1) In a small bowl, mix minced garlic, light soy sauce, black rice vinegar, sesame oil, chili oil and salt (if needed). Pour it over the jelly noodles. Top with scallions and fresh chili (if using). | [Make ahead] 1) You can keep the jelly refrigerated for up to 3 days. Slice and season whenever you want to serve the dish. | 2) Be aware that the jelly will become firmer and more brittle over time. So if you plan to serve it after more than 1 day, increase the water by ½ cup when cooking it.",https://redhousespice.com/wp-content/uploads/2022/07/mung-bean-jelly-noodle-salad.jpg,Side Dish,Chinese,"bean jelly noodles, jelly noodles, mung bean jelly salad",200 kcal,5.0,37.0,63.0
Super Easy Scissor-Cut Noodles (油泼剪刀面),A quick and fun way to make noodles from scratch. Try these Chinese scissor-cut noodles seasoned with a flavour-bursting sauce.,https://redhousespice.com/scissor-cut-noodles/,8m,8m,31m,2 servings,"[For the noodles] 250 g all-purpose flour see note 1 ,¼ teaspoon salt ,125 g water see note 2 ,½ teaspoon oil for coating | [For the seasoning (for 2 bowls)] 1 tablespoon finely chopped scallions ,½ tablespoon minced garlic ,1 teaspoon dried chilli flakes or to taste (see note 3) ,½ teaspoon ground dried chilli or to taste (see note 3) ,½ teaspoon ground Sichuan pepper or five spice powder , cumin powder ,1 teaspoon toasted sesame seeds ,3 tablespoon neutral cooking oil ,1 tablespoon light soy sauce ,1 tablespoon black rice vinegar","[Make the dough] 1) In a large bowl, mix flour and salt. Pour in water gradually while stirring with chopsticks. Use your hands to combine and knead it into a rough-looking dough. Alternatively, use a stand mixer with a dough hook. Mix and knead on low speed until a dough forms. | 2) Cover the bowl with a cloth or a lid. Leave to rest for 15 minutes. Then knead again until it becomes smooth. | 3) Use your hands or a brush to coat a thin layer of oil over the dough and the blades of a pair of kitchen scissors. | [Cut & cook the noodles] 1) In a pot or a large saucepan, bring plenty of water to a gentle boil. Hold the dough with one hand and the scissors with the other. Over the pot, cut strips of noodles off the dough and allow them to fall into the water. | 2) After you finish the entire piece of dough, boil the noodles for 2 minutes or so. Add bok choy and cook for another 20 seconds. Depending on the thickness of your noodles, the cooking time may vary. Adjust as needed. Ideally, the noodles should be cooked but remain firm in the middle. | 3) Fish out the noodles and bok choy and transfer them to 2 serving bowls. | [Season the noodles] 1) Please note that the seasoning quantity in the ingredient list is for 2 bowls. Add scallions, garlic, chilli flakes, ground chilli, Sichuan pepper and sesame seeds to the noodles. | 2) Heat 3 tablespoons of oil until it smokes. Pour it over the aromatics and spices. Add light soy sauce and black rice vinegar. Mix well and serve immediately.",https://redhousespice.com/wp-content/uploads/2022/04/scissor-cut-noodles-scaled.jpg,Side Dish,Chinese,"Noodles, Spicy, Vegan, Vegetarian",682 kcal,5.0,36.0,46.0
Chinese Sesame Noodles (麻酱面),Check out this classic version of sesame noodles done in 10 minutes. Learn how to make the perfectly silky and tasty sauce and ingredient substitutes.,https://redhousespice.com/sesame-noodles/,5m,5m,10m,2 servings,"[For the sauce] 2 cloves garlic minced ,1 stalk scallions finely chopped ,1 teaspoon toasted sesame seeds plus some for garnishing ,1 teaspoon chili flakes or to taste ,2 tablespoon neutral cooking oil ,2 tablespoon Chinese sesame paste see note 1 for substitutes ,2 tablespoon light soy sauce ,1 tablespoon black rice vinegar ,¼ teaspoon sugar | [Noodles & vegetables] 2 portion noodles see note 2 for weight suggestions ,½ large cucumber cut into matchsticks ,Fresh chili pepper chopped, to taste ,Cilantro optional","[Prepare the seasonings] 1) Put minced garlic, chopped scallions, sesame seeds, and chili flakes into a small bowl. Heat oil until hot. Pour it over the above ingredients. Mix well. | 2) Add sesame paste to another bowl. Stir with a spoon while adding 2 tablespoons of water in several batches until it becomes a smooth, much thinner consistency. Be patient with this process as it’ll take some time to get the right texture (see note 3 if using substitutes). Add light soy sauce, black rice vinegar, and sugar. Mix until fully integrated. | [Cook the noodles] 1) Bring plenty of water to a full boil. Put in noodles. Once it comes back to a boil, turn down the heat a little to avoid boiling over. | 2) Once cooked, transfer the noodles to a colander and rinse under running water to cool them down quickly. | [Assemble the dish] 1) Place the noodles in 2 serving bowls. Top them up with cucumber, fresh chili, and cilantro (if using). Pour the spicy dressing and the sesame sauce mixture over. | 2) Give everything a thorough mix to coat each strand of noodle with the sauce. Sprinkle some toasted sesame seeds to garnish.",https://redhousespice.com/wp-content/uploads/2023/06/chinese-sesame-noodles-7-scaled.jpg,Main Course,Chinese,"peanut noodles, sesame noodles",589 kcal,5.0,16.0,18.0
Scallion Oil Noodles (葱油拌面),"A classic dish from Shanghai, scallion oil noodles are among the simplest dishes to make. Though you’ll be surprised by how delicious they are!",https://redhousespice.com/spring-onion-oil-noodles/,2m,13m,15m,4 servings,"[Ingredients] 6 stalk scallions aka spring onion, green onion ,¼ cup neutral cooking oil ,2 tablespoon light soy sauce ,2 tablespoon dark soy sauce ,2 teaspoon sugar ,12 oz dried noodles see note 1","[Prepare the scallions] 1) Wash scallions, then pat dry with paper towels thoroughly. Trim off the ends. Cut them into long sections, then halve each piece lengthways. | [Infuse the oil] 1) Pour oil into a wok/skillet, and add the scallions. Leave to fry over medium-low heat. Once the white part of scallions becomes golden brown, take them out with chopsticks leaving the oil in the wok. | [Make the sauce] 1) Turn off the heat and allow the oil to cool for about a minute. Then, carefully pour in the mixture of light soy sauce, dark soy sauce, and sugar. Mix and let the remaining heat of the oil dissolve the sugar completely (see note 2 & 3). | [Cook the noodles] 1) Bring plenty of water to a full boil. Add noodles and leave to boil until they’re cooked through. | [Assemble the dish] 1) Transfer the drained noodles to the wok. Stir and toss to evenly coat each strand with the sauce. | 2) Portion out the noodles into 4 serving bowls, or put them on a large plate for sharing. Garnish with the fried scallions.",https://redhousespice.com/wp-content/uploads/2024/03/scallion-oil-noodles-2.jpg,Main Course,Chinese,"cong you mian, Noodles",438 kcal,4.99,68.0,127.0
Stir-Fried Rice Cakes (Chao Nian Gao/炒年糕),"A delicious all-in-one meal ready in under 20 minutes, stir-fried rice cakes offer a delightful mix of great flavors and textures.",https://redhousespice.com/stir-fried-rice-cakes/,12m,6m,18m,4 servings,"[Ingredients] 1 lb sliced rice cakes | [For the chicken] 1 piece chicken breast sliced (see note 1 & 2) ,½ tablespoon cornstarch ,½ tablespoon Shaoxing rice wine ,1 tablespoon water ,1 tablespoon neutral cooking oil divided | [For stir-frying] 1 tablespoon neutral cooking oil ,1 teaspoon ginger minced ,1 teaspoon garlic minced ,8 piece shiitake mushrooms sliced (see note 3) ,2 head bok choy chopped ,½ cup unsalted stock or water (see note 3) ,1 tablespoon light soy sauce ,1 tablespoon dark soy sauce ,1 teaspoon sesame oil ,¼ teaspoon ground white pepper ,⅛ teaspoon salt or to taste","[Prepare the Rice Cakes] 1) If using chilled or frozen rice cakes: Rinse them under warm water to separate the pieces (No soaking or thawing needed). Drain Well. | 2) If using dried rice cakes: Soak them in water as per package directions until soft. Drain thoroughly. | [Cook the Chicken] 1) In a bowl, mix chicken slices with cornstarch, Shaoxing rice wine, and water until the chicken absorbs the mixture. Stir in ⅓ tablespoon of oil to coat the meat, then let it sit for 10 minutes. | 2) Pour the remaining ⅔ tablespoon of oil into a hot wok/skillet, and spread the chicken in one layer. Sear over medium-high heat until the underside is golden, then stir to cook the other side until no pinkness remains. Dish out the chicken and set aside. | [Stir-fry the Dish] 1) Add another tablespoon of oil, then ginger and garlic. Sizzle them until fragrant. Stir in shiitake mushrooms and toss for 30 seconds. Then Bok Choy goes in. | 2) Place drained rice cakes on top of the vegetables. Pour in stock or water and bring it to a gentle simmer. | 3) Turn the heat to low and cover with a lid. Leave to steam for about 3 minutes until the rice cakes are cooked through yet remain a chewy texture. | 4) Return the chicken to the wok, along with the seasonings: light soy sauce, dark soy sauce, white pepper, sesame oil, and salt. Turn the heat up to high and toss until there is little liquid can be seen. Dish out and serve immediately.",https://redhousespice.com/wp-content/uploads/2024/03/stir-fried-rice-cakes-5-scaled.jpg,Main Course,Chinese,"nian gao, rice cakes",469 kcal,5.0,6.0,14.0
"Tian Shui Mian (Sweet Water Noodles, 甜水面)","A popular street food in Sichuan, Tian Shui Mian features extra thick, chewy noodles seasoned with intense flavors: hot, tingly, sweet, and super aromatic.",https://redhousespice.com/tian-shui-mian/,5m,20m,50m,2 servings,"[For noodles] 1⅔ cup all-purpose flour see note 1 ,6 tablespoon water see note 2 ,¼ teaspoon salt | [For spiced sweet soy sauce] 1 cup soy sauce light or regular ,½ cup dark brown sugar or rock sugar ,¼ cup water ,2 stalk scallions ,5 slice ginger ,1 star-anise ,1 small piece Chinese cinnamon aka cassia cinnamon ,2 bay leaves ,1 teaspoon whole Sichuan pepper ,½ teaspoon fennel seeds ,1 Tsao-ko aka Chinese black cardamom (optional) | [To season (for 2 bowls)] 2 tablespoon spiced sweet soy sauce ,2 tablespoon Chinese chili oil ,1 tablespoon sesame paste thinned with a little water (optional, see note 2) ,1 teaspoon minced garlic ,2 tablespoon toasted peanuts crushed ,½ teaspoon sugar ,¼ teaspoon ground Sichuan pepper","[Make the dough] 1) Put flour and salt into a mixing bowl. Pour in water gradually while swirling with a pair of chopsticks. Small lumps of dough form during this process. | 2) Use your hand to combine and knead until a rough-looking, firm dough forms. | 3) Cover the dough with cling film. Leave to rest for 15 minutes. Once the resting is done, knead the dough again for 2-3 minutes until it becomes smooth. Let it rest for another 10 minutes. | [Cook the spiced sweet soy sauce] 1) While waiting for the dough to rest, prepare the spiced sweet soy sauce. Put all the ingredients for the sauce into a saucepan. | 2) Bring it to a boil, then turn the heat down to low and let it simmer uncovered. Once lots of bubbles appear and the sauce becomes thick enough to coat a spoon, remove from the heat. | 3) Pass the sauce through a sieve to remove all the solid bits. Let the sauce cool and move on to the next step ( Note that the sauce will be more than you need for this recipe. Learn other usage and storage tips in note 3 ). | [Shape the noodles] 1) Use a rolling pin to flatten the dough into a rectangle of about ⅓ inch (8mm) thick. Dust with flour when necessary to prevent sticking. | 2) Cut the dough into strips of noodles with a width of around ⅓ inch (8mm). Dust the noodles with flour and loosen them up to avoid sticking (see note 4). | [Cook the noodles] 1) Bring a pot of water to a full boil. Slightly stretch the noodles before putting them into the water. | 2) Leave to boil until they’re just cooked, achieving a firm, chewy texture. Drain then rinse under running water to cool them quickly (see note 5). | [Assemble the dish] 1) Divide the noodles into two serving bowls. Add the spiced sweet soy sauce, chili oil, sesame paste, minced garlic, toasted peanuts, sugar, and ground Sichuan pepper. Stir well to coat each noodle with the seasonings.",https://redhousespice.com/wp-content/uploads/2024/06/Tian-shui-mian-04.jpg,Side Dish,Chinese,"Noodles, sichuan noodles",702 kcal,,,
Tomato and Egg Noodle Soup (西红柿鸡蛋面),"Very easy to make and tastes wonderful, tomato and egg noodle soup requires minimum ingredients and preparation. A dish everyone should learn to cook.",https://redhousespice.com/tomato-egg-noodle-soup/,5m,10m,15m,2 servings,"[Ingredients] 4 ripe tomatoes about 450g ,3 eggs ,2½ tablespoon neutral cooking oil divided ,2 cloves garlic, minced ,¾ teaspoon salt ,¼ teaspoon sugar ,2 portions noodles, homemade or shop-bought see note 1 & 2 ,1 stalk scallions, finely chopped","[Instructions] 1) Cut a cross on each tomato (opposite to the stem side). Soak them in hot water (just boiled) for a few minutes until the cut splits a little. Peel the skin off then coarsely dice the tomatoes (you may skip this step and keep the skin on). | 2) Beat the eggs with 1 tablespoon of water until a little foamy. | 3) Heat up 2 tablespoon of oil in a wok until hot (see note 3). Pour in the eggs. Push around with a spatula to cook evenly and break the eggs into pieces. Dish out as soon as no runny part is left. | 4) Add the remaining ½ tablespoon of oil to the wok. Fry garlic until fragrant then put in the tomatoes. Cook until the tomatoes appear mushy on the edge. | 5) Pour in 350 ml (1½ cups) of water. Bring to a boil then leave to simmer for 2 mins. Add salt, sugar and the cooked egg. Stir well to combine. | 6) Boil the noodles of your choice until fully cooked (don’t overcook though). Rinse briefly under running water then drain well. | 7) Put the noodles into serving bowls. Add the tomato and egg soup. Garnish with chopped scallions. Serve immediately.",https://redhousespice.com/wp-content/uploads/2021/06/Chinese-tomato-egg-noodle-soup-scaled.jpg,Main Course,Chinese,"Easy, Eggs, Noodles, Vegetarian",585 kcal,4.97,30.0,40.0
"Yang Chun Mian (Warm Spring Noodle Soup, 阳春面)","Renowned for its simplicity and comforting flavors, Yang Chun Mian is a classic noodle dish that can be prepared in just a few minutes.",https://redhousespice.com/yang-chun-mian/,2m,5m,7m,2 servings,"[Ingredients] 2 portion noodles fresh or dried (see note 1) ,3 cup unsalted stock chicken, beef, or vegetable ,1 tablespoon light soy sauce ,1 teaspoon dark soy sauce ,1 teaspoon sesame oil or lard, rendered chicken fat (see note 2) ,1 pinch ground white pepper ,Salt to taste ,1 stalk scallions finely chopped","[Cook the noodles] 1) Bring plenty of water to a full boil. Add the noodles. Leave to boil over medium heat until they are just cooked. | [Heat the stock] 1) While the noodles are cooking, use another pot to heat up the stock over another burner until it becomes piping hot. | [Prepare the seasonings] 1) As the above two steps are in progress, add all the seasonings to two serving bowls — light soy sauce, dark soy sauce, sesame oil (or lard, rendered chicken fat), and white pepper. | [Assemble the dish] 1) Ladle the hot stock over the seasonings. Stir well and taste the soup to decide if additional salt is needed. Add the cooked noodles. Sprinkle chopped scallions over and serve immediately.",https://redhousespice.com/wp-content/uploads/2024/07/yang-chun-mian-4.jpg,Breakfast,Chinese,noodle soup,423 kcal,4.0,1.0,3.0
Yunnan Rice Noodle Soup,"Enjoy the rich, savory flavors of Yunnan rice noodle soup, a comforting dish of bouncy noodles, delicious broth, and crispy vegetables. Simply irresistible!",https://redhousespice.com/yunnan-rice-noodle-soup/,8m,15m,23m,2 bowls,"[For the noodles] 8 oz dried rice noodles see note 1 | [For the meat] 6 oz ground pork or beef, chicken, turkey ,½ teaspoon cornstarch ,⅛ teaspoon salt ,1 pinch ground white pepper ,1 tablespoon stock or water | [For the soup] ½ tablespoon neutral cooking oil or lard ,1½ oz pickled mustard greens finely chopped, see note 2 ,1 tablespoon Sichuan chili bean paste aka spicy doubanjiang ,3 cup unsalted stock pork or chicken ,2 tablespoon light soy sauce ,½ teaspoon sugar ,2 oz Chinese chives cut into sections ,3 oz bean sprouts ,Salt to taste ,Chili oil to taste","[Parboil the noodles] 1) *Skip this step if you’re using fresh rice noodles. | 2) Soak dried rice noodles in cold water for 4 hours or overnight (see note 3). Drain well then put them into a pot of boiling water. Leave to cook until the noodles become ' al dente' (not yet fully cooked but can be snapped between chopsticks). Rinse them under tap water to stop further cooking. Set aside. | [Season the meat] 1) Put ground meat into a bowl. Add cornstarch, salt, white pepper, and 1 tablespoon of stock or water. Mix until it becomes a sticky mixture. Set aside. | [Cook the soup] 1) Heat oil in a wok or a pot. Stir in finely chopped pickled mustard greens. Fry for 20 seconds or so, then add Sichuan chili bean paste. Sizzle until fragrant. | 2) Pour in stock, then add light soy sauce and sugar. Bring it to a full boil. | 3) Use a spoon to shape a portion of the ground meat into a thin patty and carefully slide it into the soup. Repeat this process with the remaining meat. Allow the patties to simmer in the soup for 1 minute, or until they are no longer pink. | [Combine the dish] 1) Put the parboiled noodles into the soup, along with Chinese chives and bean sprouts. Leave to simmer over low heat. Once the noodles are fully cooked, give the soup a taste to decide if additional salt is necessary. | 2) Transfer the noodle soup into two large serving bowls. Drizzle chili oil over and serve immediately.",https://redhousespice.com/wp-content/uploads/2024/12/yunnan-rice-noodle-soup-2.jpg,Main Course,Chinese,"noodle soup, rice noodles",792 kcal,5.0,1.0,3.0
Zha Jiang Mian (炸酱面),"Chewy noodles served with an irresistible pork sauce and crunchy vegetable toppings, Zha Jiang Mian is a signature Beijing dish that’s perfect for weekday dinners.",https://redhousespice.com/zha-jiang-mian/,10m,25m,35m,4 servings,"[For the pork] 10 oz pork belly or ground pork (see note 1) ,2 tablespoon neutral cooking oil ,3 stalk scallions chopped and divided ,1 teaspoon minced ginger ,1 piece star anise ,1 tablespoon Shaoxing rice wine ,4 tablespoon yellow bean paste see note 2 & 3 ,2 tablespoon sweet bean sauce see note 4 ,⅔ cup water | [For the vegetables] 1 large cucumber ,8 red radish ,½ cup edamame aka fresh soybeans ,2 cup bean sprouts | [For the noodles] 4 portion noodles fresh or dried (see note 5)","[Cook the pork] 1) Cut pork belly into small cubes (about ⅓ inch/1 cm). Keep its skin on if any. | 2) Heat oil in a wok (or a skillet) over medium heat. Add the green part of the scallions, ginger, and star anise. Leave to sizzle until fragrant. | 3) Stir in the pork. Fry until it turns pale. Add Shaoxing rice wine, yellow bean paste, and sweet flour sauce. Mix well then add water. | 4) Cover with a lid and leave to simmer over low heat for 20 minutes (or 15 minutes if using ground meat). | 5) Turn the heat up to high and leave to cook uncovered until the sauce thickens further. Stir in the remaining scallions and set aside. | [Prepare the vegetables] 1) While waiting for the pork to cook, prepare the vegetable toppings. Cut the cucumber into matchsticks, and thinly slice the red radish. | 2) Blanch edamame in boiling water for 1 minute if chilled, or 2 minutes if frozen. Add beansprouts and continue blanching for about 20 seconds. Fish out the edamame and sprouts. | [Boil the noodles] 1) Add noodles to the same pot of boiling water (top up with more if necessary), and boil until fully cooked. Drain then rinse under cold water for a few seconds to remove surface starch (skip rinsing if your tap water isn’t portable). | [Assemble the dish] 1) Place the noodles in four serving bowls. Add the pork sauce and all the vegetable toppings. Stir well before tucking in.",https://redhousespice.com/wp-content/uploads/2024/05/zha-jiang-mian-fried-sauce-noodles-3.jpg,Main Course,Chinese,Noodles,618 kcal,5.0,34.0,77.0
Ants climbing a tree: spicy vermicelli stir-fry (蚂蚁上树),"Don’t be put off by its weird name! “Ants climbing a tree” is a super tasty Sichuan dish containing vermicelli noodles, minced meat and various pungent seasonings.",https://redhousespice.com/ants-climbing-a-tree/,10m,5m,15m,2 servings,"[Ingredients] 100 g dry mung bean vermicelli noodles 3.5oz ,1 ½ tablespoon cooking oil ,1 tablespoon Sichuan chilli bean paste see note 1 ,½ teaspoon chilli powder ,150 g minced pork/beef 5.3oz ,1 teaspoon minced ginger ,1 teaspoon Shaoxing rice wine ,½ teaspoon light soy sauce ,250 ml hot water ,1 teaspoon sugar ,¼ teaspoon white pepper ,1 stalk scallions, finely chopped ,2 cloves garlic, minced ,fresh chilli, finely chopped optional","[Instructions] 1) Soak noodles in warm water for 5 minutes (or in cold water for 10 minutes) until they are soft and pliable. Rinse under cold water and drain. Set aside. | 2) Heat up oil in a wok over a medium-high heat. Briefly fry chilli bean paste and chilli powder, then stir in minced pork, ginger, rice wine and soy sauce. Fry until well combined. | 3) Pour in hot water. Then add sugar, white pepper and the noodles. | 4) When most of the water is absorbed by the noodles, add scallions, garlic and fresh chilli (if using). Mix and cook for 30 seconds then serve immdiately.",https://redhousespice.com/wp-content/uploads/2017/06/Ants-climbing-a-tree-square-1.jpg,Main Course,Chinese,"Noodles, Sichuan",320 kcal,4.97,27.0,45.0
Cold soba noodles in beef broth (延吉冷面),"Slippery noodles in ice cold soup, served with various healthy toppings, cold soba noodles in beef broth is a perfect dish to cool you down in hot weather.",https://redhousespice.com/cold-soba-noodles/,10m,75m,85m,2 servings,"[For braising the beef] 500 g beef shank or beef brisket, cut into large chunks 18oz ,1200 ml water 5 cups ,2 stalks spring onion, finely chopped ,1 thumb-sized ginger, sliced ,1 star-anise ,1 small piece cassia cinnamon ,1 bay leaf ,½ teaspoon Sichuan peppercorn optional ,1 pinch fennel seeds optional ,3 tablespoon light soy sauce ,2 teaspoon white rice vinegar ,½ tablespoon rock sugar or regular sugar ,1 teaspoon salt | [For each bowl of broth] 4 teaspoon white rice vinegar ,1 pinch sugar ,1 pinch salt | [You also need] 170 g dried soba noodles 6oz ,1 egg ,½ apple, sliced ,200 g cucumber, julienned 7oz ,Kimchi to taste ,Red chilli paste aka Gochujang, to taste ,1 teaspoon toasted sesame seeds","[Instructions] 1) Blanch beef in boiling water then drain. In a clean pot, add beef, water, spices and seasonings. Bring water to a boil then leave to simmer for 1-1.5 hours. | 2) When completely cool, place beef and broth (discard spring onion, ginger, spices and the fat floating on the surface if there is any) in separate containers. Store in the fridge for at least 1 hour (see note 1). | 3) Cook soba noodles according to the instructions on the package. Drain and rinse under running water to cool fully. | 4) Meanwhile boil egg. Peel and halve it. | 5) Pour cooled broth into two large serving bowls. Add vinegar, sugar and salt. Cut the beef into thin slices (see note 2). | 6) Place the noodles into two bowls. Top with beef, egg, apple, cucumber, kimchi and red chilli paste. Sprinkle sesame seeds over.",https://redhousespice.com/wp-content/uploads/2017/06/cold-soba-noodle-soup.jpg,Main Course,Chinese,"Beef, Noodles",,5.0,5.0,10.0
Liang Pi: Cold skin noodles (凉皮),"One of the most popular street foods in China, Liang Pi (Cold skin noodles) can be easily made at home using my simplified method.",https://redhousespice.com/liang-pi-simple-way/,10m,20m,510m,3 servings,"[For the noodles] 300 g all purpose flour 2 cups ,700 ml water 3 cups ,1 pinch salt ,1 tablespoon cooking oil for greasing the pans | [For the sauce] 1 piece Chinese cinnamon/cassia cinnamon ,1 star-anise ,1 bay leaf ,1 pinch fennel seeds ,10 Sichuan peppercorns ,120 ml water ½ cup ,1 teaspoon corn starch/potato starch mixed with 1 teaspoon of water ,1 pinch salt ,1-2 tablespoon black rice vinegar ,1-2 cloves garlic minced ,1 tablespoon Chinese chilli oil or to taste ,½ teaspoon toasted sesame oil | [You also need] cucumber cut into thin strips or grated ,coriander chopped ,fresh chilli chopped (optional) ,sesame seeds","[Prepare the batter] 1) Mix flour, water and salt until smooth. Through a sieve, pour the mixture into a bowl then cover with cling film. Keep refrigerated for at least 8 hours or overnight. | 2) Remove the bowl from the fridge. You will see a layer of clear water on top. Carefully spoon out the water, then stir the batter very well. | [Steam the noodles] 1) Brush a thin layer of oil onto a small, light baking tray / sheet pan (see note 1). Pour in some batter to thinly cover the tray. | 2) Bring water to a boil in a wok (or a deep frying pan) over a high heat. Gently place the tray on the water to float. Cover with a lid. Cook for around 2 minutes until you see bubbles appear and the noodle is not sticky when touched by hand. | 3) Remove the tray and float it on cold water (e.g. in a sink) to cool. Peel the noodle off the tray then transfer to a chopping board. Brush a thin layer of oil on its surface. Repeat the procedure to finish the rest of the batter. Lay noodles one on top of another (see note 2). | [Make the dressing] 1) Put Chinese cinnamon, star-anise, bay leaf, fennel seeds, Sichuan peppercorn and water in a sauce pan. Simmer for 5 minutes then add corn starch and water mixture. Remove from the heat when it becomes a bit thick. When completely cool, discard all the spices then add black rice vinegar and minced garlic. | [Assemble the noodles] 1) Slice the noodles into strips of desired width then put into serving bowls. Garnish with cucumber, coriander, fresh chilli (if using) and sesame seeds. Pour the cooked sauce, Chinese chilli oil and sesame oil on top.",https://redhousespice.com/wp-content/uploads/2017/10/Liang-Pi-cold-skin-noodles-foodgawker.jpg,Side Dish,Chinese,Noodles,425 kcal,5.0,29.0,60.0
"Hot and Sour Soup, the Authentic Way","Tangy, glossy broth filled with ingredients of diverse flavours and textures, hot and sour soup is hearty, comforting and delectable. Learn to make it the authentic Chinese way.",https://redhousespice.com/hot-sour-soup/,10m,10m,80m,6 servings,"[For the dried ingredients] 5 dried shiitake mushroom about ½ cup after rehydrating and slicing ,5 g dried wood ear mushroom about ½ cup after rehydrating and slicing ,20 strands dried lily buds (lily flower) | [For the pork] 80 g lean pork about ½ cup after slicing, see note 1 ,½ teaspoon cornstarch ,1 teaspoon water ,½ teaspoon neutral cooking oil | [Other ingredients] 40 g carrot about ½ cup after slicing ,50 g bamboo shoots about ½ cup after slicing ,100 g soft tofu, julienned about ½ cup after slicing ,1 egg | [For the soup base] 1000 ml unsalted chicken/vegetable stock, or water about 4¼ cups ,4 tablespoon cornstarch mix with 4 tablespoon of water | [For the seasoning] 3 tablespoon black rice vinegar ,1 tablespoon light soy sauce ,½ teaspoon ground white pepper ,½ teaspoon sesame oil ,Coriander or scallions finely chopped","[Rehydrate the dried ingredients] 1) Soak dried shiitake mushroom, wood ear mushroom and lily buds in plenty of warm water until they enlarge and become soft. It takes at least 1 hour (soak overnight if you plan ahead). | 2) Slice the mushrooms into thin strips. Tear lily buds lengthways into thinner strands. | [Marinate the pork] 1) Cut pork, against its grain, into thin strips. Mix with cornstarch and water, then coat with oil. Set aside. | [Prepare other ingredients] 1) Slice carrot, bamboo shoots and tofu into thin strips. Lightly beat the egg. | [Cook the soup] 1) In a wok or large pot, bring the stock (or water) to a full boil. Add the marinated pork. Quickly stir with chopsticks to separate the strands. Use a spoon to skim off the froth appearing on the surface. | 2) Add shiitake mushroom, wood ear, lily buds, carrot, bamboo shoots. Leave to cook for 2 mins or so. | 3) Turn down the heat and keep the soup at a gentle simmer. Mix cornstarch and water very well then slowly pour the slurry into the soup. Stir with a spoon/ladle. | 4) Once the soup becomes thick, gently slide in the tofu. Slowly pour in the egg in a circular motion. | [Season the soup] 1) When the soup starts bubbling again, turn off the heat. Add black rice vinegar, soy sauce, white pepper and sesame oil (see note 2). | 2) Give everything a gentle stir. Garnish with coriander or scallions. Serve warm.",https://redhousespice.com/wp-content/uploads/2021/08/Chinese-hot-and-sour-soup-1-scaled.jpg,Soup,Chinese,"Pork, Sichuan, Soup",116 kcal,4.97,94.0,109.0
"Lu Rou Fan (Taiwanese Pork Rice Bowl, 卤肉饭)","Cooked in a rich broth to a melt-in-your-mouth texture, Taiwanese Lu Rou Fan is a heavenly scrumptious way to enjoy pork in an all-in-one rice bowl dish.",https://redhousespice.com/lu-rou-fan/,10m,80m,90m,4 bowls,"[For the crispy shallots (skip if using shop-bought version)] 250 ml neutral cooking oil about 1 cup ,140 g shallots (or red onion), thinly sliced about 5oz | [For the pork] 450 g pork belly, skin on ,5 cloves garlic, minced ,20 g rock sugar (or 1 tablespoon white sugar) ,2 tablespoon light soy sauce ,1 tablespoon dark soy sauce ,2 tablespoon Shaoxing rice wine ,½ teaspoon five-spice powder ,¼ teaspoon ground white pepper ,5 shiitake mushrooms rehydrated and diced ,4 hard-boiled eggs | [You also need] 4 portions plain steamed rice ,Blanched green vegetable see note 1","[Fry the shallots] 1) Heat up oil over medium heat. Add sliced shallots. Fry until they become golden and crispy. Drain through a sieve. Set the shallots aside for later use. The oil can be used in other dishes (see note 2 to learn how). | [Fry the pork] 1) Cut pork belly into strips. Put into an empty wok (without oil) over medium-high heat. Fry until some fat has been extracted and the meat browns slightly. Stir in garlic and rock sugar. Fry until fragrant and the sugar has melted. | [Braise the pork] 1) Add light soy sauce, dark soy sauce, Shaoxing rice wine, five-spice powder, white pepper, diced shiitake mushroom, fried shallots (leave some for topping) and hard-boiled eggs. | 2) Pour in the water in which the mushrooms were soaked. Top up with more water to immerse the meat completely. | 3) Bring it to a full boil. Turn the heat down to the lowest. Cover with the lid and leave to simmer for at least 1 hour until the pork becomes very tender (check the water level halfway through and top up if it seems too dry). This step can be done in a stovetop pressure cooker or an instant pot. Adjust time accordingly. | 4) If there is still quite a bit of liquid left, turn the heat to high and cook uncovered to reduce its volume and thicken (Do not dry it out though as you’d need some liquid to serve with the meat). | [Assemble the dish] 1) Put freshly cooked rice in serving bowls. Top with blanched vegetable and halved eggs. Then spoon the pork, along with some thickened broth, over the rice. Add the rest of the fried shallots. Serve immediately. | [Make in advance] 1) Once the pork cools completely, store in an airtight container and keep in the fridge for up to three day or two months in the freezer. | 2) Reheat over low heat (defrost first if frozen) until piping hot. If necessary, add a little water to help to heat the pork thoroughly.",https://redhousespice.com/wp-content/uploads/2021/05/Lu-rou-fan-with-bok-choy.jpg,Main Course,Chinese,"Braised, Pork",,4.99,162.0,172.0
"Mapo Tofu, the Authentic Way (麻婆豆腐)","Tender tofu cooked in an aromatic and spicy sauce, accompanied by minced meat. This recipe shows you how to make Mapo tofu the authentic way.",https://redhousespice.com/mapo-tofu-authentic-way/,8m,12m,20m,2 servings,"[For the tofu] 600 g regular tofu soft or medium firm (see note 1) ,1 teaspoon salt | [For the sauce] 2 tablespoon neutral cooking oil ,100 g minced beef or pork ,1 teaspoon minced ginger ,2 tablespoon Sichuan chilli bean paste see note 2 ,1 tablespoon fermented black beans rinsed and chopped ,1 tablespoon ground chilli or chilli flakes (or to taste) ,1 tablespoon minced garlic ,1 tablespoon Shaoxing rice wine ,400 ml water or unsalted stock ,2 tablespoon cornstarch mixed with 3 tablespoons water | [You also need] ½ teaspoon ground Sichuan pepper or to taste ,1 stalk scallions finely chopped","[Blanch] 1) Cut the tofu into 2.5cm/1 inch cubes. Gently slide them into a wok/pot filled with water. Add the salt. Bring the water to a boil then simmer for 1 minute. Drain the tofu and set it aside. | [Fry] 1) Heat up an empty wok until hot then add the oil. Put in minced meat, along with minced ginger. Stir fry over high heat until the meat becomes pale. | 2) Add Sichuan chilli bean paste, fermented black beans, chilli powder/flakes and minced garlic. Fry until fragrant. | [Braise] 1) Pour in Shaoxing rice wine and 400ml (1¾ cup) of water or unsalted stock. Bring to a boil then gently slide in the tofu. Leave to boil for about 5 minutes (uncovered). | 2) Turn the heat down to medium. Add half of the cornstarch water mixture (make sure to stir it well beforehand). Leave to simmer for 10 seconds or so, then pour in the remaining half. | 3) Once the sauce becomes just thick enough to coat the spatula, add ground Sichuan pepper and chopped scallions. Give everything a gentle mix then turn off the heat immediately. Serve it hot with plain steamed rice .",https://redhousespice.com/wp-content/uploads/2022/05/mapo-tofu-in-a-plate-scaled.jpg,Main Course,Chinese,"Sichuan, Spicy, Tofu",584 kcal,5.0,120.0,134.0
"Sweet and Sour Ribs (Tang Cu Pai Gu, 糖醋排骨)","A beginner-friendly recipe for Chinese sweet and sour ribs. It provides a well-balanced condiment ratio, an approachable cooking method and delivers a restaurant standard result.",https://redhousespice.com/sweet-sour-ribs/,2m,70m,72m,3 servings,"[Ingredients] 700 g pork ribs, about 1½ lb, see note 1 ,1 tablespoon neutral cooking oil ,10 cloves garlic ,1 thumb-sized ginger ,2 stalks scallions cut into halves ,5 tablespoon white sugar or 70 g/2½ oz rock sugar ,4 tablespoon black rice vinegar divided ,1 tablespoon light soy sauce ,1 teaspoon dark soy sauce ,⅛ teaspoon salt ,Toasted sesame seeds for garnishing ,Scallions, finely chopped for garnishing","[Blanch the ribs] 1) Put pork ribs into a large cookware. Fill it with plenty of room temperature water. Bring it to a boil then leave to simmer. | 2) Skim off the foam appearing on the surface with a spoon. After about 3 minutes, drain the ribs. | [Braise the ribs] 1) Pour oil into a clean wok (or deep pan, pot) then add the drained ribs, garlic, ginger, and scallion. Stir fry over medium heat until the ribs become a little golden on the surface. | 2) Add sugar, black rice vinegar (keep 1 tablespoon for later use), light soy sauce, dark soy sauce and salt. Top up with hot water enough to just level with the ribs (I used about 400ml/1¾ cups). | 3) Bring to a full boil then turn the heat to low. Cover and leave to simmer for about 50 minutes (see note 2). | [Reduce the broth] 1) When the time is up, uncover and pick out all the garlic, ginger and scallions. Add the remaining 1 tablespoon of black rice vinegar. Turn the heat up to high to boil down the liquid. | 2) Stir from time to time. Once the liquid becomes just thick enough to coat the ribs. Remove from the heat immediately. Be attentive not to overcook as it’ll cause the sugar to burn. It took me about 8 minutes but it may vary in your case. | [Garnish and serve] 1) Transfer the ribs to a serving bowl/plate. Sprinkle sesame seeds and scallions over to garnish. | 2) They may be eaten while warm or at room temperature. Serve them with plain rice and vegetable dishes.",https://redhousespice.com/wp-content/uploads/2022/02/Chinese-sweet-and-sour-ribs-scaled.jpg,Main Course,Chinese,Pork,629 kcal,5.0,113.0,126.0
Yangzhou Fried Rice (扬州炒饭),"An easy version of Yangzhou fried rice, a classic stir-fry dish combining a wide range of flavors and textures. Make it in under 15 minutes!",https://redhousespice.com/yangzhou-fried-rice/,8m,5m,13m,2 servings,"[Ingredients] 3 cups cooked rice cooled (see notes 1 & 2) ,3 tablespoon neutral cooking oil divided ,2 clove garlic minced ,⅓ cup carrots diced ,⅓ cup peas ,¼ cup dried shiitake mushrooms rehydrated and finely chopped (see note 3) ,¼ cup water or chicken stock ,½ teaspoon salt divided ,⅓ cup shrimp peeled (cooked or raw) ,⅓ cup SPAM or ham, char siu , diced (see note 4) ,2 eggs lightly beaten ,¼ teaspoon ground white pepper ,1 stalk scallions finely chopped","[Instructions] 1) Use a fork to loosen up the grains of the cooked and cooled rice. Set aside. Cut and chop other ingredients to the preferred size suggested in the list above. | 2) Heat an empty wok over high heat until smoking hot (see note 5 if using cookware with non-stick coating). Pour in 1 tablespoon of oil then add minced garlic. | 3) Once the garlic turns lightly golden (do not burn), put in carrots, peas, and shiitake mushrooms. Stir fry for 30 seconds or so then pour in the water (or stock) along with half of the salt. Leave to steam over high heat until most of the liquid has evaporated. | 4) Stir in SPAM (or other substitutes) and shrimp. Toss and fry for about 30 seconds (or until the shrimp turns pink if they are raw). Transfer everything to a plate and set aside. | 5) Add the remaining 2 tablespoons of oil to the same wok. Swirl to coat a larger area. Pour in the batten eggs once the oil just starts to smoke. Swirl the eggs with a spatula to cook them quickly and break them into small pieces. | 6) Put in the cooked rice. Toss constantly to heat the grains evenly. Loosen any lumps with the spatula. | 7) When the rice is piping hot, return the fried vegetables and proteins back to the wok. Add the remaining salt, white pepper, and chopped scallions. Stir and toss for 20 seconds then dish out. Serve immediately.",https://redhousespice.com/wp-content/uploads/2023/06/yanzhou-fried-rice-7-scaled.jpg,Main Course,Chinese,"chao fan, fried rice",755 kcal,5.0,23.0,38.0
Hunan Pork Stir-fry (湖南小炒肉),"Consisting of fatty pork slices, hot chili pepper, fermented black beans, Hunan pork is a quick and tasty Chinese stir-fry not to be missed.",https://redhousespice.com/hunan-pork/,4m,6m,10m,2 servings,"[Ingredients] 2 teaspoon neutral cooking oil ,200 g pork belly (skinless), thinly sliced about 7oz ,150 g fresh chili pepper, cut into chunks about 5oz ,5 cloves garlic, coarsely crushed ,1 tablespoon fermented black beans, rinsed see note 1 ,1 teaspoon light soy sauce ,½ teaspoon dark soy sauce","[Instructions] 1) Heat up a wok until it smokes (see note 2 if you’re using a non-stick wok). Add oil then put in sliced pork belly. Fry over medium heat until it browns a little and some fat has been extracted. | 2) Transfer the pork to a plate leaving the oil in the wok. Turn the heat up to high then add chili pepper and garlic. Fry until they are slightly charred. | 3) Put the pork back into the wok, along with fermented black bean, light soy sauce and dark soy sauce. | 4) Stir fry for a further 30 seconds or so to combine. Dish out and serve immediately with plain rice.",https://redhousespice.com/wp-content/uploads/2021/02/hunan-pork-stir-fry-1.jpg,Main Course,Chinese,"Authentic, Pork, Spicy, Stir-fry",359 kcal,5.0,36.0,46.0
"Lettuce Wraps, Sichuan-style (生菜包)","With beautifully seasoned ground pork and mushrooms nestled in crunchy lettuce leaves, these Sichuan-style lettuce wraps can be made in less than 15 minutes.",https://redhousespice.com/lettuce-wraps-sichuan-style/,10m,5m,15m,20 wraps,"[Ingredients] 1 tablespoon neutral cooking oil ,1 tablespoon minced garlic ,1 teaspoon minced ginger ,1 tablespoon Sichuan chilli bean paste aka spicy Doubanjiang ,250 g minced pork/chicken, or crumbled firm tofu about 9oz ,60 g dried shiitake mushroom rehydrated and finely diced, about ½ cup ,100 g celery, finely diced about ¾ cup ,1 stalk scallions, finely chopped ,Fresh chili, finely chopped to taste ,¼ teaspoon ground Sichuan pepper ,20 small lettuce leaves e.g. little gem lettuce, butter lettuce (bibb lettuce)","[Instructions] 1) Heat up oil in a wok/pan. Stir in garlic, ginger and Sichuan chili bean paste. Sizzle for 10 seconds or so. | 2) Add minced pork. Use a spatula to loosen and fry it until it loses its pinkness. | 3) Put in shiitake mushroom and celery. Stir-fry until they’re cooked but the celery remains crunchy. | 4) Throw in scallions, fresh chili and sprinkle ground Sichuan pepper. Give everything a quick stir then transfer to a serving bowl/plate. | 5) Serve with lettuce leaves. You may either have the lettuce on the side (let the diners assemble) or fill each leaf with the stir-fry then serve.",https://redhousespice.com/wp-content/uploads/2021/10/lettuce-wraps-with-pork-filling-scaled.jpg,Main Course,Chinese,"Pork, Sichuan, Vegetables",31 kcal,5.0,16.0,36.0
Lion’s Head Meatballs (狮子头),"Lion’s head meatballs is a classic Chinese dish consisting of giant pork meatballs, Napa cabbage and a delicious broth. Follow my recipe to make it to a restaurant standard.",https://redhousespice.com/lions-head-meatballs/,15m,30m,45m,6 servings,"[For the meatballs] 2 stalks scallions ,1 thumb-sized ginger ,400 g minced pork, with 20% fat or higher see note 1 ,100 g minced chicken ,2 tablespoon Shaoxing rice wine ,2 tablespoon light soy sauce ,½ teaspoon salt ,½ teaspoon sugar ,½ teaspoon sesame oil ,1 large egg ,1 tablespoon cornstarch ,60 g water chestnut, minced about 10 canned ones ,Cooking oil for deep frying see note 2 | [For the soup] 7 pieces Napa cabbage leaves, cut in halves crosswise ,6 large dried shiitake mushroom, soaked in 500ml water overnight ,½ tablespoon dried shrimp optional ,¼ teaspoon salt, or to taste ,1 pinch ground white pepper","[Prepare the meatball mixture] 1) Cut the scallions into sections (save some green parts for garnishing the dish later) and slice the ginger. Soak them in 6 tablespoon of warm water. Leave to cool. | 2) In a bowl, mix minced pork, minced chicken, Shaoxing rice wine, light soy sauce, salt, sugar, sesame oil, egg and cornstarch. Stir constantly in one direction while adding the scallion ginger water little by little. | 3) Once the liquid is fully absorbed and the meat becomes sticky and jiggly, add minced water chestnut then stir to combine. | [Shape & fry the meatballs] 1) In a deep pot, heat up oil for deep frying (A smaller pot requires less oil). | 2) Divide the meat mixture into 6 portions. Transfer one portion to a small bowl. Use a spatular or a spoon to press the meat against the bowl to shape it into a ball (please refer to the video below). | 3) When the temperature of the oil reaches 180°C/360°F (see note 4 if you don’t have a kitchen thermometer), gently slide the meatball into the oil (be careful not to splash). Roll it from time to time to ensure even colouring. Take out when they look golden all around. | 4) Repeat the procedure to shape and fry the rest of the balls. Since these meatballs are quite large (about 7cm/2.7in), do not fry more than 2 balls at a time as you don’t want the oil temperature to drop too much. Also, the meatballs need ample space to move around in the oil. | [Cook the soup] 1) In another pot, lay the white part of the Napa cabbage then place the fried meatballs on top. | 2) Add sliced shiitake mushrooms and pour in the water in which the mushrooms were soaked (discard the solid bits at the bottom of the bowl). | 3) Add the scallions & ginger (which were used to flavour the water used in the meat mixture) and dried shrimp (if using). Season with salt and white pepper. | 4) Bring the soup to a full boil. Turn the heat to low. Cover with a lid and leave to simmer for 15 mins. Put the remaining leafy part of the cabbage over the meatballs. Continue simmering for a further 5 mins. | 5) Garnish with finely chopped scallions. Serve warm with plain rice, along with other savoury dishes.",https://redhousespice.com/wp-content/uploads/2020/11/Chinese-lions-Head-meatballs-3.jpg,Main Course,Chinese,"Meatballs, Pork, Shi Zi Tou",233 kcal,5.0,26.0,46.0
Mei Cai Kou Rou (Steamed Pork Belly/梅菜扣肉),"Melt-in-the-mouth pork belly served over richly flavored preserved mustard, Mei Cai Kou Rou makes a centerpiece for any celebratory Chinese meal.",https://redhousespice.com/mei-cai-kou-rou/,30m,170m,320m,4 servings,"[For the pork belly] 1.2 lb pork belly a skin-on block ,2 stalks scallions cut in halves ,6 slices ginger ,1 tablespoon dark soy sauce plus a little for rubbing ,½ tablespoon light soy sauce ,½ tablespoon oyster sauce ,1 tablespoon Shaoxing rice wine ,¼ teaspoon sugar ,1 pinch ground white pepper | [For the Mei Cai] 7 oz ready-to-use Mei Cai or half of the amount if using the dried one (see note 1) ,1 tablespoon neutral cooking oil ,2 tablespoon minced garlic ,1 tablespoon minced ginger ,1 piece star anise ,1 piece Chinese cinnamon aka cassia cinnamon ,4 dried chilies optional ,2 teaspoon dark soy sauce ,½ teaspoon sesame oil ,½ teaspoon sugar ,1 pinch ground white pepper ,1 cup hot water or unsalted chicken stock ,Light soy sauce to taste (see note 2)","[Prepare the pork belly] 1) Put the block of pork belly into a small pot. Fill with water just enough to cover the meat. Add scallions and ginger. Bring the water to a boil then turn the heat down to the lowest. Cover with a lid and leave to simmer for 45 minutes. | 2) Turn off the heat. Let the meat sit in the pot for a further 30 minutes then take it out. While still hot, rub a good layer of dark soy sauce over the skin to darken it. Leave it to cool completely. | 3) Then cut the pork into slices (about ¼ inch/0.7cm thick). Put them into a bowl, along with dark soy sauce, light soy sauce, oyster sauce, Shaoxing rice wine, sugar and white pepper. Leave to marinate for 1 hour or overnight. | [Prepare the Mei Cai] 1) Rinse Mei Cai very well under running water to remove surface salt and any dirt. Then leave it to soak in water for 1 hour. Taste a bit to check the saltiness. Extend the soaking time if it’s too salty. Rinse again then squeeze out as much water as possible. Chop it into small pieces. | 2) Heat oil in a wok/skillet. Briefly fry minced garlic, ginger, star anise, cinnamon and dried chili (if using). Add the chopped Mei Cai, along with dark soy sauce, sugar, white pepper, sesame oil and a cup of water (or stock). | 3) Cover and braise for about 5 minutes before you taste the saltiness. Add a little light soy sauce if necessary (it’s fine to be a little on the salty side at this stage). | [Steam the dish] 1) In a large deep bowl, place the pork belly slices one by one in a domino pattern, with the skin facing down. Fill the sides with a few pieces too. Put any remaining pieces over (and the marinade too). Top the bowl with the braised Mei Cai, along with all the liquid. | 2) Put the bowl into a steamer basket (or over a steamer rack). Bring the water in the pot/wok to a full boil then turn the heat to medium-low. Leave to steam for 2 hours. Make sure to check the water level every half an hour and top up when necessary. | 3) Carefully take the bowl out. Cover it tightly with a serving plate. Hold the bowl against the plate tightly (using protective gloves to avoid burning) then quickly flip over so that the content in the bowl lands on the plate. Serve warm with steamed rice . | [Make ahead] 1) Prepare a big batch of pork belly (simmered & marinated) and Mei Cai (braised) at a time. Freeze them in portions. Defrost then assemble and steam a bowlful any time you wish.",https://redhousespice.com/wp-content/uploads/2023/01/Mei-cai-kou-rou-steamed-pork-belly-1.jpg,Main Course,Chinese,steamed pork belly,,5.0,11.0,17.0
"Moo Shu Pork, the Original Recipe (木樨肉)","Moo Shu Pork is a quick stir-fry combining tender pork slices, scrambled eggs, earthy mushrooms and refreshing vegetables. This recipe shows you how it’s prepared in the authentic Chinese way.",https://redhousespice.com/moo-shu-pork/,8m,8m,16m,2 servings,"[Ingredients] 150 g pork tenderloin see note 1 ,1 tablespoon Shaoxing rice wine ,2½ tablespoon neutral cooking oil, divided ,3 medium eggs, lightly beaten or 2 large eggs ,50 g wood ear mushroom (5g in dried form), rehydrated & torn into small pieces see note 2 ,20 strands lily buds, rehydrated & cut in half crosswise see note 3 ,80 g cucumber, sliced ,2 stalks scallions, finely chopped ,1 teaspoon minced ginger ,1 tablespoon light soy sauce ,¼ teaspoon salt or to taste ,1 pinch ground white pepper","[Instructions] 1) Cut the pork against the grain into thin slices (if you find it difficult, put the pork in the freezer for 1-2 hours until semi-frozen then slice). Add Shaoxing rice wine. Mix until fully absorbed. | 2) Heat 1 tablespoon of oil in a wok over high heat until it starts to smoke. Pour in the egg. When the edge is cooked, push to one side to let the uncooked part flow to the centre of the wok. Break the cooked egg into bite-sized pieces with a spatula. Transfer to a plate. | 3) Add another 1 tablespoon of oil to the wok. Stir fry the pork. Transfer to the egg plate as soon as it turns pale (do not overcook). | 4) Pour the remaining ½ tablespoon of oil into the wok. Fry scallions and ginger for 20 sec or so then add wood ear and lily buds. Stir fry for 30 sec then put in cucumber. | 5) Once the cucumber begins to wilt, add the egg and pork. Season with light soy sauce, salt and white pepper. Stir fry for 10 more sec then dish out. Serve immediately.",https://redhousespice.com/wp-content/uploads/2020/10/Homemade-Moo-Shu-Pork-scaled.jpg,Main Course,Chinese,"Moo Shi Pork, Mu Xu Pork, Stir-fry",371 kcal,5.0,10.0,21.0
"Pearl Meatballs (Sticky Rice Meatballs, 珍珠丸子)","Tender, juicy pork accompanied by a layer of gooey rice, Chinese pearl meatballs are a delightful dish to enjoy.",https://redhousespice.com/pearl-meatballs/,15m,15m,150m,2 servings,"[Ingredients] 100 g glutinous rice, aka sticky rice about ½ cup ,250 g minced pork, or chicken about 9oz ,¼ teaspoon salt ,¼ teaspoon ground white pepper ,1 tablespoon cornstarch ,1 teaspoon light soy sauce see note 1 for gluten-free option ,½ teaspoon sesame oil ,1 egg white ,1 teaspoon minced ginger ,1 stalk scallions, finely chopped ,70 g minced water chestnuts about ⅓ cup, see note 2 for substitutes ,Sliced of carrot optional","[Soak the rice] 1) Add glutinous rice to a bowl. Pour in water and leave to soak for at least 2 hours. | [Prepare the meat] 1) Put minced pork into a mixing bowl along with salt, white pepper, cornstarch, light soy sauce, sesame oil, egg white, ginger and scallions (leave some for garnishing later). | 2) Stir in one direction until it becomes sticky. Add minced water chestnut and mix well. | [Shape the meatballs] 1) Place some meat mixture onto the palm of your hand (wear a kitchen glove if you wish). | 2) Gently close your hand into a fist while squeezing some mixture out through the opening between your thumb and index finger to form a ball. | 3) Scoop it off with a spoon. Repeat to shape more (I made 15 balls with each measuring about 4 cm/1½ inches). | 4) Drain the glutinous rice. Gently roll each meatball in the rice to get an even coating. | [Steam the dish] 1) Place slices of carrot onto a flat plate. Put meatballs over the carrot (see note 3 for alternative methods). Leave a little gap in between the balls. | 2) Bring water to a full boil. Put the plate over a steamer rack or into a steamer basket. Leave to steam for 15 mins. | 3) Garnish with scallions and serve immediately.",https://redhousespice.com/wp-content/uploads/2021/09/A-half-pearl-meatball.jpg,Main Course,Chinese,"Pork, Rice, steamed",433 kcal,5.0,13.0,28.0
Peking Shredded Pork with Sweet Bean Sauce (京酱肉丝),"Tender, juicy pork slivers flavoured with an umami-rich sauce, Peking shredded pork is simple to cook but tastes absolutely amazing.",https://redhousespice.com/peking-shredded-pork/,20m,6m,26m,4 servings,"[For marinating] 400 g pork tenderloin (aka pork fillet) about 14oz ,2 teaspoon light soy sauce ,2 teaspoon Shaoxing rice wine ,1 teaspoon cornstarch ,¼ teaspoon salt ,1 pinch ground white pepper ,2 tablespoon water ,1 teaspoon neutral cooking oil | [For the accompaniments] Scallions, the white part only ,Cucumber ,Tofu sheets or duck pancakes (see note 1 & 2) | [For the sauce] 3 tablespoon sweet bean sauce (Tian Mian Jiang/甜面酱) see note 3 ,1 tablespoon Shaoxing rice wine ,1 tablespoon sugar ,2 tablespoon water | [For stir-frying] 3 tablespoon neutral cooking oil","[Marinate the pork] 1) Use a sharp knife, cut pork, across the grain, into narrow strips. Then put it into a bowl. Add light soy sauce, Shaoxing rice wine, cornstarch, salt, white pepper and water. | 2) Use your fingers or chopsticks to agitate until the liquid is fully absorbed and the meat becomes sticky. Pour in 1 teaspoon of oil and mix to coat. Leave to marinate for 10 minutes or so. | [Prepare the accompaniments] 1) Julienne the white part of the scallions. Peel the cucumber and remove its seeds, then cut it into thin strips. | 2) Cut tofu sheets into squares (similar size to wonton wrappers). Blanch them in boiling water for 2 minutes. Drain then leave to dry. | [Mix the sauce] 1) In a bowl, mix sweet bean sauce, Shaoxing rice wine, sugar and water until smooth. Set aside. | [Stir-fry the dish] 1) Heat a wok (or a deep frying pan/skillet) until very hot then add 3 tablespoons of oil (if using non-stick cookware, add oil first then heat up). | 2) Put in the marinated pork. Use chopsticks to loosen the strips. Then toss constantly to fry evenly. As soon as the meat turns pale, transfer out leaving any oil in the wok. | 3) Turn the heat to low. Pour the sauce mixture into the wok and leave to simmer. | 4) Once the sauce starts to thicken, return the pork to the wok. Toss to evenly coat it with the sauce. | [Serve the dish] 1) Transfer the pork to a serving plate and put tofu sheets, scallions and cucumber on the side. | 2) Place some scallions, cucumber and pork strips over a piece of tofu sheet. Roll up and enjoy!",https://redhousespice.com/wp-content/uploads/2022/03/shredded-pork-with-sweet-bean-sauce-scaled.jpg,Main Course,Chinese,Pork,337 kcal,5.0,9.0,11.0
Pork Fried Rice (猪肉炒饭),"Delicious pork fried rice made in less than 20 minutes. Enjoy the mix of fluffy rice, tender pork and crunchy veggies coated with umami-filled seasoning.",https://redhousespice.com/pork-fried-rice/,10m,8m,18m,3 servings,"[For the seasoning] 2 tablespoon oyster sauce see note 1 for substitutes ,1 tablespoon light soy sauce ,½ tablespoon dark soy sauce ,⅛ teaspoon ground white pepper | [For the stir-fry] 2 tablespoon neutral cooking oil divided ,2 eggs, lightly beaten ,1 cup minced pork about 225g/8oz ,1 small onion, diced ,1 tablespoon minced garlic ,1 teaspoon minced ginger ,½ cup peas about 50g/1.8oz ,½ cup carrot, diced about 50g/1.8oz ,3 cups cold cooked white rice about 400g/14oz (see note 2) ,Scallions, finely chopped for garnishing","[Mix the sauce] 1) In a small bowl, mix oyster sauce, light soy sauce, dark soy sauce and white pepper. Set aside. | [Fry the egg] 1) Heat an empty, well-seasoned wok over high heat until smoking hot. Add 1 tablespoon of oil (see note 3 if using other cookware). Swirl to coat a bigger perimeter. | 2) Pour in the beaten egg. Once it begins to set at the bottom, stir to help the running part flow. Use a spatula to scramble so that it turns into small pieces. Transfer out and set aside. | [Fry the pork] 1) Pour the remaining 1 tablespoon of oil into the wok. Add minced pork. Spread and flatten it to ensure maximum contact with the wok. Wait for the bottom part to get lightly browned. Then flip and stir to fry it thoroughly. | 2) Once the pork loses its pink colour, add onion, garlic and ginger. Fry until the onion becomes a little transparent. | [Fry the vegetables & rice] 1) Stir in peas and carrots. Retain the high heat to fry for 30 seconds or so. Add rice and return the egg to the wok. Cook for a further 30-40 seconds. | 2) Pour the sauce mixture over. Toss and stir constantly to ensure an even coating. Once all the ingredients are piping hot, turn off the heat. Sprinkle scallions over and give everything a final toss.",https://redhousespice.com/wp-content/uploads/2022/03/chinese-pork-fried-rice-1-scaled.jpg,Main Course,Chinese,"Pork, Rice, Stir-fry",455 kcal,5.0,105.0,130.0
Pork Rib Soup (排骨汤),"A nourishing dish that's simple to prepare and lightly seasoned, Chinese pork rib soup warms both your body and heart.",https://redhousespice.com/pork-rib-soup/,10m,40m,50m,6 servings,"[Ingredients] 1½ lb pork ribs (see note 1) ,¾ teaspoon salt or to taste ,1 bulb garlic washed and unpeeled ,1 tablespoon whole white pepper or whole black pepper (see note 2) ,1 ear fresh sweet corn husks removed and cut into sections ,1 large carrot cut into chunks (see note 3) ,Scallions or cilantro (coriander)","[Blanch the ribs] 1) Put pork ribs into a pot. Add cold water about 1 inch over the meat. Bring it to a boil. | 2) Skim off any foam appearing on the surface until there is no more. Take out the ribs and discard the water. | [Simmer the ribs] 1) Put the ribs in the cleaned pot, then pour in 4 cups (1 liter) of hot water and add salt, the whole bulb of garlic, and peppercorns kept in a strainer or a spice bag. | 2) Bring the water to a full boil then turn the heat down to low. Cover the pot with a tight lid and leave to simmer for 35 to 40 minutes, or until the meat becomes tender. | [Cook the vegetables] 1) Take out the garlic and peppercorns. Add the sweetcorn pieces and carrot chunks. Increase the heat to medium. Leave to boil with the lid on for about 10 minutes until the carrot softens. | 2) Taste the soup to decide if extra salt is needed. Garnish with chopped scallions or cilantro before dishing out to serve.",https://redhousespice.com/wp-content/uploads/2024/09/pork-rib-soup-with-corn-carrot-4-scaled.jpg,Soup,Chinese,pork soup,238 kcal,5.0,4.0,12.0
Chinese pork rind jelly (肉皮冻),"Springy and slippery, Chinese pork rind jelly is truly a delight to enjoy. There is no commercial gelatin involved and it’s very simple to prepare.",https://redhousespice.com/pork-rind-jelly/,10m,50m,60m,4 servings,"[For braising the pork rind] 200 g pork rind (pork skin) 7oz ,600 ml water 2½ cups ,2 tablespoon light soy sauce ,½ tablespoon Shaoxing rice wine ,¼ teaspoon salt ,2 stalk scallions ,3 slice ginger ,1 star-anise ,1 piece cassia cinnamon ,1 bay leaf | [For the dressing] 4 teaspoon black rice vinegar ,2 teaspoon light soy sauce ,1 pinch salt ,1 teaspoon pure sesame oil ,3 cloves garlic crushed ,1 tablespoon homemade chilli oil or fresh chilli, chopped ,Toasted sesame seeds ,Coriander chopped","[Instructions] 1) Boil pork rind for 3 minutes then drain. Cut it into narrow strips when cool enough to handle (see note 1). | 2) Pour water into a clean pot. Add pork rind strips and other ingredients from braising. Bring the water to a boil then leave to simmer (with the lid on) for 50-60 mins until the pork rind becomes very soft. | 3) Discard scallions, ginger and the spices. Pour everything else into a container. When completely cool, store in the fridge for 3-4 hours until a hard block of jelly forms. | 4) Cut the jelly block as you like (thin slices or cubes) then place on a serving plate. Mix all the ingredients for the dressing. Pour it over the jelly then serve with plain rice and other savoury dishes (see note 2).",https://redhousespice.com/wp-content/uploads/2017/07/pork-rind-aspic.jpg,Salad,Chinese,Pork,327 kcal,5.0,5.0,18.0
Pork and Sour Vegetable Stir-Fry (酸菜肉末),"A quick and easy dish bursting with flavors, Chinese pork and sour vegetable stir-fry is versatile and pairs well with many staples.",https://redhousespice.com/pork-sour-vegetable/,5m,5m,130m,4 servings,"[Ingredients] 9 oz pickled mustard greens see note 1 ,2 tablespoon neutral cooking oil divided ,1 lb ground pork see note 2 ,1 tablespoon Shaoxing rice wine ,1 tablespoon light soy sauce ,1 teaspoon dark soy sauce ,2 stalk scallions finely chopped ,3 clove garlic minced ,1 teaspoon minced ginger ,Chilies dried or fresh ones, to taste ,1 teaspoon sesame oil ,½ teaspoon sugar ,⅛ teaspoon ground white pepper","[Prepare the vegetable] 1) Rinse pickled mustard greens under running water. Then soak them in plenty of water for 2 hours or overnight (see note 3). | 2) Drain and squeeze out any excess water. Cut them into tiny pieces. | [Fry the pork] 1) Heat 1½ tablespoons of oil in a wok or a large skillet over high heat. Stir in the ground pork. | 2) Use a spatula to break and loosen any large lumps, and toss to fry until the meat loses its pink color. | 3) Add Shaoxing rice wine, light soy sauce, and dark soy sauce. Stir fry for 10 more seconds then dish out and set aside. | [Combine the dish] 1) Pour the remaining ½ tablespoon of oil into the wok/skillet. Add most of the scallions (keep some for garnishing), garlic, ginger, and chilies. Sizzle until fragrant. | 2) Put in the chopped pickled mustard greens. Toss for one and a half minutes or so. Then put the pork back into the wok. Mix and fry for a further 30 seconds. | 3) Add sesame oil, sugar, white pepper, and the remaining scallions. Give everything a thorough stir before dishing out to serve.",https://redhousespice.com/wp-content/uploads/2024/06/pork-pickle-stirfry-3-scaled.jpg,Main Course,Chinese,pork stirfry,402 kcal,5.0,2.0,6.0
Scallion Pork Chops (葱烤大排),"Succulent pork flavored with fried scallions and a rich sauce, Shanghai scallion pork chops are hearty, comforting and quick to prepare.",https://redhousespice.com/scallion-pork-chops/,5m,10m,43m,6 servings,"[Ingredients] 2 lb pork chops about 6 pieces (see note 1) | [For marinating] 1 tablespoon light soy sauce ,1½ tablespoon cornstarch mixed with 3 tablespoon water ,¼ teaspoon ground white pepper | [For cooking] 2 tablespoon neutral cooking oil ,15 stalks scallions cut into halves ,4 tablespoon Shaoxing rice wine ,2 tablespoon dark soy sauce ,1 tablespoon light soy sauce ,1 tablespoon white sugar or to taste ,4 tablespoon hot water","[Pound the meat] 1) Place the pork chops, one piece at a time, onto a sturdy cutting board. Use a meat pounder (meat mallet), or the spine of a cleaver, to flatten the meat. | 2) Flip over to do the same to the other side until the meat is reduced to about half of the original thickness. | [Marinate the meat] 1) Put the pork chops into a large mixing bowl. Add light soy sauce, cornstarch (mixed with water) and white pepper. | 2) Use your hand to mix and rub until the liquid has been fully absorbed by the meat. Leave to marinate for 30 minutes or so. | [Sear the meat] 1) Add oil to a large skillet (frying pan). Place it over high heat. When the oil is hot, lay in the marinated pork chops without overlapping. | 2) As soon as the surface touching the skillet loses its pinkness and becomes lightly golden, turn the meat over to sear the other side (do not overcook). Remove from the skillet once both sides are done. Set aside. | [Braise the meat] 1) Turn the heat down to medium. Fry scallions in the remaining oil in the skillet until they begin to wilt and char slightly. | 2) Put the pork chop over the scallions. Add Shaoxing rice wine, dark soy sauce, light soy sauce, sugar and hot water. Cover with a lid and leave to braise for 5 to 7 minutes (see note 2). | 3) Remove the lid and turn the heat up to high. Let boil vigorously to reduce and thicken the cooking liquid. | 4) Dish out and serve warm with steamed rice or noodle soup (use the sauce diluted with hot water as the soup).",https://redhousespice.com/wp-content/uploads/2023/02/scallion-pork-chop-over-rice-scaled.jpg,Main Course,Chinese,"chinese pork chops, pork chops",317 kcal,5.0,13.0,27.0
Sichuan Garlic Pork Slices (蒜泥白肉),"Tender pork belly, thinly sliced and topped with an aromatic, garlicky chili sauce. Spicy but refreshing, Sichuan Garlic Pork Slices are a must-try for fans of bold flavors.",https://redhousespice.com/sichuan-garlic-pork-slices/,5m,30m,35m,4 servings,"[For the pork] 1 lb pork belly in a large chunk, skin on ,2 stalks scallions cut into sections ,6 slices ginger ,1 tablespoon Shaoxing rice wine ,1 teaspoon Sichuan peppercorn | [For the dressing] 1 tablespoon garlic finely minced ,2 tablespoon Chinese chili oil ,2 tablespoon light soy sauce see note 1 ,1 teaspoon black rice vinegar ,1 teaspoon sugar ,1 teaspoon sesame oil | [You also need] ½ large cucumber cut into slices or thin strips","[Cook the pork] 1) Put the pork belly into a large saucepan. Add scallion, ginger, Shaoxing rice wine, and Sichuan pepper. Pour in water, enough to fully cover the meat. | 2) Bring the water to a full boil, then turn the heat down to low. Leave to simmer with a lid on for 25-30 minutes. Flip the pork once halfway through. Check the doneness by poke a hole through in the middle of the meat with a chopstick. If there is no pink liquid oozing out, it’s fully cooked. | 3) Transfer the drained pork to a large bowl filled with cold water, with ice cubes if available (see note 2). | [Make the dressing] 1) While waiting for the meat to cool, prepare the dressing in a small bowl by mixing all the seasonings: garlic, chili oil, light soy sauce, black rice vinegar, sugar, and sesame oil. | [Assemble the dish] 1) From the wider side of the pork belly, cut it into slices, as thin as possible, with a sharp knife. | 2) Place the cucumber over a serving plate, then top it with pork slices. Pour the dressing over then serve.",https://redhousespice.com/wp-content/uploads/2025/06/Sichuan-Garlic-Pork-Slices-2.jpg,Main Course,Chinese,pork belly,685 kcal,5.0,1.0,3.0
Sichuan Shredded Pork with Garlic Sauce (鱼香肉丝),"A signature Sichuan dish, shredded pork with garlic sauce features tender meat, crisp vegetables, and a boldly flavored sauce that's hard to resist.",https://redhousespice.com/sichuan-shredded-pork-garlic-sauce/,20m,5m,25m,3 servings,"[For the meat] 10 oz pork tenderloin aka pork fillet ,2 teaspoon light soy sauce ,2 teaspoon Shaoxing rice wine ,1 teaspoon cornstarch ,1 pinch salt ,1 tablespoon water ,1 teaspoon neutral cooking oil | [For the sauce] 2 tablespoon black rice vinegar ,1½ tablespoon Shaoxing rice wine ,1 tablespoon light soy sauce ,½ tablespoon dark soy sauce ,2 tablespoon sugar ,1½ tablespoon cornstarch ,2 tablespoon water | [You also need] 3 tablespoon neutral cooking oil divided ,2 tablespoon pickled chili finely chopped (see note 1) ,2 teaspoon garlic minced ,1 teaspoon ginger minced ,½ cup carrot julienned ,½ cup wood ear mushrooms rehydrated and julienned (see note 2) ,½ cup bamboo shoots julienned ,1 stalk scallions finely chopped","[Marinate the pork] 1) Cut pork tenderloin into narrow strips (see note 3). Then, mix them with light soy sauce, Shaoxing rice wine, cornstarch, salt, and water. Once no more liquid can be seen, rub in oil to coat the meat evenly. | [Mix the sauce] 1) In a small bowl, mix black rice vinegar, Shaoxing rice wine, light soy sauce, dark soy sauce, sugar, cornstarch, and water. Set aside. | [Sear the pork] 1) Heat a wok over high heat until very hot, then pour in 2 tablespoons of oil (if using non-stick cookware, be sure to add oil first then heat it). Add the marinated pork. Toss to sear it quickly. Once the meat turns pale, transfer out to a plate for later use. | [Stir-fry the vegetables] 1) Add the remaining 1 tablespoon of oil to the empty wok. Sizzle pickled chili, garlic, and ginger until fragrant. Then, put in wood ear mushrooms, bamboo shoots and carrots. Stir-fry until they just begin to wilt. | [Combine the dish] 1) Return the pork to the wok. Stir fry for 30 seconds or so. Turn the heat down to low then pour in the sauce (stir well beforehand to avoid starch sitting at the bottom). | 2) As soon as the sauce starts to thicken, turn off the heat and stir in scallions. Serve immediately with steamed rice.",https://redhousespice.com/wp-content/uploads/2025/03/Sichuan-shredded-pork-with-garlic-sauce-5.jpg,Main Course,Chinese,"aubergine salad, Pork, Sichuan",344 kcal,4.92,50.0,115.0
Braised spare ribs with black bean sauce,"Multi-layered flavour penetrating the tender meat, braised spare ribs with black bean sauce is a scrumptious treat requiring effortless preparation.",https://redhousespice.com/spare-ribs-black-bean-sauce/,5m,45m,50m,4 servings,"[For the black bean sauce (skip if using shop-bought version)] 70 g fermented black beans about ½ cup ,110 ml cooking oil about ½ cup ,1 stalk scallions, cut into sections ,3 slices ginger ,½ teaspoon Sichuan pepper ,3 tablespoon fresh chilli, finely chopped optional ,2 tablespoon garlic minced ,1 tablespoon light soy sauce ,1 teaspoon Shaoxing rice wine ,½ teaspoon sesame oil ,1 pinch sugar ,1 pinch salt | [For the ribs] 700 g spare ribs about 1½ lb ,1 tablespoon cooking oil ,1 onion, sliced ,2 teaspoon ginger, julienned ,3 tablespoon homemade black bean sauce or shop-bought (see note 1) ,1 tablespoon light soy sauce ,1 stalk scallions, finely chopped","[Make the black bean sauce (skip if using shop-bought version)] 1) Rinse fermented black beans under running water. Dry them very well with kitchen paper. Coarsely chop them into small pieces. | 2) Place scallions, ginger and Sichuan peppercorn in a wok. Pour in oil then heat up over medium heat. When the scallions and ginger become lightly brown, pick them out along with the Sichuan peppercorn and discard. | 3) Add fermented black beans and all the other ingredients for the sauce into the oil. Stir fry for 2-3 minutes. This recipe makes about 1 cupful of sauce (See note 2 for other usage and storage tips). | [Braise the pork ribs] 1) Put ribs into a pot filled with cold water (enough to cover the ribs completely). Bring the water to a full boil. Use a spoon to skim off the froth on the surface. Then drain the ribs. | 2) Heat up the oil in a clean pot over medium-high heat. Fry onion and ginger until they become soft. | 3) Stir in drained ribs. Add black bean sauce and soy sauce. Pour in hot water (just enough to cover the ribs). Cover the pot with a tight lid. Leave to simmer for at least 40 minutes until the meat becomes tender. | 4) Turn the heat to high, then cook uncovered until the broth reduces by half and becomes thick. Stir in scallions then dish out to serve.",https://redhousespice.com/wp-content/uploads/2017/04/Braised-ribs-with-black-bean-sauce.jpg,Main Course,Chinese,Pork,586 kcal,5.0,10.0,31.0
Sweet and Sour Meatballs (糖醋丸子),Chinese sweet and sour meatballs stand out for their succulent texture and rich flavor. Discover a quick and easy way to make them from scratch!,https://redhousespice.com/sweet-and-sour-meatballs/,15m,15m,30m,4 servings,"[For the meatballs] 1 lb ground pork or beef, chicken, turkey, see note 1 ,1 egg ,2 tablespoon panko breadcrumbs ,1 tablespoon cornstarch ,1 tablespoon light soy sauce ,1 teaspoon sesame oil ,½ teaspoon salt ,¼ teaspoon ground white pepper ,¼ teaspoon garlic powder optional | [For the sauce] 3 tablespoon tomato ketchup ,2 tablespoon black rice vinegar or white rice vinegar ,2 tablespoon sugar ,1 tablespoon light soy sauce ,2 teaspoon cornstarch ,¼ teaspoon ground white pepper ,2 tablespoon water | [Optional garnishing] Toasted sesame seeds","[Shape the meatballs] 1) Put ground meat into a mixing bowl. Add egg, breadcrumbs, cornstarch, light soy sauce, sesame oil, salt, white pepper, and garlic powder (optional). Mix until well combined. | 2) Divide the mixture into 20-22 equal portions (about 1 heaping tablespoon each). Use your hands to shape each portion into a ball. | [Bake the meatballs] 1) Preheat the oven to 350ºF (180ºC) or 320ºF (160ºC) for a fan-assisted oven. | 2) Arrange the meatballs on a baking dish (line it with parchment paper if it isn't non-stick). Place the dish over the middle rack of the oven. Leave to bake for about 12 minutes (see note 2). | [Cook the sauce] 1) In a bowl, combine tomato ketchup, black rice vinegar, sugar, light soy sauce, cornstarch, white pepper, and water. Stir until smooth and lump-free. | 2) Pour the mixture into a skillet. Cook over low heat while stirring with a spatula constantly. Once the sauce is nearly at the desired consistency, add the baked meatballs. | 3) Turn off the heat and gently stir the meatballs until they are evenly coated in the sauce. Optionally, sprinkle toasted sesame seeds over before serving.",https://redhousespice.com/wp-content/uploads/2024/11/sweet-and-sour-meatballs-6.jpg,Main Course,Chinese,Chinese meatballs,400 kcal,5.0,1.0,3.0
"Twice Cooked Pork (Hui Guo Rou, 回锅肉)","Tender yet crispy pork slices flavoured with fermented seasonings, twice cooked pork is a mouth-watering Chinese delicacy. This recipe provides many tips on how to achieve the best flavour and texture.",https://redhousespice.com/twice-cooked-pork-fast-version/,10m,35m,45m,2 servings,"[Ingredients] 300 g pork belly, in one piece 10oz ,5 slices ginger ,2 teaspoon cooking oil ,1 tablespoon Sichuan chilli bean paste see note 1 ,1 tablespoon fermented black beans (Dou Chi, 豆豉) see note 2 ,3 cloves garlic, sliced ,1 small leek, cut diagonally see note 3 ,2 fresh red chili peppers, cut diagonally ,1 teaspoon light soy sauce ,1 teaspoon Shaoxing rice wine ,1 pinch sugar","[Precook the pork] 1) Place pork belly and ginger into a pan. Pour in enough water to cover the meat. Bring the water to a full boil. Turn down the heat and leave to simmer for 30 mins (see note 4). | 2) Drain the pork then put it into a bowl of cold water. Once it’s cool enough to touch, cut it crosswise into thin slices. Pat dry the pork slices with paper towel to remove any excess water on the surface (this helps to prevent oil splashing in the next step). | [Stir-fry the dish] 1) Heat the wok over high heat until it starts to smoke (See note 5 if you’re using a non-stick wok). Pour in oil and add pork belly pieces. | 2) Stir constantly to sear the meat. Once it lightly browns, transfer to a plate but leave all the oil in the wok. | 3) Turn the heat to low. Add Sichuan chili bean paste, fermented black beans and garlic to the oil. Sizzle for 30 seconds or so. | 4) Turn up the heat to high. Put the pork slices back into the wok. Add leek, fresh chili, Shaoxing rice wine, soy sauce and sugar. Stir fry until the leek and chili start to wilt (but still a little crunchy). Dish out and serve immediately.",https://redhousespice.com/wp-content/uploads/2017/06/Twice-cooked-pork-10-scaled.jpg,Main Course,Chinese,"Authentic, Sichuan",,5.0,40.0,70.0
Winter Melon Soup with Meatballs (冬瓜丸子汤),"A comforting dish with natural umami taste, winter melon soup with meatballs is an easy dish that warms your body in a very tasty way.",https://redhousespice.com/winter-melon-soup-with-meatballs/,10m,15m,25m,4 servings,"[Ingredients] 400 g winter melon, 14oz ,50 g mung bean vermicelli (Fen Si/粉丝) see note 1 | [For the meatballs] 250 g minced pork, or minced chicken 9oz ,1 stalk scallions, finely chopped ,1 teaspoon minced ginger ,½ tablespoon light soy sauce ,¼ teaspoon salt ,¼ teaspoon ground white pepper ,1 tablespoon tapioca starch, or corn starch ,1 egg white | [For the soup] 1 teaspoon neutral cooking oil ,½ tablespoon papery dried shrimp see note 2 ,1 stalk scallions, finely chopped ,1000 ml water 4 cups ,½ teaspoon salt or to taste ,⅛ teaspoon ground white pepper ,1 teaspoon sesame oil ,Coriander, finely chopped optional","[Prepare the winter melon] 1) Trim off the hard, green skin of the winter melon and remove its seeds. Cut into bite-sized chunks. Set aside. | [Soak the vermicelli] 1) Put dried mung bean vermicelli in a bowl. Pour in tap water to soak (enough to cover). Drain after 10 mins. Cut into shorter sections with scissors. | [Make the meatball mixture] 1) Put minced meat into a mixing bowl. Add scallions, ginger, light soy sauce, salt, white pepper, starch, and egg white. Stir in the same direction to combine until no more liquid can be seen and the mixture becomes sticky. | [Cook the soup] 1) Heat up oil in a pot over medium heat then add dried papery shrimp and scallions. Fry until fragrant. | 2) Add water. Bring it to a very gentle simmer then turn the heat to low. | 3) Place some meat mixture onto the palm of your hand (wear a kitchen glove if you wish). Gently close your hand into a fist while squeezing some mixture out to form a ball through the opening between your thumb and index finger. Scoop it off with a spoon then slide into the soup (Please refer to the tutorial video below). Repeat the procedure to finish all the meatballs. | 4) Add the winter melon to the soup. Cover the pot with a lid. Turn the heat to medium. Leave to cook until the winter melon becomes soft (about 8-10 mins). | 5) Put in mung bean vermicelli. Cook for a further minute. | 6) Finally, add salt, ground white pepper & sesame oil. Garnish with coriander (if using). Serve warm in a large soup dish or individual serving bowls.",https://redhousespice.com/wp-content/uploads/2020/10/Winter-melon-and-meatball-soup-7-scaled.jpg,Main Course,Chinese,"Easy, Tung Kua Tong",155 kcal,5.0,11.0,20.0
Broccoli with Garlic Sauce (蒜蓉西兰花),"A must-try dish, broccoli with garlic sauce shows you a classic Chinese way to make vegetables irresistibly appealing.",https://redhousespice.com/broccoli-with-garlic-sauce/,2m,4m,6m,2 servings,"[For blanching] 1 medium head broccoli ,1 small carrot ,1 teaspoon salt | [For stir-frying] 1 tablespoon oyster sauce see note ,1 teaspoon cornstarch ,⅛ teaspoon salt ,1 pinch white pepper ,5 tablespoon water ,1 tablespoon neutral cooking oil ,4 cloves garlic crushed and coarsely chopped","[Prepare] 1) Wash broccoli thoroughly under running water. Cut it into bite-sized florets. Remove the outer layer of the thick stem then cut it into thick slices. | 2) Peel the carrot then cut it diagonally into thin slices. | [Blanch] 1) In a wok or a pot, bring about 4 cups (1 liter) of water to a full boil. Add 1 teaspoon of salt then put in the broccoli. Leave to cook for about 1 to 1½ minutes, then add the carrots and continue cooking for 1 more minute. Drain the vegetables and set aside. | [Stir-fry] 1) While waiting for the vegetables to blanch, mix oyster sauce, cornstarch, salt (⅛ teaspoon), and white pepper with water (5 tablespoons). | 2) Heat oil in a wok or a pan over medium heat. Add garlic and sizzle it for 15 seconds or so. | 3) Turn the heat down to low, then pour in the seasoning mixture (stir well beforehand in case any starch sinks to the bottom). Swirl with a spatula as the sauce thickens. | 4) Put in the blanched broccoli and carrot. Toss swiftly to combine until the vegetables are evenly coated with the sauce.",https://redhousespice.com/wp-content/uploads/2024/09/broccoli-stir-fry-2-scaled.jpg,Side Dish,Chinese,broccoli stir-fry,191 kcal,5.0,1.0,3.0
Chicken Fried Rice (鸡肉炒饭),Making your takeout favorite at home is easy! This chicken fried rice recipe includes many tips to help you achieve the best result.,https://redhousespice.com/chicken-fried-rice/,10m,6m,16m,3 servings,"[For the chicken] 1 small piece chicken breast about 7 oz/200 g (see note 1) ,2 teaspoon cornstarch ,1 pinch salt ,1 tablespoon water | [For the seasonings] 2 tablespoon light soy sauce ,1 tablespoon dark soy sauce ,⅛ teaspoon ground white pepper ,1 teaspoon sesame oil | [You also need] 2 tablespoon neutral cooking oil divided ,3 clove garlic minced ,1 small onion diced ,1 cup button mushrooms diced (see note 2) ,½ cup red pepper diced ,½ cup peas ,3 cup cooked rice see note 3 ,1 stalk scallions finely chopped","[Marinate the chicken] 1) Cut the chicken into small cubes then put them into a bowl. Add cornstarch, salt, and water. Mix well and leave to marinate for 5 minutes. | [Mix the seasonings] 1) In a small bowl, mix light soy sauce, dark soy sauce, white pepper, and sesame oil. Set aside. | [Sear the chicken] 1) Heat an empty wok or large skillet over high heat until hot then add 1 tablespoon of oil ( N.B. if using cookware with non-stick coating, add oil first then heat up). | 2) Stir in the marinated chicken. Fry until the chicken pieces turn pale. Dish them out and leave any oil in the wok. | [Stir fry the vegetables] 1) Add the remaining 1 tablespoon of oil to the wok. Put in minced garlic and diced onion. Sizzle until the onion browns slightly. | 2) Stir in diced mushrooms, red pepper, and peas. Toss over high heat for about 1 minute. | [Combine the dish] 1) Tip in the cooked rice and pour in the seasoning mixture. Stir and toss constantly to heat the rice evenly. Use a spatula to loosen any rice in lumps. | 2) Once the rice becomes piping hot, return the chicken to the wok. Give everything a thorough toss for about 30 seconds. Stir in chopped scallions before dishing out to serve.",https://redhousespice.com/wp-content/uploads/2024/07/chicken-fried-rice-5-scaled.jpg,Main Course,Chinese,fried rice,446 kcal,5.0,2.0,5.0
"Di San Xian (Stir Fried Eggplant, Potato and Pepper)","Discover a fantastic way to cook vegetables! Di San Xian features three humble veggies, fried to perfection and flavored with a delectable sauce. Simply delicious!",https://redhousespice.com/di-san-xian/,2m,15m,22m,2 servings,"[For the vegetables] 1 Asian eggplant about 6 oz (170 g), see note 1 ,⅛ teaspoon salt ,1 tablespoon cornstarch ,1 medium potato about 9 oz (250 g) ,1 bell pepper about 6 oz (170 g) | [For seasoning] 1½ tablespoon light soy sauce ,1 teaspoon dark soy sauce ,½ tablespoon Shaoxing rice wine or dry sherry ,1 tablespoon cornstarch ,¼ teaspoon ground white pepper ,¼ teaspoon sugar ,5 tablespoon water | [You also need] 4 tablespoon neutral cooking oil ,4 clove garlic minced ,1 stalk scallions finely chopped","[Prepare the vegetables] 1) Cut the eggplant into large bite-sized pieces using the roll-cut technique: cut crossways at a 45° angle, then give it a quarter turn and cut again. Sprinkle salt over and let sit for 5 minutes. Then evenly coat the pieces with cornstarch. | 2) Peel the potato and cut it into pieces similar in size and shape to the eggplant. Then cut the pepper. | [Mix the sauce] 1) In a small bowl, mix all the seasoning ingredients with water. Set aside. | [Shallow fry the vegetables] 1) Heat oil in a wok or skillet. Add the potato and fry over medium heat. Flip several times to lightly brown all sides. Then transfer the pieces to a wire rack or a plate lined with paper towels. | 2) Add the pepper next, and fry until its surface blisters. Remove it from the wok and drain over the rack. | 3) Turn the heat to high and add the eggplant. Fry until the surface turns slightly golden and crispy. Transfer out. | [Stir-fry the dish] 1) Remove most of the oil from the wok, leaving just a thin layer. Add garlic and scallions. Leave to sizzle over low heat until fragrant. | 2) Stir the premixed sauce very well before pouring it into the wok. Swirl with a spatula right away as it thickens very quickly (see note 2). | 3) Put in all the vegetables. Toss to coat all pieces with the glossy sauce. Dish out and serve with steamed rice immediately.",https://redhousespice.com/wp-content/uploads/2024/05/stir-fried-eggplant-potato-pepper-5-scaled.jpg,Side Dish,Chinese,eggplant recipe,312 kcal,5.0,7.0,20.0
Five Spice Edamame (五香毛豆),"A healthy dish that requires minimal effort, Chinese five spice edamame is perfect for munching as a snack or appetizer.",https://redhousespice.com/five-spice-edamame/,3m,7m,250m,4 servings,"[Ingredients] 1 lb edamame aka fresh green soybeans in pods (no need to thaw if frozen) ,1 tablespoon salt see note 1 ,1 star anise see note 2 ,1 piece Chinese cinnamon ,1 teaspoon Sichuan pepper ,2 bay leaves ,5 dried chilies or to taste ,6 slice ginger","[Cook the edamame] 1) Use scissors to trim off the stem end of each edamame. | 2) In a saucepan, bring 3 cups (750 ml) of water to a full boil. Add the edamame and salt. Once the water comes back to a boil, turn the heat down and leave to simmer for about 2 minutes, or a little longer if you prefer a softer texture of the beans. | 3) Use a slotted spoon to transfer the edamame to a large bowl of cold water. Keep the hot water in the saucepan for the next step. | [Make the spiced water] 1) Put ginger, star anise, Chinese cinnamon, Sichuan pepper, bay leaves, and dried chilies into the hot water. Let it simmer over low heat for 5 minutes. Then leave it to cool down for 20 minutes. | [Steep the edamame] 1) Drain the edamame from the cold water, then pour in the spiced water. Leave to soak for 4 hours or overnight. Fish them out and serve as a snack or the starter of a meal (see note 3).",https://redhousespice.com/wp-content/uploads/2024/05/Five-Spice-Edamame-3.jpg,Appetizer,Chinese,soybeans,143 kcal,,,
Napa Cabbage Salad (凉拌大白菜),"A crisp and refreshing Chinese Napa cabbage salad tossed with a bold, tangy dressing and crunchy toppings. Simple, quick, and seriously tasty!",https://redhousespice.com/napa-cabbage-salad/,6m,6m,6m,4 servings,"[Ingredients] ½ medium Napa cabbage about 1 lb (450g) ,2 fresh chili peppers or to taste ,½ medium red onion about 3.5 oz (100g) ,1 small bunch cilantro ,¼ cup roasted peanuts about 1 oz (30g) ,1 teaspoon roasted sesame seeds | [for the dressing] 1 tablespoon light soy sauce ,1 tablespoon black rice vinegar ,1 tablespoon lime juice from half of a lime ,1 tablespoon sugar or honey ,1 tablespoon sesame oil or Chinese chili oil ,1 teaspoon garlic minced","[Instructions] 1) Separate the Napa cabbage leaves and rinse them under running water. Shake off excess water, or better yet, pat each leaf dry with paper towels. Stack several leaves at a time and lay them flat on a cutting board. Starting from the root end, slice them crosswise into thin strips. | 2) Remove the stems and seeds from the chili peppers, then slice them to match the size and length of the cabbage strips. Similarly prepare the onion. Cut the cilantro into sections. | 3) Add all the dressing ingredients to a small bowl and mix well until the sugar is fully dissolved. | 4) Put all the vegetables in a large mixing bowl, top with peanuts and sesame seeds, then pour the dressing over them (see note 2). Toss everything vigorously to help the flavors absorb. Transfer the salad to a serving plate and enjoy.",https://redhousespice.com/wp-content/uploads/2025/06/Chinese-napa-cabbage-salad-feature-scaled.jpg,Salad,Chinese,Salad,138 kcal,5.0,1.0,3.0
Chinese Overnight Pickled Vegetables (洗澡泡菜),"Crisp, tangy, and lightly spiced, these Chinese-style pickled vegetables are ready overnight with just a few pantry ingredients. The ideal side dish to prep ahead and brighten up any meal.",https://redhousespice.com/overnight-pickled-vegetables/,25m,25m,50m,6 servings,"[Ingredients] 1 lb vegetables, such as cucumber, carrot, red radish, celery, or chili pepper see note 1 ,3 teaspoon salt divided ,2 tablespoon sugar ,1 teaspoon Sichuan peppercorns ,2 bay leaves ,1 star anise ,2 tablespoon white rice vinegar or white wine vinegar ,5 slices ginger ,Chili oil or toasted sesame oil, for serving (optional)","[Instructions] 1) Wash the vegetables and peel if needed. For cucumbers, carrots, or celery, cut into chunky sticks. Halve the red radish. Chop chili peppers into large pieces if using. | 2) In a large bowl, toss the vegetables with 1 teaspoon of salt. Leave for 20 minutes to draw out moisture, then drain off any liquid. | 3) In an airtight container large enough to hold the vegetables, combine the remaining 2 teaspoons of salt, sugar, Sichuan peppercorns, bay leaves, and star anise with ¼ cup (60 ml) of hot water. Let it sit for 10 minutes to cool slightly and fully dissolve the salt and sugar. Then add 1¼ cup (300 ml) of cold water, along with the white vinegar and ginger slices. | 4) Add the drained vegetables. If needed, top up with more water so everything is fully submerged. | 5) Seal with a lid and refrigerate overnight. The pickles are ready the next day. For best quality, consume within 5 days. Always use clean, dry utensils to take them out. | 6) To make the pickle extra tasty, add a dash of chili oil, or sesame oil, when serving (see note 2).",https://redhousespice.com/wp-content/uploads/2025/07/Chinese-overnight-pickled-vegetables-6-scaled.jpg,Side Dish,Chinese,pickles,,5.0,1.0,3.0
Spinach Salad with Ginger Dressing,"Delightfully crunchy and pleasantly zesty, Chinese spinach salad makes a tasty and refreshing starter for any meal.",https://redhousespice.com/spinach-soybean-salad/,4m,1m,5m,2 servings,"[Ingredients] 10 oz savoy spinach see note 1 ,1 teaspoon salt ,1 teaspoon ginger paste ,1 tablespoon black rice vinegar ,1 teaspoon light soy sauce ,1 teaspoon sesame oil ,¼ teaspoon sugar ,Toasted sesame seeds","[Blanch the spinach] 1) Wash spinach thoroughly without breaking off any stems or leaves. | 2) Bring water to a full boil then add salt, then the spinach. Blanch until it starts to wilt (no more than 20 seconds). | 3) Drain and rinse under tap water to cool. Then squeeze out any excess water. | [Prepare the dressing] 1) In a small bowl, mix ginger paste with black rice vinegar, light soy sauce, sesame oil, and sugar. | [Assemble the dish] 1) Cut the blanched spinach crosswise into sections. Place it on a plate. Pour the dressing over then garnish with toasted sesame seeds.",https://redhousespice.com/wp-content/uploads/2024/05/spinach-salad-with-ginger-dressing-08-scaled.jpg,Salad,Chinese,spinach,60 kcal,5.0,5.0,13.0
Steamed Eggplant with Chili Garlic Dressing,"You only need 8 minutes to cook this steamed eggplant recipe. Creamy, aromatic, and tangy, it tastes wonderful both hot and cold.",https://redhousespice.com/aubergine-salad/,2m,6m,8m,2 servings,"[Ingredients] 10 oz eggplants see note 1 ,1 tablespoon garlic paste see note 2 ,1 stalk scallions finely chopped ,Fresh chili pepper finely chopped, to taste ,Cilantro finely chopped, to taste ,1 tablespoon light soy sauce ,½ tablespoon oyster sauce see note 3 for vegan alternatives ,½ tablespoon black rice vinegar ,2 teaspoon sesame oil ,½ teaspoon sugar","[Instructions] 1) Add water to a wok/pot in which you plan to steam the eggplants. Heat the water over a burner. | 2) Right before the water begins to boil, start preparing the eggplants. Trim off their stems but keep their skin on. Cut them into chunks (as shown in the recipe images) or thick sticks. Place them onto a serving plate, then immediately put the plate into the steamer (see note 4). | 3) Cover the steamer with a lid. Leave to cook over high heat for about 6 minutes. | 4) While waiting, prepare the sauce. In a small bowl, mix the rest of the ingredients, namely garlic, fresh chili, scallions, cilantro, light soy sauce, oyster sauce, black rice vinegar, sugar, and sesame oil. | 5) When the eggplant is cooked, take out the plate. You may pour the sauce over the eggplant straightaway and serve the dish hot. Alternatively, let the eggplant cool completely (or chill in the fridge) then add the dressing and enjoy it as a salad.",https://redhousespice.com/wp-content/uploads/2023/07/Steamed-eggplant-with-garlic-dressing-4.jpg,Salad,Chinese,"aubergine salad, eggplant salad",98 kcal,4.96,23.0,41.0
Bok Choy Stir-fry (蒜蓉小白菜),"A 5-minute quick dish using minimum ingredients, Chinese bok choy stir-fry is flavoured by garlic and light seasonings. It’s healthy and delightful to eat.",https://redhousespice.com/bok-choy-stir-fry/,3m,2m,5m,2 servings,"[For blanching] 350 g bok choy about 12oz ,½ teaspoon salt | [For seasoning] 1 teaspoon cornstarch ,¼ teaspoon salt ,⅙ teaspoon sugar | [For stir-frying] 1 tablespoon neutral cooking oil ,4 cloves garlic, coarsely chopped ,3 dried chilli, cut into sections optional","[Blanch] 1) Wash bok choy thoroughly. Trim off the hard ends and discard. Separate the leaves. If they are quite large, half each stem lengthways. | 2) Bring plenty of water in a wok/pot to a full boil. Add ½ teaspoon of salt then put in the bok choy. Leave to blanch for 20-30 seconds (depending on the size of the leaves). Drain immediately and set aside (do not overcook). | [Stir-fry] 1) Before you start cooking, mix cornstarch, salt and sugar with 1 tablespoon of water. | 2) Add oil, garlic and dried chilli to a wok. Fry over high heat. | 3) Once the garlic starts to sizzle intensively, put in the drained bok choy. Flip and toss constantly for 20 seconds or so (make sure to retain high heat). Pour in the seasoning mixture (stir it well beforehand). | 4) Give it a final stir then dish out. Serve immediately with steamed rice and other savoury protein dishes.",https://redhousespice.com/wp-content/uploads/2022/06/bok-choy-stir-fry-with-garlic.jpg,Side Dish,Chinese,"Vegan, Vegetables, Vegetarian",112 kcal,4.93,13.0,23.0
Braised Mushroom with Bok Choy (香菇菜心),This dish comprises braised mushrooms of meaty texture and blanched bok choy full of crunchiness. It makes a healthy and tasty side dish.,https://redhousespice.com/braised-mushroom/,2m,8m,70m,4 servings,"[Ingredients] 50 g dried shiitake mushroom see note 1 for substitutes ,400 g bok choy ,1 teaspoon salt ,1½ tablespoon neutral cooking oil divided ,4 cloves garlic minced ,2 tablespoon oyster sauce see note 2 for vegan substitutes ,½ teaspoon dark soy sauce ,¼ teaspoon sugar ,1 dash sesame oil ,1 tablespoon cornstarch mixed with 2 tablespoon water","[Rehydrate the mushrooms] 1) Soak dried shiitake mushrooms in 500 ml of water (about 2 cups) until they become plump. Overnight soaking in cold water produces the best result. Otherwise, use the hot water method to speed up. You’ll need 1 hour for small-sized mushrooms. | 2) Take out the mushrooms and squeeze out excess water (keep the soaking water for later use). Trim off the stem, then set aside. | [Blanch the bok choy] 1) Wash bok choy thoroughly under tap water without separating the leaves. Halve each one lengthwise. | 2) Bring plenty of water in a wok/pot to a full boil. Add the salt and ½ tablespoon of oil. Put in the bok choy and leave to cook for 40 seconds or so until the leaves have just become wilted. Pour into a colander to drain well. | [Braise the mushroom] 1) Heat up a wok. Add the remaining 1 tablespoon of oil and garlic. Fry until fragrant then put in the mushrooms. Stir fry for 20 seconds or so. | 2) Slowly pour in 250 ml (about 1 cup) of the mushroom soaking water (be careful not to pour in any solid bits at the bottom of the bowl). Once the water starts boiling, add oyster sauce, dark soy sauce, and sugar. Leave to simmer uncovered over medium-low heat for about 5 minutes. | 3) Add sesame oil and the cornstarch slurry (stir well right before pouring). Simmer until the sauce becomes thick enough to cover your spatula. | [Combine and serve] 1) Lay the bok choy on a serving plate. Pour the mushrooms and the sauce over. Serve with steamed rice , along with other protein-rich dishes.",https://redhousespice.com/wp-content/uploads/2022/01/braised-shiitake-with-bok-choy-scaled.jpg,Side Dish,Chinese,"Vegan, Vegetables, Vegetarian",111 kcal,5.0,27.0,40.0
Spicy Five Spice Potatoes,"Seasoned with big flavors and pan-fried to a golden color, spicy five spice potatoes make a fantastic side dish and it’s so easy to cook.",https://redhousespice.com/five-spice-potatoes/,2m,12m,14m,4 servings,"[Ingredients] 900 g baby potatoes about 2 lb ,2 tablespoon cooking oil ,½ tablespoon chili flakes ,¼ teaspoon five spice powder or ground Sihcuan pepper , cumin powder ,¼ teaspoon salt or to taste ,1 stalk scallions, finely chopped","[Instructions] 1) Put baby potatoes into a pot and add cold water just enough to cover. Bring water to a full boil then leave to simmer over low heat until they are just cooked. Use a fork to test. It should be able to poke through with some resistance. Do not overcook ( It took me about 5 minutes to simmer). | 2) Heat oil in a large frying pan. Add drained potatoes. Use a glass to press each one to create some cracks (but do not mash them). | 3) Fry over medium heat until the first side becomes golden. Flip over to brown on the other side. | 4) Sprinkle the mixture of chili flakes, five spice (or ground Sichuan pepper, cumin powder) and salt. Garnish with scallions and serve immediately.",https://redhousespice.com/wp-content/uploads/2021/12/baby-potatoes-with-spices-scaled.jpg,Side Dish,Chinese,"Gluten-free, Spicy, Vegan, Vegetables, Vegetarian",233 kcal,5.0,6.0,8.0
Scallion Tofu (葱烧豆腐),"Try this delicious scallion tofu recipe: crispy pan-fried tofu braised in a sauce that is rich in scallion aroma and umami flavor. Quick, vegan, and irresistibly tasty!",https://redhousespice.com/scallion-tofu/,3m,10m,13m,2 servings,"[Ingredients] 1 lb tofu preferably the firm type (see note 1) ,8 stalks scallions ,¼ cup neutral cooking oil (see note 2 & 3) ,2 tablespoon light soy sauce ,½ tablespoon dark soy sauce ,¼ teaspoon sugar ,1 cup water ,2 teaspoon cornstarch mixed with 3 teaspoons of water","[Instructions] 1) Cut tofu into slices of around ¾ inch (2 cm) thickness. Pat dry their surface with kitchen paper. | 2) Finely chop the white part of the scallions, then halve the green part. | 3) Heat oil in a wok or skillet/frying pan. Gently slide in the tofu pieces. Arrange them in a single layer and leave to fry over medium heat until the bottom side turns golden. Flip over to fry the other side (see note 3 for air-frying method). | 4) Transfer out the pan-fried tofu leaving any oil in the wok/skillet. Put in the chopped scallion white and fry until lightly brown. | 5) Add light soy sauce, dark soy sauce, sugar, and water. Bring it to a full boil then put the tofu back in, along with the scallion greens. Leave to braise uncovered over high heat for about 2 minutes. | 6) Turn the heat down to low. Pour in the cornstarch slurry (stir it well beforehand). Simmer until the sauce thickens to the desired consistency (just thick enough to coat the spatula).",https://redhousespice.com/wp-content/uploads/2023/05/scallions-tofu-6.jpg,Main Course,Chinese,"Tofu, Vegan",469 kcal,4.92,25.0,33.0
Silken Tofu with Scallions and Soy Dressing,"A quick and easy recipe for silken tofu with scallion and soy dressing. It shows you a simple but delicious way to serve this healthy vegan, protein-rich ingredient.",https://redhousespice.com/silken-tofu-salad/,5m,5m,10m,2 servings,"[Ingredients] 500 g silken tofu, or soft block tofu about 1 lb ,1½ tablespoon neutral cooking oil ,3 stalks scallions, finely chopped ,3 cloves garlic, minced ,½ teaspoon chilli flakes, or ground dried chilli optional ,2 tablespoon light soy sauce ,1 teaspoon black rice vinegar ,1 pinch sugar ,Toasted sesame seeds for garnishing","[Instructions] 1) Peel off the cover of the silken tofu box. Place several layers of kitchen paper towel over then flip over. Leave to sit on a flat surface allowing the paper to absorb any excess water. | 2) While waiting, prepare the sauce. Add oil, scallions and garlic to a small saucepan (keep some scallions for garnishing). Leave to simmer over low heat until the aromatics become golden. Turn off the heat then stir in chilli flakes if using. Finally, add light soy sauce, black rice vinegar and sugar. Mix well. | 3) Flip over the tofu and carefully remove the kitchen paper. Place a serving plate upside down over the opening of the tofu box. Turn it around and gently lift up the box. | 4) Pour the sauce over the tofu. Garnish with scallions and toasted sesame seeds.",https://redhousespice.com/wp-content/uploads/2022/03/silken-tofu-with-scallion-soy-dressing-scaled.jpg,Appetizer,Chinese,"Spicy, Tofu, Vegan, Vegetarian",227 kcal,5.0,45.0,56.0
Smashed Cucumber Salad (拍黄瓜),"Cracked with force and seasoned with bold flavours, Chinese smashed cucumber salad is a quick, fun and refreshing dish to make.",https://redhousespice.com/smashed-cucumber/,3m,12m,15m,2 servings,"[Ingredients] 1 large cucumber or 2 small ones (about 350g/12oz) ,¼ teaspoon salt ,2 cloves garlic minced ,1 tablespoon light soy sauce ,½ tablespoon black rice vinegar e.g. Chikiang vinegar ,1 teaspoon sesame oil ,1 pinch sugar ,Chinese chili oil to taste ,Sichuan pepper oil optional","[Instructions] 1) Place cucumber onto a chopping board. Use the side of a cleaver, or a rolling pin/a meat pounder, to smash it. Make sure the pressure is enough to crack it open by one stroke, instead of pounding it multiple times on one spot. Then cut it crosswise into bite-sized pieces. | 2) Transfer the cucumber to a bowl. Sprinkle evenly with salt. Leave to rest for 10 minutes or so. Then drain away the water extracted by the salt (see note). | 3) Add light soy sauce, black rice vinegar, sesame oil, sugar, minced garlic, chilli oil and Sichuan pepper oil if using. Toss very well to evenly distribute the seasonings. | 4) Enjoy it right away or let it sit for 2 minutes before serving (The flavour will penetrate further into the cucumber).",https://redhousespice.com/wp-content/uploads/2022/06/chinese-smashed-cucumber-scaled.jpg,Salad,Chinese,"cucumber salad, smashed cucumber salad",53 kcal,5.0,48.0,71.0
Tiger Skin Pepper (虎皮青椒),"A quick and easy Sichuan dish, tiger skin pepper combines a delightful texture with bold flavors like smokiness, spiciness, and a hint of sweet and sour.",https://redhousespice.com/tiger-skin-pepper/,2m,10m,12m,2 servings,"[Ingredients] 11 oz green chili peppers see note 1 ,1 tablespoon light soy sauce ,1 tablespoon black rice vinegar ,1 pinch sugar ,1 tablespoon neutral cooking oil ,4 clove garlic coarsely minced ,1 tablespoon fermented black beans see note 2","[Instructions] 1) Trim off the stems of the chili peppers. Deseed then cut them in halves crosswise (keep them whole if they’re fairly small). Mix light soy sauce, black rice vinegar, and sugar in a small bowl. | 2) Put the chili peppers into an empty wok/skillet (without oil). Over medium heat, char the peppers until they wilt and brown blisters appear on the surface (Press them with the back of a spatula to accelerate the process). | 3) Transfer out the charred peppers. Pour cooking oil into the wok and add minced garlic and fermented black beans. | 4) Sizzle until the garlic turns lightly golden. Return the pepper back to the wok and pour in the sauce mixture. Give everything a quick stir to evenly distribute the seasoning. Dish out and serve warm with steamed rice and 1 or 2 protein-based dishes.",https://redhousespice.com/wp-content/uploads/2023/06/Tiger-skin-pepper-8-scaled.jpg,Side Dish,Chinese,pepper stir-fry,131 kcal,5.0,5.0,7.0
Tofu Soup with Vegetables (豆腐鲜蔬汤),Indulge yourself in the comforting embrace of Chinese tofu soup with vegetables. It requires little effort but offers a delightful outcome.,https://redhousespice.com/tofu-soup-papery-dried-shrimp/,6m,4m,40m,4 servings,"[Ingredients] 4 dried shiitake mushrooms see note 1 for substitutes ,1 tablespoon dried shrimp see note 2 for substitutes ,1 lb tofu soft or medium-firm ,1 medium tomato ,9 oz bok choy or napa cabbage ,2 stalk scallions ,2 teaspoon neutral cooking oil ,1 tablespoon light soy sauce ,¼ teaspoon salt ,¼ teaspoon ground white pepper ,½ teaspoon sesame oil","[Soak the dried ingredients] 1) Rinse dried shiitake mushrooms then soak them in 2 cups (500ml) of water for about 6 hours or overnight (If in a hurry, soak in hot water for 30 minutes). Take them out (Keep the water in which they’re soaked for later use) and trim off the stems then cut into thin slices. | 2) Soak dried shrimp in ¼ cup (60ml) of hot water for about 10 minutes. Chop it into smaller pieces. Keep the soaking water. | [Prepare other ingredients] 1) Cut tofu into bite-sized cubes. Slice tomatoes into wedges. Separate the stems and leaves of bok choy. Cut them into 1-inch (2½ cm) pieces. Finely chop the scallions, and keep their white and green parts separated. | [Cook the soup] 1) Heat cooking oil in a wok (or a pot). Sizzle the white part of the scallions and dried shrimp until fragrant. Stir in the mushroom and tomato. Fry briefly until the tomato becomes a little mushy on the edge. | 2) Slowly pour in the water in which the mushrooms are soaked, leaving any impurities at the bottom of the bowl. Add the dried shrimp soaking water and 2 cups (500 ml) of hot water. Bring it to a full boil. | 3) Slide in the tofu cubes. Leave to simmer over medium heat for 2 minutes. | 4) Add the stem part of the bok choy. Cook for a further 20 seconds. | 5) Turn off the heat. Stir in the leafy part of the bok choy. Add light soy sauce, salt, white pepper, and sesame oil. Mix well then garnish with the green part of the scallions.",https://redhousespice.com/wp-content/uploads/2023/10/tofu-soup-with-vegetables-3.jpg,Side Dish,Chinese,"Soup, Tofu, vegetable soup",153 kcal,4.89,9.0,24.0
"Chinese cabbage stir-fry, two ways (手撕包菜)","Hand-torn leaves cooked to a tender-crispy texture, Chinese cabbage stir-fry is simple yet delicious. This recipe shows you two tasty versions.",https://redhousespice.com/chinese-cabbage-stir-fry/,5m,2m,7m,2 servings,"[For the vegetarian version] 1 tablespoon cooking oil ,1 teaspoon Sichuan peppercorn ,3 cloves garlic, sliced ,3 slices ginger ,6 dried chillies or fresh chillies ,250 g cabbage, hand-torn into small pieces see note 1 ,½ teaspoon dark soy sauce ,½ teaspoon light soy sauce ,¼ teaspoon black rice vinegar ,1 pinch salt ,1 pinch sugar | [For the sausage version] 1 tablespoon cooking oil ,2 Chinese sausages (Lap cheong), sliced see note 2 ,1 teaspoon ginger, julienned ,250 g cabbage, hand-torn into small pieces see note 1 ,1 stalk scallions, finely chopped ,2 teaspoon oyster sauce ,½ teaspoon light soy sauce","[For the vegetarian version] 1) Add cooking oil and Sichuan peppercorns to a cold wok. Sizzle over high heat until fragrant (do not burn). Remove the peppercorns with a spatular. | 2) Fry ginger, garlic and dried chillies in the oil briefly then stir in cabbage. | 3) When the cabbage wilts, add soy sauce, black rice vinegar, salt and sugar. | 4) Stir fry for a further 20 seconds or so. Dish out and serve warm. | [For the sausage version] 1) Heat up the wok until it lightly smokes. Pour in oil then add Chinese sausage and ginger. | 2) When the sausage slices curl up a little, stir in cabbage and scallions. | 3) When the cabbage wilts add oyster sauce and light soy sauce. | 4) Stir fry for a further 20 seconds or so. Dish out and serve warm.",https://redhousespice.com/wp-content/uploads/2020/06/cabbage-stirfry-4-scaled.jpg,Side Dish,Chinese,"Stir-fry, Vegetables",,5.0,36.0,56.0
"Chinese cucumber salad, three ways (黄瓜三吃)",A comprehensive guide on preparing cucumber salads the Chinese way. Three cutting methods are matched with three delicious dressings. A tutorial video is also included.,https://redhousespice.com/chinese-cucumber-salad-three-ways/,12m,12m,12m,2 servings,"[Option 1: Smashed cucumber salad] 1 large cucumber about 400g/14oz ,½ teaspoon salt ,3 cloves garlic, minced ,1 stalk scallions, finely chopped ,3 bird’s eye chillies, finely chopped or other types of chillies ,1 tablespoon black rice vinegar ,1 teaspoon light soy sauce ,½ teaspoon sugar ,1 tablespoon cooking oil | [Option 2: Sliced cucumber salad] 1 large cucumber about 400g/14oz ,4 radish, thinly sliced ,1 tablespoon black rice vinegar ,2 teaspoon light soy sauce ,1 teaspoon sesame oil ,1 teaspoon minced ginger ,1 pinch salt ,1 drop honey ,toasted sesame seeds ,coriander optional | [Option 3: Coir raincoat cucumber salad] 8 mini cucumbers ,2 tablespoon light soy sauce ,1 teaspoon sugar ,¼ teaspoon ground Sichuan pepper ,1 teaspoon chilli powder/chilli flakes ,toasted sesame seeds ,1 tablespoon cooking oil","[For option 1: Smashed cucumber salad] 1) Partially peel the skin of the cucumber. | 2) Use the side of a cleaver to smash the cucumber (Alternatively, you may use a rolling pin) . Cut the smashed cucumber into bitesize pieces. | 3) Add the salt. Mix and leave to rest for 10 mins. Then discard the liquid extracted from the cucumber. | 4) Add scallions, garlic & fresh chillies. Heat up the oil then pour it over. | 5) Add soy sauce, black rice vinegar, sugar. | 6) Cover the bowl with a plate. Shake to mix for 10 seconds. Transfer to a serving bowl/plate. | [For option 2: Sliced cucumber salad] 1) Slice the cucumber lengthways with a vegetable peeler. Stop when the seedy part appears. | 2) Turn 90 degrees and continue slicing. Repeat to slice all sides. | 3) Put into a salad bowl (exclude the seedy part). Add radish slices. | 4) Mix all the other ingredients in a small bowl. | 5) Right before serving, pour the dressing over. Toss with chopsticks. | [For option 3: Coir raincoat cucumber salad] 1) For the cutting technique, please refer to the tutorial video below. | 2) Using the tip of the knife as a guide to depth. Thinly slice diagonally to a depth of approximately halfway through the cucumber from one end to the other. | 3) Turn over to the other side. Slice at right angles to the same depth throughout. | 4) Mix soy sauce and sugar in a serving bowl/plate. Place cucumbers on top. Leave to rest for 10 mins (toss around halfway). Then discard all the liquid. | 5) Put ground Sichuan pepper, chilli powder & toasted sesame seed on top of the cucumbers. | 6) Pour hot oil over the spices. Toss gently then serve (See note 2).",https://redhousespice.com/wp-content/uploads/2020/05/Chinese-cucumber-salad-8-scaled.jpg,Salad,Chinese,"Salad, Sichuan, Vegetables",,5.0,14.0,26.0
Soy sauce rice pilaf (酱油炒饭),Want to make “fried rice” but no cooked rice available? This Chinese soy sauce rice pilaf comes to the rescue. Easy to prepare and better than takeout.,https://redhousespice.com/chinese-soy-sauce-rice-pilaf/,10m,20m,30m,4 servings,"[For the prawns] 7 oz shrimp ,3 cloves garlic, crushed ,½ teaspoon dark soy sauce see note 1 ,½ teaspoon honey ,½ teaspoon cornstarch ,½ teaspoon Shaoxing rice wine ,1 pinch salt ,1 teaspoon cooking oil | [For the rice] 1 tablespoon cooking oil ,1 cup raw rice, rinsed see note 2 ,1 stalk scallions, chopped ,9 oz fresh soybeans, or peas ,1 medium carrot, diced ,½ bell pepper, diced ,10 dried shiitake mushrooms, rehydrated and diced see note 3 ,1¾ cup hot water ,2 teaspoon dark soy sauce see note 1 ,¼ teaspoon salt or to taste ,½ teaspoon sesame oil","[Marinate the prawns] 1) In a bowl, mix all of the ingredients for the shrimp (except for the oil). Set aside. | [Cook the rice] 1) In a wok/skillet, heat up 1 tablespoon of oil over medium-high heat. | 2) Stir in scallions and leave to sizzle for 10 seconds or so. Put in rice. Fry until every grain is covered by oil. | 3) Add all the vegetables. Continue frying for a while. When everything appears to be very dry, pour in hot water and dark soy sauce. | 4) Bring the water to a boil then cover with a lid. Turn the heat down to low. Leave to simmer for 12-15 minutes. | 5) Remove the wok/skillet from the heat. Let it rest for a further 5 minutes. | [Fry the shrimp] 1) While the rice is resting, heat up 1 teaspoon of oil in a skillet. Place in marinated shrimp. Cook both sides until they curl up tight (It should take very short time). | 2) Sprinkle salt and sesame oil over the rice. Stir in the fried shrimp. Serve immediately.",https://redhousespice.com/wp-content/uploads/2020/01/CNY-Chinese-soy-sauce-rice-pilaf-.jpg,Main Course,Chinese,"Rice, Seafood",,5.0,7.0,14.0
Mung bean sprout stir-fry and homegrown method,A simple yet delicious mung bean sprout stir-fry. A guide is also included on how to grow mung bean sprouts at home. Check out the method and tips in the recipe notes.,https://redhousespice.com/homegrown-mung-bean-sprouts/,2m,2m,4m,2 servings,"[For the seasoning] 1 teaspoon light soy sauce ,2 teaspoon black rice vinegar ,1 pinch salt ,1 pinch sugar | [For the stir-fry] 1 tablespoon cooking oil ,3 cloves garlic minced ,1 pinch Sichuan peppercorns optional ,300 g mung bean sprouts ,3 fresh chili sliced ,2 stalk scallions finely chopped","[Instructions] 1) Mix all the ingredients for the seasoning. Set aside. | 2) Heat up the wok over high heat. When it starts to smoke, pour in oil. | 3) Stir in minced garlic and Sichuan pepper. Fry until fragrant. | 4) Add mung bean sprouts and fresh chili. Stir fry until they lightly wilt. | 5) Pour in the seasoning mixture. Add chopped scallions. | 6) Give everything a quick stir then dish out.",https://redhousespice.com/wp-content/uploads/2020/03/bean-sprouts-0.jpg,Side Dish,Chinese,Vegetarian,112 kcal,5.0,23.0,45.0
King oyster mushroom with garlic sauce (鱼香杏鲍菇),"Fragrant, meaty mushrooms served with one of the tastiest stir-fry sauces, King Oyster Mushroom with Garlic Sauce is an exciting vegetarian dish packed with rich flavours.",https://redhousespice.com/king-oyster-mushroom-garlic-sauce/,5m,3m,8m,2 servings,"[Ingredients] 2 tablespoon cooking oil ,6 king oyster mushrooms about 400g/14oz ,1 tablespoon minced garlic ,50 g pre-soaked wood ear mushroom about ⅓ cup ,3 fresh chillies, thinly sliced or pickled chili garlic sauce (see note) ,1 stalk scallions, finely chopped | [For the sauce] 1 tablespoon Shaoxing rice wine ,1 tablespoon black rice vinegar ,1 tablespoon light soy sauce ,1 teaspoon dark soy sauce ,½ tablespoon sugar ,½ tablespoon cornstarch ,1 tablespoon water","[Instructions] 1) Cut the king oyster mushrooms into chunky discs (like scallops). Have garlic, chillies, wood ear mushroom & scallion prepared. | 2) Mix all the ingredients for the sauce. Set aside. | 3) Heat up the oil. Fry garlic until fragrant. | 4) Stir in king oyster mushrooms. Fry until brown on the edge. | 5) Add wood ear mushroom, fresh chilli. Stir fry. | 6) Pour in the sauce (stir well beforehand) and scallions. Turn off the heat as soon as the sauce thickens. | 7) Serve warm with plain rice and other savoury dishes, or as a topping for noodle dishes.",https://redhousespice.com/wp-content/uploads/2020/05/King-Oyster-mushroom-with-garlic-sauce-1-scaled.jpg,Side Dish,Chinese,"Mushroom, Sichuan, Vegetarian",240 kcal,4.98,37.0,60.0
Enoki Mushroom with Garlic Sauce (蒜蓉金针菇),"Garlicky, spicy, aromatic with a pleasantly crunchy texture, enoki mushroom tastes amazing when steamed with garlic sauce.",https://redhousespice.com/steamed-enoki-mushroom/,3m,5m,8m,2 servings,"[Ingredients] 300 g enoki mushroom 10oz ,1 tablespoon neutral cooking oil ,2 tablespoon minced garlic ,2 tablespoon minced fresh chili, or homemade pickled chili garlic sauce ,2 tablespoon light soy sauce ,½ tablespoon oyster sauce see note 1 for the vegetarian option ,1 pinch sugar ,Scallion or coriander(cilantro), finely chopped","[Prepare the mushroom] 1) Use a knife to trim off the root section of the mushroom. Gently separate it into bite-sized bundles. | 2) Wash in a large bowl of clean water. Drain then pat dry with kitchen towel/paper. | [Fry the sauce] 1) In a wok/pan, fry minced garlic and minced chili (or homemade pickled chili garlic sauce) in oil over medium heat until fragrant. | 2) Add light soy sauce, oyster sauce and sugar. Mix well. | [Steam the dish] 1) Place enoki mushroom over a serving plate. Scatter the sauce over. | 2) Bring water to a full boil in your steaming setup (see note 2). Carefully put in the plate. Cover with a lid and leave to steam for 4 mins. | 3) Garnish with chopped scallion or coriander(cilantro). Serve immediately.",https://redhousespice.com/wp-content/uploads/2021/03/picking-up-enoki-mushroom-1.jpg,Appetizer,Chinese,"Spicy, steamed, Vegan, Vegetarian",168 kcal,5.0,23.0,27.0
Stir-fried Napa Cabbage with Hot and Sour Sauce (酸辣白菜),"Pungent, flavourful in taste and crunchy in texture, stir-fried Napa cabbage with hot and sour sauce is delectable, yet very simple to cook.",https://redhousespice.com/stir-fried-napa-cabbage/,4m,3m,7m,2 servings,"[Ingredients] 1 small Napa cabbage (Chinese cabbage) about 450 g/1 lbs | [For the sauce] 1½ tablespoon black rice vinegar see note 1 ,1 tablespoon light soy sauce ,½ teaspoon dark soy sauce optional ,1 tablespoon tapioca starch, or cornstarch ,1 pinch salt ,1 pinch sugar ,1 tablespoon water | [For stir-frying] 1 tablespoon cooking oil ,4 cloves garlic, minced ,6 dried chilies, cut in sections or to taste, see note 2 ,1 stalk scallions, finely chopped","[Prepare the cabbage] 1) Separate the leaves of the Napa cabbage. Lay one leaf flat on the chopping board. Cut it into bite-sized pieces at a 30-degree angle (please refer to the image in the post above). Repeat to finish the rest. | [Mix the sauce] 1) In a small bowl, mix black rice vinegar, light soy sauce, dark soy sauce, starch, salt, sugar and water. Set aside. | [Stir-fry the dish] 1) Heat up a wok over high heat until it starts to smoke. Pour in oil then add garlic and dried chilies. Fry until fragrant (do not burn). | 2) Put in the cabbage. Stir fry until the green leafy part starts to wilt but the white part remains crunchy. | 3) Give the sauce a good stir then pour into the wok. Add scallions. Mix well. Remove from the heat once the sauce thickens. Serve immediately.",https://redhousespice.com/wp-content/uploads/2020/10/Stir-fried-Napa-Cabbage-12.jpg,Side Dish,Chinese,"Authentic, Chinese cabbage, Spicy",136 kcal,4.97,66.0,96.0
Wood Ear Mushroom Salad (凉拌木耳),"Standing out for their springy, crunchy texture, wood ear mushrooms are versatile and tasty! Learn how to rehydrate and make them into a delicious salad.",https://redhousespice.com/wood-ear-mushroom-salad/,3m,5m,8m,2 servings,"[Ingredients] 25 g dried wood ear mushrooms about 1 oz ,2 cloves garlic, minced ,½ teaspoon chili flakes/chili powder ,1 pinch ground Sichuan pepper ,1 tablespoon neutral cooking oil ,1 tablespoon light soy sauce ,1 tablespoon black rice vinegar ,1 pinch sugar ,1 red chili pepper, thinly sliced ,¼ red onion, thinly sliced ,Coriander (cilantro) optional","[Prepare the mushrooms] 1) In a large bowl, soak dried wood ear mushrooms in cold water for 2 hours until they’re fully rehydrated (see note for alternative methods). | 2) Under tap water, wash one by one to remove dirt hidden in the folds. Snip off tough stems if any. Tear large ones into bite-sized pieces. | 3) Bring a pot of water to a full boil. Blanch the mushrooms for 5 mins (You may need to reduce the time a little if your mushrooms appear extra thin). | 4) Rinse under running water to cool then drain well. | [Make the sauce] 1) Put minced garlic, chili flakes/powder and ground Sichuan pepper in a heat-proof bowl. Heat oil until it smokes then pour over the garlic and spices. | 2) Add light soy sauce, black rice vinegar and sugar. Mix well. | [Combine the dish] 1) In a large bowl, mix the mushroom, chili pepper, onion, coriander (if using) and the sauce until well combined. | 2) Transfer to a serving plate/bowl. You may enjoy it immediately or refrigerate for a while for an even better taste.",https://redhousespice.com/wp-content/uploads/2021/03/chinese-wood-ear-mushroom-salad-1.jpg,Appetizer,Chinese,"Mushroom, Salad, Spicy, Vegan, Vegetarian",131 kcal,5.0,23.0,34.0
"Fan Tuan (Stuffed Sticky Rice Roll, 饭团)","A comforting and delicious Chinese breakfast dish, Fan Tuan consists of soft sticky rice, crispy doughnut stick, aromatic meat floss and preserved vegetable.",https://redhousespice.com/fan-tuan/,10m,35m,45m,4 servings,"[Ingredients] 360 g sticky rice (glutinous rice/sweet rice) about 1¾ cup, see note 1 ,1 teaspoon toasted sesame seeds ,2 teaspoon pickled chili garlic sauce or other sauce of your choice (optional) ,1 stalk scallions ,finely chopped ,50 g pork floss (Rou Song/肉松) about ½ cup, see note 2 ,30 g preserved vegetable (Zha Cai/榨菜) about ¼ cup, see note 3 ,2 Chinese doughnut sticks (Youtiao/油条) see note 4","[Steam the rice (see note 5 for alternative methods)] 1) Rinse rice until the water becomes clear. Soak overnight (or at least 6 hours). | 2) Drain well then spread the rice over a piece of wet muslin cloth that’s laid inside a steamer basket (see note 6). Fold the corners to cover the rice completely. | 3) Bring water to a full boil then place the basket over the pot/wok. Cover and leave to steam over medium-low heat for about 30-35 minutes (Check the water level halfway through to avoid drying out). | 4) Keep the rice in the steamer (covered) until you’re ready to assemble. | [Assemble the rolls] 1) Lay a piece of cling film (plastic wrap) over the work surface. Sprinkle half of the sesame seeds over. | 2) Place half of the cooked sticky rice on top. Using a spatula or your hand to carefully flatten it into a square shape (each side measures about the same length as a doughnut stick). To prevent sticking, wet spatula or hands with a little water when handling the rice. | 3) Spread some pickled chili garlic sauce over (optional). Then add half of the scallions, pork floss and preserved mustard stem. | 4) Place one doughnut stick in the middle. Lift the two sides of the cling film to join the rice towards the centre. Place pressure all over the roll to tightly wrap all the fillings. | 5) Repeat the procedure to make the second roll. Then halve each one and serve immediately.",https://redhousespice.com/wp-content/uploads/2021/05/stuffed-sticky-rice-roll-scaled.jpg,Breakfast,Chinese,"Glutinous rice, Rice",,5.0,21.0,26.0
"Cook Jasmine Rice On the Stove, Three Ways",It's easy to cook perfect jasmine rice on the stovetop. These three simple methods don't require a precise rice water ratio and work like a charm every single time.,https://redhousespice.com/jasmine-rice-on-stove/,1m,15m,21m,4 servings,"[Ingredients] 1½ cup jasmine rice 330g/12oz (makes about 4 servings) ,Water no precise measurement required","[Instructions] 1) Rinse the rice under running water if you wish, but this step isn’t compulsory (see note 1). | [Cooking Method 1: In a saucepan] 1) Put the rice into a saucepan, preferably one with a thick bottom (Use a pot if making a large quantity). Pour in cold water until it’s about 2 cm/ ¾ inch above the rice. This doesn’t need to be precise. See note 2 for a simple way to judge. | 2) Turn on the stove. Cook the rice UNCOVERED over medium heat until the water reduces to be level with the rice (you’d also see some holes in the rice). | 3) Turn down the heat to the lowest and immediately cover the pot with a well-fitting lid. Set a timer to 10 minutes and leave to cook (see note 3). | 4) When the time is up, remove the saucepan from the stove. Leave to sit for a further 5 minutes (Do not open the lid). | [Cooking Method 2: In a strainer] 1) In a saucepan, bring ample water to a full boil then add the rice. Parboil over medium heat for 4 minutes. Then drain it in a heatproof fine mesh strainer. | 2) Add fresh water to the empty saucepan, bring it to a boil. Place in the strainer with the rice in it. Make sure the strainer is suspended over the saucepan and the water below doesn’t touch the rice (but not so little that it would dry out while steaming). | 3) Poke a few holes in the rice then cover with a lid. Leave to steam for 10 minutes. Remove from the heat and let it sit for a further 5 minutes. | [Cooking Method 3: In a steamer] 1) In a wok/pot, bring ample water to a full boil then add the rice. Parboil over medium heat for 4 minutes. Then drain well. | 2) Put the rice into a steamer basket lined with a WET muslin cloth (or clean tea towel). Spread the rice to an even thickness and poke some holes. | 3) Add fresh water to the empty wok/pot. Bring it to a full boil then place the basket over. Cover with a lid and leave to steam over medium heat for 10 minutes. Turn off the heat. Let it sit (covered) for another 5 minutes.",https://redhousespice.com/wp-content/uploads/2021/10/cooked-jasmine-rice-scaled.jpg,Side Dish,Chinese,"Easy, Rice",293 kcal,5.0,41.0,60.0
Braised Tofu Sichuan Style (家常豆腐),"Braised tofu tastes amazing when made in Sichuan style. Chewy outside and soft inside, the tofu has a spongy texture that helps to soak up all the flavour from the sauce.",https://redhousespice.com/braised-tofu-sichuan-style/,3m,13m,16m,2 servings,"[Ingredients] 400 g tofu about 14oz, see note 1 ,Neural cooking oil for shallow frying or air-frying ,3 cloves garlic minced ,1½ tablespoon Sichuan chilli bean paste see note 2 for substitutes ,4 large dried shiitake mushroom rehydrated and sliced ,250 ml water (in which shiitake mushroom is soaked) about 1 cup ,½ teaspoon dark soy sauce ,½ teaspoon sugar ,4 fresh chili pepper cut into chunks ,1 teaspoon tapioca starch/corn starch, mix with 3 teaspoon water ,1 stalk scallions finely chopped","[Fry the tofu] 1) Slice the tofu into triangle pieces, about 2 cm (¾ inch) thick. Pat dry their surface with kitchen paper. | 2) Option 1: Shallow-frying: In a flat-bottomed wok or a frying pan (preferably a deep one as it’ll be used for the braising step later), heat up oil enough to cover about half the thickness of the tofu. Test with the tip of a chopstick. If bubbles appear around it, the oil is hot enough. Gently slide in the tofu pieces one by one. Turn down the heat to medium and leave to fry. Flip over once the first side turns golden. When both sides are done, transfer to a plate lined with kitchen paper to absorb excess oil. | 3) Option 2: Air-frying: Preheat the air-fryer at 200°C/390°F for 3 mins. Spray a thin layer of oil over both sides of the tofu pieces. Then put them in a single layer over the crisper tray inside the air fryer (you might need to fry in two batches). Leave to fry for about 12 mins until they become golden (the time required may vary so check at 10 mins). | [Braise the dish] 1) Pour out most of the oil leaving just a little in the wok/pan (If the tofu is air-fried in the last step, add 2 teaspoon of oil to a wok/pan). Fry garlic and Sichuan chili bean paste over medium heat until fragrant. | 2) Add shiitake mushroom, the mushroom water, dark soy sauce and sugar. Bring it to a boil. | 3) Put in the fried tofu and chili pepper. Stir around then cover with a lid. Leave to braise over low heat for 2 mins. Add a little more water if needed. | 4) Pour in the starch water. Give everything a quick stir then garnish with scallions. Dish out and serve immediately. | [Cook ahead] 1) It takes very little time to cook this dish if you have fried tofu at hand. So I recommend you fry a big batch of tofu when time permits and store it in the fridge or freezer for later use. | 2) Fried tofu can be kept in the fridge for up to three days, or in the freezer for up to three months (defrost in the fridge before cooking).",https://redhousespice.com/wp-content/uploads/2021/02/braised-tofu-sichuan-style.jpg,Main Course,Chinese,"sichuan tofu, spicy tofu, tofu dish",267 kcal,5.0,24.0,45.0
Sichuan Dry Fried Green Beans (干煸四季豆),"A classic Sichuan dish, dry fried green beans deliver a wonderful combination of flavours. This recipe introduces three ways to dehydrate the beans without deep-frying. Vegan options provided.",https://redhousespice.com/dry-fried-green-beans/,3m,17m,20m,2 servings,"[For the beans] 350 g green beans about 12oz ,1 tablespoon neutral cooking oil ,¼ teaspoon salt | [For stir-frying] 1 tablespoon neutral cooking oil ,1 teaspoon whole Sichuan peppercorn ,6 dried chilies or to taste ,80 g minced meat (pork, beef or chicken) about 3oz, see note 1 for vegan options ,1 teaspoon Shaoxing rice wine ,1 tablespoon minced garlic ,1 teaspoon minced ginger ,1½ tablespoon Ya Cai (Sichuan preserved mustard greens) see note 2 for substitutes ,1 teaspoon light soy sauce ,½ teaspoon dark soy sauce","[Prepare the beans] 1) Wash green beans and trim off the stem end. Pat dry with a clean tea towel. | 2) Put the beans, salt and oil into a resealable plastic bag. Shake and rub around to evenly coat the beans. | [Dehydrate the beans (see note 3 & 4)] 1) Option 1: Oven Roasting: Place the beans onto a roasting tray (large enough to avoid overlapping). Cook in a preheated oven at 220°C / 425°F (Fan 200°C / 400°F) for 12-15 minutes until the beans become slightly charred and blistered. | 2) Option 2: Air Frying: Preheat the air-fryer at 200°C / 390°F for 3 mins. Add the beans then cook for 6-8 mins until they become pliable and blistered (Shake twice during the process). | 3) Option 3: Pan Frying: Add the beans to an empty wok or deep frying pan(skillet). Turn the heat to medium-high. Fry for 12-15 mins. Stir and flip frequently for an even result. Dish out when they are slightly charred and blistered. | [Stir-fry the dish] 1) Heat 1 tablespoon of oil in a wok (or deep frying pan) over a high heat. Fry Sichuan peppercorn and dried chillies until fragrant (do not burn). | 2) Stir in minced meat and Shaoxing rice wine. When the meat becomes pale, add garlic, ginger, Ya Cai and soy sauce. Fry for 1 minute or so. | 3) Add the pre-cooked beans. Stir well to mix and combine everything. Serve immediately with plain rice and other savoury dishes.",https://redhousespice.com/wp-content/uploads/2021/07/sichuan-green-beans-scaled.jpg,Side Dish,Chinese,"Sichuan, Vegetables",242 kcal,5.0,20.0,49.0
Dry Pot Cauliflower (干锅菜花),"A stir-fried dish with bold flavour and crunchy texture, Chinese dry pot cauliflower with pork belly shows you a simple yet exciting way to cook vegetables.",https://redhousespice.com/dry-pot-cauliflower/,3m,5m,8m,2 servings,"[For blanching] 320 g sweet sprouting cauliflower, cut into bite-sized pieces about 11oz, see note 1 for substitutes ,½ teaspoon salt | [For stir-frying] 1 tablespoon neutral cooking oil ,60 g pork belly, thinly sliced about 2oz, see note 2 for substitutes ,8 cloves garlic, smashed ,4 slices ginger ,Fresh chilli, chopped to taste ,Dried chilli to taste ,1 teaspoon light soy sauce ,⅛ teaspoon salt ,1 stalk scallions, finely chopped","[Blanch the cauliflower] 1) In a pot, bring plenty of water to a full boil over high heat. Add salt and cauliflower. After about 30 seconds, drain it in a colander. Set aside. | [Stir-fry the dish] 1) Heat a wok over high heat until smoking hot (see note 3 if using non-stick cookware). Pour in oil. Swirl to cover the perimeter. Add pork to sear. | 2) Once the pork turns pale, add garlic, ginger, fresh chilli and dried chilli. Stir fry until fragrant (the garlic and pork should become golden on the edge). | 3) Add the drained cauliflower and light soy sauce. Stir fry for about 1 minute. Then sprinkle with salt and chopped scallions. Dish out and serve warm with steamed rice .",https://redhousespice.com/wp-content/uploads/2022/02/dry-pot-cauliflower-scaled.jpg,Side Dish,Chinese,"Sichuan, Vegetables",213 kcal,5.0,5.0,11.0
"Eggplant with Garlic Sauce (Yu Xiang Qiezi, 鱼香茄子)",Chinese eggplant with garlic sauce is simply irresistible! This recipe provides many tips on how to achieve an authentic taste without making it overly greasy. Substitute ideas are included.,https://redhousespice.com/eggplant-with-garlic-sauce/,5m,10m,15m,2 servings,"[For the eggplant] 400 g eggplant(aubergine) 14oz, see note 1 ,½ teaspoon salt | [For the sauce] 1½ tablespoon black rice vinegar ,1½ tablespoon Shaoxing rice wine see note 2 ,½ tablespoon dark soy sauce ,1 tablespoon sugar ,1½ tablespoon cornstarch ,4 tablespoon water ,1 teaspoon sesame oil | [For stir-frying] 1½ tablespoon cooking oil ,50 g minced meat (pork/beef/chicken) ⅓ cup, see note 3 for vegetarian options ,2 tablespoon picked chili garlic sauce see note 4 & 5 for substitutes ,4 cloves garlic, minced ,2 teaspoon minced ginger ,2 stalks scallions, finely chopped separate the white & green parts","[Prepare the eggplant] 1) Add the salt to a pot of water. Bring it to a full boil while slicing the eggplant into batons. | 2) Put the eggplant into the boiling water. Cover and cook for 3-4 minutes until it becomes soft (but not mushy). | 3) Drain in a colander and press gently to remove any excess water. | [Mix the sauce] 1) In a bowl, combine all the ingredients for the sauce. Set aside. | [Stir fry the dish] 1) Pour oil into a hot wok over high heat. Stir in the minced meat. Fry until pale. | 2) Add pickled chilli, garlic, ginger and white part of the scallions. Sizzle until fragrant. | 3) Stir in the eggplant. Fry until it’s piping hot. Pour in the sauce (stir well beforehand). Stir to coat evenly. | 4) Turn off the heat once the sauce thickens. Sprinkle the green part of the scallions. Dish out and serve immediately.",https://redhousespice.com/wp-content/uploads/2020/09/eggplant-with-garlic-sauce-0.jpg,Main Course,Chinese,"Authentic, Sichuan",,4.96,50.0,78.0
Chinese Hot Pot At Home,A complete guide to hot pot covering all aspects of preparing this iconic Chinese meal at home. It helps you to throw a stress-free hot pot party.,https://redhousespice.com/hot-pot-at-home/,30m,30m,30m,6 servings,"[Hot pot broth (choose one or use both in a divided pot)] Spicy hot pot broth homemade or shop-bought ,Mild hot pot broth homemade or shop-bought | [Meat options] Beef, lamb or pork, cut into thin slices against the grain. choose well-marbled cuts if possible ,Precooked meatballs defrosted if frozen ,Canned meat (Spam), sliced | [Fish & seafood options] Boneless fish fillet, thinly sliced e.g. halibut, catfish, cod, sea bass, pangasius, etc. ,Shrimp, with or without the skin/head ,Squid, sliced ,Fish balls ,Fish or shrimp paste shaped into balls while having the hot pot ,Other seafood such as crabs, clams, mussels, etc. | [Soybean-based ingredient options] Tofu (silken, soft or firm), sliced ,Frozen tofu, defrosted and sliced ,Tofu puffs (deep-fried tofu) ,Pressed tofu sheets, cut into wide strips ,Dried tofu skin, rehydrated beforehand | [Mushroom options] Oyster mushrooms, separated into small sections ,King oyster mushrooms, sliced lengthways ,Enoki mushrooms, ends removed and torn into small bundles ,Shiitake mushrooms rehydrated if in dried form ,Shimeji mushrooms, ends removed | [Leafy green options] Napa cabbage ,Bok Choy ,Choy Sum ,Gai Lan ,Crown daisy (Tong Hao) ,Water spinach ,Watercress | [Root vegetable options] Potato, peeled and sliced ,Sweet potato, peeled and sliced ,Daikon (white radish), sliced ,Lotus roots, sliced | [Dried ingredient options] Kelp, rehydrated and cut into strips ,Wood ear, rehydrated beforehand | [Noodle options] Fresh wheat noodles e.g. ramen , homemade or instant ,Fresh rice noodles ,Sliced rice cakes ,Mung bean vermicelli, pre-soaked ,Sweet potato glass noodles, pre-soaked ,Hand-pulled noodles have the dough made, rested and cut into strips. Pull one noodle at a time and drop it into the broth straightaway. | [Dumpling options] Dumplings homemade or shop-brought, preferably small-sized ones ,Wontons homemade or shop-bought | [Dipping sauce ingredients (mix and match based on your preference )] Sauces : light soy sauce, black rice vinegar, oyster sauce, shacha sauce (Chinese barbecue sauce) ,Pastes : sesame paste, peanut butter, fermented bean curd ,Oil : sesame oil, chilli oil ,Spices : chili powder, ground Sichuan pepper ,Aromatics : minced garlic, coriander, scallions, fresh chilli ,Nuts : sesame seeds, toasted peanuts","[Instructions] 1) Place the heat source and the pot/wok in the middle of the table. Pour in the broth. Place various food items around the pot (See note 1). | 2) Have the dipping sauces mixed and distributed in individual bowls. Keep some extra in case you need an adjustment or top-up during the meal. | 3) Turn on the heat. Once the broth comes to a boil, you may start putting food items into the broth to cook (See note 2). Fish out the cooked items and enjoy with the dipping sauce. | 4) The water in the broth evaporates as you eat. Top up with hot water when needed.",https://redhousespice.com/wp-content/uploads/2021/11/a-hot-pot-meal.jpg,Main Course,Chinese,"hot pot, sichuan hot pot, spicy hot pot",,5.0,16.0,24.0
Spicy lotus root stir-fry (辣炒莲藕),"A good-looking vegetarian dish with great flavour, spicy lotus root stir-fry can be made in just a few minutes.",https://redhousespice.com/spicy-lotus-root-stir-fry/,2m,3m,5m,2 servings,"[Ingredients] 320 g lotus root 11oz ,1 tablespoon cooking oil ,4 cloves garlic, sliced ,1 tablespoon Sichuan chilli bean paste see note ,4 fresh chillies, sliced ,1 pinch sugar ,1 stalk scallions, finely chopped",[Instructions] 1) Peel lotus root with a vegetable peeler. Discard the dark end bits. Then cut it into thin slices crosswise revealing its holey pattern. | 2) Bring a pot of water to a boil. Blanch the lotus root slices for about 2 mins. Drain well. | 3) Heat up oil in a wok. Add garlic & Sichuan chilli bean paste. Fry until fragrant. | 4) Put in the lotus roots and fresh chilli. Stir fry until all the pieces are evenly coated by the seasoning. | 5) Add scallions then give it a final stir. Dish out and serve immediately with plain rice.,https://redhousespice.com/wp-content/uploads/2020/07/Lotus-root-stir-fry-13.jpg,Side Dish,Chinese,"Sichuan, Stir-fry, Vegetables, Vegetarian",,5.0,16.0,22.0
Pan fried tofu with garlic sauce (鱼香豆腐),"Chewy outside and soft inside, pan fried tofu is super delicious with flavour-packed garlic sauce. A perfect dish to wake up your taste buds.",https://redhousespice.com/pan-fried-tofu/,10m,10m,20m,2 servings,"[For the tofu] 600 g medium-firm tofu 21oz ,2 tablespoon corn starch ,2 tablespoon cooking oil | [For the sauce] 1 tablespoon cooking oil ,1 teaspoon minced ginger ,1 tablespoon minced garlic ,2 fresh chilli, finely chopped, or to taste ,½ tablespoon Sichuan chilli bean paste ,1 ½ tablespoon Shaoxing rice wine ,1 ½ tablespoon black rice vinegar ,1 tablespoon sugar ,3 tablespoon water ,1 tablespoon corn starch ,1 stalk scallions, finely chopped","[Prepare the tofu] 1) Cut tofu into squares of about 1.5cm/ 0.5inch thick. Pad each piece dry with a clean tea towel or kitchen paper. Sift corn starch over tofu to create a thin coating (both sides). | [Fry the tofu] 1) Heat up 2 tablespoons of cooking oil in a wok (or a frying pan) over high heat. When the oil is hot, carefully place the tofu squares into the pan (Do not overlap. You might have to fry them in 2 batches). | 2) Turn the heat down to medium. When one side becomes golden brown, flip over to cook the other side. Transfer onto a plate when both sides are done. | [Cook the sauce] 1) While waiting for the tofu to cook, mix Shaoxing rice wine, black rice vinegar , water, sugar and corn starch. Set aside. | 2) Add 1 tablespoon of cooking oil into the same wok. Stir fry ginger, garlic, fresh chilli & Sichuan chilli bean paste until fragrant. | 3) Pour in the liquid mixture (remember to stir well beforehand). | [Assemble the dish] 1) Place tofu squares back into the wok. Gently move them around. Dish out when the sauce becomes thick and the tofu is evenly coated. | 2) Garnish with scallions. Serve immediately with plain rice.",https://redhousespice.com/wp-content/uploads/2020/04/Pan-fried-tofu-with-garlic-sauce-recipe-card.jpg,Main Course,Chinese,"Tofu, Vegetarian",557 kcal,4.98,47.0,75.0
Homemade Chicken Stock,"Learn how to make clear, flavorful Chinese chicken stock with minimal ingredients and simple steps. This easy, versatile stock can elevate countless meals.",https://redhousespice.com/homemade-chicken-stock/,2m,248m,250m,14 cups,"[Ingredients] 4 lb whole chicken preferably free-range and fresh ,3 stalk scallions cut into large sections ,1 knob ginger smashed ,15 cup water","[Instructions] 1) Put the chicken into a large pot, along with the scallions and ginger. Pour in the water. | 2) Over high heat, bring the water to a boil, then reduce the heat to low to maintain a gentle simmer. | 3) Use a spoon to skim off any scum floating on the surface, then cover the pot with a lid. Leave to simmer for about 4 hours. | 4) Turn off the heat and allow the stock to cool naturally with the chicken still in the pot. Once it reaches room temperature, carefully remove the chicken, scallions, and ginger. This recipe yields about 14 cups (3.3 litres) of stock. | 5) Transfer the stock into storage containers, dividing it into your desired portions. Store in the fridge for up to 4 days or in the freezer for up to 6 months.",https://redhousespice.com/wp-content/uploads/2025/06/pouring-chicken-stock.jpg,Soup,Chinese,"broth, Stock",25 kcal,,,
Stir-fried eggplant with plum sauce (苏梅酱茄子),"Creamy and luscious, stir-fried eggplant with plum sauce is a dish to die for. This recipe tells you how to achieve the desired texture using a minimum of oil.",https://redhousespice.com/aubergine-in-plum-sauce/,5m,5m,10m,2 servings,"[Ingredients] 1 large eggplant, cut into chunks about 400g/14oz ,1 tablespoon cooking oil ,1½ tablespoon Chinese plum sauce 苏梅酱 ,2 teaspoon light soy sauce ,1 teaspoon Shaoxing rice wine ,1 teaspoon water ,5 clove garlic, crushed ,1 teaspoon minced ginger ,2 stalk scallion, chopped ,Fresh chilli, chopped to taste","[Pre-cook the eggplant (see note 1)] 1) Option A: Steaming. Boil the water first then place the eggplant chunks into the steamer. Cook for 3-4 mins. Discard any water. | 2) Option B: Using a microwave. Place the eggplant chunks evenly on a plate in a single layer. Microwave on full power for 2 minutes. You'll need to cook them in two batches (see note 2). | [Stir-fry the dish] 1) Mix plum sauce, soy sauce, rice wine and water. Set aside. | 2) Heat up oil in a wok (or a deep frying pan) over high heat. Add ginger and garlic, let it sizzle for 10 seconds or so. Then put the eggplant in. Stir from time to time until it becomes a little brown. | 3) Turn the heat down to low. Pour the sauce then sprinkle scallions and chilli over the aubergine. Stir until the eggplant is evenly coated with the sauce. Serve immediately with plain rice.",https://redhousespice.com/wp-content/uploads/2020/06/aubergine-in-plum-sauce-recipe-card.jpg,Side Dish,Chinese,"Stir-fry, Vegetables, Vegetarian",,4.91,10.0,36.0
Chinese potato stir-fry (酸辣土豆丝),"Crunchy, thin strips flavoured with tangy spices, Chinese potato stir-fry shows you an exciting way to prepare potatoes.",https://redhousespice.com/chinese-potato-stir-fry/,10m,3m,13m,2 servings,"[Ingredients] 1 tablespoon cooking oil ,450 g potato about 2 medium-sized potatoes ,3 dried chilli deseeded ,½ teaspoon Sichuan peppercorns ,2 fresh chilli sliced ,3 cloves garlic sliced ,1 teaspoon black rice vinegar ,¼ teaspoon salt or to taste","[Instructions] 1) Peel the potato then cut it into julienne strips. You may use a food processor or a julienne peeler to achieve similar results (regular grater is not recommended). | 2) Rinse the potato strips under tap water to remove excess starch. Drain them very well. | 3) Heat up a wok on a high heat. Pour in the oil, then add dried chilli and Sichuan peppercorn. Leave to sizzle until fragrant (do not burn them). | 4) Put fresh chilli, garlic and potato strips into the wok. Stir fry constantly until the potato is cooked (should be still a bit crunchy). | 5) Add black rice vinegar and salt . Give everything a quick stir then dish out. | 6) Serve it warm with rice, along with other meat/vegetable savoury dishes.",https://redhousespice.com/wp-content/uploads/2017/04/Chinese-potato-stir-fry-recipe-card.jpg,Side Dish,Chinese,"Stir-fry, Vegetarian",239 kcal,5.0,38.0,61.0
"Stuffed Tofu, Hakka Style (客家酿豆腐)","Pan-fried tofu blocks stuffed with a pork and shrimp filling, and served with an umami-rich sauce, Hakka style stuffed tofu is delightful to eat.",https://redhousespice.com/stuffed-tofu/,15m,15m,30m,3 servings,"[For the filling] 80 g minced pork about 3 oz ,80 g minced shrimp about 3 oz(see note 1 ) ,2 large dried shiitake mushrooms, rehydrated and minced keep the soaking water for making the sauce ,¼ teaspoon minced ginger ,1 tablespoon light soy sauce ,¼ teaspoon sesame oil ,½ teaspoon cornstarch ,1 pinch sugar | [For the tofu] 600 g firm tofu about 1.3 lbs (see note 2) ,3 tablespoon neutral cooking oil | [For the sauce] 2 cloves garlic, minced ,1 tablespoon light soy sauce ,1 tablespoon oyster sauce ,1 tablespoon cornstarch ,1 pinch ground white pepper ,1 pinch sugar ,Scallions, finely chopped for garnishing","[Prepare the filling] 1) In a bowl, mix all the ingredients for the filling until they become a well-combined, sticky mass (remember to save the water in which the mushrooms are soaked for later use). | [Stuff the tofu] 1) Take the tofu out of the container. Pat dry the surface with kitchen paper. Then slice it into square or rectangle blocks. Make sure they are thick enough to hold some filling (For your reference, my blocks are about 2½ cm/1 inch thick). | 2) Use the tip of a knife to cut out a square/rectangle halfway through the tofu. Then scoop out the middle piece with a spoon making room for the filling. | 3) Stuff each block of hollowed out tofu with the filling. It’s ok if it sticks out a little. | [Fry the tofu] 1) Pour oil into a frying pan/skillet over medium heat. Place in the tofu blocks with the stuffed side facing down. Fry until the top of the filling browns nicely. | 2) With the help of a spatula or chopsticks, flip and turn the tofu blocks to lightly brown all other sides (It takes 10-15 minutes in total). Then transfer them to a serving plate. | [Make the sauce] 1) Discard the remaining oil in the pan leaving just a thin coating. Over low heat, fry garlic until fragrant. | 2) While waiting for the garlic, mix light soy sauce, oyster sauce, cornstarch, white pepper and sugar with 5 tablespoons of the mushroom water saved from step 1. | 3) Stir the mixture very well then pour into the pan. Turn off the heat and use the remaining heat of the pan to thicken the sauce (stir constantly with a spoon/spatula to avoid lumps). | 4) When it reaches the desired consistency (just thick enough to coat the spoon), pour over the stuffed tofu. Garnish with scallions and serve with steamed rice .",https://redhousespice.com/wp-content/uploads/2022/04/chinese-stuffed-tofu-hakka-style-scaled.jpg,Main Course,Chinese,"Pork, Shrimp, Tofu",333 kcal,5.0,20.0,35.0
Tofu-stuffed tomatoes (番茄豆腐盅),Juicy tomatoes are hollowed and steamed with well seasoned tofu crumbs. These tofu-stuffed tomatoes are then served with a scrumptious sweet and sour sauce.,https://redhousespice.com/tofu-stuffed-tomatoes/,10m,10m,20m,6 servings,"[Ingredients] 6 medium-sized ripe tomatoes | [For the stuffing] 200 g firm tofu 7oz ,6 dried shiitake mushrooms, rehydrated and chopped see note 1 & 2 ,1 teaspoon ginger, minced ,2 teaspoon light soy sauce ,½ teaspoon sesame oil ,½ teaspoon Shaoxing rice wine ,¼ teaspoon salt ,1 pinch ground Sichuan pepper | [For the sauce] 1 teaspoon vegetable oil ,1 stalk spring onion, finely chopped ,1 teaspoon light soy sauce ,1 teaspoon white rice vinegar or cider vinegar ,½ teaspoon Shaoxing rice wine ,1 pinch salt ,1 pinch sugar ,1 teaspoon corn starch mixed with 2 teaspoon water","[Instructions] 1) Stand the tomatoes on a chopping board. Slice the tops off the tomatoes. Scoop out the pulp with a small spoon (keep it in a bowl for later use). | 2) Drain the tofu then crumble it with your fingers (or with a fork). In a bowl, mix the tofu, chopped shiitake mushroom, ginger and all the seasonings for the stuffing. | 3) Fill the tomato shells with the stuffing mixture. Top up the tomatoes with the remaining stuffing to form a nice round top. | 4) Place stuffed tomatoes into a steamer (see note 3). Cook for 10 minutes over medium heat. | 5) While waiting, prepare the sauce. Discard the hard lumps in the pulp of the tomatoes. Keep the juice (and the seeds). Heat up the oil in a sauce pan over a medium heat. Stir in spring onion then fry until fragrant. Add the juice, soy sauce, vinegar, rice wine, salt and sugar. Bring it to a boil. Pour in the starch & water mixture (stir well beforehand). Cook until the sauce has the desired thick consistency. | 6) When the stuffed tomatoes are cooked, place them onto serving plates. Pour the sauce over. Sprinkle some chopped spring onion as a garnish.",https://redhousespice.com/wp-content/uploads/2017/04/tofu-stuffed-tomato.jpg,Side Dish,Chinese,"Tofu, Vegetables",,5.0,5.0,9.0
Spicy Chinese potato pancake (干煸洋芋丝),"If you love potato and fancy spicy flavour, you must try this Chinese potato pancake! It’s pungent and crispy. A great side dish to add zing to your meal.",https://redhousespice.com/spicy-chinese-potato-rosti/,5m,10m,15m,4 pancakes,"[Ingredients] 2 medium-sized potatoes about 400g/14oz ,2 tablespoon cooking oil ,1 stalk spring onion, finely chopped ,Fresh chilli or dried chilli, finely chopped to taste ,Ground Sichuan pepper or cumin powder to taste ,Salt to taste","[Instructions] 1) Peel the potatoes. Thinly slice them, then cut the slices into fine julienne strips (see note 1 & 2). | 2) Heat up ½ tablespoon of oil in a non-stick frying pan over a medium heat. Stir in ¼ of the potato strips, along with ¼ of the spring onion and fresh chilli. Sprinkle with ground Sichuan pepper (or cumin powder) and salt. | 3) When the potato strips become slightly soft, press them with a spatular to form a flat, round shape. | 4) Flip over (with the help of a plate if necessary) when the first side is golden brown. | 5) Transfer to a plate when the second side is done. Repeat the procedure to cook another three pancakes.",https://redhousespice.com/wp-content/uploads/2017/06/spicy-chinese-potato-pancake.jpg,Side Dish,Chinese,"Vegetables, Vegetarian",,5.0,7.0,17.0
Xinjiang tiger salad (老虎菜),"Pungent flavour stimulates your palate at first taste, just like the shock you would get when encounter a tiger. This is how Xinjiang tiger salad gets its name.",https://redhousespice.com/xinjiang-tiger-salad/,3m,3m,3m,2 servings,"[Ingredients] 1 red onion ,2 tomatoes ,3 green chilli or to taste ,1 small bunch coriander ,2 teaspoon black rice vinegar ,1 pinch sugar or 1 drop honey ,Salt to taste","[Instructions] 1) Slice up red onion, tomato and chilli. Chop coriander. Put them into a salad bowl. | 2) Mix vinegar, sugar (or honey) and salt. Pour over the vegetables. Gently toss around then serve.",https://redhousespice.com/wp-content/uploads/2020/08/Xinjiang-Tiger-salad-foodgawker.jpg,Salad,Chinese,Lao Hu Cai,,5.0,5.0,7.0
Napa Cabbage Salad with Hot Oil Dressing (油泼白菜),"A simple Napa cabbage salad, crispy, garlicky, spicy and healthy. This recipe shows you how to make a flavour-packed hot oil dressing.",https://redhousespice.com/chinese-leaf-salad/,5m,5m,10m,2 servings,"[For the vegetables] ½ head Napa cabbage (aka Chinese cabbage), shredded about 400g ,1 handful shredded beet and baby leaf salad optional | [For the seasoning] 1 clove garlic, minced ,½ teaspoon chilli flakes optional ,⅛ teaspoon ground Sichuan pepper ,⅛ teaspoon salt ,1 tablespoon cooking oil ,1 teaspoon toasted sesame seeds ,½ teaspoon light soy sauce ,2 teaspoon black rice vinegar","[Instructions] 1) Put all the vegetables in a salad bowl (see note 1) | 2) Place minced garlic, chilli flakes, ground Sichuan pepper and salt on top of the vegetables. | 3) Heat up the oil until it smokes. Remove the pan from the heat and leave for 10 seconds. Then pour it over the garlic and spices (see note 3) | 4) Add light soy sauce and black rice vinegar. Sprinkle sesame seeds. Mix thoroughly then serve.",https://redhousespice.com/wp-content/uploads/2017/01/Chinese-Leaf-Salad-square.jpg,Salad,Chinese,"Vegetables, Vegetarian",,4.41,10.0,16.0
