title,description,url,prep_time,cook_time,total_time,servings,ingredients,instructions,image_url,recipe_category,recipe_cuisine,keywords,calories,rating_value,rating_count,review_count
Beoseot Gangjeong (Sweet Crispy Mushrooms),,https://www.koreanbapsang.com/beoseot-gangjeong-crispy-mushrooms/,10m,10m,20m,4 servings,"[Ingredients] 2 ounces dried shiitake mushrooms See note ,1/4 bell pepper red, orange or yellow or a combination ,1/4 cup potato starch or cornstarch ,oil for deep frying | [Sauce] 1 tablespoon soy sauce ,1 tablespoon gochujang (Korean red chili pepper paste) ,1 tablespoon vinegar (rice wine vinegar or any other clear vinegar) ,2 tablespoons rice syrup (jocheong, 조청), corn syrup, or oligodang (올리고당) or 1 to 1.5 tablespoons honey ,2 tablespoons rice wine (or mirin)","[Instructions] 1) Soak the dried mushrooms until they are plump and tender. This will take over 2 hours depending on the size of the mushrooms. | 2) Squeeze out the water from the soaked mushrooms, and then cut the mushrooms into quarters (or halves if small). Cut the peppers into small pieces. | 3) Add the potato (or corn) starch to the mushrooms, and massage them well to coat evenly. | 4) In a pan, add all the sauce ingredients, and stir well. Bring it to a boil. When it starts to bubble, reduce the heat to medium low, and simmer until it thickens slightly, about 4 minutes. | 5) Add oil to a heavy bottom pan, about 1/2 inch high. When the oil is sufficiently hot (about 320°F), drop the mushroom pieces in one at a time. Cook until light golden brown, 1 to 2 minutes. | 6) Remove and set them on a wire rack or a paper towel-lined plate. | 7) Reheat the oil to 320°F. Deep fry again until golden brown, about a minute. | 8) Heat the sauce over medium heat. Add the mushrooms and peppers, and stir well until the mushroom pieces are evenly coated.",https://www.koreanbapsang.com/wp-content/uploads/2020/10/DSC_3100-2.jpg,"Side Dish, Appetizer, Snack","Asian, Korean","mushrooms, Pork, sweet and sour sauce, beef, deep-fried, shiitake, sweet and sour sauce",,4.8,25.0,25
Bossam (Boiled Pork Wraps),Deliciously tender and moist pork belly served with crunch cabbage leaves and spicy radish salad!,https://www.koreanbapsang.com/bossam-boiled-pork-wraps/,10m,60m,70m,6 servings,"[For the wraps] tender inner parts of 1 napa cabbage, salted or red or green leaf lettuce ,(Dissolve 1/2 cup coarse salt in 4 cups of water, and soak the cabbage leaves until softened, 2 to 4 hours. Rinse and drain well.) ,Radish salad, musaengchae - See recipe . ,saewujeot (salted shrimp) use it as is or mix with a little bit of gochugaru, sesame oil and seeds, and chopped scallion | [For the meat] 2 whole fresh pork belly about 3-inch wide cut about 2.5 pounds ,1/2 medium onion ,2 - 3 white parts of large scallions ,7 - 8 plump garlic cloves ,1 inch ginger (thumb size), sliced ,1 teaspoon whole black peppers ,1.5 tablespoons doenjang, fermented soybean paste ,1 teaspoon instant coffee, or a cup of brewed coffee or a small bottle (or can) of beer - 12 ounces ,1 teaspoon salt ,2 bay leaves ,7 to 8 cups water (see note) if using brewed coffee or beer, reduce the amount of water by the equal amount","[Instructions] 1) In a pot, bring water and all the brine ingredients to a boil over medium high heat, and continue to boil for 5 minutes. | 2) Add the pork belly, bring it to a boil. and boil for about 5 minutes, uncovered. Reduce the heat to medium, and cook, covered, until the meat is very tender, 45 to 50 minutes. Cut a small slice and try if tender at 40 minute point before cooking longer. Turn the heat off, and cool the meat in the cooking liquid. This will keep the meat moist. | 3) Thinly slice the meat and serve with the salted cabbage (or lettuce), saewujeot, and musaengchae.",https://www.koreanbapsang.com/wp-content/uploads/2021/03/DSC8393-5.jpg,"Main, Appetizer, Snack",Korean,"boiled pork, bossam, pork belly",,4.56,69.0,69
Chicken Salad with Pine Nut Dressing,This simple chicken salad recipe is made with breast meat and a Korean pine nut dressing! It’s a healthy dish you can easily make and grab for a quick lunch.,https://www.koreanbapsang.com/chicken-salad-with-pine-nut-dressing-d/,10m,15m,25m,2 servings,"[Pine nut dressing] 4 tablespoons pine nuts ,1 tablespoon rice vinegar (or any clear vinegar) ,1 tablespoon lemon juice ,2 tablespoons water ,1 teaspoon hot mustard paste – gyeoja, 겨자 or dijon or yellow mustard if desired ,1 tablespoon sugar ,1/2 teaspoon minced garlic ,salt to taste about 1/2 teaspoon | [Poached chicken] 1 chicken breast 8 to 10 ounces ,1/4 medium onion ,1/2 stalk celery ,1/2 carrot ,3 garlic cloves ,1 bay leaf - optional | [To serve on a bed of salad vegetables] a handful spring mix or other salad vegetables of choice ,2 to 3 red radishes thinly sliced | [Or to toss with salad] 1/4 red bell pepper julienned ,1/4 yellow bell pepper julienned ,1 small Kirby cucumber cut lengthwise and then thinly sliced diagonally","[Instructions] 1) To make the dressing, toast the pine nuts in a pan over medium heat for 2-3 minutes. This will enhance the flavor. Grind the pine nuts in a blender or food processor (or finely mince them with a knife). Add the remaining dressing ingredients and blend well. Refrigerate while preparing the chicken and vegetables. | 2) In a medium size pot, bring 5 cups of water and the aromatic vegetables to a simmer over medium heat. Add the chicken breast and simmer over medium low heat for about 8 -10 minutes (increase the time if cooking more than 1 chicken breast). Remove the chicken and allow it to cool. | 3) When cool enough to handle, shred and lightly season with salt. Refrigerate while preparing vegetables. Wash salad vegetables in ice water and drain well. Cut them into desired sizes if needed. | 4) Combine the shredded chicken with the dressing, leaving a couple of tablespoons of dressing. | 5) Line the platter with the salad vegetables. Place the chicken salad in the middle. Drizzle with the remaining dressing, and garnish with a few pine nuts if available. | 6) OR thinly slice the optional vegetables and mix well with the chicken salad before serving.",https://www.koreanbapsang.com/wp-content/uploads/2010/10/DSC_4271-e1560136306974.jpg,"Salad, Appetizer, Snack",Korean,"chicken, chicken breast, chicken salad, pine nuts",,5.0,5.0,5
Korean-flavored Baked Chicken Wings,"These Korean-flavored chicken wings are oven baked, not fried, yet finger-licking delicious! The recipe includes two different marinades.",https://www.koreanbapsang.com/chicken-wings/,10m,30m,40m,4 servings,"[Ingredients] 24 wing pieces about 3 pounds for each marinade | [Spicy marinade] 4 tablespoons gochujang Korean red chili pepper paste ,4 tablespoons barbecue sauce any type ,2 tablespoons soy sauce ,2 tablespoons rice wine or mirin (or white wine) ,1 tablespoon sesame oil ,1 tablespoon honey ,1 tablespoon minced garlic ,1 teaspoon finely grated ginger ,1/4 teaspoon pepper | [Sweet and savory marinade] 1/2 cup soy sauce ,3 tablespoons rice wine or mirin ,1 tablespoon lemon juice ,2 tablespoons extra virgin olive oil ,2 tablespoons honey ,1 tablespoon brown sugar ,1 tablespoon minced garlic ,2 teaspoons grated ginger ,1/4 teaspoon pepper","[Instructions] 1) Rinse the chicken wings and drain the water. Mix all the ingredients for each marinade together. | 2) Combine the marinade with the chicken wings and coat all the pieces well. Cover and refrigerate for 2 to 4 hours (overnight for best results). Let them sit at room temperature for 30 minutes before cooking. Preheat the oven to 425°F (218°C). | 3) Line a baking sheet with aluminum foil. Place the chicken wings in a single layer and bake for 20 to 25 minutes until the skin is crisp and golden. Flip them over halfway through and baste/spoon the remaining marinade over each wing. Alternatively: Bake them at 400°F (204°C) for 15 minutes, flip them over, bake for another 15 minutes. Then, increase the oven temperature to 425°F, baste, and bake for another 10 minutes. This worked really well too. | 4) Turn them over halfway during baking and baste with the leftover marinade. Reduce the heat level if the wings are browning too quickly. (See notes.)",https://www.koreanbapsang.com/wp-content/uploads/2011/02/DSC7862-2-e1612739746742.jpg,"Appetizer, Snack",Korean,"chicken wings, Korean, marinades, oven-baked",,4.54,41.0,41
Dakgangjeong (Sweet Crispy Korean Fried Chicken),"Crispy Korean fried chicken pieces glazed in a sticky, sweet, and spicy sauce. This recipe uses bite sized boneless chicken pieces, so it cooks up very fast! The easiest Korean fried chicken recipe you can make!",https://www.koreanbapsang.com/dakgangjeong-sweet-crispy-chicken/,,,,4 servings,"[Ingredients] 1 pound boneless skinless chicken thigh and/or breast ,1/2 cup milk optional ,1/4 teaspoon salt ,pinch pepper ,1/2 teaspoon minced garlic ,1/2 teaspoon minced ginger ,1 tablespoon rice wine if not using milk ,⅓ cup potato starch (or corn starch) you can use more ,oil for deep frying | [Sauce] 1 tablespoon soy sauce ,3 tablespoons cooking rice wine Mirim (미림), Matsul (맛술), or Mirin ,2 tablespoons apple cider vinegar (or rice vinegar) or other clear vinegar ,1 tablespoon gochujang, 고추장 (Korean red chili pepper paste) Omit for a mild version and add 1 more tablespoon soy sauce (Also see note) ,3 tablespoons honey or oligo syrup (oligodang, 올리고당), rice syrup (jocheong, 조청), or corn syrup - use 4 tablespoons if using syrup ,2 teaspoons sesame oil ,2 tablespoons brown sugar ,1 teaspoon minced garlic ,1 teaspoon grated ginger ,pinch pepper | [Garnish] 1 to 2 tablespoons coarsely chopped peanuts or seeds","[Instructions] 1) Remove any visible fat. Cut the chicken into bite sized pieces. | 2) Soak the chicken pieces in milk for at least 30 minutes in the fridge. This step is optional. | 3) Drain well. Mix with the salt, pepper, rice wine (if you didn’t use milk) garlic, and ginger. Let it sit for 20 to 30 minutes. | 4) In a pan, add all the sauce ingredients, and stir well. Bring it to a boil. When it starts to bubble, reduce the heat to medium low, and simmer until it thickens slightly, about 3 to 4 minutes. Turn the heat off. | 5) Coat each chicken piece well with the potato (or corn) starch. | 6) Pour about 1 inch of oil in to a heavy bottom pan. Use a narrow and deep pan if available, When the oil is sufficiently hot (330°F), drop the chicken pieces in one at a time. Fry them in two batches. Overcrowding will drop the oil temperature too quickly. Cook until light golden brown, about 3 minutes. Remove and set them on a wire rack or a paper towel-lined plate. | 7) Reheat the oil to 330°F. Deep fry again until golden brown, about a minute or two. You can do the second frying in one batch. | 8) Heat the sauce over medium low heat. Add the chicken and stir well until the chicken pieces are evenly coated.",https://www.koreanbapsang.com/wp-content/uploads/2014/03/DSC5357_01-3-e1644534693866.jpg,"Appetizer, Snack",Korean,"dakgangjeong, fried chicken, KFC, Korean fried chicken, spicy, sweet and crispy, sweet and savory",,4.64,320.0,320
Dubu salad (Korean Tofu Salad),"A simple Korean tofu salad served with a soy based sauce. Simple, healthy and refreshing!",https://www.koreanbapsang.com/dubu-salad-korean-tofu-salad/,10m,10m,20m,2 servings,"[Ingredients] 1 package soft or silken tofu ,2 ounces spring salad mix | [Sauce (Yangnyeomjang)] 2 scallions (1 if large), finely chopped, about 1/4 cup ,1/2 teaspoon minced garlic ,2 tablespoons soy sauce ,1 tablespoon vinegar or lemon juice ,1 tablespoon rice wine (mirin, mirim (미림), or matsul (맛술)) ,1 teaspoon sugar or 2 teaspoons Korean plum syrup -maesilcheong, 매실청 ,1/2 teaspoon gochugaru (Korean red chili pepper flakes) Adjust to taste ,1 teaspoon sesame oil ,2 teaspoons sesame seeds","[Instructions] 1) Mix all the sauce ingredients in a small bowl. | 2) Wash the spring mix and drain. | 3) In a medium size pot, bring about 4 cups of water to a boil and add the tofu. Cover and boil for 5 minutes over medium heat. | 4) Carefully transfer the tofu to a colander to drain and cool. | 5) Cut the tofu into two blocks. Cut each block into about 1/2-inch thick slices. | 6) Spread some spring mix on a plate. Arrange the tofu slices on top of the spring mix. Drizzle the sauce over the tofu when ready to serve.",https://www.koreanbapsang.com/wp-content/uploads/2012/03/DSC7335-e1677997017565.jpg,"Salad, Side Dish, Appetizer, Snack",Korean,"Korean sauce, salad, silken tofu, tofu",,4.67,3.0,3
Gamjajeon (Potato Pancake),a simple Korean potato pancake,https://www.koreanbapsang.com/gamjajeon-potato-pancakes/,10m,10m,20m,2 servings,"[Ingredients] 1/4 medium onion - optional (see note) ,1-1/2 pounds potatoes (2 large or 3 medium) ,1/4 teaspoon salt ,2 ounces garlic chives (buchu, 부추) - Optional ,oil for pan frying | [Diping Sauce] 1 tablespoon soy sauce ,1 teaspoon vinegar ,1 tablespoon water ,1/2 teaspoon sugar ,pinch of black pepper","[Instructions] 1) Grate the optional onion (about 2 to 3 tablespoons). Place in a large bowl. Peel and grate the potatoes, capturing the liquid. If using a blender or food processor, grind the onion and potatoes together. | 2) Drain the grated potato in a bowl lined with a strainer, reserving the liquid. Immediately transfer to the bowl with the grated onion, and mix well with the optional onion to prevent discoloring of the potato. | 3) Let the reserved liquid sit for about 10 minutes. The starch in the liquid will sink to the bottom. Carefully pour out the water, saving the starch. Add the starch and salt to the grated potato along with the optional garlic chives. Mix well. | 4) Heat a skillet with two tablespoons of oil over medium heat. Add 1/2 of the batter, and spread it evenly into a round shape. You can make smaller pancakes if you like. Reduce the heat to medium to medium low, and cook until the bottom is light golden brown, about 2 to 3 minutes on each side. Repeat the process with the remaining batter. Serve hot with a dipping sauce.",https://www.koreanbapsang.com/wp-content/uploads/2015/04/DSC9846.jpg,"Appetizer, Snack","Asian, Korean","gamjajeon, pancakes, potatoes",,4.75,35.0,35
Gilgeori toast (Korean street toast),This veggie-packed Korean street toast is easy and delicious! Experience the streets of Korea with a few ingredients you most likely have in your fridge.,https://www.koreanbapsang.com/gilgeori-toast-korean-street-toast/,10m,5m,15m,1 servings,"[Ingredients] 2 slices bread (white, wheat, multi-grain, or milk bread) ,3 ounces green cabbage, yangbaechu (양배추) up to 4 ounces 1 cup, packed ,½ small carrot (about 0.5 ounces) ,¼ small onion (about 0.5 ounces) ,2 stalks garlic chives, buchu (or 1 small scallion) ,1 large egg see note ,salt and pepper to taste ,2 tablespoons butter (or margarine or olive oil), or to taste, divided ,sugar to taste Halmeoni Toast uses a heaping tablespoon ,ketchup to taste","[Instructions] 1) Thinly slice the cabbage, onion, and carrot. Cut the garlic chives into about 1.5-inch long pieces. If using a scallion, thinly slice diagonally. | 2) In a large non-stick pan, melt butter or margarine (use as needed or to taste) over medium heat. Place both slices of the bread, moving them around and flipping over. Toast until golden-brown, 1 to 2 minutes on each side. Transfer to a plate. | 3) In a small, deep bowl or cup (2-cup size), place the veggies (reserving about 1/5) along with a pinch of salt. Crack the egg in it. Mix everything well by hitting them down with a pair of tongs or a fork until the veggies and egg are well incorporated and reduced in volume, about 20 seconds. | 4) In the same pan, melt some more butter or margarine over medium heat. Add the egg and veggie mixture, flattening and shaping it to a large round with a spatula. Place the reserved veggies on top. Cook the mixture until it turns lightly golden, about 3 minutes. Carefully flip it over with a spatula, add more butter or margarine, and cook the other side for about 2 minutes. | 5) Place the omelet on one piece of toast. Sprinkle it with sugar and top with a good squirt of ketchup to taste, and place the other slice of bread on top and serve.",https://www.koreanbapsang.com/wp-content/uploads/2022/02/DSC4264-2.jpg,"Breakfast, Appetizer, Snack",Korean,"bread, cabbage, egg, gilgeri toast, ketchup, street toast, toast",,4.94,16.0,16
Glazed Korean Meatballs,,https://www.koreanbapsang.com/gogi-wanja-jorim-glazed-korean/,30m,15m,45m,3 servings,"[For the meatballs] 1/2 pound ground beef ,1/2 pound ground pork ,4 to 5 fresh shiitake or any mushroom caps, finely chopped ,1/4 medium onion finely chopped ,2 scallions finely chopped ,1 egg yolk ,1 tablespoon soy sauce ,2 teaspoons minced garlic ,1 teaspoon finely grated ginger ,salt about 1/4 teaspoon and pepper to taste ,1/2 cup cornstarch or flour for dredging | [For the sauce] 1 tablespoon sugar ,3 tablespoons soy sauce You can replace with 1 TB gochujang for a little spicy kick ,3 tablespoons rice wine or mirin ,3 tablespoons water ,2 tablespoons corn syrup oligodang ,2 plump garlic cloves thinly sliced ,1 inch piece ginger thinly sliced | [Optional garnish] chopped peanuts or pine nuts ,chopped scallion","[Instructions] 1) Finely chop the mushrooms, onion, and scallions. Combine all the meatball ingredients well by hand until evenly blended. | 2) Shape the mixture into about 1 1/4-inch balls. Dredge the meatballs in the cornstarch or flour to lightly coat. | 3) Heat a tablespoon of oil in a pan over medium heat. Add half of the meatballs to the pan. Turning as necessary, fry until all sides are golden brown but not cooked through, about 5 minutes. The meatballs will finish cooking in the sauce. Remove from the pan and repeat with the remaining meatballs. | 4) Add all the sauce ingredients to another pan. Boil over medium heat until the sauce is slightly thickened, about 3 – 4 minutes. | 5) Add the meatballs to the sauce and simmer until the sauce becomes a thick glaze, turning to coat evenly, about 5 minutes. Sprinkle with the optional garnish. Serve warm with your choice of vegetables.",https://www.koreanbapsang.com/wp-content/uploads/2012/03/DSC7334-e1576472595743.jpg,"Appetizer, Main, Snack",Korean,"finger food, Korean meatballs, meatballs, party food",,4.57,30.0,30
Gyeran mari (Korean rolled omelette),"This Korean rolled egg recipe is made with chopped carrot and scallion! It’s a popular side dish, especially for a lunch box!",https://www.koreanbapsang.com/gyeran-mari-korean-rolled-omelette/,10m,5m,15m,2 servings,"[Ingredients] 3 large eggs You can use 5 or more eggs for thicker rolls ,1 or 1.5 tablespoons finely chopped scallion ,1 or 1.5 tablespoons finely chopped carrot ,Salt to taste about ⅛ ,Pinch black pepper ,vegetable oil for frying","[Instructions] 1) Finely chop the scallion and carrot. | 2) Crack and beat the eggs, in a bowl with a spoon, a fork, or a pair of chopsticks until the yolks and whites are blended well with no visible strings of whites. Stir in salt and pepper. | 3) Stir in the chopped vegetables. | 4) Add a teaspoon of vegetable oil to a medium size non-stick pan and distribute the oil evenly using a napkin or paper towel. Preheat over medium low heat, until it feels hot when you place your hand 2 to 3 inches above the bottom of the pan. | 5) Add 1/2 of the egg mixture to the pan. Swirl it around to cover the pan. Let it cook until the top begins to set but is still wet. | 6) Using a spatula, lift one end of the egg (about 1-1/2 inches) and fold it over to the other side. Reduce the heat or raise the pan away from the heat for a little while if the bottom is browning. | 7) Lift the folded part and fold it again. Pull the egg to the rolled side, making room on the round end for more egg mixture. Add 1/2 of the remaining egg and spread to cover the open space. | 8) When the egg addition is set, lift the folded part and fold it again. Pull the egg to the rolled side and repeat the process with the remaining egg to make an about 2-inch egg log. | 9) Remove from the pan and let cool for about 5 minutes. Slice the egg into thick, even pieces (3/4 to 1-inch thick).",https://www.koreanbapsang.com/wp-content/uploads/2012/04/DSC_1161-2-e1572196812457.jpg,"Side Dish, Appetizer, Snack","Asian, Korean","gyeran mari, Korean rolled eggs, Rolled omelette",,4.96,44.0,44
Haemul Pajeon (Seafood Scallion Pancake),Crispy delicious Korean scallion pancakes with seafood!,https://www.koreanbapsang.com/haemul-pajeon/,10m,20m,30m,4 servings,"[Ingredients] 1-1/2 to 2 cups assortment of seafood squid, shrimp, mussels, oysters, clams, etc., cut into bite sizes ,1 tablespoon sesame oil ,1 or 2 bunches scallions ,1 red chili pepper - optional ,1 egg lightly beaten - optional | [Batter - makes 2 large (about 7 to 8-inch) pancakes] 1 cup Korean pancake mix, buchim garu, 부침가루 (or all purpose flour or gluten free flour with 1/2 teaspoon salt - See note) | [Dipping Sauce] 1 tablespoon soy sauce ,2 to 3 teaspoons vinegar ,1 tablespoon water ,pinch of black pepper ,pinch of gochugaru Korean red chili pepper flakes ,1/2 teaspoon sugar - optional ,1 tablespoon chopped scallion - optional ,1 tablespoon Diced onion - optional","[Instructions] 1) Prepare the seafood, scallions and optional pepper, draining excess water. (Wet ingredients will make pajeon soggy.) Cut the scallions in half crosswise. Cut the white part of the scallions lengthwise if thick. Mix the seafood with the sesame oil. | 2) In a large bowl, mix the pancake mix with 3/4 cup icy cold water. You may need a couple more tablespoons but add one tablespoon at a time. The batter should be thinner than a Western breakfast pancake batter and thicker than a crepe batter. (For a crispy pajeon, the batter should be relatively thin.) Mix in 1/2 of the seafood. | 3) Heat 3 to 4 tablespoons of vegetable oil in a non-stick pan over medium high heat, ladle 1/2 of the mixture into the pan and spread it evenly into a thin round shape. | 4) Arrange the scallions in a single layer on top of the batter, pressing them down into the batter. Add 1/2 of the remaining seafood and a few slices of the optional pepper. | 5) Spoon one half of the optional lightly beaten egg on top. Cook until the bottom is golden brown (3-4 minutes). Reduce the heat to medium if the pancake is browning too fast. | 6) Turn it over, adding more oil (2 to 3 tablespoons) around the edges. Cook for another 3-4 minutes. Repeat the process with the remaining batter and ingredients. Serve hot off the pan with dipping sauce. | [Optional method] 1) Cut the scallions shorter, 2 to 3-inch lengths. You can mix everything with the batter, except the egg. Ladle 1/2 of the mixture into the heated pan and spread it evenly into a thin round shape. Follow the directions above from step 5 for pan-frying.",https://www.koreanbapsang.com/wp-content/uploads/2019/12/DSC3273-e1613669537769.jpg,"Appetizer, Snack",Korean,"haemul, pajeon, pancakes, seafood",,4.66,125.0,125
Hobak jeon (pan-fried zucchinis in egg batter),,https://www.koreanbapsang.com/hobak-jeon-pan-fried-zucchini-in-egg-batter/,10m,10m,20m,4 servings,"[Ingredients] 2 zucchinis (about 10 ounces each) ,salt ,a red pepper and small leaflets of green leafy vegetables such as minari, ssukgat, and parsley Optional decorations ,2 large eggs, beaten ,1/4 cup flour ,oil for pan frying | [Dipping sauce] 1 tablespoon soy sauce ,1 tablespoon water ,1 teaspoon vinegar (or more to taste) ,You can also add a bit of sugar and/or black pepper to taste","[Instructions] 1) Slice the zucchini into rounds (about ⅓ - inch thickness). Lightly salt both sides and set aside until softened and released some moisture, about 15 to 20 minutes depending on the zucchinis. Shake off excess moisture from the salted zucchini slices. | 2) Dredge both sides of the zucchini pieces in flour, one piece at a time. (Do this step for all the pieces before the next step.) | 3) Heat a large non-stick pan with a tablespoon of oil over medium heat. Dip each piece one at a time in the egg wash, and carefully place in the heated pan. | 4) Cook until lightly golden, about a minute depending on the thickness and heat level. Place an optional decorative red pepper slice or green leaflet on top when the egg is almost set but still wet. Flip them over when the bottom edges turn lightly golden, and cook for another minute or so. Add more oil if necessary. Do not overcook. | 5) Repeat until all the pieces are pan fried. Add an additional tablespoon of oil each time. Serve warm with the dipping sauce.",https://www.koreanbapsang.com/wp-content/uploads/2021/07/DSC1000-2.jpg,"Appetizer, Snack",Korean,"aehobak, hobakjeon, pan-fried, zucchini fritters, zucchinis",,4.74,15.0,15
Japchae (stir-fried starch noodles with beef and vegetables),"Japchae (or chapchae) is a classic Korean dish made with sweet potato starch noodles, meat, and vegetables! Find out how to make authentic, delicious japchae with this time-tested recipe!",https://www.koreanbapsang.com/japchae-korean-stir-fried-starch/,15m,20m,35m,4 servings,"[Ingredients] 7 ounces Korean potato starch noodles (dangmyeon, 당면) ,1 carrot (about 3 ounces) ,1/2 medium onion, preferably sweet variety, (4 to 5 ounces) ,2 scallions ,4 ounces lean tender beef (sirloin, chuck tender, rib eye, etc.) or pork loin ,3 to 4 ounces fresh shiitake mushrooms (or 4 to 5 dried shiitake, soaked until plump) Or oyster mushrooms, wood ear mushrooms or button mushrooms. See note 1. ,6 ounces fresh spinach (preferably a bunch of spinach) ,oil for stir frying ,salt ,egg garnish (jidan) - optional | [Sauce] 3.5 tablespoons soy sauce ,3 tablespoons sugar (or brown sugar) You can use a little less if you want. ,2 tablespoons sesame oil ,2 teaspoons minced garlic ,1 tablespoon roasted sesame seeds ,black pepper to taste","[Instructions] 1) Clean all the ingredients. Cut the carrot into matchsticks. Thinly slice the onion. Run the knife through the white parts of the scallions lengthwise, if thick, and then cut into about 2-inch long pieces. Remove the stems from the mushrooms, and slice into 1/4-inch thin strips. Cut the meat into thin 2-inch long strips. | 2) Combine all the sauce ingredients in a small bowl and mix well until the sugar is dissolved. | 3) In a large non-stick pan (see note 2), bring about 5 cups of water to a boil, and cook the noodles until completely translucent and soft (6 to 8 minutes). Drain in a strainer and rinse under cold running water. Drain well. Roughly cut the noodles with a pair of kitchen shears or a knife into 6 -7 inch lengths. Transfer to a large mixing bowl. Mix well with 3 tablespoons of the prepared sauce. | 4) Fill the same pan with 2 cups of water. When water boils, blanch the spinach only until wilted. Drain quickly and shock in cold water. Squeeze out water, run a knife through the squeezed spinach a couple of times, and lightly season with salt. | 5) Add 1/2 tablespoon of oil to the skillet, and stir fry the noodles over medium to medium high heat, stirring frequently, until translucent and a bit sticky (about 4 minutes). Transfer back to the mixing bowl. | 6) Add 1/2 tablespoon of oil to the pan, and stir fry the carrot over medium high heat, sprinkling with a pinch of salt. When the carrot sticks are half way cooked, about a minute, push them to one side of the pan to make room for the onion slices. Stir-fry the onion slices until translucent, sprinkling with a pinch of salt. Stir-in the scallion and cook briefly. Do not overcook. The vegetables should be crisp. Transfer to the bowl with the noodles. | 7) Add the beef and mushrooms along with 2 tablespoons of the prepared sauce and cook until the meat is cooked through, 2 - 3 minutes. Transfer to the bowl with the noodles. | 8) Add the spinach and the remaining sauce to the bowl with all other prepared ingredients. Toss well by hand. Adjust the seasoning to taste by adding a little more (start with 1/2 teaspoon) soy sauce and/or sugar as necessary. | [Optional egg garnish] 1) Separate the egg white and yolk. Lightly beat the white by gently cutting it with a spoon. Stir the yolk with a spoon until smooth. Heat a lightly oiled nonstick skillet over medium low heat. Pour each egg part into a thin layer, by tilting the skillet and/or spreading with a spoon. Cook each side briefly. (Do not brown the egg.) Roll it and thinly slice.",https://www.koreanbapsang.com/wp-content/uploads/2010/01/DSC5028-4-e1742779559614.jpg,"Appetizer, Side Dish, Snack",Korean,"beef, chap chae, glass noodles, japchae, Starch noodles, stir-fry, vegetables",,4.67,497.0,497
Jatjuk (Pine Nut Porridge),"Made with finely ground rice and pine nuts, jatjuk (잣죽) is a nutritious porridge that's creamy, delicately nutty, and comforting!",https://www.koreanbapsang.com/jatjuk-pine-nut-porridge/,10m,20m,30m,4 servings,"[Ingredients] 1 cup short grain rice ,1 cup pine nuts (more for optional garnish) You can use 1/2 or 2/3 cup if you like. ,3 cups water ,salt ,1 daechu (대추, jujube) - optional garnish","[Instructions] 1) Rinse the rice, soak for an hour or longer, and drain. | 2) Rinse the pine nuts under cold water. Toast them in a dry pan over medium low heat, shaking the pan often, for 3 to 4 minutes for a light toasting. Don't brown them. You can skip this process if you like. | 3) In a blender, blend the soaked rice and pine nuts with 2 cups of water until it turns like milky liquid, about 30 seconds. It can be longer, depending on the blender. | 4) Pour the rice and pine nut water into a pot. Use the remaining 1 cup of water to to swish out the remaining rice and pine nut sediments and add to the pot. | 5) Turn the heat to medium. Stir gently but frequently along the bottom of the pot for about 6 minutes. The mixture will clump and thicken significantly. | 6) Reduce the heat to medium low. Let it simmer, stirring occasionally, for 15 minutes or longer. The clumps will gradually break apart, and the porridge will develop a smooth, thick texture, eventually becoming thinner with a nice, flowy consistency. Don’t cut down the cooking time. Wait until the last 3 or 4 minutes to add more water to thin the porridge, if needed. | 7) You can salt at the last minute if you’re serving the entire pot. Otherwise, serve salt on the side so the diner(s) can add at the table.",https://www.koreanbapsang.com/wp-content/uploads/2025/03/DSC0066-e1741919369876.jpg,"Appetizer, Breakfast, Snack",Korean,"Korean porridge, pine nuts, porridge, rice",,5.0,1.0,1
Kimchijeon (kimchi pancakes),This crispy flavor-packed kimchi pancakes are super easy to make with a few basic ingredients as long as you have some well fermented kimchi.,https://www.koreanbapsang.com/kimchi-jeon-kimchi-pancake/,10m,12m,22m,3 servings,"[Ingredients] 1 cup thinly sliced fully-fermented kimchi ,1 to 2 scallions Two if thin and small ,1/4 medium onion ,3 ounces minced pork, canned tuna (without the liquid), or squid cut into small strips - optional ,cooking oil with high smoke point for pan frying | [Batter] 1 1/4 cups all-purpose flour or buchimgaru (Korean pancake premix) or Swap 1/4 cup of all-purpose flour with sweet rice flour or corn/potato starch ,2 to 3 tablespoons juice/liquid from kimchi See note on water below ,1 or 2 teaspoons gochujang (Korean chili pepper paste) or gochugaru - optional ,1 lightly beaten egg - optional ,1 cup icy cold water Use more water if juice/liquid from kimchi is unavailable and not using an egg. Flour to liquid should be about 1:1 ratio in total. | [Optional Dipping Sauce (Combine all the ingredients)] 1 tablespoon soy sauce ,1 teaspoon vinegar ,1 tablespoon water ,1/2 teaspoon sugar ,pinch of black pepper","[Instructions] 1) Thinly slice the kimchi, about 1/2-inch thick. Cut the scallions into about 2-inch pieces. If the white part is thick, cut in half lengthwise. Thinly slice the onion. | 2) In a large bowl, combine the flour (or pancake mix) with the liquid from kimchi, the optional gochujang/gochugaru and egg, and water, a little bite at a time. Start with dissolving the gochujang with water, and mix everything together. Do not over mix. | 3) Add a little more water if the batter is too thick. The batter should flow easily from a spoon. | 4) Stir in the kimchi, scallions, onion and the optional protein of your choice. | 5) Heat one tablespoon of oil in a non-stick pan over medium heat. Ladle the mixture into the pan, and spread it evenly into a thin round shape. Cook until the edges turn light golden brown, about 3 minutes. Turn it over, and add more oil to the sides of the pan. Gently swirl the pan to distribute the oil under the pancakes. Press the pancake down with a spatula. Cook until the other side is nicely browned and crispy, 2 to 3 minutes. | 6) Repeat the process until there is no remaining batter. Serve hot with a dipping sauce, if desired.",https://www.koreanbapsang.com/wp-content/uploads/2010/02/DSC0780-2-e1644441498766.jpg,"Appetizer, Snack",Korean,"kimchi, savory pancakes",,4.69,157.0,157
Korean Shrimp Salad with Hot Mustard Dressing,"This simple and refreshing salad is packed with flavors and heat! Perfect as an elegant starter, side dish or light meal!",https://www.koreanbapsang.com/korean-style-shrimp-salad-with-hot/,10m,5m,15m,2 servings,"[Hot mustard dressing] 2 teaspoons hot mustard powder (gyeoja, 겨자) If using prepared paste, use 1 tablespoon and add 1 tablespoon water to thin it. ,1 tablespoon vinegar ,1 teaspoon soy sauce ,2 teaspoons sugar ,1/2 teaspoon minced garlic ,⅛ teaspoon salt | [Vegetables] 2 Kirby (pickling) cucumbers (or 1 Korean cucumber) ,1/2 Korean pear ,radish sprouts for garnish optional ,1/4 lemon ,Optional vegetables: ,1/4 red bell pepper ,1/4 orange bell pepper | [Shrimp] 10 large shrimp 21-25 counts, shelled and deveined (more if using smaller shrimp) ,1/4 lemon ,1 teaspoon salt","[Instructions] 1) Mix the mustard with 1 tablespoon of warm water. Set it aside for 5 to 10 minutes. Add the remaining dressing ingredients and mix well. Refrigerate while preparing the other ingredients. | 2) Cut the cucumbers and pear into thin slices | 3) OR if using optional bell peppers, julienne the fruit and vegetables. | 4) Have a bowl of ice water ready near the stove top. Bring a small pot of water (4 cupto a gentle boil over medium heat. Add salt, lemon and shrimp and simmer uncovered until the shrimp turn opaque and curl, about 40 seconds. Remove immediately and plunge them into the ice water to stop cooking and chill. Drain. | 5) Remove immediately and plunge them into the ice water to stop cooking and chill. Drain. Cut each shrimp in half lengthwise, if desired. | 6) Nicely arrange the cucumber, pear and shrimp (or optional julienned vegetables and pear) on a plate. Spoon the dressing over, or serve it on the side. Garnish with optional radish sprouts and/or lemon.",https://www.koreanbapsang.com/wp-content/uploads/2019/06/DSC_4565-e1561428495810.jpg,"Appetizer, Snack",Korean,"bell peppers, cucumber, Korean pear, mustard, salad, shrimp",,4.84,6.0,6
Kimchi Mandu (Kimchi Dumplings),"These Korean dumplings filled with a kimchi mixture are highly popular in Korea. If you like kimchi, you'll love this dumpling recipe. Kimchi adds tons of spicy and savory flavors!",https://www.koreanbapsang.com/mandu-korean-dumplings/,,,,35 dumplings,"[Ingredients] Makes about 40 dumplings ,40 dumpling wrappers slightly thick | [Filling] 2 ounces dangmyeon sweet potato starch noodles, soaked in warm water for about 30 min. ,1 cup packed finely chopped kimchi ,8 ounces tofu ,10 ounces mung bean sprouts, sukju namul (숙주나물) ,1/2 medium onion ,2 to 3 scallions ,8 ounces ground pork or beef (or mix) ,1 tablespoon minced garlic ,1 teaspoon finely grated ginger or juiced ,1 tablespoon sesame oil ,1 tablespoon soy sauce ,1 tablespoon gochugaru (adjust to taste) ,salt to taste about 1/4 teaspoon ,pepper to taste about ⅛ teaspoon | [Optional ingredients] 1 tablespoon Perilla seed oil (in lieu of sesame oil) ,2 to 4 tablespoons ground perilla seeds","[Instructions] 1) Finely chop the kimchi and squeeze out excess liquid by hand. | 2) Blanch the bean sprouts in boiling water, drain, chop and squeeze out water. | 3) Squeeze out water from the tofu. Using a cheesecloth will make squeezing easier. Finely chop the noodles. Finely chop the onion and squeeze out water. Finely chop the scallions. | 4) Combine all the filling ingredients in a large bowl. Mix well by hand. | 5) Place one heaping teaspoonful to a tablespoon of the filling on a wrapper. Wet the edges of the wrapper with water or egg wash and seal tightly (pushing the air out with your fingers) into a half-moon shape. (Stop here if you want a half-moon shape dumpling.) Then, bring the two ends together, apply water or egg wash to one end and press tightly to create a round shape. Repeat this process until all the filling/wrappers are used. | 6) Kimchi mandu can be steamed for about 10 minutes in a steamer (12 minutes if frozen). Make sure to line the steamer with a wet cheesecloth, paper towel, or cabbage leaves to prevent mandu from sticking. | 7) For boiling, pan-frying and deep-frying dumplings, see my other mandu recipe .",https://www.koreanbapsang.com/wp-content/uploads/2012/01/DSC_0153-e1546213892516.jpg,"Appetizer, Main Course, Snack",Korean,,,4.87,38.0,38
Minari Jeon (Water Dropwort pancake),Simple Korean savory pancakes made with minari (aka Korean watercress or water dropwort),https://www.koreanbapsang.com/minari-jeon-water-dropwort-pancake/,10m,10m,20m,2 servings,"[Ingredients] 1/2 cup buchimgaru, 부침가루 (Korean pancake mix) or all-purpose flour (see note) ,4 ounces minari ,1 red chili pepper - optional ,oil for pan frying | [Dipping sauce] 1 tablespoon soy sauce ,1 teaspoon vinegar ,1 tablespoon water ,1/2 teaspoon sugar ,pinch black pepper ,pinch gochugaru (Korean red chili pepper flakes) - optional","[Instructions] 1) Clean the minari thoroughly. Cut them into about 2 to 3-inch pieces. | 2) Add the minari to a bowl along with the Korean pancake mix or all-purpose flour. Stir in about 1/2 cup of cold water. | 3) Toss everything lightly to evenly coat the vegetable with wet flour. | 4) Heat one tablespoon of oil in a non-stick pan over medium heat. Ladle the mixture into the pan, and spread it evenly into a thin round shape. Cook until light golden brown, about 2 minutes. Reduce the heat to medium low if the pancake browns too quickly. Turn it over, adding more oil to the sides of the pan, and press it down with a spatula. Cook until the other side is light golden brown, about 2 minutes. | 5) Repeat the process with the remaining vegetable mix. Serve hot with a dipping sauce, if desired.",https://www.koreanbapsang.com/wp-content/uploads/2021/04/DSC9010-e1619204075980.jpg,"Appetizer, Snack",Korean,"Korean pancake, minari, Minari movie, minari plant, watercress",,5.0,1.0,1
Nokdujeon or Nokdu bindaetteok (mung bean pancakes),"Nokdujeon, aka nokdu bindaetteok, is a type of savory Korean pancake made with ground nokdu (mung beans). These crispy golden brown pancakes are soft on the inside with some crunch from the vegetables. They are deliciously nutty! Makes 8 to 10 5-inch pancakes.",https://www.koreanbapsang.com/nokdujeon-savory-mung-bean-pancakes/,20m,25m,45m,10 servings,"[Ingredients] 2 cups dried peeled and split mung beans* yields about 4 cups soaked ,8 ounces sukju namul (mung bean sprouts) ,8 ounces kimchi ,6 - 8 scallions ,4 ounces pork , ground or finely chopped ,2 teaspoons soy sauce ,1 teaspoon garlic ,1 tablespoon sesame oil ,salt ,vegetable oil for pan frying | [Dipping Sauce] 2 tablespoons soy sauce ,1 tablespoon vinegar (or to taste) ,2 tablespoons water ,pinch of black pepper ,pinch of red pepper flakes gochugaru - optional","[Instructions] 1) Rinse and soak the mung beans in water for 3 - 4 hours. Drain. | 2) Meanwhile, cook the mung bean sprouts in boiling water for about 2 minutes (you can skip this blanching if preferred). Rinse in cold water to stop cooking. Drain and gently squeeze out excess water. Thinly slice the kimchi and scallions. In a large bowl, combine the kimchi, bean sprouts, scallions, meat, soy sauce, sesame oil and garlic. Mix well. | 3) In a blender, grind 2 cups of the soaked beans in 3/4 cup of cold water with 1/2 teaspoon of salt until it has a coarse, sandlike consistency. | 4) Add to the vegetable and meat mixture. Repeat with the remaining beans. Gently mix the mung bean batter until the ingredients are evenly distributed. | 5) Heat 2 tablespoons or more of oil in a non-stick pan over medium to medium high heat. (See note.) Ladle the mixture into the pan and spread it evenly into a thin round shape. Cook until the bottom is golden brown (2 - 3 minutes), and turn it over, adding more oil. Press it down with a spatula, and cook for another 2- 3 minutes. Repeat the process with the rest of the mixture. | 6) Serve hot off the pan with a dipping sauce.",https://www.koreanbapsang.com/wp-content/uploads/2011/12/DSC_2814-1-e1537716727943.jpg,"Appetizer, Snack",Korean,"bindaetteok, mung beans, nokdu, nokdujeon, savory pancakes",,4.78,54.0,54
Shrimp dumplings (saeu mandu),"Filled with shrimp and lots of healthy vegetables, these dumplings are easy to make, juicy and flavorful!",https://www.koreanbapsang.com/saewu-mandu-shrimp-dumplings/,30m,10m,40m,32 dumplings,"[Ingredients] 32 dumpling wrappers (store-bought or homemade ) See note 1 | [For the filling] 12 ounces (340 grams) raw shrimp Peeled and deveined ,10 ounces (280 grams) green cabbage ,4 ounces (110 grams) fresh mushroom caps, stems removed (shiitake, button, crimini, etc.) ,1/2 small onion ,1 teaspoon minced garlic ,1 teaspoon finely grated ginger or juiced ,1 teaspoon soy sauce ,2 teaspoons sesame oil ,salt to taste about 1/4 teaspoon ,pinch pepper | [Dipping Sauce] 1 tablespoon soy sauce ,1 teaspoon vinegar ,1 tablespoon water ,pinch of black pepper and/or gochugaru (red chili pepper flakes)","[For the filling] 1) Coarsely chop the shrimp or pulse several times in a mini blender or food processor. Finely chop the cabbage. Mix with 1 teaspoon of salt. Let sit for 5 - 10 minutes. Squeeze out excess water. (If using a mini blender or food processor, add salt with the cabbage before pulsing.) Finely chop (or pulse) the onion and mushrooms. Combine all the filling ingredients in a large bowl. Mix well by hand. | [To assemble] 1) Place a tablespoon of the filling on a wrapper. You don't need to wet the edges of the homemade wrapper. Seal tightly (pushing the air out with your fingers) into a half-moon shape. (You can add pleats if desired.) Dust the bottom of the dumpling with flour to keep it from sticking as the skin absorbs the moisture from the filling. Repeat this process until all the filling/wrappers are used. | [To cook] 1) Steaming: steam the dumplings for about 10 minutes in a steamer (longer if frozen). Make sure to line the steamer with a wet cheesecloth or paper towel to prevent the mandu from sticking. | 2) Boiling: bring a pot of water to a boil. Add mandu (stirring gently so they don't stick to the bottom of the pot), a few at a time, and cook until all of them come up to the surface. Continue to cook for another minute or two. | 3) Pan frying , heat the pan with 1 tablespoon of vegetable oil over medium high heat. Add the dumplings, making sure they aren't touching each other. Fry for 1 - 2 minutes, until the bottoms are golden brown. Add 1/4 cup of water to the pan, and cover immediately with a lid. Reduce the heat to medium low, and steam for 4 to 5 minutes. If the dumplings are frozen, cook a little longer.",https://www.koreanbapsang.com/wp-content/uploads/2013/02/DSC6659-2.jpg,"Appetizer, Snack",Korean,"dumplings, grilled shrimp, mandu, shrimp dumplings",,4.9,19.0,19
Tangsuyuk (Sweet and sour beef or pork),A Korean-Chinese style sweet and sour pork or beef,https://www.koreanbapsang.com/tangsuyuk-sweet-and-sour-beef-or-pork/,20m,15m,35m,3 servings,"[Ingredients] 10 ounces tender cut of pork or beef (such as pork loin or beef sirloin) ,salt and pepper ,1/2 teaspoon grated ginger | [Batter] 1 cup potato starch or corn starch, soaked in 1 cup of water for 2 to 3 hours ,2 tablespoons lightly beaten egg ,1 tablespoon canola oil ,4 cups canola or vegetable oil for deep frying | [Vegetables -- See note] 1/2 small carrot ,1/4 small onion ,1 ounce wood ear mushrooms - optional ,1/2 small cucumber or 1/4 green bell pepper | [Tangsuyuk Sauce] 1 cup water ,1 tablespoon soy sauce ,4 tablespoons sugar ,2 tablespoons vinegar (or to taste) ,pinch salt ,Starch slurry – 2 tablespoons starch* in 4 tablespoons water | [Dipping sauce - optional] 1 tablespoon soy sauce ,1 tablespoon water ,1 teaspoon vinegar ,pinch black pepper ,pinch red chili pepper flakes gochugaru","[Instructions] 1) At least an hour before cooking this dish, combine 1 cup of the starch with 1 cup of water and refrigerate until ready to use. The starch and water will separate, and you will need to pour out the water on top to use the soaked starch at the bottom. | 2) Cut the beef (or pork) into 2 to 2.5-inch long strips (about 3/4-inch wide and ⅛ - inch thick). Mix well with the grated ginger, and lightly sprinkle with salt and pepper. Let it sit until ready to deep fry. | 3) Prepare the vegetables by cutting into thin bite size pieces. | 4) In a pan, add 1 cup of water along with the remaining sauce ingredients except the starch slurry. Boil just until the sugar melts and turn off the heat. You will finish the sauce when the meat has been deep fried. | 5) Carefully pour out the soaking water from the starch. Use your hand to mix the soaked starch with the egg and oil. The starch will be very stiff. The addition of oil will help loosen it a little. | 6) Coat the meat with the starch batter. | 7) Add 4 cups of oil to a deep fryer, wok or large pot. Heat over high heat to 350°F. Using metal tongs or chopsticks, drop the meat in the oil one piece at a time. Do not crowd the oil. Cook until golden brown, about 3 minutes, in two or three batches, reheating the oil to 350°F between the batches. | 8) Remove them with a wire skimmer or a slotted spoon. Drain on a wire rack or in a large mesh strainer set on a bowl. | 9) Reheat the oil to 350°F. Add the meat (you can do this in one batch for the second frying) and deep fry again for 2 to 3 minute. Drain on a wire rack or in a large mesh strainer set on a bowl. | 10) Bring the sauce to a boil again. Add the carrot, onion, and optional mushrooms, which take slightly longer to cook than the green vegetable. When the sauce boils, add the starch slurry, stirring well. Taste the sauce and add a little more sugar or vinegar if desired. Turn the heat off, and then add the cucumber slices (or green pepper if using). The green vegetables lose their color quickly if boiled in the sauce. | 11) Place the meat on a large serving plate and pour the tangsuyuk sauce on top or serve the sauce on the side. Serve immediately with the optional dipping sauce.",https://www.koreanbapsang.com/wp-content/uploads/2011/09/DSC_0113-e1541395731822.jpg,"Appetizer, Snack",Korean,"Pork, sweet and sour sauce, beef, deep-fried",,4.74,46.0,46
Buchjeon (Garlic Chive Pancakes),Korean savory pancakes made with garlic chives!,https://www.koreanbapsang.com/buchujeon-garlic-chive-pancakes/,10m,10m,20m,2 servings,"[Ingredients] Makes 2 large pancakes or 6 small ones ,1 cup Korean pancake mix (buchimgaru, 부침가루) or simply use all purpose flour or gluten free flour with 1/2 teaspoon salt - see note ,3 ounces garlic chives buchu, 부추 ,1/4 medium onion ,1 teaspoon soup soy sauce or regular soy sauce or fish sauce | [Optional Spicy Version] 1 cup Korean pancake mix buchimgaru, 부침가루 ,3 ounces garlic chives buchu, 부추 ,1/4 medium onion ,1 tablespoon gochujang Korean chili pepper paste | [Dipping Sauce] 1 tablespoon soy sauce ,1 teaspoon vinegar ,1 tablespoon water ,1/2 teaspoon sugar ,pinch of black pepper","[Instructions] 1) Cut the garlic chives into about 2-inch length pieces. Thinly slice the onion. | 2) Add the pancake mix to a large bowl. Stir in 1 cup of icy cold water and the soy sauce (or gochujang for the spicy version) and mix lightly. The batter should be thin. | 3) Mix in the garlic chives and onion. | 4) Heat one tablespoon of oil in a non-stick pan over medium heat. Ladle the mixture into the pan, and spread it evenly into a thin round shape. Cook until the edges turn light golden brown, about 2 to 3 minutes. Reduce the heat to medium low if the pancake browns too quickly. Turn it over, adding more oil to the sides of the pan, and press it down with a spatula. Cook until the other side is light golden brown, about 2 minutes. | 5) Repeat the process until there is no remaining batter and the optional spicy version. Serve with a dipping sauce.",https://www.koreanbapsang.com/wp-content/uploads/2016/09/DSC_0520-e1473217639892.jpg,"Appetizer, Snack",Korean,"buchu, garlic chives, pancakes, savory",,4.92,25.0,25
Crispy Guljeon (Korean-style Oyster Fritters),"Crispy guljeon is Korean-style oyster fritters! Made with the typical savory pancake batter, loaded with oysters, and fried to perfection!",https://www.koreanbapsang.com/crispy-guljeon-korean-style-oyster-fritters/,,,,4 servings,"[Ingredients] Makes 7 to 9 about 3-inch fritters ,8 ounces oysters gul, 굴 ,½ small carrot ,1 scallion ,2 mushroom caps any fresh mushrooms ,1 cup buchim garu ready-made pancake mix or flour (see note) ,1 tablespoon corn or potato starch ,1/4 teaspoon baking soda ,1 teaspoon sesame oil ,oil for frying | [Dipping Sauce] 1 tablespoon soy sauce ,1 teaspoon vinegar ,1 tablespoon water ,1/2 teaspoon sugar ,pinch of black pepper ,pinch of gochugaru Korean red chili pepper flakes","[Instructions] 1) Clean the oysters by gently swishing them around in salted water. Drain. Rinse again in clean water and keep them in a strainer over a bowl to drain well. | 2) Finely chop the carrot, scallion, and mushrooms. | 3) In a large bowl, combine the pancake mix, starch and baking soda and whisk well. Mix with 3/4 cup icy cold water. Add a tablespoon or two more if needed. The batter should be slightly thick but still runny. | 4) Mix the oyster with the sesame oil, and then add to the batter along with the vegetables. | 5) Heat 1/4-inch oil in a non-stick pan over medium high heat. Add about 2 heaping tablespoons of the batter, and spread it evenly into a small round shape. Depending on the size of your pan, you can cook 5 to 6 pancakes at once. Cook until the bottom is golden brown, about 2 minutes on each side. Repeat the process with the remaining batter. Serve hot with a dipping sauce.",https://www.koreanbapsang.com/wp-content/uploads/2018/01/DSC_2508-150x150-1.jpg,"Appetizer, Snack",Korean,,,4.54,13.0,13
Danpatjuk (Sweet Red Bean Porridge),"A velvety smooth, sweet red bean porridge served with rice balls",https://www.koreanbapsang.com/danpatjuk/,,,,4 servings,"[For the porridge] 1 cup pat, 팥 (aka adzuki beans) ,1 tablespoon glutinous rice flour (aka sweet rice powder) Chapssal garu (찹쌀가루) or mochiko ,2 tablespoons sugar (or light brown sugar) ,1 tablespoon honey (use more sugar to taste if unavailable) ,½ teaspoon salt | [For the rice cake balls] 1/2 cup glutinous rice powder (aka sweet rice powder) Chapssal garu (찹쌀가루) or mochiko ,2 teaspoons sugar ,pinch salt ,4 tablespoons boiling hot water | [Optional garnish] 1 tablespoon pine nuts ,4 to 6 boiled chestnuts (or canned) ,1/4 to 1/2 teaspoon cinnamon powder","[For the porridge] 1) Discard broken or rotten beans and rinse the beans. In a large pot, add the beans with 4 cups of water. Bring it to a boil, uncovered, over medium high heat. Reduce the heat to medium and boil for 5 minutes. | 2) Drain the beans. | 3) Return the beans to the pot with 4 cups of fresh water. Cover, and simmer over medium low heat until the beans are very soft and easily breakable, about 1 to 1-½ hours. Turn off the heat, and let the beans cool in the cooking liquid. | 4) Puree the beans along with the cooking liquid until velvety smooth. You may need to do this step in two batches. Add some water if the bean puree gets too thick. | 5) Return the bean puree to the pot. Mix one tablespoon of the sweet rice powder in ½ cup of water, and pour into the pot. Stir in the salt, sugar and honey. | 6) Simmer over medium low heat, uncovered, stirring frequently, for about 10 minutes. Adjust the thickness of the porridge by adding more water if necessary. | [For the rice cake balls] 1) Mix the rice powder, sugar and salt in a bowl. Stir in the boiling hot water with a spoon. When cool enough to handle, knead by hand until a dough is formed. Shape the dough into a 3/4-inch thick cylinder. | 2) Cut into (or pinch off) 3/4-inch pieces. Roll each piece between the palms to make a small ball. | 3) Bring a pot of water to a boil. Add the rice cake balls. Cook until all the balls float. Transfer to a large bowl with cold water to cool. Drain. | [To serve] 1) Ladle some porridge into a serving bowl. Serve hot with a few rice balls and optional garnishes.",https://www.koreanbapsang.com/wp-content/uploads/2015/01/DSC_0760-e1422325294455.jpg,"Dessert, Appetizer, Snack","Asian, Korean","adzuki beans, azuki beans, patjuk, porridge, read beans",,4.66,35.0,35
Deep-Fried Pork Rolls (Dwaegi Gogi Mari Twiguim),Pork rolls deep fried in light batter -- crispy outside with a burst of flavor inside!,https://www.koreanbapsang.com/deep-fried-pork-rolls-dwegi-gogi-mari/,,,,4 servings,"[Ingredients] 8 thin pork slices about ⅛ - inch thick ,1 teaspoon fresh ginger grated or 1/2 teaspoon ginger powder ,salt and pepper ,8 Korean perilla leaves available in Korean markets ,3 - 4 green chili peppers or 1 green bell pepper, julienned ,3 - 4 red chili peppers or 1 red bell pepper, julienned ,1 cup twiguim garu premade tempura batter mix* ,3/4 cup ice water ,1/4 cup all-purpose flour for dredging ,canola or vegetable oil for deep frying ,*A premade batter mix can be found in Korean/Asian markets. If unavailable, beat 1 egg yolk in a bowl and mix in 3/4 cup ice water. Add 1 cup of flour. Mix until combined.","[Instructions] 1) Season the pork slices with ginger, salt and pepper. Set aside while preparing vegetables.Wash the perilla leaves and pat dry them. Julienne the peppers, about 4-inches long. | 2) To put together a roll, dredge a pork slice in the flour and place it on a flat surface. Place a perilla leaf on top along with 4 or 5 pieces of each color pepper. Wrap the pork and perilla leaf around the pepper pieces, folding in the sides. Roll up to form a nice finger shape. Repeat the process with the remaining ingredients. Set aside while preparing the oil and the batter. | 3) Heat the oil to 375 degrees (or until it barely starts to smoke). In a small bowl, mix the batter with ice water for only a few seconds just until combined. (It is okay to have some visible lumps in the mixture. Do NOT over mix.) | 4) Roll the pork rolls in the flour to coat lightly. Shake off excess. Dip one pork roll at a time in the batter, coat well. | 5) Carefully add to the hot oil. Fry only 4 at a time, depending on the size of the fryer. (Overcrowding the oil will lower the temperature of the oil, resulting in soggy and oily rolls.) Flip over and fry until golden on both sides, about 3 minutes. Transfer to a wire rack. Wait until the oil reaches 375 again before frying the second batch. | 6) Serve immediately with a sauce .",https://www.koreanbapsang.com/wp-content/uploads/2010/09/deep-fried-pork-rolls-150x150-1.jpg,"Appetizer, Snack",Korean,,,5.0,1.0,1
Eggplant Rolls (Gaji Mari),"Gorgeous, easy-to-make, vegan eggplant rolls",https://www.koreanbapsang.com/eggplant-rolls-gaji-mari/,,,,4 servings,"[Ingredients] 2 Asian eggplants long and thick - see note ,2 to 3 tablespoons of perilla or sesame oil or olive oil ,salt and pepper | [Filling option 1] 1 package of alfalfa sprouts or any sprouts ,3 ounces of red cabbage thinly sliced | [Filling option 2] 1/4 red bell pepper ,1/4 orange bell pepper ,1/4 yellow bell pepper ,1/4 green bell pepper ,1 package of enoki mushrooms | [Hot mustard sauce] 2 teaspoons Korean hot mustard yeon gyeoja, 연겨자 or dijon mustard ,2 tablespoons vinegar ,1 tablespoon rice syrup or sugar ,2 tablespoon juice from grated pear or apple juice or 1 tablespoon Korean plum syrup ,⅛ teaspoon salt | [Soy-based sauce] 1 tablespoon soy sauce ,1 tablespoon vinegar ,1 teaspoon sugar ,1 tablespoon Korean plum extract or apple juice","[Instructions] 1) Prepare the filling vegetables by thinly slicing. | 2) Thinly slice the eggplant lengthwise by running a peeler through the eggplant while pressing it down as hard as you can. Putting pressure on the peeler will help with cutting even slices that are as thick as possible with a peeler. You can also use a mandoline to slice the eggplant. | 3) Heat a pan with a tablespoon of oil. Place the eggplant slices in a single layer, lightly sprinkle with salt and pepper, and cook briefly over medium heat, 1 or 2 minutes per each side. Transfer to a plate. | 4) Lay an eggplant slice on a flat surface. Place assorted vegetables on top at one end of the eggplant slice and roll up all the way. Repeat until all eggplant slices are used up.",https://www.koreanbapsang.com/wp-content/uploads/2015/09/DSC_0917-150x150-1.jpg,"Appetizer, Snack",Korean,,,4.58,7.0,7
Eomuk Guk (Fish Cake Soup),A simple soup made with fish cake and Korean radish!,https://www.koreanbapsang.com/eomuk-guk-fish-cake-soup/,,,,4 servings,"[Ingredients] 12 ounces eomuk fish cake ,8 ounces Korean radish mu ,1 teaspoon minced garlic ,1/2 tablespoon soy sauce ,1/2 tablespoon soup soy sauce ,1 scallion roughly chopped ,salt and pepper to taste ,8 cups anchovy broth made with 1 optional dried or red chili pepper - See anchovy broth for the recipe.","[Instructions] 1) Make 8 cups of anchovy broth with the optional chili pepper. | 2) Cut the fish cakes into bite size pieces. | 3) Cut the radish into about 1 to 1-1/2 inch-thin squares. | 4) Quickly blanch the fish cakes in boiling water to remove excess oil, and then drain. | 5) Add the radish slices to the broth, and boil until translucent and soft, about 5 minutes. Add the garlic, and season with the soy sauce. | 6) Drop the fish cake in, and boil for a few more minutes. Add salt and pepper to taste. Drop the scallion in before turning off the heat.",https://www.koreanbapsang.com/wp-content/uploads/2018/01/DSC_2743-150x150-1.jpg,"Appetizer, Snack",Korean,,,4.93,13.0,13
Gujeolpan (Platter of Nine Delicacies),a beautiful and nutritionally well-balanced Korean traditional platter with nine delicacies!,https://www.koreanbapsang.com/gujeolpan-platter-nine-delicacies/,,,,6 servings,"[Beef] 4 ounces lean beef ,2 teaspoons soy sauce ,1 teaspoon sugar ,1/2 teaspoon minced garlic ,1 teaspoon sesame oil ,Pinch pepper | [Mushrooms] 3 dried shiitake mushrooms soaked (or 3 ounces fresh shiitake) ,1/2 teaspoon soy sauce ,1/4 teaspoon garlic ,1/4 teaspoon sugar ,1 teaspoon sesame oil ,pinch salt and pepper | [Other ingredients] 2 kirby cucumbers or 1 long variety cucumber ,1 medium zucchini ,1 medium carrot ,5 large shrimp de-veined ,3 large eggs ,Batter: makes about 24 pancakes ,1 cup flour ,1/2 teaspoon salt ,1 - ⅓ cup water | [Dipping Sauce] 1 tablespoon prepared hot mustard ,1 teaspoon sugar ,1 tablespoon vinegar ,1 teaspoon soy sauce ,1 tablespoon water or maesilcheong, Korean plum extract","[Instructions] 1) Cut the beef into thin strips (about 3-inch long). Remove the stems off the soaked mushrooms. If the mushrooms are thick, place the stem side down, and carefully slice parallel to the cutting board. Then cut into thin strips. | 2) Season the beef and mushrooms with the seasoning ingredients. | 3) Cut the cucumbers crosswise into 2-½ inch long sections. Cut each one into thin sheets discarding the seedy part, and then cut into matchsticks. | 4) Cut the zucchini crosswise into 2-½ inch long sections. Cut each one into thin sheets, discarding the soft, seedy part, and then cut into matchsticks. | 5) Cut the carrot into matchsticks. | 6) Bring a small pot of water to a boil. To keep the shrimp straight after cooked, insert a toothpick straight through the leg part of each shrimp. Cook briefly, about a minute. Quickly drain and dump in cold water to stop cooking. Drain again. Remove the toothpicks. Cut into thin strips. | 7) Add the flour and salt to a bowl. Stir in 1 - ⅓ cups of cold water, and mix well. The batter should be thin. | 8) Separate the eggs. Lightly beat the white by gently cutting it with a spoon. Stir the yoke with a spoon until smooth. Heat a lightly oiled nonstick skillet over medium low heat. Pour each egg part into a thin layer, spreading with a spoon. Cook each side briefly. Do not brown the egg. Cool then first cut into 2-½ inch wide sheets, and then into thin strips. | 9) Heat the pan over medium high, add a half tablespoon of oil, and briefly cook each ingredient, sprinkling with a pinch of salt, in this order: cucumber, zucchini, carrot, mushroom, and beef,. Transfer to a large plate. | 10) Heat a lightly oiled non-stick pan over medium low heat. Add one tablespoon of the pancake mixture into the pan, and spread it evenly into a thin round shape (about 3 inch round) with a back of the spoon. Cook until the edges start to lift up slightly, about 30 seconds, and flip over for another 30 seconds. Transfer to a large plate. Repeat until all the mixture is used. | 11) Arrange the filling ingredients, placing the same/similar color foods on opposite sides. Stack the pancakes up and place in the center section of the platter. | 12) In a small bowl, mix the hot mustard paste and sugar until the sugar is dissolved. Add the remaining liquid ingredients and mix well again. Serve with the gujeolpan.",https://www.koreanbapsang.com/wp-content/uploads/2017/01/DSC_1798-1-e1484020523421.jpg,"Appetizer, Snack",Korean,,,4.78,9.0,9
Hobak Buchim (Zucchini Pancakes),Korean savory pancakes made with zucchini!,https://www.koreanbapsang.com/hobak-buchim-zucchini-pancakes/,,,,4 servings,"[Ingredients] 1 medium zucchini about 8 ounces ,1/2 teaspoon salt ,1/4 medium sweet onion, thinly sliced ,2 green or red chili peppers, thinly sliced -- optional See note 1 ,1/2 cup buchim garu (Korean savory pancake mix) or flour (See note 2) ,1 large egg - optional (omit for a vegan version) If not using, add some water ,vegetable or canola oil for frying | [Dipping Sauce] 1 tablespoon soy sauce ,1 teaspoon vinegar ,1 tablespoon water ,1/2 teaspoon sugar ,pinch of black pepper ,pinch gochugaru (Korean red chili pepper flakes)","[Instructions] 1) Cut the zucchini into matchsticks. Place them in a bowl, and sprinkle with 1/2 teaspoon of salt. Let sit for about 10 minutes until wilted and released some liquid. Squeeze the liquid out from the zucchini as much as possible, reserving the liquid in the bowl. Set the zucchini aside in another bowl or plate. | 2) Add the optional egg and pancake mix (or flour) to the bowl with the liquid from squeezing zucchini. If not using an egg, add a couple of tablespoons of water. Mix the batter well with a spoon. Do not over mix. A little lumps are fine. Then, combine with the zucchini, onion and chili peppers. The zucchini mix may look stiff when mixing, but it will become more liquidly after a few minutes. If it’s still too stiff, mix in some water (2 to 3 tablespoons to start with). | 3) Heat a skillet with two tablespoons of oil over medium high heat. Add about 2 heaping tablespoons of the batter and spread it evenly into a thin round shape. You can also add more batter to make it a large pancake, if preferred (see note 3). Depending on the size of your pan, you can cook 3 to 4 pancakes at once. Reduce the heat to medium, and cook until the bottom is light golden brown, about 2 minutes on each side. Repeat the process with the remaining batter. Serve hot with a dipping sauce.",https://www.koreanbapsang.com/wp-content/uploads/2013/08/DSC_0295-e1534910431144.jpg,"Appetizer, Snack",Korean,,,4.67,92.0,92
Kkaennip jeon (Pan-fried stuffed perilla),,https://www.koreanbapsang.com/kkaennip-jeon-stuffed-perilla-jeon/,20m,10m,30m,4 servings,"[Ingredients] 12 kkaennip perilla pieces | [For the stuffing] 4 ounces zucchini ,1/4 teaspoon salt ,1/2 small carrot ,2 to 3 mushroom caps ,1/4 small onion ,1/2 teaspoon minced garlic ,4 ounces ground beef or pork ,1 teaspoon soy sauce ,1 teaspoon sesame oil ,salt (about 1/4 teaspoon) and pepper ,1 tablespoon egg batter from the batter ingredient | [For the batter] 1/4 cup flour ,3 large eggs, beaten well ,cooking oil for pan frying","[Instructions] 1) Finely chop the zucchini. Lightly salt. Set aside for about 10 minutes. Squeeze out the liquid. Finely chop the carrot, mushrooms, and onion. Combine all the stuffing ingredients well by hand until evenly blended. | 2) Wash both sides of the perilla leaves under running water, one leaf at a time. Shake off the excess water. Do not dry completely. Dredge both sides of the perilla leaves in the flour, one leaf at a time. | 3) Place a perilla leaf on your hand. Add about a tablespoon of stuffing to the upper half of the perilla leaf. Spread evenly with a spoon. Bring the other half of the leaf over to cover the stuffing. Lightly flatten it with your hand. (Do this step for each leaf before the next step.) | 4) Heat a large non-stick skillet and lightly oil, using a couple of teaspoons of oil, over medium low heat. Dip each stuffed leaf, one at a time, in the egg batter, carefully placing it in the heated skillet. | 5) Cook for 2 to 3 minutes each side, adding a teaspoon or two of oil, until slightly golden without browning. Repeat until all the pieces are pan-fried. Serve warm with a dipping sauce. | [Alternatively you can stuff zucchinis or peppers] 1) Cut the zucchini into 1/2 inch-thick rounds. Cut out the interior with a spoon (or a melon baller). Lightly sprinkle with salt. Let sit for about 20 minutes. Pat dry excess water with a paper towel. Dredge in flour. Fill the opening with the stuffing. Coat the stuffed zucchini lightly with the flour. Dip in the egg batter. Follow the directions above to cook. | 2) Cut the peppers in half lengthwise. Dredge in flour. Stuff the peppers. Coat the stuffed peppers lightly with the flour. Dip in the egg batter. Follow the directions above to cook.",https://www.koreanbapsang.com/wp-content/uploads/2013/09/DSC_0822-e1692055531660.jpg,"Appetizer, Snack",Korean,"gamjajeon, meat, perilla leaf, zucchini",,5.0,7.0,7
Kkanpung Saeu (Sweet and Spicy Shrimp),"A Korean-Chinese deep fried shrimp glazed in a sweet, slightly sour and spicy sauce.",https://www.koreanbapsang.com/kkanpung-saeu-sweet-and-spicy-shrimp/,,,,4 servings,"[Ingredients] 1 pound large shrimp about 22 large shrimp, peeled and deveined ,Oil for frying | [Batter] 8 tablespoons potato starch ,1 egg | [Aromatic vegetables] 4 to 5 small dried red hot peppers roughly cut ,5 garlic cloves thinly sliced ,1- inch ginger thinly julienned ,1 scallion finely chopped ,1/4 medium onion finely diced ,1/4 red bell pepper or 1 red chili pepper, finely diced ,1 green chili pepper finely diced | [Sauce] 2 tablespoons soy sauce ,2 tablespoons oyster sauce ,2 tablespoons plus 1 teaspoon sugar ,2 tablespoons vinegar ,1 tablespoon lemon juice ,2 tablespoons rice or dry white wine or use more water ,2 tablespoons water or chicken or dashima broth ,1/2 tablespoon sesame oil","[Instructions] 1) Clean the shrimp, drain, and pat dry with paper towels. Lightly sprinkle with salt and pepper. Let it sit until ready to coat with the batter. | 2) Prepare the vegetables. | 3) In a small bowl, mix all the sauce ingredients, except the sesame oil, well until the sugar is dissolved. | 4) Add the starch and egg to the bowl with the shrimp. Mix everything well by hand until there's no visible starch powder and the shrimp is evenly coated with the batter. | 5) Add 4 cups of oil to a deep fryer, wok, or large pot. Heat over high heat to 340°F or until a drop of batter in the oil moderately bubbles up to the surface. Using metal tongs or chopsticks, drop the shrimp in the oil one at a time, in two batches. Cook until lightly golden, about a minute. | 6) Remove them quickly with a wire skimmer or a slotted spoon. Drain on a wire rack or in a large mesh strainer set on a bowl. Reheat the oil to 340°F between the batches and for the second frying. | 7) Add the shrimp (you can do this in one batch for the second frying) and briefly deep fry again until lightly golden brown. Drain on a wire rack or in a large mesh strainer. | 8) In a large pan or wok, add the dried pepper and 3 tablespoons of deep-frying oil over low heat until the oil starts to turn red. This only takes a few seconds. Do not burn the peppers. | 9) Turn up the heat to high. Add the garlic, ginger, onion, and scallion, and stir fry briefly until fragrant. Stir in the green chili pepper and red bell (or chili) pepper, and cook for an additional minute or two. | 10) Add the sauce, and boil for a couple of minutes until the sauce is slightly thickened, about 2 minutes. | 11) Drop the shrimp into the pan, and quickly stir everything together until the sauce is almost absorbed. Drizzle the sesame oil, and toss everything together again. Serve immediately.",https://www.koreanbapsang.com/wp-content/uploads/2016/04/DSC_1087-150x150-1.jpg,"Appetizer, Snack",Korean,,,4.59,39.0,39
Hobak Mandu (Zucchini Dumplings),Incredibly simple Korean dumplings made with summer zucchini,https://www.koreanbapsang.com/korean-temple-foohobak-mandu-dumplings/,,,,4 servings,"[Ingredients] 24 dumpling wrappers ,2 zucchinis about 10 ounces each ,1 teaspoon salt ,4 dried pyogo beoseot, 표고버섯 (shiitake mushrooms) soaked (or use fresh) - optional ,1/2 tablespoon soup soy sauce, 국간장 (or 1 tablespoon regular soy sauce) or 1/4 teaspoon salt ,sesame oil","[Instructions] 1) Cut the zucchinis into thin disks and then into matchsticks. If the disks are big, cut in half before cutting into matchsticks. Lightly sprinkle with salt (about 1 teaspoon), and let sit for about 15 minutes until wilted and some liquid is released. Gently squeeze the liquid out from the zucchini. | 2) Cut the mushrooms into thin strips. If the mushrooms are thick, slice them diagonally once or twice as if you are butterflying the mushrooms, and then cut into thin strips. Mix with the soup soy sauce (or salt) and a little bit (about ½ teaspoon) of sesame oil. | 3) Heat a pan over high heat, and add two teaspoons of sesame oil and the zucchini. Stir fry until the zucchini is cooked and dry. Transfer to a large plate and spread it around to cool. | 4) Heat a pan over medium high heat, and stir fry the mushrooms for 2 minutes. Add a tablespoon or two of water or mushroom soaked water if the pan gets too dry. | 5) Combine the zucchini and mushrooms. Adjust the seasoning to taste if needed. | 6) Place one heaping teaspoonful of the filling on a wrapper placed on your palm. Wet the edges of the wrapper with water, fold the wrapper and seal tightly (pushing the air out with your fingers) into a half-moon shape. You can pinch one side of the wrapper to form pleats. Repeat this process until all the filling/wrappers are used. | 7) Bring a pot of water to a boil. Add the dumplings a few at a time, stirring gently so they don’t stick to the bottom of the pot. Cook only until the dumplings come up to the surface. Prepare a bowl with cold water. Remove the dumplings quickly, and plunge in the cold water to cool. | 8) Remove and serve cold with a dipping sauce (2 teaspoons soy sauce, 1 teaspoon vinegar, and 2 teaspoons water) if desired.",https://www.koreanbapsang.com/wp-content/uploads/2015/08/DSC_0977-e1439954177818.jpg,"Appetizer, Snack",Korean,"dumplings, mandu, mushrooms, zucchinis",,4.83,17.0,17
Mandu (Korean dumplings),Learn how to make Korean dumplings (mandu) with this easy to follow recipe! They are so delicious and versatile! Much easier than you think!,https://www.koreanbapsang.com/mandu-korean-dumplings_20/,,,,8 servings,"[Ingredients] 1 package dumpling skins/wrappers (about 40 pieces), 만두피 (mandu pi) | [For the filling] 8 ounces zucchini finely chopped ,10 ounces green cabbage finely chopped ,4 ounces fresh mushrooms finely chopped (shiitaki preferably) ,1/2 medium onion finely chopped ,2 scallions finely chopped ,1/2 pound ground pork or other meat if preferred ,1/4 pound ground beef ,1 tablespoon minced garlic ,1 to 2 teaspoons finely minced ginger or juiced ,1 tablespoon soy sauce ,1 tablespoon sesame oil ,1 egg ,1/4 teaspoon salt to season the filling and more for salting vegetables ,⅛ teaspoon pepper | [For the dipping sauce] 1 tablespoon soy sauce ,1 teaspoon vinegar ,1 tablespoon water ,1/2 teaspoon sugar ,pinch of black pepper ,pinch of red pepper flakes gochugaru","[Instructions] 1) Finely chop zucchini and cabbage. | 2) In two separate bowls, generously sprinkle salt over the chopped zucchini and cabbage and set aside (for at least 15 minutes) while preparing other ingredients. (This process will draw out water, soften the texture, and add flavor.) Squeeze out as much water as possible from the salted zucchini and cabbage by hand. Transfer to a large mixing bowl. | 3) Prepare all the remaining ingredients and add to the mixing bowl. Mix all ingredients well with your hand. | 4) Place one heaping teaspoonful of the filling on a wrapper. Wet the edges of the wrapper with water and seal tightly (pushing the air out with your fingers) into a half-moon shape. Repeat this process until all the filling/wrappers are used. | [Gun mandu (pan fried)] 1) Heat the pan with 2 tablespoons of vegetable oil over medium high heat. Add the dumplings, making sure they aren’t touching each other. Fry for 1 – 2 minutes, until the bottoms are golden brown. Add 1/3 cup of water to the pan, and cover immediately with a lid. Reduce the heat to medium low, and steam for 4 to 5 minutes. Or cook 2 - 3 minutes on each side over medium heat until golden brown without adding water. If the dumplings are frozen, cook a little longer. | [Tuigin mandu (deep-fried dumplings)] 1) Heat a deep fryer or skillet with about 2-3 inches of canola or vegetable oil over medium-high heat to 350°F. Fry the dumplings for 2-3 minutes until golden brown. | [Jjin mandu (steamed)] 1) Steam the dumplings for about 10 minutes in a steamer (12 minutes if frozen). Make sure to line the steamer with a wet cheesecloth or cabbage leaves to prevent the mandu from sticking. | [Mul mandu (boiled)] 1) Bring a pot of water to a boil. Add mandu (stirring gently so they don’t stick to the bottom of the pot) a few at a time, and cook until all of them come up to the surface. Continue to cook for another minute or two.",https://www.koreanbapsang.com/wp-content/uploads/2009/09/DSC_1354-e1538625548786.jpg,"Appetizer, Main Course, Snack",Korean,,,4.68,150.0,150
Mini Gimbap (Mayak Gimbap),Addictive mini gimbap (Korean seaweed rice rolls) with a mustard and sesame sauce,https://www.koreanbapsang.com/mini-gimbap-mayak-gimbap/,,,,2 servings,"[Ingredients] Makes 16 pieces ,1-1/2 cups uncooked short grain rice standard measuring cup not the cup that comes with a rice cooker ,2 teaspoons sesame oil ,salt to taste start with ⅓ teaspoon ,1 small bunch spinach about 6 ounces ,1 teaspoon sesame oil ,salt to taste – about 1/4 teaspoon ,1 large carrot julienned ,4 yellow pickled radish danmuji strips, pre-cut for gimbap ,4 gim aka nori sheets | [Sauce] 1 tablespoon sesame seeds finely ground in a spice grinder or mortar bowl ,1 tablespoon vinegar ,1 teaspoon soy sauce ,1 teaspoon dijon mustard or Korean hot mustard, gyeoja ,⅛ teaspoon salt ,2 teaspoons sugar","[Instructions] 1) Cook the rice using a little less water than usual. (Fresh cooked rice is best for gimbap.) | 2) Bring a large pot of water to a boil over high heat and prepare an ice bath. Blanch the spinach, place immediately in the ice bath, then squeeze the water out. Run a knife through the squeezed spinach a couple of times. Season with the sesame oil and salt. | 3) Julienne the carrots. Heat a lightly oiled pan over medium high heat. Stir fry the carrots until slightly softened. Lightly season with a pinch of salt. | 4) Cut the pickled radish crosswise in half, and then cut lengthwise in half. | 5) When all the ingredients are ready, remove the rice from the rice cooker. While the rice is still hot, add the sesame oil and salt. Mix well by lightly folding with a rice paddle or spoon until evenly seasoned. | 6) Cut 4 sheets of gim into quarters. | 7) Put a quarter sheet of gim, shiny side down and shorter side toward you, on a cutting board. Spread 1 tablespoon to 1-1/2 tablespoons of rice evenly over the gim, leaving a little bit of space on the side away from you. Do this with your fingers. Keep wet towel and wipe your fingers frequently to keep the rice from sticking to your fingers. Lay the prepared ingredients on top of the rice, closer towards you. | 8) Lift the entire bottom edge with both hands and roll over the filling away from you, tucking in the filling with your fingers. | 9) Rub or brush the roll with a little bit of sesame oil for extra flavor and a shiny look. | [For the sauce] 1) Finely grind the sesame seeds in a spice grinder or mortar bowl. Mix with the remaining sauce ingredients. Stir well until the sugar is dissolved and the ground sesame seeds are evenly distributed.",https://www.koreanbapsang.com/wp-content/uploads/2015/05/DSC_0767-150x150-1.jpg,"Appetizer, Snack",Korean,,,4.84,18.0,18
"Modeumjeon (Fish, Shrimp and Zucchini Pan-fried in Egg Batter)","A combination platter of zucchini, shrimp, and fish that are pan-fried in egg batter.",https://www.koreanbapsang.com/modeumjeon-fish-shrimps-and-zucchini/,,,,4 servings,"[Ingredients] 1 zucchini ,10 shrimp medium to large ,1/2 pound flounder or cod fillet or any white fish ,salt and pepper ,3 eggs beaten ,1/2 cup flour ,vegetable or canola oil for pan frying | [Dipping sauce] 1 tablespoon soy sauce ,1 tablespoon rice vinegar ,pinch pepper","[Instructions] 1) Slice the zucchini into ⅓ - inch disks. Lightly salt both sides and set aside at least for 20 minutes. Pat dry excess water with a paper towel. | 2) Peel and devein the shrimp, keeping the tail on. Rinse and pat dry with a paper towel. Butterfly the shrimp by cutting along the curved back. Do NOT cut through. Open the shrimp halves and remove the vein. Lightly sprinkle salt and pepper over both sides. Set aside at least for 15 minutes. | 3) Rinse fish and pat dry with a paper towel. Cut the fish fillet into 1/2-inch thick, 2-inch long slices by running the knife diagonally through the fillet. Lightly sprinkle salt and pepper over both sides. Set aside at least for 15 minutes. | 4) Dredge both sides of the prepared ingredients in flour, one piece at a time. (Do this step for all the pieces before the next step.) | 5) Heat a large non-stick skillet with a tablespoon oil over medium low heat. Dip each piece one at a time in the beaten egg, and carefully place in the heated skillet. | 6) Cook for 1 to 2 minutes each side, adding more oil if needed, until slightly golden. | 7) Repeat until all the ingredients are pan fried. Add an additional tablespoon of oil each time. Serve warm with the dipping sauce.",https://www.koreanbapsang.com/wp-content/uploads/2011/01/DSC_0451-150x150-1.jpg,"Appetizer, Snack",Korean,,,4.67,9.0,9
Seafood Cheese Tteokbokki (Spicy Rice Cake),"Cheesy, spicy Korean rice cake (tteokbokki) with seafood!",https://www.koreanbapsang.com/seafood-cheese-tteokbokki-spicy-rice-cake/,10m,30m,40m,3 servings,"[Ingredients] 1 pound tteokbokki tteok 떡볶이 떡 ,1 small piece dashima (about 3 inch square), dried kelp ,6 small shrimp save shells if peeling ,1/2 small squid ,3 ounces green cabbage (yangbaechu, 양배추) ,1 scallion ,1/2 cup mozzarella cheese (or pizza blend) Use more if desired | [Sauce] 1 tablespoon gochujang, 고추장 (Korean red chili pepper paste) ,1 tablespoons gochugaru, 고추가루 (Korean red chili pepper flakes) adjust to taste - see note ,1.5 tablespoons soy sauce ,1 tablespoon sugar ,1 tablespoon corn syrup or oligo syrup or use more sugar (about ⅔ tablespoon) ,2 teaspoons minced garlic","[Instructions] 1) Soak the rice cakes for about 20 minutes if hardened or refrigerated. | 2) Clean the shrimp (saving the shells if peeling) and squid, and cut the squid into small pieces. Cut the cabbage and scallions into about 2-inch long pieces. | 3) Add 2 cups of water, dashima, and shrimp shells, if available, to a pan. Bring it to a boil, and continue to boil for 5 minutes. Remove the dashima and shrimp shells. Preheat the oven broiler if you want to use it to melt the cheese. | 4) Stir in the sauce ingredients. Bring it to a boil over medium high heat, stirring to dissolve the sauce mix. Add the rice cakes. Boil until the rice cakes become very soft and the sauce is thickened, about 8 - 10 minutes. Stir frequently so the rice cakes don't stick to the bottom of the pan. | 5) Add the cabbage. Continue to cook, stirring constantly, for an additional 2 - 4 minutes. Taste the sauce, and adjust the seasoning if needed. | 6) Mix in the seafood and scallion, and continue to cook, stirring, until the seafood is almost cooked. | 7) Add the cheese on top. You can melt the cheese over the stove top, covered, or in the microwave, or under the oven broiler.",https://www.koreanbapsang.com/wp-content/uploads/2017/09/DSC_1886.jpg,"Appetizer, Snack",Korean,,,4.51,65.0,65
Soupy Tteokbokki (Spicy Braised Rice Cake),This tteokbokki recipe gives you extra broth that spicy and slightly thick. You can enjoy it along with the chewy rice cakes and other additions such as boiled eggs and ramen noodles. Very delicious and comforting!,https://www.koreanbapsang.com/soupy-tteokbokki-korean-spicy-rice-cake/,,,,4 servings,"[Ingredients] 1 pound tteokbokki tteok 떡볶이떡 (2 to 3-inch long rice cake pieces or oval shapes) ,8 ounces napa cabbage or green cabbage ,2 sheets eomuk 어묵, (fish cakes - aka oden) ,2 scallions ,1/4 onion ,2 soft boiled eggs - optional ,1/2 of 1 package raw ramen noodles - optional ,5 to 6 cups anchovy broth | [Seasoning] 3 tablespoons gochugaru 고추가루, Korean red chili pepper flakes, preferably finely ground ,2 tablespoons soy sauce ,1 tablespoon sugar ,1 tablespoon corn syrup or oligodang or use 1/2 tablespoon more sugar ,1 tablespoon garlic ,1/2 teaspoon salt ,pinch pepper","[Instructions] 1) Soak the rice cakes for about 20 minutes if hardened or refrigerated. Make anchovy broth (see note). | 2) Cut the cabbage, fish cake, and scallions into about 2-inch long pieces. Thinly slice the onion. | 3) Mix all the seasoning ingredients in a small bowl with 3 tablespoons of the broth or water. | 4) Add the anchovy broth (or water) to a large pan or shallow pot. Stir in the prepared seasoning mix. Bring it to a boil over medium high heat. | 5) Add the rice cakes and cook, stirring occasionally. When the rice cakes started to soften, throw in the vegetables, fish cakes, and the optional eggs. Continue to boil, stirring occasionally, until the rice cakes and vegetables are soft, about 10 minutes. Add the optional noodles with 2 minutes remaining.",https://www.koreanbapsang.com/wp-content/uploads/2017/01/DSC_1819-2-e1644536365880.jpg,"Appetizer, Snack",Korean,,,4.81,47.0,47
Spicy Seafood Japchae,Korean sweet potato starch noodles made with seafood and a spicy kick!,https://www.koreanbapsang.com/spicy-seafood-japchae/,,,,2 servings,"[For the noodles] 4 ounces dangmyeon 당면 (Korean sweet potato starch noodles) ,1 tablespoon vegetable or canola oil ,1 tablespoon sesame oil ,1/2 to 1 tablespoon gochugaru preferably finely ground - see note | [For the seafood and vegetables] 1 small squid about 4 ounces ,8 small shrimp peeled and deveined ,1/4 medium onion thinly sliced ,⅓ small carrot cut into matchsticks ,2 to 3 fresh shiitake mushrooms or mushrooms of your choice, thinly sliced ,2 ounces enoki mushrooms - optional ,1 scallion sliced diagonally ,Salt and pepper | [Sauce] 2 tablespoons soy sauce ,1-1/2 tablespoons sugar ,2 teaspoons minced garlic ,1 tablespoon sesame oil","[Instructions] 1) Soak the noodles in warm water until soft (about 30 to 40 minutes), and drain. | 2) Clean the shrimp and squid. Cut the squid into bite size pieces. | 3) Prepare the vegetables, and mix all the sauce ingredients in a small bowl. | 4) Add the vegetable oil, sesame oil, and the gochugaru to a pan, and heat until hot over medium low heat, stirring. Remove from the heat as soon as the oil starts to turn red and the chili pepper flakes become a bit pasty. Do not burn the gochugaru. | 5) Turn the heat to medium, and add the noodles to the pan along with 1-1/2 tablespoons of the prepared sauce. Stir-fry until the noodles are soft, 3 to 4 minutes. | 6) Remove the noodles onto a plate. In the same pan, stir fry the onion for a minute, and then carrot and mushrooms until wilted. Add a tablespoon of water if the vegetables look dry. Lightly season with salt and pepper. | 7) Add the seafood and the remaining sauce, and stir-fry until the seafood is cooked through. Follow this by the scallion and optional enoki mushrooms until the scallions are slightly wilted. | 8) Return the noodles to the pan, and toss everything well together. You can add a bit more sugar and/or soy sauce to taste.",https://www.koreanbapsang.com/wp-content/uploads/2017/10/DSC_1874-1-150x150-1.jpg,"Appetizer, Snack",Korean,,,4.8,24.0,24
Tteok Sanjeok (Skewered Rice Cake and Vegetables),A traditional holiday dish - skewered rice cake with beef and vegetables,https://www.koreanbapsang.com/tteok-sanjeok-skewered-rice-cake-beef-vegetables/,,,,4 servings,"[For the rice cake] 2 pieces garaetteok sufficient for 4 7-centimeter long pieces ,1 tablespoon soy sauce ,2 teaspoons sugar ,1 teaspoon sesame oil | [For the beef] 4 ounces lean beef tenderloin, sirloin, eye round ,1 tablespoon soy sauce ,2 teaspoons sugar ,1 teaspoon sesame oil ,1 teaspoon rice wine ,1 teaspoon minced garlic ,pinch pepper | [For the vegetables] 4 king trumpet mushrooms saesongi beoseot ,2 small carrots ,4 scallions ,salt and pepper ,oil for pan frying ,sesame seeds or chopped pine nuts for garnish - optional ,8 skewers about 4-inch long","[Instructions] 1) Cut each rice cake crosswise into about 3-inch long pieces. Then cut each piece into quarters. (Day old rice cake is best for cutting.) Boil the rice cake in a small pot of boiling water until softened. Drain, and mix with the soy sauce, sugar and sesame oil, and let sit for about 30 minutes. | 2) Cut the beef into about 3.5-inch long strips to create 8 pieces. (Cut the beef longer than the rice cake because the beef will shrink more.) Combine with the soy sauce, sugar, sesame oil, rice wine, minced garlic, and pepper. Marinate for about 30 minutes. | 3) Cut the mushrooms lengthwise into about 8-centimeter long strips. Blanch them in salted boiling water just to soften, about a minute. Drain. | 4) Cut the green parts of scallions into 8 3-inch long pieces. Cut the carrots into 2 3-inch long pieces. Then cut each one into quarters. | 5) Thread the rice cake, meat and vegetables onto the skewers. | 6) Heat a large pan with a little bit of oil over medium low heat. Place the skewers in the pan. Cook each side until the meat and vegetables are cooked through and slightly caramelized, 1 – 2 minutes each side. Garnish with the optional sesame seeds or pine nuts.",https://www.koreanbapsang.com/wp-content/uploads/2016/02/DSC_0981-150x150-1.jpg,"Appetizer, Snack",Korean,,,5.0,4.0,4
Tteokbokki - Spicy stir-fried rice cakes,"Tteokbokki, a spicy stir-fried rice cake dish, is a highly popular Korean street food and a delicious comfort food you can easily make at home. The spicy, slightly sweet, and chewy rice cakes are simply addictive!",https://www.koreanbapsang.com/tteokbokki-spicy-stir-fried-rice-cakes/,20m,20m,30m,3 servings,"[Ingredients] 1 pound tteokbokki tteok 떡볶이 떡 (about 24 3-inch long rice cake pieces) See Note 1 ,1-2 eomuk 어묵 (fish cake) sheets ,4 ounces green cabbage (yangbaechu, 양배추) ,1-2 or scallions ,1 tablespoon minced garlic | [Anchovy broth if using] 8-10 medium to large dried anchovies (마른멸치), about 0.5 ounces (15 grams) Or simply use a broth packet . ,1 piece dasima (dried kelp), about 3-inch square ,1/4 medium onion, roughly sliced | [Tteokbokki Sauce] 3 cups anchovy broth or water (use 4 cups for more sauce) ,3 tablespoons gochujang, 고추장 See Note 2 ,1-3 teaspoons gochugaru, 고추가루 See Note 3 ,1 tablespoon soy sauce ,2 tablespoons sugar (use 1 tablespoon for less sweet tteokbokki) ,1 tablespoon corn syrup (or oligo syrup) - use more sugar if not using | [Optional] 2 boiled eggs","[Instructions] 1) Soak the rice cakes for about 20 minutes (can be longer for refrigerated rice cakes). | 2) Cut the fish cake, cabbage, and scallions into about 2-inch long pieces. | 3) To a large pan, add the dried anchovies, dried kelp, and onion along with 5 cups of water. Bring it to a boil over medium high heat, and continue to boil for 10 minutes. Reduce it close to medium if your heat is very high. Remove the anchovies, dasima and onion from the broth. | 4) Add the sauce ingredients to the pan, stirring to dissolve the red chili pepper paste (gochujang). | 5) Add the rice cakes. Boil until the rice cakes become very soft and the sauce is thickened, about 8 - 10 minutes. This can take longer, depending on your rice cakes. Stir frequently so the rice cakes don't stick to the bottom of the pan. | 6) Drop the vegetables, garlic, and fish cakes in. Continue to boil, stirring occasionally, for an additional 4 - 6 minutes. Depending on rice cakes, you may need more time to reach a desired level of softness. Add more broth or water as necessary. Drop in the scallions and boiled eggs with 2 to 3 minutes remaining. Taste the sauce, and adjust the seasoning if needed. Serve hot.",https://www.koreanbapsang.com/wp-content/uploads/2018/09/DSC4637-4.jpg,"Appetizer, Snack","Asian, Korean","ddukbokki, Korean rice cake, rice cake, rice cake sauce, topokki, tteokbokki ingredients, tteokbokki sauce",,4.65,370.0,370
Tuna Gimbap,Gimbap (Korean seaweed rice rolls) made with canned tuna,https://www.koreanbapsang.com/tuna-gimbap/,,,,5 servings,"[For the rice] 2 cups standard measuring cup not the cup that comes with a rice cooker uncooked short grain rice ,1-1/2 tablespoons sesame oil ,salt to taste about 1/2 teaspoon | [For the tuna] 2 cans 5 to 6 ounces tuna, drained well ,2 tablespoons finely diced celery ,2 tablespoons mayonnaise ,1 teaspoon dijon mustard ,2 teaspoons lemon juice ,salt start with ¼ teaspoon and pepper to taste | [For the other ingredients] 10 romaine lettuce leaves only use green leafy part ,10 perilla leaves ,3 kirby cucumbers cut into thick sticks or julienned (do not used seedy part) ,5 strips pre-cut pickled radish 단무지 ,10 3- inch pieces imitation crab meat crab sticks ,5 sheets gim","[Instructions] 1) Cook the rice using a little less water than usual. (Fresh cooked rice is best for gimbap.) | 2) Drain the tuna well in a strainer. Press with a spoon to force more liquid to drain. | 3) Mix well with the celery, mayonnaise, dijon mustard, and lemon juice. Season with salt and pepper to taste. | 4) Prepare the other ingredients. Make sure the vegetables are dry. Pat the crab sticks and pickled radish with a paper towel to remove excess water. | 5) When all the other ingredients are ready, remove the rice from the rice cooker. While the rice is still hot, add the sesame oil and salt. Mix well by lightly folding with a rice paddle or large spoon until evenly seasoned. The rice will cool down during this process and be ready to be used. | 6) Put a sheet of gim, shiny side down with the longer side toward you, on a cutting board or a bamboo mat if available. Spread about 3/4 of rice evenly over the gim using a rice paddle or preferably your fingers. | 7) Lay two lettuce leaves and two perilla leaves on top of the rice, close to you, and then the tuna and other prepared ingredients. | 8) Lift the entire bottom edge with both hands, and roll over the filling away from you, bringing it to the other end of rice and tucking in the filling with your fingers. Put firm pressure over the roll with the help of the bamboo mat, if using, to close everything in tightly. Then, continue to roll again, putting pressure evenly over the roll using both hands. | 9) Rub or brush the roll with a little bit of sesame oil for extra flavor and a shiny look. Apply a little bit of sesame oil to a sharp knife. This will keep rice from sticking to the knife. Repeat as necessary after each cut. Wipe the knife with a damp towel if the rice still sticks. Cut the roll into 1/2-inch bite sizes.",https://www.koreanbapsang.com/wp-content/uploads/2015/05/DSC_0852-150x150-1.jpg,"Appetizer, Snack",Korean,,,5.0,10.0,10
Yukjeon (Pan-fried battered beef),,https://www.koreanbapsang.com/yukjeon-pan-fried-battered-beef/,,,,4 servings,"[Ingredients] 1 pound thinly sliced beef any tender cut such as loin and rib eye ,1/2 cup sweet rice flour chapssal garu, 찹쌀가루 ,oil for pan-frying ,2 scallions thinly sliced | [Beef marinade] 1 tablespoon soy sauce ,1 teaspoon rice wine ,2 teaspoons water ,1 teaspoon sesame oil ,1 teaspoon sugar ,pinch pepper ,1/2 teaspoon minced garlic | [Hot mustard sauce (겨자장)] 1 teaspoon hot mustard gyeoja, 겨자 ,1 teaspoon hot water ,1 teaspoon soy sauce ,1 teaspoon vinegar ,1 teaspoon sugar ,pinch salt","[Instructions] 1) Thinly slice the beef if it’s not pre-cut. Partially freeze the meat for about an hour to firm it up for easier slicing. | 2) Lightly season both sides with the marinade, and let it stand for 20 minutes. | 3) Dredge both sides of the beef slice in sweet rice flour, one piece at a time. Let it stand for a few minutes until the flour absorbs the marinade. Then, dredge again in the sweet rice flour to create a nice coating. | 4) Heat a large non-stick skillet over medium low heat. Add a tablespoon of oil. Place in the skillet. Cook for 1 to 2 minutes on each side, adding more oil if needed, until lightly golden. | 5) Repeat until all the beef slices are pan fried. Serve warm with a dipping sauce. | [For the hot mustard sauce] 1) Mix the hot mustard in hot water. Let it stand for a few minutes for the flavor to develop. This step is very important, or the mustard sauce will taste bitter. | 2) Mix int the other ingredients, and serve as a dipping sauce.",https://www.koreanbapsang.com/wp-content/uploads/2015/02/DSC_07791-150x150-1.jpg,"Appetizer, Snack",Korean,,,4.84,6.0,6
Dalgona Coffee,Dalgona coffee is whipped coffee made by whipping instant coffee with sugar and hot water and served over cold milk. It's named after a nostalgic Korean candy.,https://www.koreanbapsang.com/dalgona-coffee-whipped-coffee/,10m,10m,20m,1 servings,"[Ingredients] 2 tablespoons instant coffee ,2 tablespoons sugar ,2 tablespoons hot water ,1 cup milk","[Instructions] 1) Add the coffee, sugar and hot water to a large bowl. | 2) Whip it with a hand mixer until the mix turns to light caramel color and frothy, about 3 to 4 minutes. Start at a low speed and increase to a higher speed after the coffee and sugar are dissolved. Scrape down the sides with a rubber spatula once or twice during whipping. Or, whisk it vigorously by hand with a whisk (or spoon). This will take much longer, depending on how thick you want your whipped coffee to be. | 3) Fill up a cup with about a ⅔ to ¾ way up with milk along with some ice cubes, if desired, and top it with the whipped coffee. A rubber spatula works great to scrape it off from the bowl. You can use warm milk if you want.",https://www.koreanbapsang.com/wp-content/uploads/2020/05/DSC0870-2.jpg,"Drinks, Dessert, Sweets","Asian, Korean",,,4.86,21.0,21
Dalgona (Sugar Candy),A nostalgic Korean spongy sugar candy which is simply made with sugar and baking soda!,https://www.koreanbapsang.com/dalgona-spongy-candy/,2m,5m,7m,1 servings,"[For each candy] 1.5 tablespoons sugar (white or brown) ,1/16 teaspoon baking soda (about 2 to 3 small pinches)","[Instructions] 1) Gather all the ingredients and tools before starting. | 2) Add 1.5 tablespoons of sugar to the ladle. Hold the ladle over low to medium low heat. When the sugar starts to melt around the edges, stir with a chopstick. | 3) Continue to stir constantly, controlling the heat. If it starts to smoke, raise the ladle a few inches above the heat, and lower it closer once it cools off a little. Repeat as necessary until the sugar completely melts without any lumps, but let it cool off a little before adding the baking soda. | 4) Holding the ladle away from the heat, stir in the baking soda. | 5) Stir quickly and vigorously (20 to 25 times) until the baking soda is completely dissolved and the frothy mixture turns light caramel-color. While stirring, you can bring the ladle closer to the heat for a short second or two to keep it warm, but don’t let it puff up too long. It will burn at the bottom | 6) Pour the mixture onto a non-stick baking sheet, skillet, or parchment paper, scraping with a rubber spatula. Place the tip of the optional lollipop stick into the mixture. | 7) Let it cool for 15 to 20 seconds. Then, lightly tap it to see if it doesn't stick, and then press it all the way (for 4 to 5 seconds) to the desired thickness. This helps prevent the dalgona from sticking to the press. | 8) Immediately, stamp it with a cookie cutter, firmly but not all the way through. Promptly remove the cutter.",https://www.koreanbapsang.com/wp-content/uploads/2020/04/DSC2044-5-1.jpg,"Dessert, Snack, Sweets","Asian, Korean","candy, honeycomb candy, spongy candy, Sugar",,4.75,108.0,108
Hobak hotteok (Pumpkin stuffed Korean pancake),"Chewy, gooey and nutty hotteok, Korean sweet stuffed pancakes!",https://www.koreanbapsang.com/hobak-hotteok-sweet-stuffed-pumpkin/,10m,20m,30m,8 servings,"[Ingredients] 1 package Active Dry yeast 2-1/4 teaspoons ,⅓ cup warm water ,2 tablespoons sugar ,1 tablespoon canola or corn oil ,1/2 cup warm milk ,1/2 cup warm kabocha or pumpkin puree either fresh* or canned ,1-3/4 cups all purpose flour ,3/4 cup glutinous rice powder aka sweet rice ,1 teaspoon salt ,canola or corn oil for pan frying | [Filling] 1/4 cup sugar ,1/4 cup brown sugar ,1 teaspoon cinnamon powder ,3 tablespoons of assorted nuts peanuts, walnuts, almonds, pine nuts, etc., finely chopped ,1/2 teaspoon vanilla extract","[Instructions] 1) Warm a large bowl by rinsing it with warm water. Add ⅓ cup of warm water to the bowl. Stir in the sugar, oil and yeast. Let it sit for about 10 minutes until the yeast has bubbled up. | 2) Sift the flour, glutinous rice powder, and salt together. Add the milk, pumpkin and flour mix to the yeast water. Knead until everything is well incorporated. The dough will be a little sticky. | 3) Cover with plastic wrap. Place it in a warm place and let it rise until doubled, about an hour. | 4) Prepare the filling by chopping the nuts and mixing all the filling ingredients well. | 5) Bring the dough down by reshaping into a round. Let it sit for another 20 - 30 minutes until doubled again. | 6) Start heating a pan with a couple of tablespoons of oil over medium heat. Lightly oil your hands. Tear a big enough piece to make an about 2 to 2-1/2-inch ball. Flatten into a thick disk, creating a shallow well in the middle. Add a tablespoon of the filling and lightly press it down with the spoon. | 7) Carefully gather the edges together, pinching to seal. (This might take some practice.) | 8) Put the sealed side down on the pan, flattening a little by pressing it down with an oiled hand or spatula. Cook for a minute, and then flip over. Press down for a few seconds to flatten. Cook until both sides are golden brown. Repeat the process with the remaining dough.",https://www.koreanbapsang.com/wp-content/uploads/2011/11/DSC_1509-e1528637547297.jpg,"Dessert, Snack, Sweets",Korean,,,5.0,4.0,4
Hotteok (Korean Sweet Pancakes),Hotteok is a popular Korean street snack! You can make hotteok at home with a few basic ingredients! It’s delicious with lots of healthy seeds and nuts!,https://www.koreanbapsang.com/hotteok-sweet-korean-pancakes/,60m,20m,80m,8 servings,"[Yeast for the dough] 1 package active dry yeast (2-1/4 teaspoons) or instant yeast ,1/4 cup warm water (no need for water if using instant yeast) ,1 teaspoon sugar (no need for sugar if using instant yeast) | [Dry Ingredients] 2 cups all-purpose flour (or bread flour) ,1/2 cup sweet rice flour (glutinous rice flour/powder), chapssal garu (찹쌀가루) ,1 teaspoon salt ,1 tablespoon sugar | [Wet Ingredients] 1 tablespoon cooking oil ,1-1/4 cups milk (or almond milk) or water Start with 1 cup and gradually add more) - See note | [Filling] 1/2 cup light brown sugar (or a combination of regular sugar and dark brown sugar, 1/4 cup each) ,1 teaspoon cinnamon powder ,5 tablespoons assorted roasted seeds and nuts (use more or less to taste) (sunflower seeds, pumpkin seeds, sesame seeds, peanuts, walnuts, almonds, pine nuts, etc.) ,cooking oil for pan-frying","[Instructions] 1) Skip this step if using instant yeast. Warm a bowl or cup by rinsing it with warm water. Add 1/4 cup of warm water to the bowl (100 to 110°F ). Stir in the sugar and yeast. Let the mixture sit for about 10 minutes until the yeast has foamed and grown. | 2) Sift the flour, sweet rice powder, sugar and salt together. Add the yeast water (or instant yeast), oil, and warm milk (or water) to the flour mix. | 3) Knead until everything is well incorporated and a smooth dough is formed. The dough should be sticky and stretchy when pulled. Kneading it longer makes hotteok chewier. Using your hand or the stand mix dough hook is much easier for this step. | 4) Cover the dough with plastic wrap. Place it in a warm place and let it rise until it doubles in size, about an hour or longer. | 5) Prepare the filling by chopping the nuts and mixing all the filling ingredients well. | 6) Bring the dough down by reshaping it into a round. Let it sit for another 20 to 30 minutes until it doubles in size again or longer. You can let the dough sit for hours at this point until ready to use. | 7) Heat a pan with a couple of tablespoons of oil over medium heat. Lightly oil your hands. Tear a big enough piece of the dough to make an about 2.5-inch ball. Flatten the ball into a thick disk, creating a shallow well in the middle. Add about 1.5 tablespoons of the filling and lightly press it down with the spoon. | 8) Carefully gather the edges together, pinching to seal. | 9) Put the sealed side down on the pan, flattening a little by pressing it down with your oiled hand or spatula. Cook for a minute, and then flip over. Press down for a few seconds to flatten. Cook until both sides are golden brown. Repeat the process with the remaining dough. | 10) Hotteok freezes well. You can reheat it in a toaster or air fryer and enjoy delicious hotteok any time.",https://www.koreanbapsang.com/wp-content/uploads/2019/02/DSC_2737-1.jpg,"Dessert, Snack, Sweets","Asian, Korean","flour, hotteok, nuts, seeds, streetfood, sweet rice powder",,4.64,75.0,75
Kkagangjeong (Sesame crunch),"This nutty, crunchy and healthy sesame crunch is so easy to make with sesame seeds, honey, and sugar! You can also add your favorite nuts and/or seeds.",https://www.koreanbapsang.com/kkae-gangjeong-sesame-crunch/,6m,6m,12m,4 servings,"[Ingredients] 3 tablespoons honey or corn syrup, oligo syrup, rice syrup, etc. ,3 tablespoons sugar ,pinch salt ,1 tablespoon water ,1 cup roasted sesame seeds ,1/4 cup any roasted nuts and seeds (pine nuts, almonds, peanuts, pumpkin seeds, sunflower seeds, etc.) ,Parchment paper","[Instructions] 1) Toast sesame seeds in a dry pan over medium low heat for 5 to 6 minutes. Keep your eye on it not to burn them. | 2) Add the honey, sugar, salt and water to a pan. Stir to mix over medium low heat. Let it bubble up. Continue to cook, without stirring, until it turns light golden brown, about 3 minutes or a little longer depending on your heat. | 3) Turn the heat off. Stir in the sesame seeds and nuts. Stir well until everything is well coated with the syrup. | 4) Place the mixture between two pieces of parchment paper. Let cool for a minute, or the mixture can stick to the paper. Press it down to flatten it, and roll it out with a rolling pin to a 1/4 to 1/2-thick rectangle. Using a side of a knife, push in the rough sides to straighten up a bit. Roll it again to an even thickness, as necessary. | 5) When the crunch is hardened but still slightly warm, cut with a sharp knife into desired sizes.",https://www.koreanbapsang.com/wp-content/uploads/2012/12/DSC5776-e1735409144687.jpg,"Dessert, Sweets",Korean,,,4.54,28.0,28
Maejakgwa (ginger cookies),Maejakgwa is a crunchy cookie made with ginger-flavored dough in a ribbon shape. It's deep-fried and coated with simple syrup.,https://www.koreanbapsang.com/maejakgwa-ginger-cookies/,20m,10m,30m,4 servings,"[For the ginger water for the dough] 1 teaspoon grated ginger ,4 tablespoons water | [For the white dough (24 cookies)] 1 cup flour (about 5 ounces/140 grams) ,1/4 salt ,4 tablespoons ginger water | [For the syrup (for 24 cookies)] 1/4 cup sugar ,1/4 cup water see the note ,1 tablespoon corn syrup (or maple syrup, honey, oligo syrup, or rice syrup) | [Other ingredients] Oil for frying (about 1 cup using a small skillet) ,1 teaspoon pine nuts, finely chopped - optional | [For the green dough (12 cookies) - optional] 1/2 cup flour (about 2.5 ounces/70 grams) ,⅛ teaspoon salt ,1 teaspoon green tea powder ,2 tablespoons ginger water | [For the red dough (12 cookies) - optional] 1/2 cup flour (about 2.5 ounces/70 grams) ,⅛ teaspoon salt ,2 tablespoons beet water flavored with ginger","[Instructions] 1) Make ginger water by adding the grated ginger to 4 tablespoons of water. Run it through a sieve to remove the fibrous part. | 2) Sift the flour and salt together. Add 4 tablespoons of ginger water, and mix it well. Knead with the heel of your hand until the dough comes together without visible flour in the dough and the bowl. Add a little more water if necessary, a teaspoon at a time. It should feel dry and stiff for easy shaping of cookies. Cover with a plastic wrap, and let it rest for 30 minutes. After resting, the dough will feel slightly softer. | 3) Over medium low heat in a small saucepan, bring the sugar, syrup and water to a boil over medium low heat. Continue to simmer until the syrup is reduced to half, about 4 to 5 minutes. Remove from the heat. See the note. | 4) Flour a cutting board. Cut the dough (if used 1 cup of flour) into two pieces for easier handling. Flatten one piece to a small rectangle. Wrap the other one until ready to use. Roll the flattened one with a rolling pin to make a thin rectangle, about 5 x 8-inch. | 5) Cut the rectangle in half lengthwise, and then cut each half into about 6 1-inch small rectangles. | 6) Fold a piece in the middle. From the folded side, make a slit in the middle, and then a shorter slit on each side of the middle slit. | 7) Unfold it, and push one end through the middle slit, wiggling it gently to shape it. Repeat with all pieces. Repeat steps 4, 5, 6 and 7 with the other half of the dough from step 4. | 8) Pour about 1 inch of oil into a heavy bottom pan. When the oil is hot (275°F/135°C), drop the pieces in one at a time. Cook for about 3 minutes. Remove and briefly set them on a wire rack or in a strainer. | 9) Coat with the syrup while still warm. Sprinkle with the optional pine nuts on top. | [For the bi-color dough - optional] 1) For the white/green dough (1 batch): Make ginger water using step 1. Make 1/2 batch of white dough using step 2. Do the same thing for the green dough with an addition of green tea powder. | 2) For the white/red dough (1 batch): Make ginger water using step 1. Make 1/2 batch of white dough using step 2. Boil a slice of beet in 1/4 cup of water until the liquid is reduced to a half. Add the remaining 2 tablespoons of ginger water from step 1 and simmer for a minute. Make the red dough using step 2 but with beet water. | 3) Put the same amounts of two different color doughs together and roll it out, cut, and shape, following steps 4 to 7.",https://www.koreanbapsang.com/wp-content/uploads/2020/12/DSC6356-2.jpg,"Dessert, Sweets",Korean,"cookie, ginger, Korean sweets",,4.63,8.0,8
Sikhye (Rice Punch),Sikhye is a Korean traditional non-alcholic drink that's made with barley malt and cooked rice. It's refreshingly sweet and malty!,https://www.koreanbapsang.com/sikhye-rice-punch/,10m,270m,280m,20 servings,"[Yields about 20 cups] 8 ounces barley malt (yeotgireum, 엿기름) 200 - 250 grams ,1 cup short grain rice or sweet rice (glutinous rice) 2 cups cooked ,24 cups water can be more or less depending on how much you want to make ,1 thumb size ginger, roughly sliced - optional roughly sliced - optional ,3/4 cup sugar adjust to taste ,1/2 teaspoon salt brings out sweetness | [Optional garnishes] 5 or 7 pine nuts per serving ,1 jujube, seeded, rolled and sliced per serving | [Variations (for 20 cups sikhye)] 1 small kabocha (about 2 pounds) or 3 tablespoons purple sweet potato powder","[Making malt water (Choose one of the two methods below)] 1) Simply put the malt barley in a cheesecloth bag (or nut milk bag), and place the bag in 12 cups (can be more if your bowl is large enough) of warm water in a large bowl for 20 to 30 minutes. Then, massage and squeeze the bag to extract milky grain contents until the liquid is milk color. | 2) Alternatively, use a fine sieve. Place the malt barley in a large bowl, and stir in 12 cups (or more) of warm water, and let it sit for 20 to 30 minutes. Rub the malt between your palms and squeeze out milky liquid. Filter the liquid through a fine sieve (or lined with a cheesecloth). Then, squeeze the strained malt husks in the sieve with your hands to drain out the remaining liquid. | 3) Let the malt water sit for 15 to 20 minutes for some sediments to settle at the bottom, longer if you want very clear liquid. | 4) Place the bag (or the residual malt husks if you used a strainer) in another 12 cups of warm water in another bowl and repeat the process to make more malt water. | [Cooking rice] 1) Cook 1 cup of rice with a little less (about 10% less by volume) water than your normal amount. The cooked rice should be a bit drier than your normal cooked rice. You don't need to pre-soak the rice for this recipe. Fluff it up when cooked. | [Steeping] 1) Carefully pour the malt water into the rice cooker, leaving the sediments at the bottom. Stir to combine the malt water, breaking up the rice clumps. My rice cooker can easily hold 18 cups of water. Close the lid and press the “keep warm” setting. | 2) After about 4 hours, open the lid and check to see if about 10 rice grains float at the top. It can be many more. If not, close it and leave it for another 30 min to 1 hour (or longer) as necessary. A grain of rice between your thumb and index finger, the grain should roll like a piece of yarn, not slippery starchy grain, when ready. | [Boiling] 1) Carefully transfer to a stockpot. You can run it through a strainer if you want to keep some rice separately for the optional step below. | 2) Optional step if you want to have some floating rice grains when serving: Strain out some rice from the sikhye. Rinse the rice grains in cold water, changing the water a couple of times. This removes malt contents the grains picked up while being steeped and makes them lighter. Keep them in a container with enough fresh water to cover. Store in the fridge. | 3) Bring the sikhye to a boil, removing the foam. Add the sugar and optional ginger slices to taste. For about 20 cups of sikhye, I use 3/4 cup, but this is much less than the amount that’s usually used for sikhye. Adjust to taste. Continue to boil for about 5 to 6 minutes. | [Instant Pot Option] 1) You basically do the same steps as noted above for the rice cooker. Start with cooking the rice in the Instant Pot using the ""rice"" function. Fluff it up, and gently add the malt water, leaving the sediments at the bottom. My 6 quart Instant Post can hold 18 cups of water. Stir well to break up the rice clumps. Close the lid, and press the ""keep warm"" button. Open and check in 4 hours. If there are about 10 rice grains floating, it's ready to be boiled. This is the minimum point, and it can be many more grains floating and more hours. You can simply boil it in the Instant Pot using the sauté function if that's all the sikhye you want to make. | [Variations] 1) Danhobak sikhye: Simply cook the whole kabocha in the microwave (about 10 minutes) until tender to touch, remove the skin, and puree the flesh in a blender or with an immersion blender with 2 cups of the malt water or sikhye. | 2) Purple sweet potato sikhye: Simply add 3 tablespoons of the purple sweet potato powder (or to taste) while boiling the sikhye. | [Storing] 1) Sikhye keeps well in the fridge for 5 to 6 days or longer, depending on your fridge. To be safe, you can boil it again for a few minutes after 5 or 6 days or freeze it in freezer bags for longer storage.",https://www.koreanbapsang.com/wp-content/uploads/2022/01/DSC3071-5.jpg,"Dessert, Drinks, Sweets",Korean,"barley malt, rice, rice drink, rice punch, sikhye",,5.0,2.0,2
Songpyeon (half-moon shaped rice cakes),Songpyeon is a must-have Chuseok delicacy. These little rice cakes are stuffed with sweet fillings. Learn how to make songpyeon with natural food coloring options!,https://www.koreanbapsang.com/songpyeon-half-moon-shaped-rice-cake/,30m,30m,60m,4 per batch,"[Rice Powder (ssalgaru)] 2 cups wet rice powder per batch (about 16 songpyeon) 쌀가루 or 쌀떡가루 - a 2 pound-bag yields a little more than 6 cups (3 batches) - see note ,4 to 5 ounces pine needles rinsed 2 – 3 times and air or pat dry (optional) ,1 teaspoon sesame oil | [Basic (white dough)] 2 cups wet rice powder thawed to room temperature if frozen ,4 tablespoons boiling hot water more as needed, in 1 teaspoon increments | [Green dough] 2 cups frozen rice powder thawed to room temperature if frozen ,1.5 to 2 tablespoons mugwort (ssuk garu, 쑥가루) or matcha/green tea powder ,5 to 6 tablespoons boiling hot water more as needed, in teaspoon increments | [Yellow dough] 2 cups frozen rice powder thawed to room temperature if frozen ,⅓ cup cooked steaming hot kabocha, (danhobak, 단호박) 1/4 small kabocha steamed in microwave for about 5 minutes ,1 tablespoon plus 1 or 2 teaspoons boiling hot water | [Purple dough] 2 cups frozen rice powder thawed to room temperature if frozen ,4 tablespoons plus 1 or 2 teaspoons boiling hot blueberry juice 1/2 cup fresh or frozen blueberries finely pureed with 1/2 cup water, strained and boiled | [Pink dough] 2 cups frozen rice powder thawed to room temperature if frozen ,4 tablespoons raspberry juice 1/2 cup fresh or frozen raspberries finely pureed with 1/2 cup water, strained, and boiled | [Filling: fills about 16 (one batch)] ⅓ cup roasted sesame seeds ,1.5 tablespoons sugar ,1 tablespoon honey ,pinch salt","[Dough] 1) For each type of dough, sift the rice powder into a bowl. Prepare the flavoring and liquid ingredients (water/juice/mugwort powder/kabocha) for each selected color of dough. Add the specified amount of the solid and/or liquid (making sure it’s boiling hot) to the rice powder, quickly stirring them in with a spoon. (Tip: Hold a teaspoon or two of the liquid and make sure more liquid is needed before adding it.) | 2) Knead, pressing and stretching with the heel of the hand. Fold and rotate the dough. Repeat the kneading process for 4 to 5 minutes. (If the dough sticks to your hands or the bowl after some kneading, it’s too wet. Add more rice powder in 1 tablespoon increments. If the dough breaks easily or is too stiff, it’s too dry. Add more boiling hot water in 1 teaspoon increments.) | 3) Cover the dough with plastic wrap or a damp towel. Let it rest for 20 to 30 minutes. | [Filling] 1) Roughly grind the sesame seeds in a grinder or blender. Add the sugar, honey and pinch of salt. Mix everything well together until the sugar and honey are evenly distributed. | [Assemble] 1) To assemble, tear off a small piece of the dough enough to make roughly 1-inch ball. Roll tightly between your palms to shape a ball. | 2) Make a well in the ball by pressing into it with your thumb, and press outwards, with both of your thumbs, on the inside walls of the well to slightly expand the opening. | 3) Place 1/2 teaspoon of the filling in the well. Seal tightly by squeezing the edges together. Squeeze the whole rice cake lightly in your palm to firm it up, and then gently roll between your palms to smooth out the surface. Shape it into a nice crescent shape. Pinch along to create a wing. Repeat until all the dough/filling is used. | [Steam and finish] 1) Boil water in a steamer. Place a thin layer of pine needles or a silicon liner or damp kitchen cloth in the steamer insert. Boil the water over high heat. When it starts to steam, place the rice cakes in the steamer insert without the pieces touching one another. Cover with a thin layer of pine needles, if available. Cover and steam for about 20 minutes. | 2) Prepare a big bowl of cold water. Using a long-handed spoon or tong, remove the rice cakes from the steamer. Drop them in the cold water for a quick rinse, removing all the pine needles if used. Transfer the rice cakes to a colander to drain. Lightly coat your hands with the sesame oil and rub the oil on the rice cakes in batches. Serve warm or at room temperature",https://www.koreanbapsang.com/wp-content/uploads/2012/09/DSC5740-2-e1568084980330.jpg,"Dessert, Snack, Sweets","Asian, Korean","chuseok, Korean rice cake, sesame seeds, songpyeon",,4.89,26.0,26
Subak Hwachae (Korean Watermelon Punch),"A Korean traditional fruit punch made with watermelon as a main ingredient! Play around with different fruits and drinks, and enjoy refreshing Korean hwachae this summer!",https://www.koreanbapsang.com/subak-hwachae-korean-watermelon-punch/,20m,10m,30m,4 servings,"[Ingredients] 2 cups watermelon, balled or cubed ,1-1/2 cups honeydew melon ,12 - 16 rice cake balls (gyeongdan)- optional ,2 cups ginger ale ,3 tablespoons Korean drinking vinegar or pomegranate or cranberry juice ,1 tablespoon pine nuts for garnish - optional | [Optional rice cake balls] 1/2 cup glutinous rice powder aka sweet rice powder ,2 teaspoons sugar ,pinch salt ,4 tablespoons boiling hot water","[Instructions] 1) Make optional rice cake balls (recipe below). Scoop out watermelon and honeydew with a melon-baller. (Or, cut into about 1-inch cubes.) Place them in a large bowl along with any juice from the fruits. | 2) Add the ginger ale and the drinking vinegar (or pomegranate or cranberry juice) to the fruits. Stir gently. Taste the drink and adjust acidity and/or sweetness by adding more drinking vinegar (or juice and/or sugar). | [Optional rice cake balls] 1) Mix the rice powder, sugar and salt in a bowl. Mix in the boiling hot water with a spoon. When cool enough to handle, knead by hand until a dough is formed. | 2) Shape the dough into a 3/4-inch thick cylinder. Cut into (or pinch of3/4-inch pieces. Roll each piece between the palms to make a small ball. | 3) Bring a pot of water to a boil. Add the rice cake balls. Cook until all the balls float. Transfer to a large bowl with cold water to cool. Drain.",https://www.koreanbapsang.com/wp-content/uploads/2012/07/DSC_1266-2-e1562272052541.jpg,"Dessert, Drinks, Sweets","Asian, Korean","ginger ale, honeydew, Korean rice cake, punch, watermelon",,5.0,5.0,5
Yaksik (Sweet Rice Cake with dried fruits and chestnuts),"Yaksik is a popular rice cake that’s made with sweet rice (aka glutinous rice), dried fruits and nuts. It's easy to make with your Instant Pot or electric rice cooker.",https://www.koreanbapsang.com/yaksik-sweet-rice-with-dried-fruits-and-nuts/,20m,30m,50m,8 servings,"[Ingredients] 2 cups sweet rice (aka glutinous rice), chapssal (찹쌀) Standard measuring cup before soaking ,4 ounces peeled fresh, frozen, or canned chestnuts - about 12 to 15 whole chestnuts depending on the sizes ½ to ¾ cup cut pieces (See note 1) ,2.5 ounces jujubes (daechu, 대추) - about 10 to 15 depending on sizes ½ cup, packed, cut pieces ,1 tablespoon pine nuts - optional ,1 tablespoon pumpkin seeds - optional | [Seasonings] 2 tablespoons soy sauce See note 2 ,1/2 cup dark brown sugar use ⅓ cup for less sweet yaksik ,2 tablespoons honey or use about 2 to 2.5 tablespoons more brown sugar ,2 tablespoons sesame oil ,1/4 teaspoon cinnamon powder - optional","[Instructions] 1) Rinse the sweet rice 3 or 4 times until the water is fairly clear. Soak the rice for an hour or up to 2 hours. Drain well while preparing the other ingredients. Tap the strainer to shake off any excess water. See note 3. | 2) Meanwhile, rinse the jujubes. Cut around the seed of each jujube to separate the flesh, and then cut the flesh into small pieces. Reserve the seeds to make jujube water. See step 4. | 3) To make jujube flower decorations, roll the flesh tightly, and cut into thin slices. | 4) In a small saucepan, boil 3 cups of water and the jujube seeds over medium high heat until the liquid is reduced to 1.5 cup (15 to 20 minutes). Measure this for the accurate ratio of rice and water. | 5) To 1.5 cup of jujube flavored water, add the soy sauce, sugar, and honey. Bring it to a boil and continue to boil for a minute, which will yield about 1 and 3/4 cups of seasoned water. Add the sesame oil. | [Instant Pot] 1) Place the rice in the Instant Pot, pour the seasoned water over the rice, and gently shake the pot to evenly spread the rice. | 2) Add the chestnuts and jujubes on top. Do not stir. The optional pine nuts and pumpkin seeds should be added after cooking the rice to keep the texture and color better. Click the “Rice” mode. It should be 12 minutes and low pressure. Allow natural pressure release for 10 minutes. See note 4. | [Electric rice cooker] 1) Place the rice in the rice cooker, pour the seasoned water over the rice, and gently shake the pot to evenly spread the rice. Add the chestnuts and jujubes on top. Do not stir. Select the white rice cooking mode. | [Final steps] 1) Open the lid, add the optional pine nuts and pumpkin seeds and gently fluff up the rice with a rice paddle, evenly distributing the pine nuts and pumpkin seeds. | 2) Transfer the rice into a shallow container and gently press down with a plastic wrap to shape. When it’s cooled, cut into desired serving sizes. You can also shape it into serving size rice balls with your hands or using an ice cream scoop. | [How to store leftovers] 1) Wrap serving size yaksik in a plastic wrap and freeze. Leave them out for an hour or two to defrost and briefly microwave if needed before serving. See Note 5.",https://www.koreanbapsang.com/wp-content/uploads/2020/10/DSC8504.jpg,"Dessert, Sweets","Asian, Korean","chapssal, glutinous rice, Korean rice cake, sweet rice, yaksik",,4.77,17.0,17
Youngyang Chaltteok (Healthy Sweet Rice Cake),"Korean rice cake made with sweet rice flour and healthy ingredients such as beans, nuts and dried fruits and pumpkin!",https://www.koreanbapsang.com/youngyang-chaltteok-healthy-sweet-rice-cake/,30m,30m,60m,12 servings,"[Ingredients] 1 cup soaked black soybeans (1/2 cup dry) seoritae, 서리태 (or kidney beans) ,12 jujubes dried Korean dates, daechu, 대추 (or 1/2 cup raisins, dried cranberries or persimmons) ,1/2 cup dried kabocha or other type of pumpkin - optional - See note 1 ,10 chestnuts quartered ,1/2 cup walnuts quartered ,5 cups wet sweet rice flour defrosted at room temperature, if frozen - See note 2 ,3 tablespoons sugar 2 tablespoons if you like it less sweet ,⅓ cup almond meal - optional","[Instructions] 1) Prepare the beans by soaking in warm water for a few hours. Rinse the jujubes and cut each one around the seed into 3 to 4 pieces. Rinse the optional dried kabocha and rehydrate by adding a tablespoon or two of water at a time, until softened. Prepare the nuts. | 2) In a large bowl, combine the rice flour, sugar, and the optional almond meal. Mix well by hand or a whisk until everything is well incorporated. Add 2 tablespoons of water and rub the powder between your palms, breaking the big clumps, to evenly distribute the moisture. You don’t need to try to break up small clumps. | 3) Add all the other ingredients and gently toss to combine everything. | 4) Fill a steamer (or a pot) with water two thirds of the way. Prepare the steamer insert (or bamboo steamer) with a wet linen/cotton cloth (or cheesecloth). Turn the heat on. When it starts to steam, add the mixture to the steamer insert with a large spoon. Even the top out, but do not pack. If your cloth hangs down low, fold it over to cover the mixture. Unless using a bamboo steamer, fully cover the top with another cloth before putting the lid on. (This will prevent the water generated by steam from dripping on the rice cake.) | 5) Steam for 30 minutes, and then remove the steamer insert from the heat. | 6) When it’s cool enough to handle, flip it over onto a cutting board. Remove the cloth. | 7) Shape the rice cake to a rectangle if desired. Wet your hands before touching the rice cake. Cut into serving size pieces. | 8) Keep it in an airtight container if serving within a day or two. To store for a longer period, individually wrap and freeze the rice cake. For best results, do this within a few hours of making. Simply leave it out at room temperature until it softens before serving, or you can briefly defrost it in the microwave.",https://www.koreanbapsang.com/wp-content/uploads/2016/09/DSC_0528-e1474221319637.jpg,"Dessert, Sweets",Korean,"chaltteok, chestnuts, glutinous rice, jujubes, Korean rice cake, sweet rice",,5.0,15.0,15
Jajangmyeon (noodles in a black bean sauce),Jajangmyeon (noodles in a black bean sauce) is a popular Korean-Chinese dish. Learn how to make this restaurant favorite at home with this easy to follow recipe!,https://www.koreanbapsang.com/jajangmyeon-noodles-in-black-bean-sauce/,20m,20m,40m,4 servings,"[Ingredients] 3 to 4 servings fresh jajangmyeon/udon noodles (about 6 ounces per serving) | [For the sauce] 5 tablespoons Chunjang (춘장), Korean black bean paste some may be labeled as jjajang (짜장) ,2 tablespoons cooking oil ,1 tablespoon sugar ,1 tablespoon oyster sauce - optional ,1 cup chicken stock or water You can add 1/2 cup more for thinner, more liquidy/watery sauce. See note. ,1 tablespoon potato or corn starch dissolved in 1/4 cup of chicken stock or water | [Meat] 8 to 10 ounces pork (preferably with some visible fat, pork shoulder cut, Boston butt, etc.) or lean cut if preferred ,1 teaspoon grated ginger ,1 tablespoon rice wine (or mirin) ,⅛ teaspoon each salt and pepper ,2 tablespoons cooking oil ,1 tablespoon soy sauce | [Vegetables] 1 extra large onion (or 2 medium, 12 to 14 ounces) See note if adding potatoes ,8 ounces green cabbage ,8 ounces zucchini ,1 small cucumber for garnish - optional","[Instructions] 1) Have a pot of water ready to cook the noodles. Turn the heat on when you start cooking the meat. This way you will have the boiling water ready, for cooking the noodles, by the time the sauce is done. | 2) Prepare the pork and vegetables by cutting them into 1/2 - 3/4 inch cubes. Marinate the pork with a tablespoon of rice wine (or mirin), ginger, salt and pepper while preparing the vegetables. | 3) Add the black bean paste to a small saucepan with the oil, sugar, and the optional oyster sauce. Fry it over medium heat for 2 - 3 minutes, stirring constantly. | 4) Heat a large pan with 2 tablespoons of cooking oil over medium high heat. Add the pork and stir fry until no longer pink, adding a tablespoon of soy sauce half way through. | 5) Add the onion and cook until soft, stirring occasionally. | 6) Add the cabbage and zucchini and continue to stir fry until vegetables are softened. | 7) Stir in the black bean paste and mix everything together until all the meat and vegetables are coated well with the paste. | 8) Mix everything together until all the meat and vegetables are coated well with the paste. If you like ganjjajang, you can stop here and skip the next two steps. See note. | 9) Pour in the stock (or water) and bring it to a boil. Cook for 3 to 4 minutes. | 10) Stir in the starch slurry and cook briefly until the sauce is thickened. Add more sugar to taste. | 11) Add the noodles in the boiling water. Cook according to the package instructions and drain. Do not overcook. The noodles should have a firm bite to them (al dente). Place a serving size of noodles in each bowl. Spoon the sauce over the noodles and garnish with the optional cucumber matchsticks. Alternatively, you can serve over cooked rice.",https://www.koreanbapsang.com/wp-content/uploads/2011/05/DSC1677-1-e1646885376296.jpg,"Main Course, Korean-Chinese",Korean,"black bean noodles, black bean sauce, chunjang, jjajangmyeon, noodles, pork",,4.68,345.0,345
Jjamppong (spicy seafood noodle soup),"Jjamppong is a popular Korean-Chinese noodle soup! It's loaded with pork, seafood and vegetables! The combination of all the natural ingredients creates a hearty bowl of soup that is packed with robust flavors. The spiciness will surely clear your sinuses!",https://www.koreanbapsang.com/jjam-bbong-korean-chinese-spicy-noodle/,20m,10m,30m,2 servings,"[For the vegetables] 1/4 onion thinly sliced ,1/2 small carrot about 2 ounces, thinly sliced into 2-inch lengths ,1/2 zucchini about 3 ounces, thinly sliced into 2-inch lengths ,3 ounces green cabbage cut into 2-inch lengths (or napa cabbage or bok choy) ,2 to 3 fresh shiitake mushrooms or 2 shiitake mushrooms, soaked and thinly sliced ,2 scallions cut into 2 inch lengths | [For the meat and seafood] 3 ounces fatty pork thinly sliced ,4 to 6 littleneck clams ,4 to 6 mussels ,4 to 6 shrimps ,3 ounces squid cut into bite sizes (Do not cut squids too small as they shrink a lot when cooked.) | [Other ingredients] 1 teaspoon julienned or minced ginger ,1 tablespoon minced garlic ,2 tablespoons gochugaru (Korean chili pepper flakes) Adjust to taste (1 T for milder soup) ,1 tablespoon oil vegetable or canola ,1 tablespoon soy sauce ,salt and pepper ,5 cups chicken stock or anchovy broth or water ,2 servings 12 – 14 ounces fresh jajangmyeon/udon noodles","[Instructions] 1) Have a pot of water ready to cook the noodles. (Turn the heat on when you start cooking the soup ingredients. This way you can time it so that the noodles are cooked at the same time the soup is ready.) While making the soup, cook the noodles according to the package instructions and drain. | 2) Prepare the vegetables. | 3) Prepare the pork and seafood. | 4) Heat a wok or a large pot over high heat. Add the oil, ginger, scallion, gochugaru and soy sauce and stir-fry for a minute. | 5) Add the pork and stir-fry until the pork is almost cooked, about 2 minutes. | 6) Stir in the onion, carrot, cabbage, zucchini and optional mushrooms. Lightly salt, and cook until the vegetables are slightly softened, about 2 minutes, stirring occasionally. | 7) Pour in the chicken stock (or anchovy broth/water) and boil until the vegetables are completely cooked. | 8) Add the seafood starting with the clams, which require more time to cook, followed by the mussels, shrimps and squid. Bring everything to a boil again and cook until the shells have opened. Salt and pepper to taste. | 9) Cook the noodles, rinse in cold water, and drain. | 10) Place a serving of the noodles in a large soup bowl and ladle the soup on top. Serve immediately while piping hot.",https://www.koreanbapsang.com/wp-content/uploads/2011/04/DSC_0085-1-e1539058478522.jpg,"Main Course, Korean-Chinese",Korean-Chinese,,,4.53,63.0,63
Chicken stir fry with Baby Bok Choy,"This chicken stir fry is made with baby bok choy. The sauce is light yet rich in flavor, which goes well with chicken breast. It's quick, easy and versatile!",https://www.koreanbapsang.com/stir-fried-chicken-baby-bok-choy/,,,,2 servings,"[Ingredients] 1 chicken breast 10 to 12 ounces ,salt and pepper ,1 tablespoon cornstarch ,1 egg white ,10 to 12 ounces baby bok choy or regular bok choy cut into small pieces ,2 - 3 ounces of water chestnut drained - optional ,2 tablespoons canola or vegetable oil for frying divided | [Sauce] 2 plump garlic cloves ,1 inch chunk ginger ,1 tablespoon rice wine or mirin ,1/2 cup chicken broth or water ,1/2 tablespoon oyster sauce or soy sauce with 1/4 teaspoon sugar ,1 tablespoon cornstarch mixed in 2 tablespoons water starch slurry ,salt and pepper ,1 teaspoon sesame oil","[Instructions] 1) Cut the chicken into thin bite size pieces against the grain (about 1/4-inch thick). | 2) Season the chicken with salt (about 1/4 teaspoon) and pepper, and then mix well with the cornstarch and egg white until the chicken is well coated. Let it sit while you prepare the other ingredients. | 3) Separate the leaves by cutting off the stem of each bok choy. Rinse them a couple of times, and drain well. | 4) Thinly slice the garlic, and julienne the ginger. | 5) Heat a large non-stick skillet or wok over high heat. Add a tablespoon of oil. Add the chicken pieces in one layer and cook until they are no longer pink, about a minute each side. The chicken does not need to be cooked through at this point. Transfer the chicken to a plate. | 6) Reheat the skillet over high heat. Add a tablespoon of the oil. Stir in the garlic and ginger, and cook just enough to infuse the oil with flavor. Add the rice wine, and cook for a minute. Pour in the chicken broth (or water), add the oyster sauce (or soy sauce and sugar), and boil for a couple of minutes. | 7) Return the chicken to the skillet, and add the bok choy and optional water chestnut. Stir-fry everything together, for one or two minutes, until the bok choy is wilted. Taste the sauce, and sprinkle with salt and pepper to taste. Drizzle the starch slurry over and quickly stir everything together until the sauce is well incorporated. Add the sesame oil, and give it a quick stir. | 8) Serve hot with or over steamed rice.",https://www.koreanbapsang.com/wp-content/uploads/2017/02/DSC_1940-e1488162077237.jpg,Korean-Chinese,Korean-Chinese,,,4.46,57.0,57
Beoseot Jeongol (Mushroom Hot Pot),"A healthy, delicious Korean hot pot made with mushrooms! It's vegan and so easy to put together!",https://www.koreanbapsang.com/beoseot-jeongol-mushroom-hot-pot/,10m,20m,30m,2 servings,"[Vegetable broth (see note 1)] 1/2 small onion cut into big chunks ,3 ounces Korean radish cut into big chunks ,1 piece dried kelp (about 3 inch square), dashima ,a few mushroom stems ,1 tablespoon soup soy sauce ,salt and pepper to taste | [Vegetables] 12 ounces assorted mushrooms (button, shiitake, oyster, crimini, enoki, king, etc.) ,2 large napa cabbage leaves (or green cabbage or bok choy) ,1/2 medium onion sliced into 1/2-inch thickness ,1 small carrot thinly sliced ,2 scallions cut into small pieces ,2 ounces ssukgat (쑥갓, crown daisies), watercress, or minari (미나리, water dropwort) ,1 teaspoon minced garlic | [Other ingredient options (see note 2)] 1/2 package tofu (about 8 ounces) ,2 ounces dangmyeon (당면, sweet potato starch noodles)","[Instructions] 1) Add 5 cups water and the broth vegetables to a medium size pot. Bring it to a boil over high heat. Reduce the heat to medium and simmer for about 15 minutes. Discard the vegetables. Season with the soup soy sauce, salt and pepper to taste. Yields 3 to 4 cups. | 2) Cut the mushrooms into bite size slices (about 1/4-inch thick). Mushrooms cook down quite a bit, so don’t cut too thin. If using oyster mushrooms, split lengthwise into bite size pieces. | 3) Neatly arrange the mushrooms and scallions in clusters along with other vegetables, if using, in a shallow pot. Add 2 cups of broth. Boil over medium to medium high heat until mushrooms are softened, 4 – 5 minutes. You can add more broth and any remaining ingredients while eating if you’re cooking at the table.",https://www.koreanbapsang.com/wp-content/uploads/2012/12/DSC7464-2-e1673291149904.jpg,"Main, Main Course",Korean,"beef soup, hot pot, Korean stew, mushrooms",,4.85,13.0,13
Bibim Guksu (Spicy Cold Noodles),A refreshing cold noodle dish in a sweet and sour gochujang sauce. Perfect for the warm weather!,https://www.koreanbapsang.com/bibim-guksu-korean-spicy-cold-noodles/,15m,10m,25m,2 servings,"[Ingredients] 8 ounces buckwheat noodles (memil guksu) or wheat flour noodles (somyeon/somen) ,1 small cucumber (about 3 ounces) ,1 small carrot (about 3 ounces) ,2 ounces red cabbage leaves ,2 ounces lettuce leaves ,1/2 cup thinly sliced kimchi ,1 boiled egg - optional ,1 tablespoon sesame oil See note ,2 teaspoons sesame seeds | [Sauce] 3 tablespoons Korean chili pepper paste, gochujang ,1 tablespoon Korean chili pepper flakes, gochugaru ,1 teaspoon Korean/Asian hot mustard paste, gyeoja optional ,2 tablespoons sugar (or corn syrup/oligo syrup) adjust to taste ,2 tablespoons rice vinegar or apple cider vinegar adjust to taste ,1 tablespoon soy sauce ,1 clove garlic minced ,2 tablespoons soft drink (such as ginger ale, Sprite, etc.), apple juice, orange juice, or 1 tablespoon of Korean plum syrup (maesilcheong) optional","[Instructions] 1) Mix all sauce ingredients and keep it cool in the fridge. The sauce can be prepared ahead of time, and it will keep well for up to 2 weeks. | 2) Julienne the cucumber, carrot and red cabbage. Thinly slice the lettuce. Keep them cool in the fridge or in ice water (drain well before using) if you like. | 3) Bring a medium pot of water to a boil. Cook the noodles according to the package instructions. Drain quickly and shock in cold water to stop cooking. | 4) Drain and rinse in icy cold water until the noodles are very cold. Make two one-serving size mounds. Place the mounds in a colander to drain. | 5) Place the noodles in the middle of the serving bowl and nicely arrange the cold vegetables over the noodles. Drizzle the sesame oil over, sprinkle with the sesame seeds, and place a half of boiled egg on top. The sauce can be served on top or separately. | 6) Alternatively, you can toss it all together before serving. Mix the noodles well with the sauce, add the sesame oil and vegetables, and toss well. Sprinkle with the sesame seeds and place a half of boiled egg on top.",https://www.koreanbapsang.com/wp-content/uploads/2010/07/DSC9473_01-2.jpg,"Main, Main Course",Korean,"cold noodles, egg, guksu, noodles, soba, somen, spicy noodles, spring vegetables",,4.64,30.0,30
Bibimbap,Bibimbap is a Korean rice bowl topped with vegetable sides and meat and served with a gochujang sauce. Follow my easy step-by-step recipe to make the best bibimbap!,https://www.koreanbapsang.com/bibimbap/,25m,30m,55m,4 servings,"[Rice] 3 cups short grain rice | [Meat] 8 ounces thinly sliced tender beef (rib eye, sirloin, etc. or ground beef) ,1.5 tablespoons soy sauce ,2 teaspoons sugar ,2 teaspoons sesame oil ,2 teaspoons cooking rice wine (Mirin or Mirim) ,1 teaspoon minced garlic (This recipes needs 2.5 teaspoons minced garlic in total. Mince it all at once for efficiency.) ,1 tablespoon chopped scallion (This recipe needs 4 tablespoons, 1 or 2 scallions depending on the size, in total. Chop them all once for efficiency.) ,pepper to taste | [Vegetables and eggs] 8 ounces mung bean sprouts (sukju, 숙주) or soybean sprouts (kongnamul, 콩나물) - see more vegetable options below. ,1 bunch spinach, about 8 ounces ,2 small cucumbers, about 5 ounces ,4 ounces mushrooms (shiitake, white, cremini, etc.) ,2 medium carrots, about 5 ounces ,1.5 teaspoons minced garlic, divided ,3 3 tablespoons chopped scallion, divided ,sesame oil ,sesame seeds ,salt ,4 eggs - optional ,cooking oil | [More vegetable options] 8 ounces Kongnamul (soybean sprouts) ,10 ounces mu (Korean radish) | [Bibimbap sauce] 4 tablespoons gochujang, 고추장 ,2 teaspoons sugar - adjust to taste, 1-3 teaspoons ,1 tablespoon sesame oil ,1 tablespoon water","[Rice] 1) Cook the rice, without soaking and using a little less water than the amount you normally use. The rice for bibimbap should be a little drier than usual for best results. | [Meat] 1) Beef: Cut into thin 2-inch long strips. Mix in 1.5 tablespoons of soy sauce, 2 teaspoons of sugar, 2 teaspoons of sesame oil, 2 teaspoons of rice wine, 1 tablespoon of chopped scallion, 1 teaspoon minced garlic, 1/2 sesame seeds and a pinch of pepper. Marinate for 20 minutes. Sauté in a skillet for 2-3 minutes over high heat. | [Vegetables] 1) Bean sprouts: Bring 2 cups of water to a boil. Add the bean sprouts and briefly blanch, about 1 minute, flipping over once. Drain quickly and shock in cold water to stop cooking. Drain again. Toss with 1/2 teaspoon of minced garlic, 1 teaspoon of sesame oil, 1/2 teaspoon of sesame seeds, and salt (about 1/2 teaspoon). | 2) Spinach: Blanch the spinach in salted boiling water only until wilted, about 40 seconds. Drain quickly and shock in cold water. Squeeze out water. Cut into 3-inch lengths. Toss with 1 tablespoon of chopped scallion, 1/2 teaspoon minced garlic, 1 teaspoon of sesame oil, 1/2 teaspoon of sesame seeds and salt (about 1/2 teaspoon). | 3) Cucumbers: Cut the cucumbers in half lengthwise and then thinly slice crosswise. Generously sprinkle salt (about 1/2 teaspoon) over sliced cucumbers and set aside for 10 - 15 minutes. Squeeze out excess liquid. Toss with 1 tablespoon of chopped scallion, 1/2 teaspoon minced garlic, 1 teaspoon sesame oil and 1/2 teaspoon of sesame seeds. | 4) Mushrooms and carrots: Thinly slice the mushrooms and carrots. Sauté each vegetable in a lightly oiled skillet for 1 - 2 minutes over medium-high heat, sprinkling with salt (about 1/4 teaspoon). | [More vegetable options] 1) Kongnamul (Soybean sprouts): Bring 2 cups of water to a boil. Add the soy beansprouts and boil for 2-3 minutes. Drain quickly and shock in cold water to stop cooking. Drain again. Toss with 1/2 teaspoon of minced garlic, 1 teaspoon of sesame oil, 1/2 teaspoon of sesame seeds, and salt (about 1/2 teaspoon) to taste. | 2) Musaengchae (spicy radish salad): Cut 10 ounces of Korean radish (mu) into matchsticks. Add 2 tablespoons of chopped scallion, 1 tablespoon of gochugaru, 1 teaspoon minced garlic, 1/2 teaspoon salt (or more to taste), 1 teaspoon sugar, and 1 teaspoon sesame seeds. Mix everything well. | [Optional Eggs] 1) Fry the eggs sunny side up or to your preference. | [Bibimbap sauce] 1) Combine all of the sauce ingredients in a small bowl and mix thoroughly. | [Assembling] 1) Place a serving of rice in a big bowl. Nicely arrange a small amount of each prepared vegetable and beef over the rice. Drizzle a little sesame oil over. Top with an optional fried egg and serve with the sauce. | 2) For dolsot bibimbap: Lightly oil a stone or earthenware bowl with a teaspoon of sesame oil over medium heat. Add a serving of cooked rice and arrange the toppings on top. Cook for several minutes until the rice sizzles.",https://www.koreanbapsang.com/wp-content/uploads/2018/09/DSC3899-4-e1644947571796.jpg,Main Course,"Asian, Korean","beef, bibimbap recipe, bibimbap sauce recipe, dinner, eggs, gochujang, Korean, mushrooms, rice, sauce, spinach, vegetables",,4.77,99.0,99
Bulgogi Deopbap (Bulgogi Rice Bowl),This bulgogi rice bowl is an easy one-dish meal! The recipe adds extra veggies and sauce to make it a well balanced one-dish meal.,https://www.koreanbapsang.com/bulgogi-deopbap-bulgogi-rice-bowl/,20m,10m,30m,4 servings,"[Ingredients] 1 pound thinly sliced beef (rib eye, top sirloin, chuck tender, etc.) Note 1 ,2 scallions cut into 2-inch pieces ,1/2 small onion thinly sliced ,4 servings of cooked rice | [Marinade] 3 tablespoons soy sauce ,2 tablespoons water ,2 tablespoons sugar (or replace 1 TB with honey) ,1 tablespoon rice wine (mirin or mirim) or mirin ,1 tablespoon minced garlic ,1 tablespoon sesame oil ,1 teaspoon sesame seeds ,2 tablespoons grated Asian pear (you can use more) optional ,⅛ teaspoon pepper | [Sauce] 1/2 cup water (or anchovy, dasima, or vegetable broth) Note 2 ,1 teaspoon soy sauce ,1 teaspoon sugar (omit for less sweet dish) | [Vegetables (Note 3)] 4 ounces mushrooms (white, crimini, or shiitaki, oyster, etc.), thinly sliced ,1 small carrot, thinly sliced","[Instructions] 1) Mix all the marinade ingredients in a large bowl. | 2) If using packaged pre-sliced meat, separate the slices. Add the meat, onion, and scallions to the marinade. Toss gently, with hands, to mix everything well. Marinate for 30 minutes to an hour in the fridge. | 3) Heat a skillet over medium high heat. Add the meat along with any remaining marinade. Cook the meat for about a minute. Try not to cook off the sauce by lowering the heat if needed. Then, add the vegetables and the sauce. Stir-fry for an additional 2 - 3 minutes until the meat and vegetables are cooked. Serve over rice.",https://www.koreanbapsang.com/wp-content/uploads/2011/12/DSC7219-e1668988718403.jpg,"Main, Main Course",Korean,"bulgogi, deopbap, Korean rice bowl",,4.75,8.0,8
Dakdoritang (Korean spicy chicken stew),Dakdoritang is a red spicy braised chicken dish. This recipe shows two ways to cook it - slow cooker and stove top.,https://www.koreanbapsang.com/dak-doritang-korean-spicy-chicken-stew/,10m,30m,40m,4 servings,"[Ingredients] 2.5 to 3 pounds bone-in chicken parts cut into small pieces (excess fat removed) ,10 ounces potatoes cut into big chunks ,1 medium size carrot (can be omitted) cut into big chunks ,1/2 large onion cut into big chunks ,7 to 8 plump garlic cloves ,2 - 3 thinly sliced ginger pieces (about 1-inch round) ,2 scallions cut into 2-inch lengths ,1 red chili pepper - optional | [Sauce] 2 to 3 tablespoons gochugaru (Korean red chili pepper flakes) adjust to taste ,2 tablespoons sugar ,4 tablespoons soy sauce ,2 tablespoons rice wine (or mirin) ,2 tablespoons gochujang (Korean red chili pepper paste) ,pinch pepper ,1 tablespoon sesame oil ,1 teaspoon sesame seeds","[Instructions] 1) Prepare the vegetables by cutting up in big chunks. | [Stovetop method] 1) Add 1.5 cups water to a large pot along with the chicken and the sauce (except the sesame oil and sesame seeds). Stir well. Bring it to a boil over high heat. Reduce the heat to medium and cook, covered, for 15 minutes, stirring occasionally. | 2) Stir in the vegetables (except the scallions). Cover, and cook for an additional 10 minutes, stirring occasionally. | 3) Continue to cook, uncovered this time, until the chicken is tender and the sauce is slightly thickened, about 5 minutes. Stir in the scallions, optional chili pepper, sesame oil and sesame seeds right before turning off the heat. | [Slow cooker method] 1) Place the prepared chicken and vegetables (except the scallions) in the slow cooker. Add all the sauce ingredients (except the sesame oil and seeds). Stir well to coat the chicken and vegetables evenly. | 2) Turn the slow cooker on high heat. Cover, and cook for about 4 hours. (You can cook on low heat if you’ll be out longer, about 6 hours). Stir in the scallions, sesame oil and sesame seeds. Skim off excess fat before serving, if desired.",https://www.koreanbapsang.com/wp-content/uploads/2012/12/DSC7155.jpg,"Main, Main Course",Korean,"braised, chicken, spicy",,4.68,158.0,158
Dak Galbi (Spicy Stir-fried Chicken),"A spicy stir-fried chicken dish made with boneless chicken pieces, rice cakes (tteokbokki tteok), green cabbage, sweet potato, and other vegetables.",https://www.koreanbapsang.com/dak-galbi/,20m,20m,40m,4 servings,"[Ingredients] 1 pound boneless and skinless chicken thighs ,8 ounces green cabbage ,1 small Korean sweet potato (goguma 고구마), about 6 ounces ,8 ounces tteokbokki tteok 떡볶기 떡 (10 to 12 pieces), rice cakes ,6 - 8 kkaennip (깻잎), perilla leaves ,2 scallions ,1/2 cup shredded cheese (mozzarella, pizza blend, etc.) or more to taste -- optional ,green or red leaf lettuce and ssamjang - optional see note | [Sauce] 2 tablespoons gochugaru, 고추가루 Use 1 to 1.5 TBS for less spicy dish ,1 tablespoon sugar ,1 teaspoon Korean curry powder 카레가루 Powder form of curry sauce mix ,2 tablespoons soy sauce ,2 tablespoons rice wine ,1/2 tablespoon corn or oligo syrup (or more sugar) ,2 tablespoons gochujang, 고추장 ,1 tablespoon minced garlic ,1 teaspoon grated ginger ,1 tablespoon sesame oil | [Optional fried rice] 2 servings cooked rice ,1 tablespoon dak galbi sauce reserved ,1 tablespoon sesame oil ,1 sheet roasted gim (김), dried seaweed sheet ,1 teaspoon roasted sesame seeds","[Instructions] 1) Soak the rice cakes in cold water for about 20 minutes. | 2) Mix all the sauce ingredients well in a bowl. | 3) Cut the chicken into bite size pieces. | 4) Combine the chicken pieces with the sauce (reserving one tablespoon if you’re going to make fried rice at the end) and marinate while preparing vegetables. | 5) Cut the sweet potato in half lengthwise and then thinly slice crosswise and slightly diagonally. Cut the cabbage, kkaennip, and scallion into small pieces. | 6) Heat a pan over medium high heat. You can add a tablespoon of oil if you want, but it should not be necessary. Add the chicken, sweet potatoes, rice cakes, and cabbages. Cook for 5 minutes, stirring occasionally. Lower the heat if the ingredients (especially the rice cakes) stick to the pan and browns too fast. The steam from the vegetables should keep them from sticking to the pan, but you can also add about 1/4 cup of water. | 7) Add the kkaennip and scallion and cook for another 3 to 4 minutes until the rice cake and the sweet potato pieces turn soft. By then the chicken should be cooked through as well. If using cheese, you can add it in this step with 2 to 3 minutes remaining. | [Optional Fried Rice] 1) Reheat the pan over medium heat with any leftover chicken and vegetables and 1 tablespoon of sesame oil. Add the rice to the pan along with the reserved sauce. Stir constantly until everything is well incorporated and the clumped up rice is broken up, about 5 minutes. You can add a little bit of soy sauce or gochujang if you need more seasoning. Scrape up the flavorful brown bits from the pan while stirring. Tear or crumble the dried seaweed sheet (gim) into small pieces, and stir into the rice. Finish off with the sesame seeds and a drizzle of sesame oil if you want.",https://www.koreanbapsang.com/wp-content/uploads/2014/11/DSC4796-3.jpg,Main Course,Korean,"cabbage, chicken, spicy, stir-fried, sweet potato",,4.8,45.0,45
Maekjeok (Doenjang Marinated Pork),"This doenjang marinated pork is another great option for your Korean BBQ. The salty, savory doenjang adds a deep umami flavor to the pork without overpowering it.",https://www.koreanbapsang.com/dwaejigogi-doenjang-gui/,20m,10m,30m,4 servings,"[Ingredients] 1 pound pork (Boston butt or loin), thinly sliced (about 1/4-inch thick) | [For the marinade] 1.5 tablespoons doenjang, 된장, Korean fermented soybean paste ,1 tablespoon soy sauce ,2 tablespoons rice wine or mirin or other white wine ,1 tablespoon sugar ,1 tablespoon honey, rice syrup (jocheong, 조청), or oligo dang (올리고당) or Maesil cheong (매실청), green plum extract ,2 tablespoons grated onion ,1 tablespoon minced garlic ,1 teaspoon finely grated ginger ,1 teaspoon vinegar or lemon juice ,1 tablespoon sesame oil ,pepper to taste | [Optional vegetables] 4 ounces buchu garlic chives, (or mix with minari) ,If unavailable, substitute with 1 medium onion, thinly sliced ,salt to taste ,oil for stir-frying | [For the wraps] 1 or 2 heads of red or green leaf lettuce ,10 to 15 perilla leaves (kkaennip, 깻잎) - optional ,crown daisy (ssukgat, 쑥갓) - optional | [Ssamjang (sauce for wraps) - mix everything well] 1 tablespoon gochujang , Korean red chili pepper paste ,2 tablespoons doenjang , Korean soybean paste or to taste ,1 teaspoon minced garlic ,1 teaspoon sugar ,2 teaspoons sesame oil ,If the sauce is too thick, use a tablespoon of water or soda to thin it.","[Instructions] 1) Thinly slice the meat (about 1/4-inch thick), if not pre-sliced. | 2) Combine all the marinade ingredients in a bowl and mix well. | 3) Add the meat, and mix well until evenly coated. Marinate at least for 30 minutes. | 4) Cut the optional vegetables into 2 - 3 inch lengths. Heat a skillet with a tablespoon of oil, and briefly stir-fry the vegetables until slightly wilted. Salt to taste. Transfer to a plate. | 5) Heat a grill pan or a skillet over medium high heat and add the pork slices. Immediately lower the heat to medium. The marinade will burn if the heat is too high. Cook until the pork is cooked through and slightly caramelized, one to two minutes each side. Turn over a couple of times to prevent the marinade from burning. | 6) Serve on a bed of the optional stir-fried vegetables along with the vegetables for the wraps and ssamjang.",https://www.koreanbapsang.com/wp-content/uploads/2014/06/Dwaeji-Doenjang-Gui-recipe-9.jpg,Main Course,Korean,,,4.84,31.0,31
Jeyuk Bokkeum (or Spicy Pork Bulgogi),Spicy Korean pork bulgogi marinated in a gochujang based sauce with lots of fresh garlic and ginger!,https://www.koreanbapsang.com/dweji-bulgogi-korean-spicy-pork-bbq/,10m,10m,15m,4 servings,"[Ingredients] 2 pounds thinly sliced pork shoulder or butt (or a combination of pork shoulder or butt and pork belly) ,1/2 medium onion, sliced ,3 scallions, cut into 2-inch pieces | [Marinade] 6 tablespoons gochujang ,1 or 2 tablespoons gochugaru ,3 tablespoons soy sauce ,3 tablespoons cooking rice wine (Mirim or Mirin) ,2 tablespoons sugar (or brown sugar) ,1 tablespoon honey (or more sugar) ,2 tablespoons sesame oil ,2 tablespoons minced garlic ,1 tablespoon grated ginger ,1/2 small apple grated, 3 - 4 tablespoons (or 2 T plum syrup, maesilcheong)","[Instructions] 1) Thinly slice the meat, if not pre-sliced. | 2) Mix all marinade ingredients well in a large bowl. Add the meat and toss everything well to evenly coat the meat with the marinade. Add the onion and scallions and toss again. Let it sit for about 30 minutes. | 3) Grill or pan fry in a skillet (in 2 batches) over medium high heat until slightly caramelized. Adjust the heat as necessary.",https://www.koreanbapsang.com/wp-content/uploads/2010/05/DSC5922.jpg,Main Course,Korean,"gochujang, pork, spicy",,4.85,204.0,204
Folded kimbap (or gimbap),"The latest social media food trend in Korea! Folded kimbap (or gimbap)! So easy, quick, versatile, and yummy!",https://www.koreanbapsang.com/folded-kimbap-or-gimbap/,10m,5m,15m,1 servings,"[For 1 folded kimbap (only an example)] 1/4 cup cooked rice ,1/4 teaspoon sesame oil ,salt to taste ,1/4 teaspoon sesame seeds -- optional ,1 gim (김밥용 김), seaweed sheet (aka laver, nori) | [For proteins] 2 thin slices Spam or 2 tablespoons canned tuna (press out the liquid) or other cooked or processed meat ,1 fried egg (no runny yolk) or cheese, eomuk (fish cake), fried tofu, etc. | [For vegetables] 1 lettuce leaf you can use 2 or double up with a perilla leaf ,1/2 small cucumber or carrot or your choice of veggies thinly sliced or julienned as necessary","[Instructions] 1) Mix warm rice with a little bit of sesame oil, salt to taste, and optional sesame seeds | 2) If using Spam, thinly slice and pan fry for a minute or two on each side over medium heat. If using leftover cooked meat, you can heat it in the microwave as necessary. If using canned tuna, press the liquid out. | 3) Clean and pat dry the vegetables with a paper/kitchen towel. Thinly slice, shave (with a peeler), or julienne the cucumber or carrot. You can lightly sauté the cucumber or carrot, but not necessary. If using kimchi, thinly slice and squeeze out the liquid. You can mix kimchi with sesame oil and/or stir-fry in lightly oiled pan, but not necessary. | 4) Put a sheet of nori, shiny side down and shorter side towards you (the photo may not look like that because of the camera angle), on a cutting board or plate. Cut a slit to the middle of gim (seaweed sheet) from the short side. | 5) Spread the rice evenly over the bottom left quarter of the seaweed sheet. Arrange the other ingredients on each quarter. Lift the bottom left quarter and fold it onto the top left quarter, then to the top right, and finally to the bottom right. Press lightly and tuck the filling in after each fold.",https://www.koreanbapsang.com/wp-content/uploads/2021/02/DSC8171-3-e1613625804142.jpg,"Main, Snack, Main Course",Korean,"folded kimbap, gimbap, Kimbap",,4.59,17.0,17
Kimbap (Seaweed rice rolls),Kimbap is Korea's most popular on-the-go meal! Learn how to make the classic version with this recipe with a step-by-step guide!,https://www.koreanbapsang.com/gimbapkimbap-korean-dried-seaweed-rolls/,25m,20m,50m,4 servings,"[Ingredients] 4 gim (김), dried seaweed aka nori ,cooking oil | [For the rice] 1.5 cups uncooked short grain rice (standard measuring cup not the cup that comes with a rice cooker) See note 1 ,1 tablespoon sesame oil ,salt to taste (about 1/2 teaspoon) start with a little less | [For the beef] 8 ounces lean tender beef, cut into thin strips (or bulgogi meat or ground beef) ,2 teaspoons soy sauce ,1 teaspoon rice wine (or mirin) ,1 teaspoon sugar ,1 teaspoon sesame oil ,1/2 teaspoon minced garlic | [For the vegetables] 1 bunch spinach, about 8 ounces See note 3 for a substitute ,1 teaspoon sesame oil ,salt to taste - about 1/4 teaspoon ,2 medium carrots, julienned (or 1/2-inch thick long strips) ,4 strips pre-cut pickled radish (danmuji, 단무지) strips, white or yellow if not pre-cut, cut into about 1/2-inch thick long strips ,4 strips prepared burdock roots (ueong, 우엉) Or make braised burdock roots | [For the egg] 2 large eggs | [For the fish cake] 1 or 2 (if small) sheets fish cake - eomuk (어묵) ,1 teaspoon soy sauce ,1/2 teaspoon sugar ,1/2 teaspoon sesame oil","[Instructions] 1) Cook the rice using a little less water than usual. (Freshly cooked rice is best for gimbap.) Keep it warm until all the filling ingredients are ready. | 2) Cut the beef into thin strips (about 1/2-inch thick). Mix well with the next 5 seasoning ingredients. Set aside. | 3) Bring a large pot of water to a boil over high heat and prepare a cold water bath. Blanch the spinach, place immediately in cold water, then squeeze out excess water. Season with the sesame oil and salt. | 4) Crack and beat the eggs, in a bowl with a spoon or a fork. Stir in a pinch of salt. Heat a small non-stick pan over medium-low heat. Add the eggs to the pan. When the bottom is set but the top is still runny, flip it over 1/3 way and again to make a thick omelette. Transfer to a cutting board and let it cool. Cut lengthwise into 1/2-inch thick strips. (You can make a thin, round egg omelette and use 2 pieces per each roll, if it's easier for you.) | 5) Julienne the carrots. Heat a lightly oiled pan over medium-high heat. Stir-fry the carrots until softened. Lightly season with a pinch of salt. Transfer to a plate. | 6) Cut the fish cake lengthwise into about 3/4-inch thick strips. Heat the pan with cooking oil (about 1 teaspoon) over medium heat. Stir fry the fish cake with the soy sauce, sugar, sesame oil until softened, about 2 minutes. | 7) Stir-fry the beef over medium-high heat until cooked through, 2 - 3 minutes. | 8) Arrange all the ingredients together on a plate. | 9) While the rice is still hot/warm, add the sesame oil and salt. Mix well by lightly folding with a rice paddle or large spoon until evenly seasoned. Add more salt to taste if needed. | 10) Put a seaweed sheet, shiny side down and longer side towards you, on a cutting board or a bamboo mat if available. Spread about 3/4 cup to 1 cup of rice evenly over the seaweed, using a rice paddle or your fingers preferably. Leave about 1.5 inch space at the top. | 11) Lay the prepared ingredients on top of the rice, leaving some uncovered rice at the top for sealing. | 12) Lift the entire bottom edge with both hands and roll over the filling away from you, tucking in the filling with your fingers. Put firm pressure over the roll with the help of the bamboo mat (or aluminium foil), if using, to close everything in tightly. Then, continue to roll again, putting pressure evenly over the roll using both hands. | 13) Rub or brush the roll with a little bit of sesame oil for extra flavor and shiny look. Apply a little bit of sesame oil to a sharp knife. (This will keep rice from sticking to the knife. Repeat as necessary after each cut. Wipe the knife with a damp towel as needed.) Cut the roll into 1/2-inch thick bite sizes.",https://www.koreanbapsang.com/wp-content/uploads/2018/09/DSC8399-2-e1696691292303.jpg,"Main Course, Snack",Korean,"Asian, finger food, gimbap, healthy, Korean, nori, picnic, snack, sushi",,4.79,88.0,88
Kimchi bulgogi cheesesteak,Cheesesteak made Korean-style with bulgogi and sautéed kimchi! It’s super easy and delicious!,https://www.koreanbapsang.com/kimchi-bulgogi-cheesesteak/,10m,15m,25m,2 servings,"[Ingredients] 8 ounces marinated bulgogi meat, uncooked (use more to taste) Or leftover cooked bulgogi ,1/2 cup packed, sliced kimchi ,1/4 medium onion, thinly sliced - optional ,1/2 cup shredded cheese or 2 slices (mozzarella, American, provolone, etc) ,2 hamburger buns or hoagie rolls or 4 slices of bread ,1 tablespoon butter or olive oil ,2 lettuce leaves | [Gochujang mayo - optional] 2 tablespoons mayonnaise ,1 teaspoon gochujang (adjust to taste) or buldak sauce, sriracha, or other hot sauce","[Instructions] 1) In a preheated pan, melt some butter directly on the pan over medium heat or add olive oil. You can spread butter or drizzle olive oil on the cut sides of the bun first if you want. Toast the bun, cut side down, until golden brown. Transfer to a serving plate. | 2) Reheat the pan over high heat, and cook the marinated meat, loosening the meat and flipping them over once or twice. Transfer to another plate. If using cooked bulgogi, simply heat it up in the pan. | 3) Reduce the heat to medium high, and add a couple of teaspoons of cooking oil to the pan. Stir fry the kimchi and optional onion slices until the kimchi turns slightly soft and deep in color, 3 to 4 minutes. | 4) Top it with cheese, cover the pan, and continue to cook over medium low heat until the cheese melts. | 5) Optional: Meanwhile, mix the mayo with gochujang until the gochujang is well incorporated into the mayo. | 6) Place a lettuce leaf on the bottom part of the bun, add bulgogi and kimchi cheese melt.",https://www.koreanbapsang.com/wp-content/uploads/2021/04/DSC9694.jpg,"Main, Main Course",Korean,"bulgogi, burger, cheesemelt, cheesesteak, gochujang, gochujang mayo, hoagie, kimchi",,5.0,10.0,10
Kimchi Jjim (Braised Kimchi),Kimchi jjim (or kimchijjim) is a kimchi dish that's slow-braised in a small amount of liquid. It's typically made with pork. You can also use beef or omit the meat.,https://www.koreanbapsang.com/kimchi-jjim-braised-kimchi/,10m,40m,50m,4 servings,"[Ingredients] 6 ounces pork belly or shoulder (or beef chuck or brisket) ,1 teaspoon grated ginger ,1 tablespoon minced garlic ,1.5 pounds kimchi (1 quarter of the whole napa cabbage) You can use more or less kimchi. Simply adjust the water amounts. ,1/2 cup juice from kimchi ,1.5 cups water (or anchovy broth) If making rice, use the water used to rinse rice (ssalddeumul, 쌀뜨물) instead of plain water. ,1 to 2 teaspoons gochugaru (Korean red chili pepper flakes) ,1 or 2 scallions, roughly chopped ,1 teaspoon sugar You can omit if you like. (see note)","[Instructions] 1) Cut the pork meat into large chunks (about 1/2-inch thick). In a pot, preferably with a thick bottom, combine the meat with the ginger and garlic. | 2) Cut the kimchi crosswise into 2 or 3 sections or use the whole quarter cabbage kimchi intact. | 3) Add to the pot with the meat. Add the kimchi juice, water(or broth), and gochugaru. Bring it to a boil over medium high heat. Reduce the heat to medium low. Simmer, covered, until the kimchi and meat are tender, about 40 minutes. If the liquid is evaporating too quickly, add more water (or broth) or reduce the heat. | 4) Stir in the scallions and sugar, 5 minutes before turning the heat off. Serve with cooked rice.",https://www.koreanbapsang.com/wp-content/uploads/2013/03/DSC7624_01-e1682657800913.jpg,"Main, Main Course",Korean,"braised, gochugaru, kimchi, Korean, pork, spicy",,5.0,8.0,8
Kimchi ssambap (rice rolls),"Got some old kimchi? Make ssambap (rice rolls)! A little extra effort to wrap the rice in tangy, crunch kimchi is well worth the effort!",https://www.koreanbapsang.com/kimchi-ssambap-kimchi-wrapped-rice-rolls/,,,,2 servings,"[Ingredients] 10 kimchi leafy parts | [For the fried rice] 1/4 medium onion ,1/2 small carrot ,1/4 small green bell pepper ,2 to 3 mushroom caps ,3 ounces ground beef ,oil to stir fry ,2 cups cooked rice ,1 tablespoon soy sauce ,1 tablespoon sesame oil ,1 teaspoon sesame seeds ,salt and pepper to taste","[For the kimchi] 1) Squeeze out the liquid from the kimchi, and cut off the thick white part. Alternatively, rinse the kimchi leaves in cold water and squeeze out the liquid. | [For the fried rice (or simply season the rice with salt and sesame oil to taste)] 1) Finely chop the vegetables. | 2) Heat a lightly oiled pan over medium heat. Cook the ground beef, breaking up into small pieces, until it turns brown, about 2 minutes. Add a tablespoon of the oil and the vegetables. Cook until the vegetables are soft, about 2 minutes. | 3) Add the rice and soy sauce. Stir-fry until all the ingredients are evenly distributed, and the clumped up rice is broken up, 2 to 3 minutes. Lightly season with salt and pepper (remember kimchi is salty). Stir in the sesame oil and seeds at the end. | 4) When the fried rice is cool enough to handle, make small rolls by pressing between your palms. The size of the rolls should depend on the size of your kimchi. | [To assemble] 1) Place a kimchi leaf on a cutting board. Lay a rice ball near the cut part of the kimchi. Wrap the kimchi around the rice roll, folding in the sides. Roll up all the way. Repeat until all the rice or kimchi is used up.",https://www.koreanbapsang.com/wp-content/uploads/2014/04/DSC9062.jpg,"Main, Main Course",Korean,"fried rice, kimchi, rice, rice rolls, ssambap",,5.0,5.0,5
Kongbiji jjigae (Ground soybean stew),"Warming, hearty stew made with creamy puree of soybeans along with pork ribs and kimchi",https://www.koreanbapsang.com/kongbiji-jjigae-ground-soybean-stew/,10m,50m,60m,6 servings,"[Ingredients] 1 cup dry soybeans yields 2-1/4 cups soaked ,12 ounces pork ribs or 6 ounces pork shoulder ,2 thinly sliced ginger pieces about 1 inch-round ,1/4 medium onion ,1 scallion white part ,1 tablespoon soup soy sauce ,8 ounces kimchi cut into bite sizes ,1/2 cup juice from kimchi or to taste ,1 teaspoon gochugaru (2 teaspoons for spicier stew) - optional ,1 tablespoon minced garlic ,2 scallions roughly chopped ,salt and pepper to taste","[Instructions] 1) Rinse and soak 1 cup dried soybeans for 6 to 8 hours (or overnight). Rub the beans with your fingers to remove the skins, and pour out the skins that rise to the top. Repeat this process to remove as much skins as possible. | 2) Add the ribs, onion, scallion, ginger, soup soy sauce and 4 cups of water to a medium to large pot. (See note 1) Bring to a boil. Skim off the scum. Reduce the heat to medium low. Cover, and cook until the ribs are tender, 25 - 30 minutes. The resulting broth should be around 2 to 2.5 cups. Remove the aromatic vegetables. (See note 2 if using pork meat.) | 3) Add the kimchi, juice from kimchi, garlic, and the optional gochugaru to the pot. Bring to a boil over medium high heat. Continue to cook for 5 - 6 minutes. | 4) Meanwhile, finely grind the soaked beans in an equal amount of cold water (2 to 2.5 cups) until it becomes creamy. | 5) Add the ground soybeans to the pot. Reduce the heat to medium low. | 6) Simmer, uncovered, until the soybean puree is cooked, 12 - 15 minutes, gently stirring a few times. Further reduce the heat, if necessary, to maintain a gentle simmer. Stir in the chopped scallions with 2 - 3 minutes remaining. Salt and pepper to taste. Serve hot with a bowl of rice.",https://www.koreanbapsang.com/wp-content/uploads/2013/01/DSC8917.jpg,"Main, Main Course",Korean,"kongbiji, kongbiji jjigae, kongbiji stew, soybeans",,4.89,9.0,9
LA Galbi (Korean BBQ Short Ribs),"Make the best LA Galbi (Korean BBQ short ribs) at home using my tried-and-tested recipe for the perfect galbi marinade. It’s best to grill the marinated beef short ribs over charcoal, but a gas grill or a grill pan heated on the stove top works well too.",https://www.koreanbapsang.com/la-galbi-gui-grilled-la-style-short-ribs/,20m,10m,20m,4 servings,"[Ingredients] 3 - 4 pounds cross-cut beef short ribs (flaken or LA galbi cut) about ⅓ - inch thick | [Marinade] 1/2 Korean/Asian pear (or 1 apple), grated (see note 1 for substitutes) You can blend the pear (or apple) together with the next 3 ingredients in a mini/regular blender. ,2 tablespoons minced garlic (about 6 plump cloves) ,1/2 medium onion, grated ,1 teaspoon minced ginger (about 1 inch chunk) ,1/2 cup soy sauce ,1/2 cup water ,3 -4 tablespoons sugar You can reduce sugar and add more pear or maesilcheong (Korean plum syrup) to taste - see note 1 ,2 tablespoons honey ,1/4 cup cooking rice wine (Korean matsul mirim or mirin) ,2 tablespoons sesame oil ,3 scallions finely chopped ,½ teaspoon black pepper ,1 teaspoon sesame seeds optional","[For the ribs] 1) Rinse the ribs to wash off bone dust and remove some blood on the surface. See note 2. Drain well. Pound the meat lightly with a meat tenderizer, or stretch it out with your hands. This second part helps tenderize the meat, but you can skip it if you want. | [For the marinade] 1) Blend the pear (or apple) together with the onion, garlic, and ginger in a mini/regular blender as fine as possible. Mix all the marinade ingredients well in a large bowl or container. | 2) Add the meat to the marinade and coat each rib with the marinade. Marinate the meat for 6-8 hours (overnight for best results). Flip them over half way through. The thicker the meat, the longer you’ll want to marinate. | [Cooking the ribs] 1) Grilling: Preheat the grill over medium-high heat. Grill the short ribs, turning only once, 2-3 minutes on each side. You can use charcoal or wood charcoal (soot bul) grill, gas grill or a grill pan over the stove top. | 2) Broiling in the oven: Set the oven to broil and preheat. Lay the meat in a single layer on a broiling pan and place it on the top rack of the oven, usually about 6 inches below the broiler. Cook until the ribs are slightly charred and caramelized, 5 to 6 minutes. Flip them over and cook for an additional 3 – 4 minutes. Watch closely not to burn them. | 3) Pan-frying: Preheat a large non-stick pan. Reduce the heat to medium. Lay the short ribs in a single layer, 4 or 5 ribs depending on the size of the pan. Cook for 4 to 5 minutes. When the pan is getting dry, add the marinade through a strainer. Flip them over and cook for another 4 to 5 minutes until all the sauce is gone and the ribs are nicely browned. See note 3.",https://www.koreanbapsang.com/wp-content/uploads/2013/08/DSC8866-5-e1707539703959.jpg,Main Course,"Asian, Korean","bbq, beef, easy, galbi, grilled, Korean, marinade, meat, sauce, summer",,4.57,294.0,294
Manduguk (Korean Dumpling Soup),,https://www.koreanbapsang.com/manduguk-korean-dumpling-soup/,10m,20m,30m,4 servings,"[Ingredients] 10 pieces mandu (dumplings) - adjust to your serving size See note 1 | [Broth] 5 cups chicken broth (or other flavorful broth such as beef broth, anchovy broth, vegetable broth, etc.) See note 2 ,1 tablespoon guk ganjang (soup soy sauce) or fish sauce (or omit and simply season with salt) ,Salt and pepper to taste ,2 teaspoons minced garlic ,1 scallion | [Garnish (optional)] 1 egg ,1/2 sheet gim (김), seaweed sheet (aka laver, nori) roasted and crusted","[Instructions] 1) In a medium size pot, add 5 cups of chicken broth (or broth of your choice). (See note below.) Bring it to a boil over medium high heat. | 2) Stir in the garlic, soy sauce, and salt and pepper to taste. Add the mandu pieces, stirring gently so they don’t stick to the bottom of the pot. Boil until all of them float, and reduce the heat to medium and boil for an additional minute or two. | 3) Slice the scallion into thin strips. Cut the thin egg omelette (see below) into strips and then into diamond shapes or roll it and slice into thin strips. | 4) Ladle the steaming soup into bowls and garnish with the scallion and optional egg jidan and/or gim. | [How to make jidan - egg garnish (Optional)] 1) Beat the egg. You can separate the egg if you want and gently whisk each part. Heat a lightly oiled small nonstick skillet over medium heat and pour the egg mixture (or each egg part if separated) into a thin layer, tilting the skillet (similar to making crepe). Cook each side until no visible egg liquid remains. (Do not brown the egg.)",https://www.koreanbapsang.com/wp-content/uploads/2022/01/DSC3388-4-1.jpg,Main Course,Korean,"dumplings, mandu, mandu guk, manduguk, noodle soup",,4.63,8.0,8
Tuna bibimbap with spring vegetables,"Simple bibimbap made with spring vegetables and canned tuna. Quick, easy and delicious!",https://www.koreanbapsang.com/spring-bibimbap-with-tuna/,,,,2 servings,"[Ingredients] 2 servings of cooked rice ,3 - 4 asparagus spears ,1 medium carrot ,about 2 teaspoons vegetable oil ,2 to 3 lettuce leaves or a handful of spring mix ,3 - 4 red radishes ,1/4 cup fresh green peas (or frozen) ,1 small canned tuna, drained | [Spicy soy based sauce] 2 tablespoons soy sauce ,2 teaspoons gochugaru (Korean red chili pepper flakes) ,1 teaspoon sugar ,2 teaspoons sesame oil ,1/2 teaspoon minced garlic ,1 teaspoon sesame seeds ,1 teaspoon lemon juice or vinegar (or more to taste) | [Mild soy based sauce] 2 tablespoons soy sauce ,1 teaspoon sugar ,2 teaspoons sesame oil ,1/2 teaspoon minced garlic ,1/2 teaspoon sesame seeds ,1 teaspoon lemon juice or vinegar (or more to taste) ,1 tablespoon scallion, finely chopped - optional | [Gochujang sauce] 2 tablespoons gochujang, 고추장 ,1 teaspoon sugar ,2 teaspoons sesame oil ,2 tablespoons water ,1 teaspoon lemon juice or vinegar (or more to taste) ,1/2 teaspoon minced garlic","[Instructions] 1) Mix well all the sauce ingredients of the sauce option(s) you picked and set aside. | 2) Thinly slice the asparagus, carrots, and red radish into bite size pieces. If the carrot is thick, cut in half lengthwise first and then thinly slice diagonally. Cut the radishes into match sticks. Roughly chop any large green leafy vegetables. | 3) Cook the peas in salted boiling water until cooked through, 6 - 8 minutes (less if frozen). Heat a lightly oiled pan over medium high heat. Separately sauté the asparagus and then carrots for a minute or two. You can sauté the scallion briefly if you like. The vegetables should be crispy. | 4) Place a serving of rice in a big bowl. Nicely arrange a small amount of each vegetable and tuna over the rice. Serve with the sauce.",https://www.koreanbapsang.com/wp-content/uploads/2021/04/DSC9252-6.jpg,"Main, Main Course",Korean,"bibimbap, bibimbap sauce, canned tuna, gochujang, spring vegetables",,4.67,12.0,12
Samgyupsal sukju bokkeum (Stir-fried pork belly and bean sprouts),Quick and easy stir-fried pork belly with bean sprouts in a simple sauce!,https://www.koreanbapsang.com/stir-fried-pork-belly-and-bean-sprouts/,5m,10m,15m,2 servings,"[Ingredients] 8 ounces thinly sliced/shaved pork belly (대패 삼겹살) or other thinly sliced pork or beef See note ,10 ounces bean sprouts (sukju, 숙주) ,1/4 medium onion ,2 teaspoons minced garlic or 2 -3 plump garlic cloves, thinly sliced ,2 or 3 scallions or 2 ounces garlic chives (buchu, 부추) ,2 tablespoons soy sauce or oyster sauce (or 1 T each) ,1 teaspoon sugar - optional ,pepper to taste ,1 teaspoon sesame seeds - optional","[Instructions] 1) Cut the meat into bite size pieces (about 2 to 3 inches long). | 2) Give the bean sprouts a quick rinse, and drain. Thinly slice the onion, and cut the scallions (or garlic chives) into 2-inch pieces. | 3) Heat a large pan over high heat until very hot. Add the pork, and stir-fry quickly until no longer pink. You don't need cooking oil if using pork belly, but use a tablespoon if needed. A non-stick pan helps with no additional oil as well, | 4) Add the bean sprouts, garlic, and onion, and continue to stir fry until the bean sprouts have wilted slightly. | 5) Add the soy sauce and/or oyster sauce, optional sugar and pepper to taste. Stir-fry quickly. Stir in the scallion (or garlic chives). Sprinkle with optional sesame seeds to serve.",https://www.koreanbapsang.com/wp-content/uploads/2021/08/DSC1143-3.jpg,Main Course,Korean,,,4.72,14.0,14
Sundubu Gyeran Guk (Soft tofu and egg soup),A delicious and healthy breakfast soup made with sundubu and eggs,https://www.koreanbapsang.com/sundubu-gyeran-guk-soft-tofu-and-egg-soup/,10m,10m,20m,2 servings,"[Ingredients] 1.5 cups anchovy broth (4 or 5 medieum dried anchovies and a small piece (about 2 inch square) dried kelp (dasima) or chicken or vegetable broth ,1 small tomato see note ,2 ounces green cabbage ,1 package sundubu ,1 teaspoon minced garlic ,1 teaspoon saeujeot (or fish sauce or Korean soup soy sauce) ,2 eggs ,1 small scallion, chopped ,1 teaspoon sesame oil ,½ teaspoon sesame seeds - optional","[Instructions] 1) Add the dried anchovies and dasima to a small pot with 2 cups of water. Bring the pot to a boil and reduce the heat to medium. Boil for 7 to 8 minutes. Remove the anchovies and dasima. Yields about 1.5 cups. | 2) Meanwhile, cut the tomato into a few wedges and the cabbage into bite-size pieces. | 3) Add the vegetables to the broth and bring it to a boil over medium high heat. | 4) Add the sundubu in big chunks, followed by garlic and saeujeot (or your choice of seasoning). Bring it to a boil and cook for 3 to 4 minutes. Taste the soup and adjust the seasoning to taste. | 5) Crack the eggs and lightly beat them. Drizzle over the soup. Do not stir right away. | 6) Add the sesame oil and chopped scallion right before turning the heat off. Garnish with the optional sesame seeds to serve.",https://www.koreanbapsang.com/wp-content/uploads/2023/11/DSC7996-2-e1701145344915.jpg,"Soup, Main Course",Korean,"eggs, silken tofu, soft tofu, sundubu",,5.0,3.0,3
Korean Fried Chicken (Yangnyeom Chicken),,https://www.koreanbapsang.com/yangnyeom-chicken-korean-fried-chicken/,25m,20m,165m,4 people,"[For the chicken] 2 pounds chicken wings (about 16 drumettes and wingettes) ,1.5 teaspoons salt (use 1 ts if using table salt) ,pinch black pepper (or to taste) ,1 teaspoon grated ginger ,4-5 cups oil for frying about 2-inch deep (use deep, bottom heavy, medium size pot or pan) | [For the dry batter option] 1/2 cup potato starch (or cornstarch) | [For the wet batter option] 1/2 cup frying mix (aka tempura mix) or all-purpose flour with 1/2 teaspoon baking powder, 1/4 teaspoon salt, and optional 1/2 teaspoon garlic powder or onion powder. ,1/4 cup potato starch (or cornstarch) ,3/4 cup water | [For the red spicy sauce (See note 1)] 1 tablespoon soy sauce ,2 tablespoons rice wine (or mirin) or other cooking wine ,1 tablespoon or 1.5 tablespoons gochujang ,1 tablespoon or 2 tablespoons hot sauce (sriracha, tabasco, Franks Original, etc.) You can use 2 Tbs ketchup instead along with a teaspoon vinegar, if you don't want extra heat. ,2 tablespoons sugar ,2 tablespoons honey (or 2.5 tablespoons corn syrup, rice syrup, or oligo syrup) ,1 tablespoon minced garlic ,1/2 teaspoon honey dijon mustard - optional ,4 tablespoons water | [For the soy garlic sauce] 2 tablespoons soy sauce ,2 tablespoons rice wine (or mirin or other cooking wine) ,2 tablespoons sugar ,2 tablespoons honey (or 2.5 tablespoons corn syrup, rice syrup, or oligo syrup) ,1 tablespoon minced garlic ,1 teaspoon vinegar (white, rice, apple cider, etc.) ,1 teaspoon or 2 teaspoons oyster sauce - optional ,4 tablespoons water | [For the optional garnish] 1/2 teaspoon sesame seeds ,1 tablespoon chopped scallion","[Instructions] 1) Wash chicken wings, and drain thoroughly. Mix with the salt, pepper, and ginger. Let it sit in the fridge for 2 hours or longer (overnight to 24 hours). | 2) Combine all the sauce ingredients of your choice and stir well. Boil over medium heat until it thickens slightly, about 4 to 5 minutes. Turn the heat off. | 3) OPTION 1 Dry batter: If using the starch only, add the potato (or cornstarch) to the chicken, and rub it onto each wing well to coat evenly. Set aside. | 4) OPTION 2 Wet batter: Mix the wet batter ingredients in a bowl, and stir well until smooth with no visible lumps. | 5) Add the oil to a deep fryer, wok, or large pot. Heat the oil to 320°F (up to 330°F). Drop the chicken in the oil, one piece at a time. If using wet batter, dip each piece in the wet batter with tongs and shake off excess batter before dropping the chicken in the oil. Fry them in two batches. Cook until lightly golden, about 6 minutes, depending on the size of the chicken wings. Remove them with a wire skimmer or a slotted spoon. Drain on a wire rack or in a large mesh strainer set on a bowl. | 6) Reheat the oil to 350°F (up to 360°F). Add the chicken (you can do this in one batch for the second frying), and deep fry again, for about 5 minutes, until golden brown. Drain on a wire rack or in a large mesh strainer set on a bowl. | 7) You can either toss the fried chicken pieces in the sauce or hand-brush them. Sprinkle with the optional sesame seeds or chopped scallion to serve.",https://www.koreanbapsang.com/wp-content/uploads/2022/03/DSC5754-2.jpg,"Main, Main Course",Korean,"chicken, dinner, easy, fried, Korean, restaurant-style, sauce, spicy, sweet and spicy",,4.78,112.0,112
Yeoneojang (Soy Marinated Raw Salmon),Yeoneojang is a raw salmon dish that’s marinated in a soy sauce based marinade. Simple and delicious!,https://www.koreanbapsang.com/yeoneojang-soy-marinated-raw-salmon/,15m,5m,20m,4 servings,"[Ingredients] 1 pound fresh salmon | [For the marinade (see note 1)] 1/2 cup soy sauce ,1 cup water ,1/4 cup rice wine ,1.5 tablespoons sugar | [For the vegetables] 1/2 small onion ,1 or 2 green and/or red chili peppers ,1/2 lemon | [Optional garnish and condiment for serving] Thin slices of onion and lemon ,micro greens/baby sprouts ,wasabi (Japanese horseradish)","[Instructions] 1) Bring all the marinade ingredients to a boil over medium high heat and briefly boil for a minute or two. Cool completely. | 2) Thinly slice the onion, chili pepper(s), and lemon. | 3) Cut the salmon fillet into small pieces (about 1/4-inch thick and 2 to 3 inch long). | 4) Place the salmon in an airtight container. Add the chili pepper, onion and lemon slices. Keep it in the fridge while waiting for the marinade to cool. | 5) Pour the marinade over the salmon (see note 2). Refrigerate. The salmon is ready to eat after 4 to 5 hours, but it will be better the next day and best to consume it within 2 days. | 6) How to serve: You can simply serve it as a side or main dish with a bowl of rice. Or, serve it on top of rice as a rice bowl (deopbap). Garnish it with optional thin slices of fresh onion and/or microgreens or baby sprouts. Spoon some marinade over the salmon and rice. Serve wasabi on the side if you like.",https://www.koreanbapsang.com/wp-content/uploads/2021/10/DSC1966-2.jpg,"Main, Main Course",Korean,"Salmon, salmon recipe, sashimi, soy sauce, yeoneojang",,4.93,14.0,14
Aguijjim (Spicy Braised Monkfish),"This spicy braised monkfish is highly popular in Korea. The white flesh fish is tender, and the crunchy soybean sprouts nicely complement the fish with a burst of robust flavor!",https://www.koreanbapsang.com/agujjim-spicy-braised-monkfish-with/,15m,10m,25m,4 servings,"[Ingredients] 1.5 pounds monkfish (agwi, 아귀 or agu 아구) ,2 tablespoons cooking rice wine (mirim or mirin) or dry white wine ,1 teaspoon salt ,6 large shrimp, unpeeled (or a few little neck clams) - optional | [Seasoning] 1 tablespoon minced garlic ,1 teaspoon finely grated ginger ,3 tablespoons gochugaru (Korean red chili pepper flakes) ,1 teaspoon sugar ,1 tablespoon soy sauce ,pepper to taste ,2 tablespoons water | [Vegetables] 8 ounces soybean sprouts ,2 ounces minari or watercress cut into about 3 to 4 inch lengths ,2 scallions cut into about 2 inch lengths | [Other] 1 tablespoon corn or potato starch, mixed in 2 tablespoons of water ,2 teaspoons sesame oil ,1 teaspoon sesame seeds","[Instructions] 1) Clean and cut the fish into about 2 inch-thick pieces. Drain, and pat dry with a paper towel. Mix well with a teaspoon of salt and the wine. Let it stand while preparing the other ingredients. | 2) Combine all the seasoning ingredients. | 3) Prepare a bowl with ice water. In a medium size pot, bring 1 cup of water to a boil. Add the soybean sprouts, and cook, covered, for 2 minutes over high heat. Drain, and immediately plunge them into the ice water. Drain. | 4) Heat a heavy, deep skillet. Add 1/2 cup of water and the fish, and cook, covered, over medium heat, for 3 or 4 minutes. Flip the fish over halfway through the process. | 5) Stir in the seasoning mix and the optional shrimp (or clams). Continue to cook, covered, for an additional 2 to 3 minutes, or until the fish is tender and the optional shrimp is cooked through (or the clams open). | 6) Pour in the starch slurry, and stir well until the sauce thickens. Add the vegetables. Gently toss to evenly coat the vegetables with the sauce. Salt and pepper to taste. Stir in the sesame oil and sesame seeds at the end. Serve with a bowl of rice.",https://www.koreanbapsang.com/wp-content/uploads/2020/01/DSC8212-e1734488045424.jpg,"Main, Main Course",Korean,"aguijjim, agujjim, cod fish, monkfish, spicy",,4.82,11.0,11
Bulgogi (Korean BBQ Beef),"This Korean BBQ beef is very easy to make at home. The marinade is made with a few basic ingredients, and the thinly sliced beef doesn’t take long to marinate and cook.",https://www.koreanbapsang.com/bulgogi-korean-bbq-beef/,10m,10m,20m,4 servings,"[Ingredients] 2 pounds thinly-sliced beef (rib eye or top sirloin) - see note ,3 scallions, cut into 2-inch pieces ,1 small onion, thinly sliced ,1 small carrot, thinly sliced - optional | [Marinade] 6 tablespoons soy sauce ,3 tablespoons water ,4 tablespoons sugar (or you can use 2 T sugar 2 T honey) Use 3 T total for less sweetness ,2 tablespoons rice wine or mirin ,2 tablespoons minced garlic (about 5 to 6 plump cloves) ,2 tablespoons sesame oil ,2 teaspoons sesame seeds ,1/2 Korean/Asian pear, blended/grated or bosc pear or apple (sweet variety-honey crisp, Fuji, red delicious, etc.) ,⅛ teaspoon pepper | [To serve bulgogi Seoul-style (optional)] 3 ounces potato starch noodles (soaked in hot water for 20 minutes and drained) ,3 scallions ,1 pack enoki mushrooms (stems removed) ,2 cups water, dashima broth, or beef broth ,1 teaspoon soy sauce","[Instructions] 1) If using packaged pre-sliced meat, separate the slices. Remove any excess blood from the pre-sliced meat using paper towels. | 2) Mix all the marinade ingredients in a bowl. | 3) Place the meat and vegetables in a large bowl. Add the marinade and toss gently to combine everything well. Marinate the meat for 30 minutes to an hour, up to overnight. | 4) Grilling: Grill the meat on a charcoal or gas grill or pan fry in a skillet over high heat until slightly caramelized. If pan searing, preheat the pan nice and hot and cook the meat until slightly caramelized. Do not crowd the skillet. | 5) OR Stir-frying: Preheat the pan, and add the meat over high meat. You can crowd the pan to generate some liquid and let the meat cook in its own juice. Cook until the meat is no longer pink. Use all the marinade if you want some sauce at the end. | [To serve Seoul-style (Optional)] 1) Thinly slice the scallions. Season 2 cups of water or broth with 1 teaspoon of soy sauce. | 2) Heat the pan, and add the meat and top it with the scallions and mushrooms. Add about half of the broth around the edges of the pan along with the noodles. Add more liquid when the liquid level goes down as you cook.",https://www.koreanbapsang.com/wp-content/uploads/2019/04/DSC_3678.jpg,"Main, Main Course","Asian, Korean","Asian, bbq, beef, bulgogi, classic, easy, grilled, Korean, marinade, protein, summer",,4.67,190.0,190
Chicken Stir Fry with Kale and Mushrooms,A quick healthy one-pot meal! The stir fry sauce is so versatile that you can use it with any meat and/or vegetables in the fridge. Perfect on a busy weeknight!,https://www.koreanbapsang.com/dak-kale-bokkeum-stir-fried-chicken-and/,15m,10m,25m,2 servings,"[Ingredients] 1 pound skinless, boneless chicken thighs (or breast) ,8 ounces kale ,6 ounces fresh mushrooms (white, crimini, or shiitaki) ,1 red chili pepper or 1/4 red bell pepper - optional ,1/4 teaspoon crushed red pepper - optional ,1 teaspoon sesame seeds - optional ,1 tablespoon cooking oil for stir-frying | [Stir Fry Sauce] 3 tablespoons soy sauce See notes ,1 tablespoon rice wine (or mirin) or 1 tablespoon lemon juice ,1 tablespoon sugar (or brown sugar) adjust to taste or use your favorite sugar substitute ,1 tablespoon minced garlic ,1 teaspoon grated ginger ,1 tablespoon sesame oil ,pinch black pepper","[Instructions] 1) Combine the sauce ingredients, and stir well to dissolve the sugar. | 2) Cut the chicken into bite size pieces. | 3) Marinate the chicken with 3 tablespoons of the sauce while preparing the vegetables. | 4) Tear the kale off the stems into small pieces. Discard thick stems. Rinse thoroughly and drain well. | 5) Give the mushrooms a quick rinse, and cut into quarters (or halves if small). | 6) Heat a large skillet over high heat with a tablespoon of cooking oil until very hot. Add the chicken pieces to the pan in one layer. Do not touch for a minute or two until the chicken is nicely seared. Flip them over and sear the other side. The chicken does not need to be cooked through at this point. | 7) Add the kale, mushrooms, and optional red pepper. Drizzle the remaining sauce over the vegetables, and sprinkle with crushed red pepper if using. Continue to stir-fry until the kale and mushrooms are softened, about 3 minutes. Serve hot on top of rice or with a separate bowl of rice.",https://www.koreanbapsang.com/wp-content/uploads/2012/12/DSC6752-e1573537446354.jpg,"Main, Main Course",Korean,"chicken, kale, Korean food, mushrooms, stir fry sauce recipe, stir-fried, stir-fry",,4.74,46.0,46
Spicy soup with leftover turkey,Korean spicy soup made with leftover roasted turkey. The recipe is also great with leftover roasted chicken.,https://www.koreanbapsang.com/dakgaejang-spicy-soup-with/,20m,140m,160m,4 servings,"[Ingredients] 8 cups turkey/chicken stock see below for recipe ,2 cups or more cooked turkey/chicken meat, shred into bite sizes ,1 - 2 bunches scallions ,8 ounces mung bean sprouts ,5 fresh shiitake mushrooms or 3 soaked dry shiitake mushrooms | [Seasonings] 2 tablespoons sesame oil ,2 tablespoons gochugaru (Korean red chili pepper flakes) ,1 tablespoon gochujang (Korean red chili pepper paste) ,3 tablespoons guk ganjang (soup soy sauce) ,1 tablespoon minced garlic ,salt and pepper to taste | [Turkey/Chicken Stock] Remains of roasted turkey or chicken ,1 medium onion halved and peeled (1/2 for chicken) ,1 large carrot cut into large chunks ,1 large celery stalk cut into large chunks ,5 to 7 plump garlic cloves ,1 to 2 bay leaves","[Instructions] 1) Pull the meat from the bones and shred into thin strips (or bite sizes). | 2) Blanch the bean spouts for a minute or two and drain. You can skip blanching if you want. Cut the scallions into about 4-inch lengths. Thinly slice the mushrooms. | 3) In a pan, heat the sesame oil until hot (but not smoking hot) over low heat. Add the chili pepper flakes and turn the heat off. Stir gently until the oil turns red and the chili pepper flakes become pasty. Do not burn the flakes. | 4) Add the meat, bean sprouts, mushrooms, 1 tablespoon soup soy sauce, and garlic to the sesame oil mixture and mix well. Marinate for 10 to 15 minutes. | 5) Bring the stock to a boil in a large pot. Add the marinated meat and vegetables to the stock. Stir in the gochujang and 2 tablespoons of soup soy sauce. Cook for 5 minutes over medium high heat. | 6) Throw in the scallions. Continue to boil for an additional 3 - 4 minutes. Add salt and pepper to taste. Serve with a bowl of rice. | [Making the stock] 1) Remove as much meat as possible from the chicken/turkey carcass and save them to use in the soup. | 2) Put the chicken/turkey remains in a large stock pot filled three-quarters of the way with water. | 3) Break up the bones if they are too big to fit in the pot. Bring to a boil over medium high heat and skim off any foam. | 4) Add the vegetables, reduce the heat to medium low and simmer, covered, for about an hour or two. | 5) Cool and pour through a strainer into a large bowl. You can use a fat separator to remove the fat or keep it in the fridge until the fat solidifies to spoon off the fat.",https://www.koreanbapsang.com/wp-content/uploads/2012/11/DSC7114-e1574660192954.jpg,"Soup, Main Course",Korean,soup,,4.75,16.0,16
Korean BBQ Pork Ribs,"Tender, moist, and flavorful Korean baby back ribs!",https://www.koreanbapsang.com/dwaeji-galbikalbi-korean-style-pork/,20m,120m,140m,4 servings,"[For each marinade] 2 slabs baby back ribs (5 to 7 pounds) | [Sweet and Savory Marinade] 1/2 cup soy sauce ,1/2 cup water ,1/4 cup cooking rice wine (or white wine) ,2 tablespoons sesame oil ,4 tablespoons honey ,2 tablespoons brown sugar use regular sugar if unavailable ,3 tablespoons minced garlic (8 or 9 plump cloves) See note 1 ,2 tablespoons finely grated ginger See note 1 ,1/2 medium onion, grated See note 1 ,1/2 medium sweet apple, grated See note 1 ,1/2 teaspoon black pepper | [Spicy Marinade] ⅔ cup Korean red pepper paste (gochujang, 고추장) ,1 to 3 teaspoons Korean red chili pepper flakes (gochugaru, 고추가루) ,1/4 cup soy sauce ,1/4 cup rice wine (or mirin or white wine) ,2 tablespoons sesame oil ,4 tablespoons honey ,2 tablespoons brown sugar Use regular sugar if unavailable ,3 tablespoons minced garlic See note 1 ,2 tablespoons grated ginger See note 1 ,1/2 medium onion, grated See note 1 ,1/2 medium sweet apple, grated See note 1 ,1/2 teaspoon black pepper","[For the marinade] 1) Prepare the ingredients for the marinade of your choice. Mix all of the ingredients well. | [Preparing the ribs] 1) Pull off the membrane if it's not been removed (see note 2). Cut each slab of the ribs into two pieces for easier handling. Rinse the ribs and drain. Coat the ribs well with the marinade, and marinate them for a minimum of eight hours (preferably 24 hours to 48 hours). Turn them over once after half of the marinating time has passed. (You can use large zip lock bags for easier handling.) | [Cooking the ribs] 1) Preheat the oven to 325°F (300°F if using a convection oven). Line a baking sheet with aluminum foil. I used 2 baking dishes. Arrange the ribs, meat side down. If using the mild marinade, pour some marinade into the baking sheet or dish. Cover the baking sheet/dish tightly with aluminum foil. Bake them for 1.5 hour (2 hours if you want fall off the bones tenderness). Remove the foil cover. | 2) If used the mild marinade, you will have a lot of liquid in the baking sheet/dish. Pour it out into a sauce pan along with any reserved marinade, and bring the liquid to a boil and reduce by about half or until it turns into a thick consistency. You don't need to do this with the spicy marinade as it doesn't have as much liquid. Brush the sauce onto the ribs. | [Finishing the ribs] 1) Option 1: Change the oven setting to broil (500°F) and preheat for a few minutes. Then broil the ribs until the ribs are lightly caramelized and charred, about 5 minutes on each side. Baste the ribs with the sauce a couple of times while broiling. | 2) Option 2: Preheat the grill and grill the ribs over medium heat until the ribs are lightly caramelized and charred, about 5 minutes on each side. Baste the ribs with the sauce while grilling.",https://www.koreanbapsang.com/wp-content/uploads/2020/08/DSC2952-2-e1621710955568.jpg,"Main, Main Course","Asian, Korean","baby back ribs, bbq, Korean ribs, pork, pork ribs, spicy",,4.52,129.0,129
Galbijjim (braised beef short ribs),"Galbijjim is braised beef short ribs in a rich sauce. You can make these tender, succulent short ribs at home with this easy, authentic recipe!",https://www.koreanbapsang.com/galbijjim-korean-braised-beef-short/,30m,80m,110m,4 servings,"[Ingredients] 3 pounds meaty beef short ribs ,1/2 onion ,3 - 4 thin ginger slices (about 1-inch rounds) ,5 garlic cloves ,2 white parts of scallions | [Braising Liquid] 1/2 cup soy sauce ,2 tablespoons sugar adjust to taste ,2 tablespoons honey ,1/4 cup cooking rice wine (or Korean matsul/mirim or mirin) ,1/2 medium Asian pear grated (about 1/2 cup) ,1/2 small onion grated ,1 tablespoon minced garlic ,1 teaspoon grated ginger ,1/2 teaspoon black pepper ,2 tablespoons sesame oil | [Vegetables] 10 ounces Korean radish cut into large chunks (about 1-1/2-inch cubes) ,3 - 4 dried shiitake mushrooms soaked and quartered ,1 large carrot cut into large chunks (about 1 inch long) ,2 green parts of scallion | [Optional garnishes] 6 peeled fresh chestnuts ,4 to 6 dried Korean dates/jujube ,10 gingko nuts or 1 tablespoon pine nuts","[Instructions] 1) Trim off any excess fat. Rinse the ribs and let them sit in cold water for about 30 minutes to draw out excess blood. Drain. | 2) In a large pot, bring 5 cups of water to a boil over high heat along with the onion, ginger, garlic and scallion white parts. Add the short ribs, and bring it to a boil, uncovered, skimming off the foam. Reduce the heat to medium high and cook for about 10 minutes. Remove the ribs to a plate, reserving the stock. | 3) Strain the stock, and skim off the fat. (Refrigerating the stock will help the fat solidify for easier removal. If you have room in the freezer, the process will go faster.) | 4) Mix together all the braising liquid ingredients, except the sesame oil. Return the ribs to the pot. Pour the braising liquid over the meat and stir. (You can prepare the ribs up to this point the day before, and finish braising when you need to serve.) | 5) Meanwhile, prepare the vegetables and optional garnish. | 6) Add 2.5 cups of the reserved stock to the ribs. Cover and bring it to a boil over medium heat. Continue to boil for 20 to 30 minutes, depending on the thickness of the ribs. Stir in the radish, mushrooms, and carrots. Continue to boil, covered, for about 20 minutes. | 7) Stir in the optional garnish ingredients. Return to boil, uncovered this time, for an additional 10 minutes, or until the sauce is thicker and the meat is tender but not falling apart. Add the green parts of scallions and the sesame oil and stir gently before turning the heat off.",https://www.koreanbapsang.com/wp-content/uploads/2019/08/DSC5607-e1613670588766.jpg,Main Course,"Asian, Korean","beef, beef short ribs, braised, braising, carrot, galbijjim, kalbi, kalbijjim, radish",,4.6,227.0,227
Galbitang (Beef Short Rib Soup),"A hearty, nourishing soup made with beef short ribs",https://www.koreanbapsang.com/galbitang-beef-short-rib-soup/,30m,90m,120m,4 servings,"[Ingredients] about 3 pounds short ribs ,1 pound Korean radish, mu (무) ,1 medium onion ,2 large scallion white parts ,8 plump garlic cloves ,3 thin ginger slices 1-inch rounds ,2 tablespoons soup soy sauce Use 1 T if your soy sauce is dark ,salt and pepper ,3 ounces starch noodles - optional dangmyeon, soaked in warm water for about 20 minutes ,1 teaspoon minced garlic ,2 scallions finely chopped ,4 abalone - optional See note","[Instructions] 1) Soak the ribs for 30 minutes in cold water. Drain. | 2) Fill a large pot with enough water to cover the ribs, about 8 cups. Bring water to a boil, and then drop the ribs in. Let it come back to a boil. Continue to boil for 2 to 3 minutes. | 3) Drain the ribs. Wash the ribs under running water. Clean the pot. | 4) Return the ribs back to the pot. Add 13 to 14 cups of water, radish, onion, garlic and ginger. Add 2 tablespoons of soup soy sauce and 1 teaspoon of salt (use less if your soup soy sauce is dark and more salt). Bring it to a boil. Continue to boil, uncovered, for 30 minutes over high heat. | 5) Reduce the heat to medium. Remove all the vegetables. Transfer the radish to a cutting board. Discard the other vegetables. | 6) Add 2 cups of water. Continue to boil, covered, for about an hour until the meat is tender. Add 1 teaspoon of minced garlic and the optional noodles 3 or 4 minutes before turning the heat off. Cut the radish into thick bite size pieces and add to the soup. Bring everything to a boil again. Salt and pepper to taste. Skim off fat or use a fat separator to remove excess fat. Garnish with the chopped scallions to serve.",https://www.koreanbapsang.com/wp-content/uploads/2020/12/DSC5645-4.jpg,Main Course,Korean,"beef, beef short ribs, beef soup, Korean soup",,4.64,75.0,75
Spicy Grilled Shrimp (Gochujang Saewu Gui),Easy spicy grilled shrimp flavored with a gochujang sauce!,https://www.koreanbapsang.com/gochujang-saewu-gui-spicy-grilled/,10m,5m,15m,4 servings,"[Ingredients] 1 pound large or jumbo shrimp peeled, tail on, and deveined ,salt and pepper ,For the marinade: ,2 tablespoons extra virgin olive oil ,1 teaspoon minced garlic or more to taste ,juice of 1/2 of a fresh lemon about 2 tablespoons ,2 tablespoons gochujang ,1 tablespoon sugar or honey ,For the garnish: ,finely chopped scallions or chives for garnish optional ,Bamboo/wood skewers","[Instructions] 1) Soak the wooden skewers in water while preparing the shrimp. Peel and devein the shrimp if they are shell-on. Rinse the shrimp and drain well (or pat dry). Thread 3 or 4 shrimps on to the skewers. Lightly sprinkle them with salt and pepper. | 2) Mix all the marinade ingredients well in a bowl. | 3) Spoon (or brush) the marinade all over the shrimp to coat evenly. Let stand for about 30 minutes. | 4) Preheat a lightly oiled grill. Grill the shrimp over moderate heat until they turn opaque and curled up, a minute or two each side, depending on the heat source. Do not overcook. Baste the shrimp with the remaining sauce while grilling and before serving. You can also cook the shrimp in a grill pan over medium high heat. Garnish with the optional scallions or chives.",https://www.koreanbapsang.com/wp-content/uploads/2019/05/DSC_4165-1.jpg,"Main, Main Course","Asian, Korean","gochujang, grilled shrimp, marinades, shrimp, spicy",,4.48,59.0,59
Instant Pot Galbitang (Beef Short Rib Soup),This Instant Pot galbitang recipe gives you the same delicious result with a nice and clean taste as the traditional stove top recipe.,https://www.koreanbapsang.com/instant-pot-galbitang-beef-short-rib-soup/,,80m,,4 servings,"[Ingredients] 3 to 4 pounds short ribs ,1 medium onion cut into halves ,2 large scallions white parts ,8 plump garlic cloves (or 1 whole bulb) If using bulb, cut into halves crosswise ,3 thin ginger slices 1-inch rounds ,2 Tablespoons soup soy sauce ,salt and pepper ,1 pound Korean radish cut into bite size pieces (about 1.5-inch square, ⅓ - inch thick) see note ,3 ounces starch noodles dangmyeon, soaked in warm water for 30 minutes - optional ,2 scallions, finely chopped garnish","[Instructions] 1) Trim off any thick layer of surface fat. In the pot, rinse the ribs with cold water a couple of times to remove surface blood and bone dust. Drain, and fill the pot with enough water to cover the ribs, about 4 cups. | 2) Close the lid tightly. Press the “Manual” function and High Pressure, and using the “-” button, adjust the time to 2 minutes. Make sure the pressure switch is turned to “sealing”. When finished, carefully release the pressure. | 3) Discard the cooking liquid (or save to use it for the soup if you like). Strain the liquid to remove brown bits if using it. Thoroughly rinse the ribs and the pot clean. | 4) Return the ribs to the pot, and add the onion, garlic, ginger and soup soy sauce. Add about 10 cups of water, making sure the water level stays below the max line for the pot. Close the lid tightly. Pressure cook the ribs for 35 to 40 minutes, depending on the thickness of the meat. NPR 10 minutes. | 5) Then, remove the ribs, and remove the aromatic vegetables with a strainer. Skim off the fat. | 6) Put the ribs back in the pot along with the cut radish. Change the Instant Post setting to “Saute”, and boil until the radish turns translucent, about 10 minutes after coming to a boil. Add the optional noodles a couple of minutes before turning the Instant Pot off. | 7) Salt and pepper to taste. Skim off or use a fat separator to remove any remaining fat, if serving while still hot. Or chill the soup and discard solidified fat. Garnish with the chopped scallions to serve.",https://www.koreanbapsang.com/wp-content/uploads/2020/06/DSC1202.jpg,"Main, Soup, Main Course",Korean,"beef short ribs, galbitang, Korean Radish Salad, meat, soup",,4.59,68.0,68
Instant Pot Korean Short Ribs,"Everything you need to know about how to best make these tender, juicy and flavorful Korean short ribs in the Instant Pot!",https://www.koreanbapsang.com/instant-pot-korean-short-ribs/,10m,70m,80m,4 servings,"[Ingredients] 3.5 pounds beef short ribs ,8 ounces Korean radish mu, cut into large chunks ,1 medium carrot cut into large chunks ,3 to 4 fresh or dried shiitake mushrooms briefly soaked, halved or quartered | [Braising liquid] 1/2 medium Korean/Asian pear or 1 small apple grated (about 1/2 cup) ,1/2 medium onion grated (about 1/4 cup) ,6 plump garlic cloves (about 2 TB minced) ,1 inch ginger piece (a thumb size) or 1 teaspoon minced ,1/2 cup soy sauce ,1/2 cup rice wine (or mirin or dry white wine) ,4 tablespoons sugar (or 2 TB sugar and 2 TB honey) or any sugar substitute ,2 tablespoons sesame oil ,pepper to taste 1/4 teaspoon | [Other additions and garnishes] 5 to 6 chestnuts peeled - optional ,2 scallions roughly chopped","[Instructions] 1) Trim off any thick layer of surface fat. In the pot, rinse the ribs with cold water a couple of times to remove surface blood and bone dust. | 2) Drain, and fill the pot with 4 cups of water to cover the ribs. Close the lid tightly. Press the “Manual” function and High Pressure, and using the “-” button, adjust the time to 2 minutes. Make sure the pressure switch is turned to “sealing”. When finished, carefully released the pressure. | 3) Discard the cooking liquid (or save to use it as a soup base later), and rinse the ribs and the pot. Return the ribs to the pot. | 4) In a small blender, blend together the pear, onion, garlic, and ginger. You can separately grate them if you want. Transfer to a bowl. Mix well with the remaining braising liquid ingredients. | 5) Add the radish, carrot, and mushrooms to the pot. If using fresh mushrooms, you can add them in step 7. Pour the braising liquid over to the ribs. Toss everything well to coat the ribs evenly. (You can prepare up to this point ahead of time.) Close the lid tightly. Pressure cook the ribs for 35 minutes, NPR (Natural release of Pressure) for 10 minutes. (See the quicker alternative method below.) Then, remove the ribs and vegetables to a large bowl or plate. | 6) Strain the braising liquid. You can skim off the fat or use a fat separator. | 7) Put everything back to the Instant Pot. This will be a good point to add optional chestnuts, fresh vegetables such as potatoes, and/or even rice cake (tteokbokki tteok) if you want. Boil everything together on Saute for 10 to 15 minutes. | 8) Garnish with the optional scallions and sesame seeds. | [Alternative method (to steps 5, 6 and 7)] 1) Press the “Manual” function, 40 minutes (45 minutes if your meat is thick and you want extra tender meat), NPR 10 minutes. Strain the braising liquid if you want. You can skim off the fat or use a fat separator.",https://www.koreanbapsang.com/wp-content/uploads/2020/03/DSC7835-3-e1692318972877.jpg,"Main, Main Course","Asian, Korean","beef short ribs, braised, galbijjim",,4.63,37.0,37
Janchi Guksu (Korean Warm Noodle Soup),Janchi guksu is a simple warm noodle dish made with thin wheat flour noodles (somyeon) that are usually in a clear anchovy or beef broth! It's an easy comfort food that's very popular in Korea.,https://www.koreanbapsang.com/janchi-guksu-somyeon/,10m,30m,40m,2 servings,"[Ingredients] 8 ounces somyeon somen noodles | [Broth] 5 cups anchovy broth (or beef, chicken or vegetable broth) ,1 or 2 tablespoons soy sauce (or soup soy sauce) Do not make the broth too dark. ,salt to taste Season lightly if using the optional sauce. | [Toppings (see note)] 1/2 zucchini (about 3 ounces, julienned) ,1 small carrot (3 ounces, julienned) ,3 Mushroom caps ,1 egg | [Optional toppings] 3 ounces tender beef, cut into thin strips, seasoned with 1 teaspoon soy sauce, 1/2 teaspoon sesame oil, 1/2 teaspoon sugar, 1/2 teaspoon minced garlic, and pinch black pepper ,3 ounces kimchi, thinly sliced, mixed with 1/2 teaspoon sesame oil, and 1/4 teaspoon sugar ,1/4 sheet gim (roasted dried seaweed sheet), cut into short strips or crushed ,1/2 scallion - green part, chopped | [Yangnyeomjang (sauce) - Optional] 2 tablespoons soy sauce ,1 teaspoon Korean chili pepper flakes gochugaru ,1/2 teaspoon sesame oil ,1/2 teaspoon sesame seeds ,1/2 teaspoon garlic ,1 scallion finely chopped ,Mix all sauce ingredients well and set aside.","[Broth] 1) Prepare anchovy broth (or your choice of broth), and season with the soy sauce, salt and pepper to taste. Keep it hot over low heat while preparing the toppings and noodles. | [Toppings] 1) Lightly sprinkle salt over julienned zucchini and set aside for 5 - 10 minutes. Squeeze out excess liquid from salted zucchini by hand. Sauté in a lightly oiled skillet over medium high heat (1 - 2 minutes). Push the zucchini to a side and sauté the julienned carrots and mushrooms over medium high heat (1- 2 minutes), sprinkling salt and pepper to taste. | 2) Beat the egg well, and fry into a thin sheet (jidan). Roll it up and thinly slice. Alternatively, you can drizzle the beaten egg in to the hot broth before ladling it over the noodles. | [Optional toppings] 1) Beef: Sauté the beef for 2 - 3 minutes over medium high heat. | 2) Kimchi: Thinly slice with the kimchi, and mix with 1/2 teaspoon of sesame oil, and 1/4 teaspoon of sugar. | [Noodles] 1) Bring a medium pot of water to a boil. Cook somyeon noodles according to the package instructions (about 3 minutes). Drain quickly and shock in cold water to stop cooking. Continue to drain and rinse in cold water. Make two one-serving size mounds as you remove from the water. Place the mounds in a colander to drain. | 2) Place the noodles in serving bowls. Ladle the hot broth over the noodles to cover all the noodles, and pour it back to the pot by holding the noodles with the ladle. This will warm the noodles. Ladle the hot broth over the noodles again. Nicely arrange a small amount of each topping on top of the noodles. Finish the dish off with a sprinkle of the optional chopped scallions. Serve warm with the optional sauce on the side.",https://www.koreanbapsang.com/wp-content/uploads/2010/06/DSC9470_01-2-1-e1645133075603.jpg,"Main, Main Course",Korean,"banguet noodles, beef, egg, Korean, noodles, soup, vegetables",,4.79,28.0,28
Jjapaguri with Steak from Movie Parasite,"This instant noodle dish, called Jjapaguri (or ram-don), from the movie Parasite is getting highly popular all over the world. It's easy to make at home and quite delicious!",https://www.koreanbapsang.com/jjapaguri-with-steak/,5m,10m,15m,2 servings,"[Ingredients] 8 ounces tender beef (such as sirloin, ribeye, NY strip) ,salt and pepper ,1 tablespoon olive oil or other cooking oil ,2 garlic cloves, roughly crushed - optional ,1 pack Chapagetti (짜파게티) ,1 pack Neoguri (너구리)","[Instructions] 1) Cut the beef into bite size pieces and generously sprinkle with salt and pepper. At this point, start boiling 4 cups of water in a medium size pot. | 2) Heat a pan with a tablespoon of olive oil or other cooking oil. Add the meat, and cook until the bottoms are nicely seared. Turn them over, and add the optional garlic. Cook/brown all sides to the slightly less than desired doneness. | 3) When water boils, add the noodles and the vegetable mix from the packets and continue boiling for about 3 minutes. The noodles should be al dente at this point because they will be cooked again. | 4) Transfer the noodles with a strainer to the pan with the steak, reserving the water. Pour a cup of the reserved water over the noodles. Turn the heat to medium. Add the entire packet of the Chapagetti sauce and ⅗ of the Neoguri sauce (or to taste). | 5) Stir everything well until the sauce is evenly distributed and slightly thickens, about a minute. Add more reserved water if needed. Turn the heat off. | 6) Stir in the oil from Chapagetti. Serve with pickled radish or kimchi.",https://www.koreanbapsang.com/wp-content/uploads/2020/02/DSC8456-7-e1580962899496.jpg,Main Course,"Asian, Korean","Chapaguri, Jjapaguri, Parasite, Ram-don",,4.59,233.0,233
Jjimdak (Korean Braised Chicken),"Here’s how to make a hearty, flavorful Korean braised chicken dish, jjimdak! It's very easy to make at home with a few basic ingredients! Simply omit the chili peppers for a mild version.",https://www.koreanbapsang.com/jjimdakdakjjim-korean-style-braised/,20m,30m,50m,4 servings,"[Ingredients] 1 medium-sized chicken, cut up (2.5 to 3 pounds of cut pieces) ,3 ounces sweet potato starch noodles (dangmyeon, 당면) ,2 medium white or yukon gold potatoes (about 10 ounces) ,1 medium carrot ,1/2 medium onion ,3 - 4 mushroom caps (rehydrated dried shiitake or fresh shiitake, white, or baby bella) ,2 scallions ,2 - 3 dried whole red chili peppers (4 to 5 small ones) ,1 - 2 fresh chili peppers or jalapenos (optional) ,2 tablespoons minced garlic ,1 teaspoon grated ginger | [Braising liquid] 1/2 cup soy sauce ,2 tablespoons oyster sauce (If unavailable, use more soy sauce) ,2 tablespoons rice wine (mirim or mirin) ,2 tablespoons dark brown sugar (if unavailable, use regular sugar ) ,3 to 4 tablespoons corn syrup, Korean jocheong (rice syrup), Oligodang (oligo syrup), or 2 to 3 tablespoons honey Adjust to taste ,1/4 teaspoon black pepper ,1 tablespoon sesame oil ,1 teaspoon sesame seeds","[Instructions] 1) Soak the starch noodles in warm water for about 30 minutes while preparing the other ingredients. Drain well before using. | 2) Clean the chicken and cut into small pieces. Trim off excess fat. | 3) Cut the potatoes in chunks (about 1-1/2 inch) and soak them in water while preparing the other vegetables. Cut the carrot, mushrooms, and onion into bite-sized pieces. | 4) Add the chicken pieces to a large pot. Pour 3 cups of water over the chicken. (You should reduce the amount of water if not using the noodles.) Add the sauce ingredients except sesame oil and seeds. Bring it to a boil over high heat, uncovered, and continue to boil for about 10 minutes. Skim off the foam. | 5) Add the potatoes, carrot, mushrooms, onion, dried whole red chili peppers if using, garlic and ginger. Cover, and cook for 8 to 10 minutes. You may see that there still is a lot of liquid, but the potatoes and starch noodles will soak up a lot of the liquid. | 6) Gently mix in the green chili peppers (or jalapenos), scallions and starch noodles, and continue to cook, uncovered this time, for an additional 3 minutes. Stir in the sesame oil. Garnish with the sesame seeds to serve.",https://www.koreanbapsang.com/wp-content/uploads/2011/02/DSC_3384-e1552880074644.jpg,"Main, Main Course","Asian, Korean","braised, chicken, soy sauce, spicy",,4.6,135.0,135
Kimchi Fried Rice (Kimchi Bokkeum Bap),"If you have some kimchi and rice, try this easy kimchi fried rice recipe! It's so versatile that you can add any protein you like or omit it entirely. It'll become one of your go-to easy meals.",https://www.koreanbapsang.com/kimchi-fried-rice-kimchi-bokkeum-bap/,10m,15m,25m,2 servings,"[Ingredients] 3 (or 4) strips of bacon, diced (or about 4 ounces ham or spam, or 1 can of tuna, drained) See note 1 if using uncooked meat ,3/4 cup diced kimchi See note 2 ,1/4 small onion, diced ,1 scallion, chopped ,1 small carrot, finely chopped - optional ,3 tablespoons (or 4) juice from kimchi, if available ,1 tablespoon soy sauce ,1 tablespoon gochujang (Korean chili pepper paste) See note 3 ,2.5 cups cooked rice See note 4 ,oil for stir-frying ,1/2 tablespoon sesame oil ,salt and pepper to taste | [Optional] 1 teaspoon sesame seeds ,2 eggs, fried to taste ,1 sheet roasted gim (dried seaweed sheet)","[Instructions] 1) If using bacon, heat a lightly oiled large skillet over medium heat. Add the bacon pieces. Cook until the bacon is slightly browned. If you don't want all the rendered fat, remove it from the pan and add a couple of tablespoons of cooking oil. If using ham, spam or canned tuna instead of bacon, you can add it in step 2. | 2) Add the onion and scallion and stir-fry quickly over high heat. Add the kimchi, optional carrots, juice from kimchi, soy sauce and gochujang. Stir fry until the kimchi turns soft and deep in color, 3 to 4 minutes. Take the time to do this step so the rich flavors develop. If using ham, spam, or canned tuna, mix in now and continue to stir-fry for a minute or two. | 3) Add the rice and reduce the heat to medium low. Stir until everything is well incorporated, and the clumped up rice is broken up, 3 to 4 minutes. | 4) Once the rice is evenly coated with the seasoning, turn up the heat high and continue to fry the rice, turning occasionally. Add salt and pepper to taste. Mix in the sesame oil and the optional sesame seeds at the end. | 5) Top with the optional fried egg, and garnish with the optional sesame seeds, gim (dried seaweed) strips and/or chopped scallion and serve.",https://www.koreanbapsang.com/wp-content/uploads/2010/12/DSC_1106-e1454273856852.jpg,"Main, Main Course","Asian, Korean","cheap, comfort food, easy, egg, fried rice, kimchi, Korean, leftovers, pan-fried, quick, take-out",,4.75,74.0,74
Kimchi Jjigae (Kimchi Stew),"a classic Korean stew made with flavor-packed, old kimchi!",https://www.koreanbapsang.com/kimchi-jjigae-kimchi-stew/,,,,2 servings,"[Ingredients] 2 cups packed bite size kimchi fully fermented ,4 ounces fresh pork belly or other pork meat with some fat or other protein choice ,1 to 3 teaspoons gochugaru (Korean red chili pepper flakes) adjust to taste or omit ,1 teaspoon minced garlic ,1 tablespoon cooking oil ,1/2 cup juice from kimchi if available ,6 ounces tofu ,2 scallions ,salt (or a little bit of soup soy sauce or regular soy sauce) and pepper to taste","[Instructions] 1) Cut the kimchi into bite size pieces. | 2) Cut the meat into bite sizes. Slice the tofu (about 1/2-inch thick), and roughly chop the scallions. | 3) Heat a small to medium pot with 1 tablespoon of oil. Add the kimchi, pork, red pepper flakes and garlic and cook over medium high heat until the kimchi is softened and the pork cooks through, about 5 to 7 minutes. | 4) Add the kimchi juice and about 2 to 2.5 cups of water (or broth). Bring it to a boil, and continue cooking for 5 minutes. Then, reduce the heat to medium, and boil, covered, for about 15 minutes. You can add more water if necessary. | 5) Drop the tofu and scallions in. Salt (or soup or regular soy sauce) and pepper to taste. (Salt is usually not necessary, unless kimchi was lightly seasoned or kimchi juice is not available.) Boil until the tofu is cooked through, about 5 minutes. Serve while bubbling over from the heat. | [Tuna kimchi jjigae] 1) To make kimchi jjigae with no meat, follow the same steps leaving out the pork. Add one can of tuna (chamchi) with oil when adding the kimchi juice and water and boil for 10 - 15 minutes. (You can add onion slices at this point if desired.) Follow the rest of the recipe above. (Fresh or canned salmon works well too in kimchi jjigae.)",https://www.koreanbapsang.com/wp-content/uploads/2014/03/DSC5897-2-e1742780436647.jpg,Main Course,Korean,"gochujang stew, kimchi, Korean stew",,4.74,223.0,223
Kongnamul Bap (Soybean Rice Bowl),Kongnamul bap is basically rice cooked with kongnamul (soybean sprouts). Simply cook the rice with soybean sprouts and other ingredients you'd like to add for delicious Korean rice bowls!,https://www.koreanbapsang.com/kongnamul-bap-soybean-sprouts-rice-bowl/,15m,20m,35m,4 servings,"[Rice] 1.5 cups short grain rice ,1.5 cups water | [Vegetables and meat] 1 pound kongnamul (콩나물), soy bean sprouts ,4 - 6 ounces beef or pork (any tender cut) (omit for a vegan option) ,1 teaspoon minced garlic ,2 teaspoons soy sauce ,1 teaspoon rice wine or mirin ,1 teaspoon sesame oil ,1 cup thinly sliced kimchi (about 1/2 inch thick) preferably fully fermented ,2 tablespoons juice from kimchi | [Sauce (Yangnyumjang)] 4 tablespoons soy sauce ,2 teaspoons sesame oil ,1 teaspoon gochugaru, Korean red pepper flakes ,1 teaspoon sesame seeds ,1 teaspoon minced garlic ,1 teaspoon sugar ,2 - 3 scallions, finely chopped","[Instructions] 1) Rinse the rice. Drain. (This is to make sure the correct amount of water is added.) Place in a pot or rice cooker and add the exact amount of water (1:1 rice to water ratio). Let sit so the rice is soaked. Wash the soybean sprouts and drain well. | 2) Cut the meat in small pieces and lightly season with the next 4 ingredients. Cut the kimchi into thin strips (about 1/2 inch). Heat a skillet with a tablespoon of oil over medium high heat. Stir-fry the kimchi for 2 - 3 minutes, adding some juice from kimchi to intensify the flavor, if available. Add the meat and stir-fry for another minute or two. (The meat doesn't need to be cooked through.) | 3) Spread the soybean sprouts over the rice, followed by the stir-fried kimchi and meat. Start the rice cooker, or cook over the stovetop (see below). | 4) While the rice is cooking, prepare the sauce by mixing all sauce ingredients. | 5) When the rice is done, gently fluff up the rice, evenly distributing the sprouts, meat and kimchi. Serve with the sauce on the side. | [Stove top method] 1) Cover, and bring the rice to a full boil over high heat. This will take 4 to 5 minutes. Then, reduce the heat to medium. Cook for 7 minutes. Reduce the heat to low and simmer for 5 minutes.",https://www.koreanbapsang.com/wp-content/uploads/2011/12/DSC_0309.jpg,Main Course,Korean,,,4.86,34.0,34
Honghap Miyeokguk (Seaweed Soup with Mussels),"This recipe is a seafood variation of Korean seaweed soup. It's made with mussels, but you can substitute them with other seafood such as clams or shrimp.",https://www.koreanbapsang.com/miyeok-guk-seaweed-soup/,20m,35m,55m,4 servings,"[Ingredients] 1 ounce dried miyeok (seaweed), 미역 yields about 2 cups soaked ,12 to 16 fresh mussels ,1 teaspoon minced garlic ,8 cups water ,2 tablespoons soup soy sauce (gukganjang) or fish sauce ,1 tablespoon sesame oil ,salt and pepper","[Instructions] 1) Soak the dried miyeok in cold water per package instructions (usually 10 to 20 minutes) or just until it turns soft and plump. Rinse a couple of times to remove any hidden sand. Drain well and cut into bite sizes. See notes 2 and 3. | 2) Rinse the mussels in cold water. Rub a few at a time between your hands (or scrub off) to remove any debris on the shells. If you see a beard attached to the mussels, tug it out. | 3) In a large pot, sauté the miyeok with the sesame oil, soy sauce and garlic for 4 to 5 minutes over medium high heat. You can add a little bit of water it the seaweed gets too dry. | 4) Add 8 cups of water. Bring it to a boil over high heat. Lower the heat to medium, cover, and boil for about 25 minutes. | 5) Drop the mussels in. Add salt (about 2 teaspoons) and pepper to taste. Boil for an additional 5 minutes.",https://www.koreanbapsang.com/wp-content/uploads/2010/04/DSC9562-4-1.jpg,"Main, Soup, Main Course","Asian, Korean","miyeok, noodle soup, Seaweed, wakame",,4.96,21.0,21
Salmon Bulgogi,A quick and easy salmon recipe made with a bulgogi marinade,https://www.koreanbapsang.com/salmon-bulgogi/,,,,2 servings,"[Ingredients] 1 pound salmon fillet preferably with skin | [Marinade] 3 tablespoons soy sauce ,1 tablespoon rice wine (mirin) or white wine ,1 teaspoon sesame oil ,1 tablespoon lemon juice ,1 tablespoon sugar ,1 tablespoon honey (or more sugar) ,2 teaspoons roughly minced garlic ,1 teaspoon grated ginger ,black pepper to taste","[Instructions] 1) Pull the bones from the salmon if there are any. Cut the salmon fillet into about 3/4 to 1-inch thick pieces. | 2) In a medium size bowl, mix the marinade ingredients until the sugar and honey have dissolved. Coat the salmon pieces with the marinade. Marinate for 20 to 30 minutes (longer if you have time). | 3) Cook the salmon with one of these methods: (The time will vary depending on the thickness of salmon.) Broiling: Set the oven rack 6 inches below the heating element. Preheat the broiler. Place the salmon in a broiling pan lined with parchment paper or aluminum foil. Broil about 3 to 4 minutes until the salmon is cooked and slightly charred. Watch closely so as not to overcook. Baking: Preheat the oven to 450°F. Place the salmon in a baking pan lined with parchment paper or aluminum foil. Bake for 4 to 5 minutes. Pan-frying: In a preheated, lightly oiled non-stick skillet, cook for a minute or two on each side.",https://www.koreanbapsang.com/wp-content/uploads/2015/03/DSC9815-3-1-e1644441912752.jpg,Main Course,Korean,,,4.65,114.0,114
Seolleongtang (Ox bone soup),This post demystifies seolleongtang so you can make this restaurant favorite at home. A few dollars’ worth of beef bones makes lots of rich and nourishing soup.,https://www.koreanbapsang.com/seolleongtang-beef-bone-soup/,60m,300m,360m,8 servings,"[Ingredients] 3 - 4 pounds beef marrow bones (sagol, 사골), cut up You can also use cow knuckles (도가니) and/or foot (우족) ,1 - 2 pounds beef brisket or shank meat | [For serving] cooked rice ,cooked somyeon (or glasnoodles ,thinly sliced meat, cooked with the bones ,lots of chopped scallions ,salt and pepper","[Preparation] 1) Soak the bones in cold water to draw out as much blood as possible, about 1 hour (or longer if you have time). Rinse well and drain. | 2) Soak the meat in another bowl to draw out as much blood as possible, about 1 hour. Drain. Keep it in the fridge until ready to use. | [Parboiling] 1) Add the bones to a large stockpot (preferably 8 quarts or largewith enough cold water to cover. Bring it to a boil over high heat. Reduce the heat to medium, and boil for 5 minutes. | 2) Drain. Rinse the bones, and clean out the pot to remove any brown bits. Return the bones to the pot. | [Boiling] 1) Fill up the pot with cold water, leaving a little room for boiling. Bring it to a boil over high heat, and reduce the heat to medium. | 2) Cover, and boil until the broth becomes rich and milky, about 5 hours (or longer if you have time). Adjust the heat a little, if necessary, to maintain a medium boil. (On my stove, this is somewhere between medium and medium low.) Add more water (boiling hot water to maintain the cooking temperature) to cover the bones, once or twice while boiling. (This photo was taken at the 3-hour point.) | 3) Add the soaked meat (and more water if needed to submerge the meat). Boil until the meat is tender, for 1-1/2 to 2 hours. Remove the meat. Once cooled, thinly slice the meat to add to the soup when serving. Pour the broth through a colander into another pot or a large bowl to cool. | [Optional step (highly recommended)] 1) Fill up the pot with fresh water again. Bring to a boil over high heat. Reduce the heat to medium. Cover, and boil until the broth becomes rich and milky, 3 - 5 hours. Reduce the heat a little, as necessary, to maintain a moderate boil. Add more water if the liquid reduces too quickly while boiling. Pour the milky broth through a colander into the pot or large bowl that contains the first batch. You can repeat this one more time, if desired. Just mix them all at the end to even it out. | [Removing fat] 1) You can use a fat separator to remove the fat, or keep it in the fridge (or out on the deck or balcony in the winteuntil the fat solidifies to spoon off the fat. | [Serving] 1) To serve, place some rice and, if desired, noodles in a serving bowl, add the meat pieces, and then ladle the hot broth on top. Typically, chopped scallions, salt and pepper are served separately so each person can season to taste. Serve piping hot with kimchi. | [Freezing leftover] 1) Freeze leftover broth in freezer bags.",https://www.koreanbapsang.com/wp-content/uploads/2013/02/DSC5969-2-e1569820635523.jpg,"Main, Main Course",Korean,"beef, beef bones, beef brisket, bone both, knuckle bones, marrow bones, milky broth",,4.66,100.0,100
Yukgaejang (Spicy Beef Soup with Vegetables),"A hearty, spicy Korean beef soup packed with flavor!",https://www.koreanbapsang.com/yukgaejang-spicy-beef-soup-vegetables/,3m,90m,93m,4 servings,"[Ingredients] 1 ounce dried gosari, 고사리 (fernbrakes) - about 1 cup rehydrated ,1 pound beef brisket, 양지머리 (or flank steak or shank meat) ,1/2 onion (do not cut off the stem) ,8 ounces Korean radish (mu, 무), cut into big chunks - optional ,8 ounces bean sprouts (sukju, 숙주) ,3 dry shiitake mushrooms, soaked (or 2 ounces fresh shiitake or oyster mushrooms) ,2 - 3 bunches scallions (or 2 or 3 stalks of Korean daepa (large variety scallion) 2 or 3 stalks of Korean daepa (large variety scallion) | [Seasonings] 2 tablespoons sesame oil ,2 tablespoons gochugaru, 고추가루 (red chili pepper flakes) - 2.5 to 3 TB for spicier soup ,1 tablespoon minced garlic ,2 tablespoons guk ganjang, 국간장 (soup soy sauce), divided ,1 teaspoon gochujang, 고추장 (red chili pepper paste) - optional ,1 teaspoon doenjang, 된장 (soybean paste) - optional ,salt and pepper | [Optional additions] 2 eggs lightly beaten ,3 ounces dangmyeon (당면), starch noodles soaked in warm water for 20 minutes","[Instructions] 1) Add the gosari and 4 cups of water to a small pot. Boil over medium heat, covered, until tender. Mine only took about 30 minutes, but the time can vary significantly depending on gosari. Turn the heat off and let it cool in the cooking water. When ready to use, rinse in cold water and drain. Cut into 4-inch lengths, removing tough ends of the stems, if any. (See note 1.) | 2) In a large pot, bring the meat, onion, and optional radish, to a boil in 14 cups of water (see note 2 for other broth options). Reduce the heat to medium, and skim off the scum. Boil, covered, until the meat is tender enough for shredding, about 1 hour. Pull a string of meat off and check the tenderness. Let the meat cool a bit in the cooking liquid. Discard the vegetables, reserving the stock in the pot. Spoon off any visible fat. The broth should be about 7 to 8 cups. | 3) When the meat is cool enough to handle, shred into about 3 to 4-inch strips. | 4) Blanch the bean sprouts in boiling water for a minute. Wash with cold water and drain. Cut the scallions into 4-inch lengths. Thinly slice the soaked mushrooms. | 5) In a pan, heat the sesame oil until hot over low heat and stir in the chili pepper flakes. Turn the heat off as soon as the oil starts to turn red and the chili pepper flakes become a bit pasty. This only takes a few seconds. Do not burn the flakes. | 6) Add the meat, gosari, mushrooms, 1 tablespoon soup soy sauce, and garlic to the pan. Toss well to coat everything with the oiled chili pepper flakes. | 7) Add the meat and gosari mixture to the broth. Stir in 1 tablespoon of soup soy sauce, optional gochujang and doenjang, and boil over medium high heat, covered, for about 10 minutes. | 8) Throw in the bean sprouts and scallions, and boil over medium heat for another 10 minutes. Add salt (1 teaspoon or more) and pepper to taste. Within a few minutes before turning the heat, add the optional noodles. Slowly drizzle the optional eggs over the boiling soup and turn the heat off. Serve with rice. | [Instant Pot method] 1) Add the meat, onion, and optional radish to the Instant Pot along with 10 cups of water. | 2) Cook on Manual High for 30 minutes. When it's done cooking, release the pressure after 10 minutes. Remove the meat, and strain the broth. Follow the rest of the stove top recipe. Use the Sauté function for steps 7 and 8 to finish up.",https://www.koreanbapsang.com/wp-content/uploads/2014/12/DSC4727-e1649036655548.jpg,"Main, Main Course",Korean,"beef, beef brisket, beef soup, spicy, yukgaejang",,4.67,143.0,143
Dakjuk (Korean chicken porridge),"Porridge is hugely popular in Korea as a breakfast or a light meal. The chicken flavored, creamy porridge is one of the best when it comes to comfort food, especially on cold winter days!",https://www.koreanbapsang.com/dakjuk-korean-chicken-porridge/,60m,40m,50m,4 servings,"[Ingredients] 1 cup short grain rice or sweet rice glutinous rice ,6 cups chicken stock (see notes) ,1 to 1-1/2 cups pulled chicken seasoned with salt, garlic, sesame oil, pepper ,1 medium carrot ,1 celery stalk ,3 to 4 mushroom caps ,2 tablespoons sesame oil ,Optional garnishes: ,Finely chopped scallion ,Sesame seeds","[Instructions] 1) Soak the rice for about an hour, and drain. | 2) Finely chop the vegetables. | 3) Add 2 tablespoons of sesame oil to a medium size pot. Add the rice and stir-fry for a few minutes over medium heat, until the rice turns translucent. | 4) Pour the stock to the pot and bring it to a boil. Continue to cook, stirring occasionally for about 20 to 25 minutes, or until the rice is cooked and softened. Start with medium low heat, but reduce to lower heat when the stock is visibly reduced. Stir occasionally (more frequently as the stock is reduced) so the rice doesn't stick to the bottom of the pot. | 5) Stir in the vegetables, cover, and simmer for an additional 10 to 15 minutes until the vegetables are soft. You can also adjust the consistency of the porridge to your taste by adding more stock or water. | 6) Since the chicken is already cooked, stir it in during the last few minutes of simmering, leaving some to use as a garnish, if desired. You can add salt and pepper at the end or serve on the side. Serve hot with the optional garnish on top.",https://www.koreanbapsang.com/wp-content/uploads/2010/03/DSC_0061-e1544936428366.jpg,Main Course,Korean,,,4.82,104.0,104
Doenjang Jjigae (Korean Soybean Paste Stew),A staple Korean stew made with fermented soybean paste (doenjang),https://www.koreanbapsang.com/doenjang-jjigae-korean-soy-bean-paste/,20m,15m,35m,2 servings,"[Ingredients] 3 ounces pork (preferably fatty pork) shoulder, or loin (or beef) ,9 ounces tofu (dubu, 두부) ,1/2 medium zucchini (4 to 5 ounces) ,2 ounces Korean radish (mu, 무) and/or 1 small potato, sliced into 1/4-inch thick bite size pieces. ,1/4 medium onion ,1 chili pepper green or red ,1 scallion ,2 tablespoons doenjang (된장), Korean soybean paste ,1 teaspoon gochugaru (고추가루 ), Korean chili pepper flakes adjust to taste ,2 teaspoons minced garlic ,2 cups water (or anchovy broth) see note ,1 teaspoon vinegar (optional)","[Instructions] 1) Cut the tofu and zucchini into about 1-inch cubes. Cut the radish into thin small squares. Thinly slice the onion and pepper. Roughly chop the scallion. Slice the meat into thin strips. | 2) Preheat a small pot with a little bit of oil. Sauté the meat, soybean paste, and chili pepper flakes, over medium heat for 3 to 4 minutes. | 3) Add the water (or anchovy broth) and stir well to dissolve the soybean paste. Add the radish (if using a potato, add it in the next step). Boil over medium high heat for 3 to 4 minutes. | 4) Add the onion, garlic, tofu, zucchini, and chili pepper. Boil for an additional 5 to 6 minutes. Throw in the scallion pieces and add the optional vinegar with a minute or two remaining. | 5) Serve with a bowl of rice while it is still bubbling from the heat.",https://www.koreanbapsang.com/wp-content/uploads/2018/06/DSC_0672.jpg,"Main, Main Course",Korean,"doenjang jjigae, Korean stew",,4.68,282.0,282
Domi Maeuntang (Spicy Fish Stew with Red Snapper),,https://www.koreanbapsang.com/domi-maeuntang-spicy-fish-stew-with-red-snapper/,,,,2 servings,"[Ingredients] 1 whole snapper about 1-1/4 pounds ,3 little neck clams or any other small clams ,6 ounces mu, (무, Korean radish) 1 inch disk ,6 ounces tofu ,3 ounces zucchini ,1 scallion ,1 ounce ssukgat crown daisy or watercress | [Seasoning] 1-1/2 tablespoons gochugaru Korean red chili pepper flakes ,1 teaspoon gochujang Korean red chili pepper paste ,1 teaspoon doenjang Korean fermented soybean paste ,1 tablespoon fish sauce or soup soy sauce ,1 tablespoon garlic ,1 teaspoon ginger | [Other] 3 cups anchovy broth or water ,salt to taste about 1 teaspoon ,pepper to taste","[Instructions] 1) Clean the fish, remove guts, scales, and fins, if not already done by the fishmonger. Rinse and scrub the clams. Place the clams in salted water (1 tablespoon of salt in 2 to 3 cups of water) for 30 minutes or longer to get the clams to spit out the sand. | 2) Clean the vegetables. Cut the radish into bite sizes. Thinly slice the scallions and the pepper. Cut the tofu into 1/2-inch thick small pieces. | 3) In a small bowl, combine all the seasoning ingredients and mix well. | 4) Add the broth to a medium size pot along with the radish and the seasoning mix. Bring it to a boil over high heat. Cook until the radish turns soft, about 3 minutes. | 5) Drop in the fish, clams and tofu. When it comes to a boil again, reduce the heat to medium. Cook until the clams are open and the fish is almost cooked through, about 5 minutes. (Do not overcook. The fish will continue to cook in the boiling hot broth while being served and eaten.) | 6) Add the zucchini, enoki mushrooms, and scallions, and boil for a minute or two. Place the watercress or crown daisy leaves on top. Turn the heat off. Serve piping hot with the optional lemon slice on top.",https://www.koreanbapsang.com/wp-content/uploads/2018/04/DSC_2704-2.jpg,"Main, Main Course",Korean,"fish, gochujang stew, spicy, stew",,4.66,29.0,29
Dubu Kimchi (Tofu with Stir-fried Kimchi and Pork),"Kimchi is stir-fried with pork and served with sliced tofu that has been boiled, steamed, or pan-fried.",https://www.koreanbapsang.com/dubu-kimchi-tofu-with-stir-fried-kimchi/,10m,10m,20m,2 servings,"[Ingredients] 2 cups fully fermented kimchi ,1/2 pound thinly sliced pork or pork belly ,1/2 onion ,2 scallions ,1 teaspoon grated ginger ,1 tablespoon minced garlic ,1 tablespoon soy sauce ,1 tablespoon sugar ,1 tablespoon sesame oil ,2 - 3 tablespoons gochujang (고추장), Korean red chili pepper paste ,1 teaspoon sesame seeds ,pinch pepper ,1 18- oz package tofu","[Instructions] 1) Cut kimchi and pork into bite sizes. Thinly slice onion and scallions. In a large bowl, combine kimchi, pork, onion, scallions and the remaining ingredients and mix well. Let it stand for 15 minutes. | 2) In a medium size pot, bring about 4 cups of water to a boil. Cut the tofu into two blocks. Reduce the heat to medium high, and add the tofu. Gently boil for 5 minutes. Carefully transfer the tofu to a colander to drain. Cut each block into about 1/2-inch thick slices. | 3) Heat a large pan over medium high heat and add the kimchi and pork mix. Cook until the kimchi becomes soft, the pork is cooked through, and most of the liquid generated during the cooking process is evaporated, about 5 - 6 minutes. | 4) Arrange the tofu slices nicely on a plate leaving an open space in the middle part. Place the stir-fried kimchi and pork in the middle and serve. Or, you can serve the stir-fried kimchi and tofu side by side.",https://www.koreanbapsang.com/wp-content/uploads/2010/10/DSC_0220-e1538018529430.jpg,"Appetizer, Main Course, Side Dish",Korean,"kimchi, Korean, pork, stir-fried, tofu",,4.85,40.0,40
Egg Fried Rice (Gyeran Bokkeumbap),A simple fried rice made with eggs and scallions!,https://www.koreanbapsang.com/egg-fried-rice-gyeran-bokkeumbap/,,,,2 servings,"[Ingredients] 2 servings of rice about 3 cups cooked rice ,3 large eggs ,3 to 4 scallions or 1 Korean large scallion, daepa 대파, finely chopped (about 1 cup) ,vegetable or canola oil for frying ,1 tablespoon soy sauce ,salt and pepper ,1/2 tablespoon sesame oil ,1/2 teaspoon sesame seeds","[Instructions] 1) Finely chop the scallions. | 2) Crack and beat the eggs in a bowl with chopsticks or a fork. | 3) Heat a large skillet over medium high heat with 2 tablespoons of oil. Add ⅔ of the scallions, and stir fry until the scallions turn soft and fragrant. | 4) Reduce the heat to medium low and add the eggs, and gently stir to scramble until the eggs are set but still a bit runny. Transfer to a plate. | 5) Turn the heat up to medium high. Add 2 tablespoons of oil, and stir in the remaining scallions until the scallions turn soft and fragrant. Stir in 1 tablespoon of soy sauce. | 6) Add the rice, and fry the rice, stirring well and breaking up the clumped up rice, until well toasted. | 7) Return the eggs to the pan and mix well with the rice, breaking up the eggs. Add salt and pepper to taste, sesame oil, and sesame seeds.",https://www.koreanbapsang.com/wp-content/uploads/2017/04/DSC_1939-2.jpg,Main Course,Korean,,,4.73,36.0,36
Flank Steak Bulgogi,"Korean beef bulgogi can be made with any good quality cut of meat. Flank steak is full of beefy flavor, but somewhat tough. This marinade with some juice from a can of pineapple quickly tenderizes the flank steak.",https://www.koreanbapsang.com/flank-steak-bulgogi/,20m,10m,30m,6 servings,"[Ingredients] 1 flank steak about 1.5 to 2 pounds ,2 scallions roughly chopped | [Marinade] 5 to 6 tablespoons soy sauce ,3 tablespoons sugar ,2 tablespoons rice wine or mirin or white wine ,4 tablespoons juice from a can of pineapple use 100% juice ,1 tablespoon minced garlic ,1 to 1-1/2 teaspoons finely grated ginger ,2 tablespoons sesame oil ,2 teaspoons sesame seeds ,⅛ teaspoon pepper","[Instructions] 1) Slice the meat (about ⅓ to ¼-inch thick) against the grain at a steep angle. | 2) Combine all the marinade ingredients in a bowl, and mix well. | 3) Add the meat and scallions and mix well until evenly coated. Marinate at least for 1 hour. | 4) Heat a grill pan or a skillet over high heat and add the meat slices. Lower the heat as necessary. The marinade may burn if the heat is too high. Cook until the meat is cooked through and slightly caramelized, one to two minutes each side.",https://www.koreanbapsang.com/wp-content/uploads/2017/08/DSC_1876-150x150-1.jpg,"Main, Main Course",Korean,bulgogi,,4.68,55.0,55
Gamjaguk (Potato Soup),"a hearty Korean potato soup made with beef, tofu and noodles!",https://www.koreanbapsang.com/gamjaguk-potato-soup/,,,,4 servings,"[Ingredients] 4 ounces beef (chuck, loin, brisket, etc.) ,1 tablespoon gukganjang (soup soy sauce) ,2 teaspoons minced garlic ,12 to 14 ounces potatoes 2 or 3 medium ,8 ounces tofu ,3 ounces dangmyeon (sweet potato starch noodles) soaked in warm water for 20 minutes ,2 scallions 1 if large ,salt and pepper to taste","[Instructions] 1) Thinly slice the beef into short strips and mix with the soup soy sauce and garlic. Cut the potato in half lengthwise, and slice into half-moon shapes (about ⅓ - inch thick). Slice the tofu into 1/2-inch thick pieces. Cut the scallions into 1-inch lengths. | 2) In a medium pot, sauté the beef until all the pieces turn brown. | 3) Pour in 6 cups of water, and bring it to a boil. Skim off the foam. Reduce the heat to medium high and continue to boil, covered, for 5 minutes. | 4) Add the potatoes, tofu, and salt (about 1 teaspoon) and pepper to taste. Bring it to a boil, and cook until potatoes are cooked, about 5 minutes. Be careful not to overcook the potato. Drop the the noodles and scallions in, and boil for an additional minute or two.",https://www.koreanbapsang.com/wp-content/uploads/2017/02/DSC_1814-150x150-1.jpg,Main Course,Korean,,,4.59,36.0,36
Gul Tteokguk (Oyster Rice Cake Soup),Korean rice cake soup made with oysters!,https://www.koreanbapsang.com/gul-tteokguk-oyster-rice-cake-soup/,10m,20m,30m,2 servings,"[Ingredients] 8 (to 10) ounces rice cake slices tteokguk tteok, 떡국떡 ,1 3-inch square dried kelp dashima - optional ,1 tablespoon soup soy sauce gukganjang 국간장 or fish sauce ,1 teaspoon minced garlic ,6 (to 8) ounces small shucked oysters ,1/2 scallion thinly sliced ,salt and pepper to taste | [Optional Garnish] 1 egg for jidan egg garnish ,1/4 sheet roasted gim nori, cut into thin, short strips with kitchen shears","[Instructions] 1) Soak the rice cakes in cold water for 10 to 20 minutes. | 2) Clean the oysters by gently swishing around in salted water. Drain. Rinse again in clean water and drain again. | 3) Add 6 cups of water and the optional dried kelp to a medium size pot. Bring it to a boil, and continue to boil for 5 minutes. | 4) To make the optional egg garnish (jidan), separate the egg. Lightly beat the white by gently cutting it with a spoon. Stir the yoke with a spoon until smooth. Heat a lightly oiled nonstick skillet over medium low heat. Pour each egg part into a thin layer, tilting the skillet and/or spreading with a spoon. Cook each side briefly until no visible liquid remains. (Do not brown the egg.) Slice into small diamond shape pieces or short thin strips. | 5) Remove the kelp if used. Add the rice cake slices, garlic and soup soy sauce (or fish sauce), and cook until very soft. | 6) Drop the oysters in. Cook for a couple of minutes after the soup comes to a boil again. Season with salt and pepper to taste. Remove the scum. Ladle the steaming soup into individual bowls and top with the scallion and the optional egg and gim strips.",https://www.koreanbapsang.com/wp-content/uploads/2018/01/DSC_2679-1-150x150-1.jpg,Main Course,Korean,,,5.0,3.0,3
Gulguk (Oyster Soup),"Simple, refreshingly clear, and briny soup made with oysters!",https://www.koreanbapsang.com/gulguk-oyster-soup/,,,,3 servings,"[Ingredients] 8 to 12 ounces shucked oysters ,1 pound Korean radish mu, 무 ,1 scallion ,1 small piece dried kelp dashima, 다시마 (about a 3-inch square) - optional ,1 teaspoon minced garlic ,1 tablespoon soup soy sauce (or you can just use salt to taste) ,Salt and pepper","[Instructions] 1) Clean the oysters by gently swishing around in salted water. Drain. Rinse again in clean water and drain again. | 2) Cut the radish into thin, bite size pieces (about 1-inch square, 1/4-inch thick). Thinly slice the scallions crosswise and slightly diagonally. | 3) Add 6 cups of water, the radish and optional dried kelp to a medium size pot. Bring it to a boil over high heat. Reduce the heat to medium high, and cook until the radish is softened, about 5 minutes. | 4) Remove the kelp if used, and drop the oysters in. Add the garlic, and season with salt (about 1 teaspoon) and pepper to taste. Cook for another minute after the soup comes to a boil again. Do not overcook oysters. Remove the scum. Drop the scallions in right before turning off the heat.",https://www.koreanbapsang.com/wp-content/uploads/2017/02/DSC_1831-150x150-1.jpg,Main Course,Korean,,,4.45,9.0,9
Instant Pot Kimchi Jjigae (Stew),This Instant Pot adaptation of the classic Korean stew made with kimchi is so flavorful and rich! The texture of the kimchi turns out nice and soft in a fraction of the time.,https://www.koreanbapsang.com/instant-pot-kimchi-jjigae-stew/,,,,4 servings,"[Ingredients] Ingredients: ,1-1/2 pounds well fermented kimchi about 3 cups of cut kimchi packed ,8 ounces fatty pork or beef ,1 tablespoon sesame oil ,1 to 3 teaspoons Korean red chili pepper flakes gochugaru - adjust to taste ,1/2 cup juice from kimchi if available ,2 cups of water* 1/2 cup more if not using kimchi juice ,1 tablespoon soup soy sauce ,1 tablespoon minced garlic ,8 ounces tofu ,2 scallions ,black pepper to taste ,1 to 2 teaspoons of sugar - optional","[Instructions] 1) Cut the meat and kimchi into bite sizes. Slice the tofu (about 1/2-inch thick), and roughly chop the scallions. | 2) Push the Saute button of the Instant Pot. When it becomes hot, add the pork and kimchi along with the sesame oil and red pepper flakes until the kimchi is slightly softened and pork is no longer pink, about 5 minutes. | 3) Add the kimchi juice, water, soup soy sauce, and garlic. Lock the lid, change it to the Soup mode, and adjust the time to 10 minutes. Set the steam valve to “Sealing”. | 4) When the Instant Pot beeps, turn the steam valve to “Vent” to quick release the pressure. Open the lid, and add tofu and scallions. Push the Saute button again, and boil for an additional 5 minutes or longer until the kimchi reaches the desired tenderness.",https://www.koreanbapsang.com/wp-content/uploads/2018/05/DSC_2014-e1547701382767.jpg,Main Course,Korean,,,4.63,90.0,90
Instant Pot Spicy Galbijjim (Braised Beef Short Ribs),"Succulent, spicy, and fork-tender Korean beef short ribs pressure cooked in the Instant Pot! Fast and delicious!",https://www.koreanbapsang.com/instant-pot-spicy-galbijjim-braised-short-ribs/,,,,4 servings,"[Ingredients] 3.5 to 4 pounds English cut beef short ribs, galbi (갈비) ,8 ounces Korean radish, mu (무) cut into large chunks ,1 medium carrot cut into large chunks ,3 to 4 dried shiitake mushrooms briefly soaked and quartered | [Braising liquid] 1/2 medium Korean/Asian pear ,1/2 medium onion ,8 plump garlic cloves ,1 inch long ginger piece ,1/2 cup soy sauce ,4 tablespoons rice wine (or mirin or dry white wine) ,3 to 4 tablespoons gochugaru (고추가루) ,2 tablespoons gochujang (고추장) ,2 tablespoons sugar ,2 tablespoons honey (or sugar) Use 1 TB more if you like it sweeter ,pepper to taste | [Other additions and garnishes] 1 tablespoon sesame oil ,2 scallions roughly chopped (and some finely sliced for optional garnish) ,sesame seeds - optional","[Instructions] 1) Trim off any thick layer of surface fat. Place the ribs in a large bowl with enough water to cover all the ribs. Add a couple of tablespoons of sugar and stir until dissolved. Let the ribs soak for about 30 minutes. Drain and rinse the ribs. Drain well while preparing the other ingredients. | 2) In a small blender, blend the pear, onion, garlic, and ginger well. You can separately grate them if you want. Transfer to a bowl. Mix it with the remaining braising liquid ingredients. | 3) Place the short ribs in the pot, and add the vegetables. | 4) Pour the braising liquid over. Toss everything well to coat the ribs evenly. Close the lid tightly. Press the “Meat” function, and using the “+” button, set the time to 35 minutes (or 40 minutes for fall off the bone tender meat). Make sure the pressure switch is turned to “sealing”. When finished, the Instant Pot will automatically turn to the “Keep Warm” mode. Leave the pressure cooker alone for 10 to 15 minutes before releasing the remaining pressure and opening the lid. You can leave it longer if you want. | 5) Stir in the scallion and the sesame oil. Remove the meat and vegetables from the pressure cooker. Spoon off the fat. Pour the sauce over the ribs to serve. You can also cool it in the fridge or freezer until the fat solidifies to spoon off, and then reheat the sauce. Garnish with the optional scallions and sesame seeds.",https://www.koreanbapsang.com/wp-content/uploads/2018/07/DSC_1297.jpg,"Main, Main Course",Korean,"beef short ribs, braised, galbijjim, kalbijjim",,4.59,134.0,134
Jjolmyeon (Spicy Chewy Noodles,"Chewy, bouncy noodles in a sweet and tangy gochujang sauce with lots of fresh, crunchy vegetables!",https://www.koreanbapsang.com/jjolmyeon-spicy-chewy-noodles/,,,,2 servings,"[Noodles and Vegetables] 14 ounces jjolmyeon 쫄면 (refrigerated or frozen) ,6 ounces kongnamul 콩나물(soybean sprouts), ,3 ounces green cabbage ,1 ounce of red cabbage optional ,1/2 carrot ,1/2 small cucumber ,1 hard boiled egg | [Sauce] 1 tablespoon gochugaru 고추가루, (preferably finely ground) ,2 tablespoons gochujang 고추장 ,1 tablespoon cornsyrup oligodang , 올리고당 ,1 tablespoon sugar ,2 tablespoons vinegar ,1 tablespoon soy sauce ,2 tablespoons pineapple juice or maesilcheong , 매실청, apple juice, or lemon soft drink ,1 teaspoon minced garlic ,1 tablespoon sesame seeds preferably finely ground ,pinch salt ,1 tablespoon sesame oil","[Instructions] 1) Combine all the sauce ingredients in a small bowl, and mix well. | 2) Bring 2 cups of water to a boil, and add the soybean sprouts. Close the lid, and cook for 3 to 4 minutes. Quickly transfer the sprouts to a bowl of cold water to cool, saving the cooking liquid, which can be used as a soup. (See note.) Drain the sprouts. | 3) Thinly slice the cabbages, and cut the carrot and cucumber into matchsticks. | 4) Bring a medium pot of water to a boil. Cook the noodles according to the package instructions (usually about 5 minutes). Drain quickly and rinse in icy cold water until the noodles are very cold. Make two one-serving size mounds. Place the mounds in a colander to drain. | 5) Place the noodles in the middle of a serving bowl and nicely arrange the cold vegetables over the noodles. The sauce can be served on top or separately. You can also mix the noodles and vegetables with the sauce before serving. Place a half of the boiled egg on top to serve.",https://www.koreanbapsang.com/wp-content/uploads/2017/09/DSC_1865-1-e1504624287278.jpg,Main Course,Korean,,,4.87,15.0,15
Korean Curry Rice,Easy Korean-style curry rice,https://www.koreanbapsang.com/korean-curry-rice/,,,,4 servings,"[Ingredients] 8 ounces beef or pork or chicken ,1 medium onion ,1 teaspoon minced garlic ,1/2 teaspoon grated ginger ,2 medium potatoes ,1 large carrot ,4 caps white mushrooms - optional ,1/2 green bell pepper - optional ,1/2 package of instant curry roux use a couple more cubes for a thicker sauce ,4 cups water or low sodium chicken broth ,4 servings of cooked rice","[Instructions] 1) Cut the meat into small bite size pieces. Lightly sprinkle with salt and pepper. Dice the onion, and cut the other vegetables into bite size chunks. | 2) Heat a large pot with a tablespoon of oil. Add the onion, and stir-fry until it turns translucent and light brown. | 3) Add the meat, garlic and ginger, and cook until the meat is no longer pink. | 4) Add the remaining vegetables and stir fry until potatoes turn translucent and partially cooked. | 5) Pour the water (or chicken broth) into the pot. Bring it to a boil, and continue to boil for about 10 minutes until the meat becomes tender. | 6) Break up the curry roux into small cubes. Drop them in, and stir well to dissolve. | 7) Reduce the heat to medium low, and gently boil until the sauce is thickened. Serve over steamed rice. Add more water if too thick.",https://www.koreanbapsang.com/wp-content/uploads/2017/04/DSC_1987-150x150-1.jpg,Main Course,Korean,,,4.87,36.0,36
Ojingeo bokkeum (spicy stir-fried squid),"Ojingeo bokkeum is a spicy stir-fried squid. If you love squid and spicy food, this flavor packed dish is easy to make with a few Korean staple ingredients.",https://www.koreanbapsang.com/ojingeo-bokkeum-korean-spicy-stir-fried/,20m,10m,30m,2 servings,"[Ingredients] 1 medium size squid about 14 ounces ,1/2 medium carrot ,1/2 medium onion ,1/2 medium zucchini ,2 scallions ,1 tablespoon vegetable oil ,1 tablespoon sesame oil | [Sauce] 2 tablespoons Korean chili pepper paste gochujang ,1 tablespoon Korean chili pepper flakes gochugaru - 1 or 2 teaspoons more for a spicier dish ,1-1/2 tablespoons soy sauce ,1 tablespoon sugar ,1/2 tablespoon corn syrup or 1 more teaspoon sugar ,1 tablespoon minced garlic ,1 teaspoon minced ginger ,1 teaspoon sesame seeds ,pinch black pepper","[Instructions] 1) Combine all of the sauce ingredients in a small bowl. | 2) Clean the squid (see note). Cut the body into about 3/4-inch rings (or slit the body open and cut into 3/4-inch wide, 2-inch long bite size pieces). Do not make the pieces too small as they will shrink when cooked. Cut the tentacles into the same lengths. See note if you want to score the squid. | 3) Mix the squid with the seasoning mix and marinate while preparing vegetables. | 4) Slice the onion. Cut the zucchini and carrot into half lengthwise and thinly slice into 2-inch long pieces. Cut the scallions 2-inches long. | 5) Heat a large skillet over high heat and add the vegetable oil. Add the carrots, followed by the onions, zucchini, and then the scallions. Stir fry the vegetables quickly only until they start to wilt, about 2 minutes. | 6) Push the vegetables to the sides of the skillet. Add the marinated squid and any remaining sauce to the center of the skillet. Stir fry just until the squid pieces curl up and turn opaque (about 2 minutes). | 7) Stir to mix the vegetables and the squid well for a minute. Drizzle the sesame oil over. (Do NOT overcook the squid. The squid will get tough.) Serve warm with a bowl of rice or on top of rice.",https://www.koreanbapsang.com/wp-content/uploads/2018/12/DSC_0047.jpg,"Side Dish, Main Course",Korean,"carrot, Korean, onion, scallion, spicy, squid, stir-fried, zucchini",,4.72,52.0,52
Pressure Cooker Braised Oxtail (Kkorijjim),Pressure cooker Korean braised oxtail (kkorijjim) - flavorful and fork tender!,https://www.koreanbapsang.com/pressure-cooker-braised-oxtail-kkorijjim/,,,,4 servings,"[Ingredients] 3 to 4 pounds oxtail ,1/2 medium onion cut into large chunks ,1 to 2 carrots cut into large chunks ,3 to 4 dried shiitake mushrooms briefly soaked and quartered (omit if unavailable) | [Braising liquid] 1/2 cup soy sauce ,1/2 cup rice wine or mirin or dry white wine ,1/2 medium Korean/Asian pear, grated or 1 bosc pear or apple ,2 tablespoons minced garlic ,2 teaspoons grated ginger ,2 tablespoons sugar ,2 tablespoons honey (or more sugar) adjust to taste ,2 to 3 tablespoons maesil cheong (Korean plum extract) - optional You can reduce sugar or honey by a teaspoon if using and don't want to increase sweetness ,pepper to taste | [Other additions and garnishes] 1 tablespoon sesame oil ,2 scallions roughly chopped (and some finely sliced for optional garnish) ,sesame seeds - optional","[Instructions] 1) Trim off excess fat. Rinse the oxtail pieces and let them sit in cold water for 10 to 20 minutes to draw out excess blood. Drain well, and pat dry with paper towels. | 2) Press the “Saute” button on the Instant Pot. When the pot is hot, add 1 tablespoon of canola or vegetable oil. Sear the oxtail pieces in two batches, browning all sides. (Alternatively, Place the oxtail in the Instant Pot, add 2 cups of water and cook for 3 minutes on the Manual setting. Quick release the steam, discard the cooking liquid, and rinse the oxtail pieces and the pot.) | 3) Mix together the braising liquid ingredients. Place the oxtail pieces in one layer in the pot, and pour the braising liquid over. | 4) Add the vegetables. | 5) Close the lid tightly. Press the “Meat” function, and using the “+” button, increase the time to 45 minutes (50 for extra tender meat). When finished, the Instant Pot will automatically turn to the “Keep Warm” mode. Leave the pressure cooker alone for about 10 minutes before opening the lid. | 6) Remove the meat and vegetables from the pressure cooker. Strain the cooking liquid into a bowl to skim off the fat. I use a fat separator. (See note.) At this point, you can reduce the sauce in the Instant Pot using the Saute function if desired. Return the oxtail to the pot, and stir in the scallion and the sesame oil. Serve with the optional garnish.",https://www.koreanbapsang.com/wp-content/uploads/2017/03/DSC_1834-150x150-1.jpg,Main Course,Korean,,,4.49,93.0,93
Pressure Cooker Dak Bokkeumtang (Korean Spicy Chicken Stew),"Classic Korean chicken dish that’s adapted for the pressure cooker! You’ll love how quick this juicy, flavorful dish is.",https://www.koreanbapsang.com/pressure-cooker-dakbokkeumtang-korean-spicy-chicken-stew/,,,,4 servings,"[Ingredients] 2.5 pounds bone-in chicken parts cut into small pieces (excess fat removed) ,6 ounces potatoes cut in big chunks (or mini potatoes) ,1/2 medium onion cut in big chunks ,2 small carrots cut in big chunks (or baby carrots) ,2 scallions or a few stalks of garlic chives | [Sauce] 3 tablespoons gochugaru ,3 tablespoons sugar ,2 tablespoons gochujang ,1/2 tablespoon doenjang ,2 tablespoons rice wine ,4 tablespoons oyster sauce or soy sauce ,1 tablespoon minced garlic ,1 teaspoon grated ginger ,black pepper to taste ,1/4 cup water or chicken broth ,1 tablespoon sesame oil ,1 teaspoon sesame seeds","[Instructions] 1) Combine the sauce ingredients except sesame oil and seeds, and mix well. | 2) Rinse the chicken pieces, drain, and pat dry with paper towels. | 3) Press the “Saute” button on the Instant Pot. When the pot is hot, add 1 tablespoon of canola or vegetable oil. Sear the pieces in two batches. | 4) Place all the chicken pieces in the pot, and add the potatoes, onion, and carrots. Pour the sauce over, and mix well to evenly coat the chicken and vegetables. | 5) Close the lid tightly, and seal the vent. Press the “poultry” function, and using the “+” or “-” button, adjust the time to 10 minutes. When finished, the Instant Pot will automatically turn to the “Keep Warm” mode. Turn the pressure valve to “venting” to quickly release the pressure. Open the lid. | 6) Stir in the scallion (or garlic chives) and the sesame oil and sesame seeds. If you want, remove the meat and vegetables from the pressure cooker, turn the Instant Pot Saute function back on, and reduce the sauce to the desired level with the lid open.",https://www.koreanbapsang.com/wp-content/uploads/2018/03/DSC_2793-1.jpg,Main Course,Korean,,,4.68,147.0,147
Pressure Cooker Nurungji Baeksuk (Boiled Chicken with Rice),"Pressure cooker nurungji baeksuk -- tender, moist boiled chicken with creamy rice porridge!",https://www.koreanbapsang.com/pressure-cooker-nurungji-baeksuk-boiled-chicken-rice/,,,,4 servings,"[Ingredients] 1 whole chicken 3 to 4 pounds ,1-1/2 cups sweet rice glutinous rice, chapssal (찹쌀) ,1 large scallion daepa, 대파 ,5 plump garlic cloves ,2 thin slices of ginger about 1 inch round ,Salt and pepper ,4 cups water or 2 cups good quality chicken stock and 2 cups of water","[Instructions] 1) Trim off the excess fat from the chicken. You can also skin the chicken for less fat. | 2) Rinse the sweet rice, drain, and add to the pressure cooker/Instant Pot. | 3) Place the chicken on top of the rice. Add the scallion, garlic and ginger along with 4 cups of water (or 2 cups of chicken stock and 2 cups water). | 4) Close the lid tightly. Press the “poultry” function, and using the “-” button, decrease the time to 25 (if close to 4 pounds) minutes. When finished, the Instant Pot will automatically turn to the “Keep Warm” mode. Leave the pressure cooker alone for about 10 to 15 minutes before opening the lid. | 5) Remove the chicken. You can turn the instant pot back on for an additional 5 minutes if you want thicker nurungji. Let it sit for about 10 minutes before scraping off the nurungji. Remove ginger and scallion. You can remove the garlic cloves as well, if desired.",https://www.koreanbapsang.com/wp-content/uploads/2017/09/DSC_1871-150x150-1.jpg,Main Course,Korean,,,5.0,21.0,21
Samgyetang (Ginseng Chicken Soup),"A classic Korean chicken soup made with a small, whole chicken and ginseng.",https://www.koreanbapsang.com/samgyetang/,20m,50m,70m,2 servings,"[Ingredients] 1 Cornish hen (about 1.5 pounds) ,1 fresh ginseng root (or dried ginseng, rehydrated) See note 1 ,3 tablespoons sweet rice (2 to 3 tablespoons more to boil with liquid if desired) -- soaked for 1 hour (yields about 4 tablespoons soaked) - see note 2 ,5 - 6 plump garlic cloves ,2 thin ginger slices (about 1 inch) ,2 to 3 jujubes, daechu (대추) ,1 scallion white part ,5 to 6 cups of water (or good quality chicken stock) ,2 scallions finely chopped, to garnish ,salt and pepper to taste","[Instructions] 1) Clean the chicken. Do not cut off the neck and/or tail, if they are still attached. They help keep the rice inside the cavity. Place the cleaned chicken on a cutting board or a large plate. Clean the inside of the cavity with a paper towel to remove any blood. Fold the attached neck into the cavity to close the hole. | 2) Stuff the cavity with the sweet rice and a couple of garlic cloves, leaving room (about 1/4 of the cavity) for the rice to expand as it cooks. You can also cut off some offshoots of the ginseng and add to the cavity if you like. | 3) To keep the rice inside the cavity while being cooked, use of one of these two methods: (1) Make a small cut through the thick skin part between one thigh and the cavity opening, but not too close to the edge. Then, use your finger to expand the hole enough to fit the end part of a leg. Bring the other leg over, and insert the end part through the hole to keep the legs crossed together, tucking the tail in to close the opening (see the photos above); or (2) Simply cross the legs and tie together with kitchen twine. Tightly close the cavity with a toothpick if necessary. | 4) In a medium size pot, place the chicken and add 5 to 6 cups (or enough to cover most of the chicken) of water or chicken stock. Add the garlic, ginger, jujubes, and ginseng. If the chicken came with the neck that's been cut off, add to the pot. Also add the extra sweet rice to thicken the soup or in a herb bag to cook separately, if desired. | 5) Bring it to a boil over medium high heat. Skim off the foam on top. Cover, and boil for 15 minutes. You can add more water/broth if needed. Reduce the heat to medium low and boil, covered, for about 25 minutes, depending on the size of the chicken. Turn the heat off and rest the chicken in the pot for about 10 minutes. See note 3. | 6) Serve piping hot with the chopped scallions and salt and pepper on the side so each person can season to taste.",https://www.koreanbapsang.com/wp-content/uploads/2018/08/DSC_5131-e1563515692375.jpg,Main Course,"Asian, Korean","chicken, cornish hen, ginseng, ginseng chicken soup, noodle soup, samgyetang",,4.64,61.0,61
Tonkatsu (Donkkaseu),"Crispy, crunchy panko breaded, deep-fried pork cutlet!",https://www.koreanbapsang.com/tonkatsu-donkkaseu/,20m,10m,30m,4 servings,"[Ingredients] 4 pork loin chops about 1/2 inch thick ,1 tablespoon grated ginger ,salt and pepper ,2 eggs or 1 extra large egg, beaten ,4 tablespoons all purpose flour ,1 cup panko bread crumbs ,oil for frying ,1/4 head green cabbage ,1 lemon - optional for cabbage and garnish ,few cucumber slices - optional ,bottled tonkatsu sauce","[Instructions] 1) Trim off fat from the pork. Make a few slits without cutting through the meat. Then pound the meat with a meat pounder until desired thinness is achieved. See note. | 2) Squeeze out the juice from the grated ginger and drizzle over the meat, and lightly sprinkle with salt and pepper. | 3) Thinly slice the cabbage leaves, and soak in cold water with a couple of slices of lemon. Drain well before serving. | 4) Place the flour and breadcrumbs in two separate plates, and the egg in a shallow bowl. | 5) Dredge the meat in flour, shaking off excess flour. Dip in the egg, and then dredge in the breadcrumbs, pressing down gently on the meat for a good coating of breadcrumbs. Repeat for the remaining pieces. | 6) Add 4 cups of oil to a deep fryer, wok or a deep pan. Heat over high heat to 325°F. Drop the meat in the oil. Do not fry more than 2 pieces at a time. Cook until lightly golden brown, flipping once, about a minute each side. The cooking time will depend on the thickness of the meat. | 7) Remove, and drain on a wire rack or a paper towel. Reheat the oil to 325°F. Add the meat and deep fry again for a minute until lightly golden brown. Drain on a wire rack or drain on paper towel again. | 8) Cut each cutlet into small pieces and serve on plate with cabbage slaw with the optional lemon and cucumber slices for garnish. Serve hot with the katsu along with rice and kimchi, if desired.",https://www.koreanbapsang.com/wp-content/uploads/2017/06/DSC_1903-150x150-1.jpg,"Main, Main Course","Asian, Japanese, Korean","deep fried, pork, pork cutlet, tonkatsu",,4.8,10.0,10
Bulgogi Jeongol (Hot Pot),A Korean hot pot made with sweet and savory bulgogi and lots of vegetables!,https://www.koreanbapsang.com/bulgogi-jeongol-hot-pot/,,,,4 servings,"[Ingredients] 1 pound thinly sliced beef rib eye or top sirloin - see note | [For the Marinade] 3 tablespoons soy sauce ,1 tablespoon sugar ,1 tablespoon honey or use more sugar ,1 tablespoon cooking rice wine (Mirim or Mirin) ,1 tablespoon garlic ,1 tablespoon sesame oil ,3 tablespoons grated Korean/Asian pear or apple ,⅛ teaspoon pepper | [For the Broth (see note)] 3 x 3 inches dried kelp dashima ,3 ounces Korean radish cut into big chunks ,1/4 onion ,1 tablespoon soup soy sauce ,Salt and pepper to taste | [For the vegetables] 1 small carrot ,2 large napa cabbage leaves or green cabbage or bok choy ,1/2 medium onion ,4 ounces assorted mushrooms button, shiitake, oyster, crimini, enoki, etc. ,2 to 3 scallions ,2 to 3 ounces minari water dropwort or watercress ,1 red chili pepper - optional | [For the optional noodles] 3 ounces of sweet potato noodles dangmyeon, soaked in warm water for 20 minutes","[Instructions] 1) Mix all the marinade ingredients in a large bowl. If using packaged pre-sliced meat, run a knife through it to cut into smaller pieces. Add the meat to the marinade. Toss gently, with hands, to mix everything well. Marinate while preparing the other ingredients. | 2) Put 5 cups of water and the broth vegetables in a medium size pot. Bring it to a boil over high heat. Reduce the heat to medium and continue to boil for about 15 minutes. Discard the vegetables. Season with the soup soy sauce, salt and pepper to taste. | 3) Cut the cabbage and carrot into thin, bite size pieces. Thinly slice the onion and mushrooms. Cut the scallions and minari in similar lengths. | 4) Using a wide, shallow pot, neatly arrange the bulgogi and vegetables in clusters. Add the optional noodles. Pour in 2 to 3 cups of broth and cook over high heat, separating the bulgogi pieces. Depending on the pot size, you can cook in two batches or add more broth and any remaining ingredients while eating if you’re cooking at the table.",https://www.koreanbapsang.com/wp-content/uploads/2016/11/DSC_1922-150x150-1.jpg,"Main, Main Course",Korean,,,4.85,13.0,13
Chogyetang (Chilled Chicken Soup),Tangy and refreshing Korean chilled chicken soup served with shredded chicken and vegetables,https://www.koreanbapsang.com/chogyetang-chilled-korean-chicken-soup/,,,,2 servings,"[Ingredients] 8 ounces boneless skinless chicken breast or thigh (fat removed) ,32 ounces 1 quart chicken stock (preferably good quality, low sodium) ,1/4 medium onion ,1 or 2 scallion white parts ,4 to 5 garlic cloves ,1 thin ginger slice 1-inch round - optional | [Seasoning for the stock] 2 tablespoons vinegar ,2 tablespoons lemon juice ,1-1/2 tablespoons sugar or more to taste ,2 teaspoons hot mustard paste or more to taste, geoja (겨자) ,2 teaspoons soup soy sauce ,1 to 2 teaspoons salt 2 teaspoons or more to taste if used low sodium stock | [Optional blended sesame seeds] 1/4 cup roasted sesame seeds | [Seasoning for chicken] 1/2 teaspoon salt ,pinch pepper ,1 teaspoon sesame oil ,1/2 teaspoon minced garlic | [Vegetables] 1 small cucumber ,2 teaspoons vinegar ,2 teaspoons sugar ,1/2 teaspoon salt ,3 ounces red cabbage ,1/4 red bell pepper | [Optional Noodles] 2 servings buckwheat noodles","[Instructions] 1) Pour the chicken stock into a medium size pot. Add onion, scallion, garlic, and ginger. Bring it to a boil over medium high heat. Add the chicken breast, and when it comes to a boil again, reduce the heat to medium low. Cover, and continue to boil for about 8 -10 minutes. | 2) Turn the heat off and remove the chicken to a bowl. Place the pot in an ice bath to cool. Strain the stock, and discard the aromatic vegetables. The stock should be about 3-1/2 cups. Stir in all the seasoning ingredients, and keep it in the freezer to chill, preferably until it becomes slushy. | 3) If using the sesame seeds, blend the seeds in 1 cup of the chicken stock. Add to the prepared stock before putting it in the freezer. | 4) When the chicken is cool enough to handle, shred and lightly season with salt, pepper, sesame oil, and minced garlic. Refrigerate while preparing the vegetables. | 5) Thinly slice the cucumber, and mix well with the vinegar, sugar, and salt. Set it aside. | 6) Thinly slice the red cabbage and red bell pepper. If serving with the noodles, cook the noodles according to the package instructions. Be sure to rinse them in icy cold water, and drain. | 7) To serve, arrange the chicken, vegetables, and noodles, if using, in a serving bowl, and ladle the icy cold broth over.",https://www.koreanbapsang.com/wp-content/uploads/2016/08/DSC_0450-150x150-1.jpg,Main Course,Korean,,,5.0,4.0,4
Dak Kalguksu (Chicken Noodle Soup),Delicious noodle soup made with thick knife-cut noodles and a rich chicken broth,https://www.koreanbapsang.com/dak-kalguksu-chicken-noodle-soup/,,,,4 servings,"[For the soup] 1 small whole chicken 2.5 to 3 pounds, or bone-in pieces ,½ medium onion ,8 plump garlic cloves ,3 to 4 thinly sliced ginger pieces ,2 white parts of scallions ,1 3- inch square dried kelp - optional ,1 tablespoon soup soy sauce | [For the chicken meat] 1 teaspoon minced garlic ,1 teaspoon sesame oil ,salt about 1/2 teaspoon and pepper to taste | [For the vegetables] 1/4 medium onion thinly sliced ,1 medium zucchini, julienned julienned carrot or sliced potato is also great. ,2 scallions finely chopped | [For the noodles] 1 package (4 servings) fresh or dried kalguksu noodles or see below for homemade noodles | [For the sauce (Yangnyumjang) - Optional] 3 tablespoons soy sauce ,1 teaspoon sesame oil ,1 teaspoon Korean red pepper flakes gochugaru ,1 teaspoon sesame seeds ,1 teaspoon minced garlic ,2 – 3 scallions finely chopped | [For the homemade noodles - Optional] 3 cups all-purpose flour ,3/4 teaspoon salt ,1 tablespoon cooking oil - optional ,1 cup water (start with 3/4 and gradually more, a tablespoon at a time until needed)","[Instructions] 1) If making homemade noodles, see the instructions below and make the dough ahead of time. You can roll it out and cut while boiling the chicken. | 2) Place the cleaned chicken in a stockpot large enough to hold the chicken and 12 cups of water. Add the onion, garlic, ginger, scallions, and 12 cups water. Bring it to a boil over medium high heat. Skim off any foam on top. Reduce the heat to medium low and simmer, covered, for about 40 minutes. Adjust cooking time for cut pieces of chicken. | 3) Sprinkle the julienned zucchini with salt for about 15 minutes and then squeeze out the water. | 4) Cut through the thickest part of the breast, with a knife, to see if the chicken is cooked and tender. Turn the heat off and carefully remove the chicken. | 5) Strain the broth and remove the excess fat. You can spoon off or use a fat separator. | 6) When the chicken is cool enough to handle, remove the meat off the bones. Shred the meat into small bite size pieces. Add the garlic, salt and pepper to the chicken. Combine well. | 7) Return the broth back to the pot. Add the soup soy sauce, onion slices, and optional dried kelp. Bring it to a boil and boil for a few minutes. Remove the kelp. Add salt and pepper to taste. | 8) Meanwhile, in another pot, boil water to parboil the noodles. Or the soup will get too thick. Add the noodles, and stir. Cook halfway through. | 9) Remove the noodles with a strainer and add to the pot with boiling broth. (This is a good time to add potato slices if using.) Continue to boil until the noodles are cooked through. Add the zucchini (and julienned carrot if using) with 2 to 3 minutes remaining. | 10) To serve, ladle the noodles and soup in a serving bowl, top with the chicken pieces and chopped scallion. | [For the homemade noodles - optional] 1) Mix the flour, salt, optional oil and add 3/4 water by hand until the dough starts to come together. You'll need to add more water, depending on your flour. Add 2 tablespoons water and see how it is. The dough should feel stiff to work with. If still too dry, add a little more. | 2) Flour the surface to knead. Knead with the heel of your hand until the dough is fairly smooth, about 5 minutes. The dough should feel slightly too stiff to work with at this point. You can adjust the dough by kneading in a little more flour or more water (just enough to wet your hands). Cover with plastic wrap, and let it rest for 30 minutes to an hour. After resting, the dough should feel soft and smooth. You can prepare the dough up to this point a day in advance. | 3) When ready to use, knead the dough for 2 to 3 minutes. Using a sharp knife, cut the dough into 2 pieces. Dust the work surface generously with flour. Flatten a piece, and roll it out with a rolling pin to make a thin sheet, about 12 x 14-inch. | 4) From the longer side, fold the dough over 3 to 4 times into layers. Again, generously flour the surface and the dough as you roll it out and fold to keep the dough from sticking. | 5) Cut the dough with a sharp knife into about 1/4-inch thickness. Unfold the noodles and dust with flour to keep the noodle strands separate.",https://www.koreanbapsang.com/wp-content/uploads/2015/06/DSC_0974-2.jpg,"Main, Main Course",Korean,"chicken noodle soup, homemade noodles, knife-cut noodles, noodle soup, noodles",,4.66,69.0,69
Deulkkae Soondubu Jjigae (Soft Tofu Stew with Perilla Seeds),Soft tofu stew made with perilla seeds and mushrooms. It's vegan!,https://www.koreanbapsang.com/deulkkae-soondubu-jjigae/,,,,2 servings,"[Ingredients] 1 or 2 dried shiitake or other mushrooms 2 to 3 any fresh mushroom caps, sliced ,1 small piece dashima dried kelp - about 2 inch square ,1 package 11 ounces soondubu, 순두부 (extra soft/silken tofu) ,1 teaspoon minced garlic ,1 teaspoon soup soy sauce ,pinch black pepper ,1 to 2 tablespoons finely ground perilla seeds 들깨가루 (or sesame seeds) ,1 teaspoon perilla oil 들기름 (or sesame oil) ,1 tablespoon finely chopped scallion","[Instructions] 1) Add the mushroom and dasima to a small pot with 1 cup of water. Let it sit for about 10 minutes if your dried mushroom is thick, or you can break it up to help rehydrate faster. Bring the pot to a boil, and reduce the heat to medium. Boil for 5 to 7 minutes. Remove the dasima and mushroom. When cool enough to handle, cut the mushroom in half and thinly slice to add back to the pot. | 2) Add the sundubu, garlic, soup soy sauce, and pepper to the pot. Bring it to a boil over medium heat, and cook for 3 to 4 minutes. Stir in the perilla seeds, and boil for another minute or two. Drizzle the perilla (or sesame) oil over the stew. Add the chopped scallion right before turning the heat off.",https://www.koreanbapsang.com/wp-content/uploads/2016/11/DSC_1843-150x150-1.jpg,Main Course,Korean,,,4.45,9.0,9
Gamjatang (Spicy Pork Bone Stew),"Spicy, hearty Korean stew made with pork bones, potatoes and other vegetables",https://www.koreanbapsang.com/gamjatang-spicy-pork-bone-stew/,20m,80m,100m,3 servings,"[For the broth] 2 pounds of pork spine or neck bones ,1/2 small onion ,5 garlic cloves ,4 thin ginger slices about 1-inch rounds ,1 scallion white part | [For the stew] 5 to 6 ounces young cabbage, putbaechu, 풋배추 or napa cabbage (1 cup, boiled) ,3 small white potatoes ,6 to 8 perilla leaves, kkaennip, 깻잎, roughly sliced ,2 scallions, roughly sliced ,1 tablespoon crushed perilla seeds, 들깨가루 Or sesame seeds | [For the seasoning] 1 tablespoon gochugaru (Korean red chili pepper flakes) -- use a teaspoon or 2 more for a spicier stew) ,1 tablespoon gochujang (Korean red chili pepper paste) ,1 tablespoon doenjang (Korean fermented soybean paste) ,1 tablespoon gukganjang, 국간장, soup soy sauce or fish sauce ,1 tablespoon minced garlic ,Salt and pepper to taste","[Instructions] 1) Soak the bones for an hour or longer in cold water. Change the water half way through if you can. Drain. | 2) Bring a medium pot of water to a boil. Drop the bones in. Let it come back to a boil. This will take about 7 to 8 minutes. | 3) Drain the bones. Wash the bones under running water. Clean the pot. Return the bones back to the pot. Add 8 cups of water, the onion, garlic, ginger and scallion. Bring it to a boil. Continue to boil, uncovered, for 10 minutes over medium high heat. Reduce the heat to medium low. Continue to boil, covered, for 50 minutes to an hour until the meat is tender and the broth is milky. | 4) Mix the seasoning ingredients well together. | 5) Bring a medium pot of water to a rapid boil. Blanch the cabbage until the white parts turn soft, 4 to 5 minutes. Remove the cabbage from the pot (keep the hot water to boil the potatoes) and shock in cold water to stop the cooking. Drain and squeeze out water. Cut into 2 to 3-inch lengths. | 6) Mix the cabbage well with 1 tablespoon of the seasoning. | 7) Cut the potatoes in half with the skin on. In the pot of water used to blanch the cabbage, boil the potatoes until almost cooked. Peel the potatoes. | 8) Remove the meat from the broth. Discard the aromatic vegetables, reserving the broth (about 5 cups). Place the bone back in the pot with the broth. Add the cabbage, potatoes, and the remaining seasoning. Boil for about 10 minutes. | 9) Throw in the perilla leaves and scallion. Add salt and pepper to taste. Boil for an additional couple of minutes, and then add the crushed perilla seeds.",https://www.koreanbapsang.com/wp-content/uploads/2016/04/DSC_1191-e1459740645714-150x150-1.jpg,Main Course,Korean,,,4.72,39.0,39
Haemul Jeongol (Spicy Seafood Hot Pot),"Hearty, spicy seafood hot pot that's packed with savory and briny flavors.",https://www.koreanbapsang.com/haemul-jeongol-spicy-seafood-hot-pot/,20m,20m,40m,4 servings,"[Ingredients] 8 little neck clams and/or mussels ,2 blue crabs or Korean kkotge, 꽃게 ,8 ounces squid and/or octopus ,8 ounces white flesh fish snapper, tilapia, or monkfish ,8 large shrimp preferably shell-on ,6 ounces soybean sprouts kongnamul, 콩나물 ,8 ounces napa cabbage inner tender part ,3 ounces of Korean radish mu, 무 ,1 medium carrot ,1/2 medium onion ,3 mushroom caps ,2 scallions ,2 ounces of watercress or crown daisy ssukgat, 쑥갓 | [Seasoning (see note)] 2 tablespoons gochugaru use more if you like it spicier ,1 tablespoon soup soy sauce or fish sauce ,1 teaspoon salt ,⅛ teaspoon pepper ,1 teaspoon gochujang ,1 teaspoon doenjang ,1 tablespoon minced garlic ,1 teaspoon grated ginger | [Broth] 3 cups (or 4) anchovy broth or water ,1 tablespoon fresh lemon juice - optional","[Instructions] 1) Scrub and place the clams in salted water (1 tablespoon of salt in 2 to 3 cups of water) for 30 minutes or longer to get the clams to spit out the sand. Separate the top shell from the crab and remove the gills. Clean the shell part thoroughly, with a kitchen brush or a toothbrush, under running water. Break (or cut) the body in half (or quarters). Clean the squid and fish, and cut into bite size pieces. Clean the shrimp. | 2) Cut the cabbage, radish, carrot into thin, bite size pieces. Thinly slice the onion and mushrooms. Cut the scallion in similar lengths. | 3) Mix the seasoning ingredients well with 2 to 3 tablespoons of the broth or water. | 4) Using a wide, shallow pot, neatly arrange the vegetables in clusters, with the exception of the watercress (or crown daisy). | 5) Scatter the seafood pieces on top of vegetables, placing the clams/mussels closer to the bottom of the pan. Add 3 cups of broth and the seasoning paste, reserving 1 tablespoon to add as necessary to your liking. Top it with the watercress (or crown daisy), and cook over medium high heat until the clams/mussels are open, the fish is cooked through and the vegetables are softened. Drizzle the optional lemon juice over. Stir occasionally. | 6) You can add more broth and any remaining ingredients while eating if you’re cooking at the table.",https://www.koreanbapsang.com/wp-content/uploads/2016/02/DSC_1130-e1455574693247.jpg,"Main, Main Course",Korean,"hot pot, jeongol, Korean hot pot, seafood",,4.69,29.0,29
Hongeojjim (Steamed Skate Fish),Steamed skate wing in a simple soy based sauce!,https://www.koreanbapsang.com/hongeojjim-steamed-skate-fish/,,,,2 servings,"[Ingredients] 1 skate wing hongeo 홍어 (about 3/4 to 1-1/4 pounds) ,salt | [Sauce] 1 scallion finely chopped (about 2 tablespoons) ,1 teaspoon minced garlic ,1/4 teaspoon ginger ,2 tablespoons soy sauce ,1 tablespoon rice wine or mirin or white wine ,1 tablespoon lemon juice ,1/2 tablespoon sugar or 1 tablespoon corn syrup or oligodang , 올리고당 ,1/2 teaspoon gochugaru 고추가루 Korean red chili pepper flakes ,1/2 tablespoon sesame oil ,1/4 teaspoon sesame seeds ,Pinch pepper | [Optional Garnish] 1 scallion cut into about 4 inches and thinly sliced (pachae, 파채) ,or a handful of spring mix or arugula","[Instructions] 1) Clean the skate and lightly season with salt. | 2) Combine the sauce ingredients and mix well until the sugar is dissolved. | 3) Fill a large pot with about two inches of water. Place a steamer on top. If no steamer is available, place a small heat proof baking dish or ramekin that can keep a large plate high enough not to touch the water, and then place a heat proof large plate on top. When the water starts to steam, add the fish and cover. Steam for about 8 to 10 minutes. | 4) Open the lid, and spoon the sauce all over the fish. Cover, and steam for 2 to 3 more minutes. It’s done if the flesh separates from the cartilage easily. Remove from the pot and place the optional scallion while the fish is still hot. | [Parchment paper method] 1) Preheat the oven to 450°F. Cut two pieces of parchment paper that’s large enough to completely wrap the fish and leave extra for the folds. On a baking sheet, place the fish in the middle of the double layered parchment paper. You can add some lemon slices if you want. Bring the two long sides together and fold a couple of times to seal tightly. Next, fold and roll the shorter sides, and then tuck each one under the fish to seal the packet. | 2) Bake the fish for about 8 to 10 minutes. Carefully open the packet, and spoon the sauce all over the fish. Return it to the oven, and cook for 2 to 3 minutes.",https://www.koreanbapsang.com/wp-content/uploads/2017/02/DSC_1847-150x150-1.jpg,Main Course,Korean,,,4.84,12.0,12
Mapo Tofu (Korean-style),Mapo tofu made with Korean flavors,https://www.koreanbapsang.com/mapo-tofu-korean-style/,10m,15m,25m,2 servings,"[Ingredients] 1 package tofu 14 to 16 ounces ,4 ounces ground pork or beef ,1/2 medium onion finely diced ,2 scallions finely chopped ,1 tablespoon minced garlic ,1/4 green bell pepper or 1 green chili pepper, finely diced ,1/4 red bell pepper or 1 red chili pepper, finely diced | [Seasoning] 2 tablespoons cooking oil or chili oil ,1 tablespoon gochugaru 고추가루, Korean red chili pepper flakes ,2 tablespoons soy sauce ,1 tablespoon doenjang 된장, Korean fermented soybean paste ,1/2 tablespoon gochujang 고추장, Korean red chili pepper paste ,1 teaspoon sugar or add one more teaspoon for a sweeter taste ,2 teaspoons sesame oil ,1 tablespoon starch mixed with 2 tablespoons water to make starch slurry","[Instructions] 1) Prepare the vegetables as specified. | 2) Cut the tofu into about 1/2 to 3/4-inch thick cubes. | 3) Heat a large pan with 2 tablespoons of oil over medium high heat. Add the onion, 1/2 of the chopped scallion, garlic, and gochugaru, and stir-fry until fragrant, 2 - 3 minutes. | 4) Add the meat, and cook until the meat is no longer pink, breaking up with a wooden spoon, 2 to 3 minutes. | 5) Add the soy sauce, doenjang, gochujang, and sugar and stir to blend with the meat. Add the bell peppers and cook briefly until slightly softened. | 6) Add 1-1/2 cups of water to the pan, and bring it to a boil. | 7) Then, slide the tofu into the pan, gently stirring to spread into a single layer. Cook for 5 to 6 minutes, gently stirring 2 to 3 times to make sure the tofu doesn’t stick to the pan. | 8) Gently stir in the starch slurry to thicken the sauce, and then the sesame oil. Cook for another minute or so to bring everything together. Garnish with the remaining scallion, and serve hot with steamed rice.",https://www.koreanbapsang.com/wp-content/uploads/2016/01/DSC_0958-150x150-1.jpg,Main Course,Korean,,,4.73,59.0,59
Naengmyeon (Cold Noodles),"Cold thin, chewy noodles in refreshing broth or in a spicy sauce",https://www.koreanbapsang.com/naengmyeon-cold-noodles/,,,,2 servings,"[For sweet and sour radish (8 servings)] 1 pound Korean radish mu ,3 tablespoons vinegar ,2 tablespoons sugar ,1 teaspoon salt | [For beef broth (makes about 10 cups - 4 servings)] 1/2 pound 230 grams beef brisket (양지머리) ,6 ounces Korean radish, mu (무) ,1/2 medium onion ,6 cloves of garlic ,3 thin ginger slices about 1 inch round ,2 large scallion white parts ,1/2 teaspoon peppercorns ,2 tablespoons soup soy sauce ,1 teaspoon sugar ,salt to taste | [For optional dongchimi broth] See my quick dongchimi recipe . | [For noodles - either type of naengmyeon (2 servings)] 2 servings of naengmyeon noodles ,1 boiled egg cut into halves ,1/2 Korean cucumber or 1 kirby cucumber ,2 thin half-moon shape slices of a Korean pear - optional ,Vinegar ,Hot mustard paste | [For bibim naengmyeon sauce (2 servings)] 4 tablespoons finely ground gochugaru ,4 tablespoons beef broth or water ,3 tablespoons grated Korean pear or apple ,2 tablespoons sugar ,1 tablespoon corn syrup or use more sugar ,2 teaspoons minced garlic ,1 tablespoon soy sauce ,1 teaspoon salt ,sesame oil to drizzle over the noodles","[Sweet and sour radish] 1) Clean the radish by scrubbing with a brush and/or scratching off the stubborn impurities with a knife. Cut the radish crosswise into 2 to 3 inch pieces if long. Place cut side down and slice lengthwise as thin as you can. Gather the slices and cut into about 3/4-inch strips. You can use a mandoline to thinly slice, if available. | 2) Add the vinegar, sugar, and salt. Mix well by hand until the sugar is dissolved. Taste and add more vinegar or sugar to taste. | [Mul Naengmyeon] 1) In a large pot, bring the meat, onion, scallions, garlic, ginger and peppercorns to a boil, uncovered, in 14 cups of water. Reduce the heat to medium to medium low to keep it at medium boil, and skim off the scum. Continue to boil, covered, until the meat is tender, about 1 hour. Stir in soup soy sauce with 10 minutes remaining. Remove the meat and cool. Discard the vegetables. Cool the broth. | 2) Pour 5 cups of the broth to a bowl (about 2-1/2 cups per serving). Stir in one teaspoon of sugar and salt to taste (about 1 teaspoon). You can add 1 or 2 cups of dongchimi broth, if available, and reduce the beef broth by the same amount. Also use less salt. Keep it in the freezer for an hour or two until the broth becomes slushy. Keep the remaining broth in the fridge or freezer for later use. | 3) Cut the cucumber in half lengthwise. Thinly slice crosswise, lightly sprinkle with salt, and let it sit until the cucumber slices are wilted. Thinly slice the beef against the grain. Thinly slice the pear into a half-moon shape if using. | 4) Bring a medium pot of water to a boil. Prepare an ice bath while water is boiling. Cook the noodles according to the package instructions. Drain quickly and shock in the ice water to stop cooking. Drain and rinse again in icy cold water until the noodles are very cold. | 5) Make two one-serving size mounds, placing in a colander to drain. | 6) Place one serving of noodles in the middle of the serving bowl and top with the pickled radish, slices of beef, cucumber, and pear if using, and the egg half. Pour one half of the icy broth around the noodles. Repeat for another serving. Serve with vinegar and hot mustard paste on the side. | [Bibim naengmyeon] 1) Mix all sauce ingredients and keep it cool in the fridge. You can do this ahead of time. | 2) See mul naengmyeon above for cooking noodles and preparing the toppings. For bibim naengmyeon, slice or julienne the cucumber and do not salt. | 3) Place the noodles in the middle of the serving bowl, and drizzle 1 teaspoon of sesame oil over the noodles. Top with the pickled radish, cucumber slices, pear slices, sliced beef if available, and the egg half. Drop in a few ice cubes so the dish can stay cool while eating. You can add 1/4 cup of beef broth, if available, to the bottom of the bowl. The sauce can be served on top or separately. Serve with vinegar and hot mustard on the side.",https://www.koreanbapsang.com/wp-content/uploads/2016/07/DSC_0066-3-e1622864302808.jpg,Main Course,Korean,,,4.82,32.0,32
Ojingeo Gui (Spicy Grilled Squid),Tender squids (calamari) marinated in a gochujang sauce and quickly grilled,https://www.koreanbapsang.com/ojingeo-gui-spicy-grilled-squid/,,,,4 servings,"[Ingredients] 1-1/2 pounds 5 to 8 small or 2 medium to large squids ,6 to 8 perilla leaves kkaennip , 깻잎, thinly sliced (more for wraps) - or spring mix, arugula, lettuce, etc. ,1/2 lemon | [Marinade] 2 tablespoons chopped scallion ,1 tablespoon minced garlic ,1 teaspoon finely grated ginger ,1 tablespoon Korean red chili pepper flakes gochugaru ,2 tablespoons soy sauce ,1 tablespoon rice wine or white wine ,1 tablespoon sugar ,3 tablespoons Korean red chili pepper paste gochujang ,2 tablespoons Korean corn syrup oligodang , 올리고당, or sugar ,1 tablespoon sesame oil ,Pinch pepper ,1/2 teaspoon sesame seeds","[Instructions] 1) Clean the squid by carefully pulling the tentacles until the innards slip out of the body. Use your fingers to reach inside the tube and remove any remaining parts. Cut the tentacles from the head just below the eyes. Remove the beak from the center of the tentacles. Discard everything except the body and tentacles. Rinse the squids well under cold running water. Drain. | 2) In a bowl big enough to hold the squids, combine the marinade ingredients, and stir well. | 3) Add the squids and coat evenly with the marinade, and then marinate in the fridge for about 30 minutes. | 4) Heat a lightly oiled grill or a frying pan until very hot. Add the squids, and sear quickly until the squids curl up and turn opaque, about a minute, depending on the size of your squid. Flip them, and cook for another minute. You can baste with the sauce if you like. Remove the squids. You can pour the remaining marinade to the pan, bring to a boil, and use as extra sauce. | 5) Plate them on the sliced perilla leaves or any other vegetable of your choice. Drizzle some lemon juice over, and garnish with a slice of lemon.",https://www.koreanbapsang.com/wp-content/uploads/2016/08/DSC_0422-150x150-1.jpg,Main Course,Korean,,,4.39,13.0,13
Omurice (Omelette Rice),"Easy fried rice flavored with sweet, tangy ketchup and wrapped in an egg omelette",https://www.koreanbapsang.com/omurice-omelette-rice/,,,,2 servings,"[Ingredients] 1/2 medium onion finely chopped ,1 scallion finely chopped ,1 small carrot finely chopped ,4 ounces beef or pork, chicken or shrimp, ground or finely chopped ,1 tablespoon soy sauce ,1-1/2 tablespoon ketchup adjust to taste, and more for decoration ,salt and pepper ,Oil for pan frying ,2 servings of cooked rice ,4 eggs","[Instructions] 1) Prepare the fried rice ingredients by finely chopping them. | 2) Heat a large skillet over medium high heat with 2 tablespoons of oil. Add the onion, scallion, carrot, and beef, and stir fry until the onion turns soft and the meat is cooked through. Stir in 1 tablespoon of soy sauce and salt and pepper to taste. | 3) Reduce the heat to medium. Add the rice, and stir well until the clumped up rice is broken up and all the ingredients are well combined. Add 1-1/2 tablespoon ketchup and salt and pepper to taste, and continue to stir until the ketchup is evenly incorporated into the fried rice. Transfer to a plate if using the same pan (non-stick) for the eggs. | 4) Crack and beat 2 eggs in a bowl with a spoon or a fork. Stir in a pinch of salt. Heat a lightly oiled small non-stick pan over medium low heat. Add the egg mixture to the pan and swirl it around to cover the pan. | 5) When the bottom is set but the top is still runny, turn off the heat and add one serving of the fried rice in the middle of the egg omelette. | 6) Using a spatula, fold both sides of the omelette over the rice.Push the whole omurice to the side of the pan. | 7) Flip it onto a plate. If desired, you can shape the omurice by hand using aluminium foil or a paper towel. Drizzle some ketchup on top. Repeat the last 3 steps for another serving.",https://www.koreanbapsang.com/wp-content/uploads/2016/07/DSC_0161-3.jpg,Main Course,Korean,,,4.66,35.0,35
Saengseon Jjim (Baked Fish),Korean-style baked fish with colorful vegetables,https://www.koreanbapsang.com/saengseon-jjim-baked-fish/,,,,6 servings,"[Ingredients] 1.5 to 2.5 pounds fresh white fish fillets haddock, tilapia, cod, or flounder ,1/2 large red bell pepper ,1/2 large yellow bell pepper ,6 ounces minari water dropwort (or 1/2 green bell pepper or a few green chili peppers) ,4 ounces fresh shiitaki mushrooms ,1/2 large onion ,⅓ cup flour | [Sauce] 1/2 cup dashima dried kelp broth (or any other flavored broth) ,2 teaspoons soy sauce ,1 teaspoon minced garlic ,1/2 teaspoon ginger ,1 tablespoon lemon juice","[Instructions] 1) Preheat the oven to 400 °F. | 2) Clean the fish and pat with a paper towel to dry. Sprinkle with salt and pepper. Set aside while preparing the other ingredients. | 3) Remove the seeds and ribs from the bell peppers. Thinly slice each color pepper. | 4) Cut the minari into 2-inches pieces. Thinly slice the mushrooms and onion. | 5) Heat a pan with a little bit of oil. Stir fry the onion until translucent over medium high heat, lightly sprinkling with salt and pepper. Transfer to a plate. Stir fry the peppers one color at a time for 1 to 2 minutes until softened. Do not overcook, the vegetables should be crisp. Transfer to the plate. | 6) Combine all the sauce ingredients in a bowl. | 7) Dredge the fish in flour one at a time. Shake off excess flour. | 8) Lightly oil a baking dish. Spread 1/4 of the vegetables at the bottom, and then place 1/2 of the fish on top in a single layer. Spread another 1/4 of the vegetables on top of the fish. Drizzle 1/2 of the sauce over everything. | 9) Place the remainder of the fish on top in a single layer. Drizzle the remaining sauce over the fish. Loosely cover with aluminium foil. Bake at 400 °F for 20 minutes. | 10) Remove from the oven and nicely arrange the remaining vegetables, placing each vegetable separately. Place the aluminium foil over, and bake for 10 more minutes.",https://www.koreanbapsang.com/wp-content/uploads/2016/06/DSC_0057-150x150-1.jpg,Main Course,Korean,,,4.75,4.0,4
Sataejjim (Slow Cooker Braised Beef Shank),A traditional Korean braised beef shank dish made in the slow cooker!,https://www.koreanbapsang.com/sataejjim-slow-cooker-korean-braised-beef-shank/,,,,6 servings,"[Ingredients] 3 pounds beef shank meat satae, 사태 ,10 ounces root vegetables parsnip, celery root, burdock root, turnip, and/or Korean radish ,1 medium carrot ,1/2 medium onion ,2 scallions ,8 plump garlic cloves ,3 to 4 thin ginger slices about 1-inch round ,4 dried shiitake mushrooms or any other dried mushrooms, broken up into 2 to 3 pieces ,4 small dried red chili peppers or 1 teaspoon crushed red peppers - optional | [Sauce] ⅓ cup soy sauce ,1/4 cup rice wine or dry white wine ,2 tablespoons apricot preserve or honey - see note ,1 tablespoon sugar ,pepper to taste ,salt ,1 tablespoon sesame oil | [Garnish] 1 scallion roughly chopped","[Instructions] 1) Rinse the meat. Drain well or pat dry with paper towels. Cut the meat into about 2-inch chunks. Prepare the vegetables by cutting into about 1-1/2-inch chunks. | 2) Place the meat and vegetables in the slow cooker. Mix together the soy sauce, rice wine, apricot preserve (or honey), sugar and pepper in a small bowl, and pour over the meat and vegetables. Toss everything to coat with the sauce. Cover, and cook for about 4 hours on high or 6 to 8 hours on low. Flip the meat over midway through the process, if you’re home. Adjust the cooking time, depending on how tender you want your meat to be. | 3) If necessary, sprinkle with a pinch (or two) of salt, and add more sugar or honey to taste. Stir in the scallions and sesame oil before turning the slow cooker off. | 4) Remove the meat and vegetables from the slow cooker to a large serving bowl. Pour the sauce over the meat to serve. You can run the sauce through a strainer for a clearer sauce if you’d like.",https://www.koreanbapsang.com/wp-content/uploads/2016/03/DSC_1151-1.jpg,Main Course,Korean,,,4.43,64.0,64
Seafood Doenjang Jjigae,Doenjang jjigae (Korean soybean paste stew) made with seafood,https://www.koreanbapsang.com/seafood-doenjang-jjigae/,10m,10m,20m,2 servings,"[Ingredients] 1 cup assortment of seafood I used a few small clams, 1/2 squid, and 5 medium shrimp ,8 to 10 ounces tofu ,1/2 medium zucchini ,3 to 4 mushroom caps ,1/4 medium onion ,3 ounces Korean radish mu ,1 chili pepper green or red ,1 to 2 scallions ,3 cups of anchovy broth or water see note ,2 tablespoons doenjang (Korean soybean paste) ,1 teaspoon gochugaru (Korean chili pepper flakes) ,1 teaspoon minced garlic ,1 teaspoon vinegar","[Instructions] 1) Rinse and scrub the clams. Place the clams in salted water (1 tablespoon of salt in 2 to 3 cups of water) for 30 minutes or longer to get the clams to spit out the sand. Clean the squid, and cut into bite size pieces. Clean the shrimp. | 2) Cut the tofu into 1/2-inch thick bite size slices. Cut the zucchini, onion, mushrooms, and radish into bite size pieces. Roughly chop the scallion, and thinly slice the chili pepper. | 3) Add the anchovy broth (or rice water or plain water), soybean paste and gochugaru to a small pot. Stir well to dissolve the soy bean paste. Add the radish and onion. Bring it to a boil over medium high heat, and cook for 3 to 4 minutes. | 4) Add the tofu, zucchini, mushroom, chili pepper and garlic. Boil for an additional 2 minutes. | 5) Add the seafood, starting with the clams. Cook for another 2 to 3 minutes or until the clams are open. Stir in the vinegar, and throw in the scallion. Cook for another minute or two.",https://www.koreanbapsang.com/wp-content/uploads/2015/04/DSC_0823-2-e1655763035942.jpg,"Main Course, stew",Korean,"Doenjang, dwenjang jjigae, Korean stew",,4.86,7.0,7
Slow Cooker Pork Belly (Samgyupsal),This slow cooked Korean flavored pork belly is great for bossam (pork wraps) or equally delicious simply served with some scallions (or spring mix).,https://www.koreanbapsang.com/slow-cooker-pork-belly-samgyupsal/,,,,6 servings,"[Ingredients] 2 to 3 whole fresh pork belly about 2 to 3-inch wide cut - 2.5 to 3 pounds ,1 medium onions | [Seasoning for the pork] 1 tablespoon minced garlic ,1 tablespoon grated ginger ,2 teaspoons salt ,1 tablespoon doenjang Korean fermented soybean paste, or use 1 more teaspoon salt ,1/4 teaspoon black pepper | [Sauce for glazing] Double this if you want to serve with a sauce. ,2 tablespoons soy sauce ,2 tablespoons rice wine or dry white wine ,4 tablespoons liquid from cooking the pork belly, strained through a strainer. ,1 tablespoon sugar | [Garnish] Pachae 파채, (thinly sliced scallions) - 3 to 4 scallions ,A handful of radish sprouts","[Instructions] 1) Combine all the seasoning ingredients in a small bowl. | 2) Cut the onion in half, and roughly slice each half, and place the slices at the bottom of the slow cooker in a single layer. Add 1/2 cup of water (or brewed coffee) to the slow cooker. Rub each pork belly with the seasoning mix. Place them on top of the onion.Cook on high for 3 to 4 hours (5 to 6 hours on low) until the pork reaches the desired tenderness. | 3) Combine all the sauce ingredients in a small bowl. Pour the sauce to a large pan, and bring to a boil over medium heat. Using a pair of kitchen tongs, add the meat and sear until all sides are nicely glazed with the sauce and the meat is slightly caramelized, a minute or two on each side. Do not burn the sauce. | 4) If doubling the sauce, use the same pan, after removing the meat, to boil the sauce over medium heat until slightly thickened. Adjust the salt level by adding a little bit of water if needed. | 5) Transfer the meat to a cutting board. Thinly slice crosswise. | 6) Serve simply with the thinly sliced scallions, or serve with some lettuce and ssamjang. Drizzle the sauce over the meat if using extra sauce. See note. | [To make pachae (thinly sliced scallions)] 1) Cut each one into about 4 inch lengths. Slice each piece lengthwise as thin as possible. | 2) Soak the sliced scallions in cold water for 5 to 10 minutes to remove a bit of pungency and drain well.",https://www.koreanbapsang.com/wp-content/uploads/2016/05/DSC_0042-150x150-1.jpg,Main Course,Korean,,,4.66,26.0,26
Spicy Chicken Bulgogi,"Chicken thighs marinated in a spicy, flavorful Korean marinade and grilled to perfection!",https://www.koreanbapsang.com/spicy-grilled-korean-chicken/,,,,4 servings,"[Ingredients] 2 pounds boneless chicken thigh You can use chicken breast if you want | [For the marinade] 2 to 3 tablespoons gochugaru (고추가루), Korean red chili pepper flakes or to taste (this only changes the spicy level, so you can also omit it for less spicy chicken) ,1 tablespoon sugar (or light brown sugar) or your favorite sugar substitute ,3 tablespoons soy sauce ,2 tablespoons rice wine or mirin white wine is good too ,2 tablespoons gochujang (고추장), Korean red chili pepper paste ,2 tablespoons maesil chung, 매실청 (or 2 to 3 tablespoons pineapple juice or grated apple) You can simply use more sugar, honey, or oiligodang (올리고당) (about a tablespoon) instead. ,1 tablespoon sesame oil ,1/4 medium onion, grated (about 1/4 cup) ,2 tablespoons minced garlic ,2 teaspoons grated ginger ,1/2 teaspoon salt ,pepper to taste | [For the garnish] 2 tablespoons chopped scallions ,1 teaspoon sesame seeds","[Instructions] 1) Rinse chicken pieces. Drain. Trim off excess fat. Cut each chicken thigh in half crosswise. Cut open any thick parts. | 2) Combine the marinade ingredients in a bowl and mix well. | 3) Coat the chicken with the marinade. Marinate for a few hours (preferably overnight) in the refrigerator. | 4) Preheat a lightly oiled grill over medium high heat. When hot, add the chicken pieces. Cook until cooked through and slightly caramelized, about 4 to 6 minutes each side. Reduce the heat if the chicken starts to burn. You can also cook the chicken indoor on a grill pan or in a skillet.",https://www.koreanbapsang.com/wp-content/uploads/2015/06/DSC_0871-e1434339260535.jpg,"Main, Main Course","Asian, Korean","bulgogi, chicken, spicy",,4.64,50.0,50
Tofu Bibimbap,"A simple, vegan bibimbap with tofu",https://www.koreanbapsang.com/tofu-bibimbap/,,,,4 servings,"[Ingredients] 4 servings cooked rice ,1 medium zucchini ,5 ounces baby kale or spinach or watercress ,2 medium carrots or 1 orange bell pepper ,10 mushroom caps crimini, white, or shiitake ,8 ounces tofu ,1 teaspoon minced garlic ,sesame oil ,cooking oil | [Gochujang sauce (or see bibimbap sauce here: https://www.koreanbapsang.com/bibimbap/] 2 tablespoons gochujang ,2 tablespoons apple cider or 1 tablespoon Korean plum extract, maesilcheong and 1 tablespoon water","[Instructions] 1) Cook the rice in a rice cooker or following package directions, using a little less water than called for. Rice for bibimbap should be slightly drier than usual for best results. | 2) Cut the zucchini into match sticks. Sprinkle with 1/2 teaspoon of salt, and let sit for 10 to 15 minutes. Squeeze out the liquid. Heat a pan with a little bit of oil. Add the zucchini and 1/2 teaspoon minced garlic. Sauté for 2 - 3 minutes over medium high heat. Stir in 1 teaspoon sesame oil. | 3) Blanch the baby kale briefly in salted boiling water. Drain quickly, and shock in cold water. Drain again, and squeeze out the water. Toss with 1/2 teaspoon garlic, 1/2 teaspoon sesame oil, and salt and pepper to taste. | 4) Cut the carrots into match sticks. Heat the pan again with a little bit of oil. Sauté the carrots for 1 - 2 minutes over medium high heat until slightly softened. Sprinkle with salt and pepper to taste. | 5) Remove the stems off the mushrooms and cut into 1/4-inch thin slices. Sauté in the lightly oiled pan for 2 - 3 minutes over medium high heat. | 6) Cut the tofu into about 3/4-inch cubes, and lightly sprinkle with salt. Heat the pan with a tablespoon of oil, and pan-fry the tofu until all sides are lightly golden. | 7) Place a serving of rice in a bowl. Nicely arrange a small amount of each prepared vegetable over the rice and top with a few tofu pieces. Drizzle a little sesame oil over. Serve with the red pepper paste sauce.",https://www.koreanbapsang.com/wp-content/uploads/2019/01/DSC_2284-e1548200010959.jpg,Main Course,Korean,,,5.0,20.0,20
Tofu gimbap,delicious vegan gimbap made with fried tofu,https://www.koreanbapsang.com/tofu-gimbap/,,,,5 servings,"[Ingredients] 5 gim aka nori sheets | [Rice] 2 cups uncooked short grain rice standard measuring cup not the cup that comes with a rice cooker - see note ,1 tablespoons sesame oil ,salt to taste start with 1/2 teaspoon | [For the fillings] 10 ounces firm tofu ,1 bunch spinach about 8 ounces ,1 teaspoon sesame oil ,3 kirby cucumbers ,2 medium carrots ,1 burdock root uoeong, braised - see the recipe ,sesame oil ,salt ,cooking oil","[Instructions] 1) Cook the rice using a little less water than usual. Fresh cooked rice is best for gimbap. | 2) Cut the tofu into about 3/4-inch thick sticks. Pat dry with a paper towel, and lightly sprinkle with salt. Heat a small pan with enough oil to cover the pan. Add the tofu pieces and fry until all sides are golden brown. | 3) Bring a large pot of water to a boil over high heat, and prepare an ice bath. Blanch the spinach, place immediately in the ice bath, then squeeze out the water. Cut into short lengths by running a knife through a few of times. Season with the sesame oil (about 1/2 teaspoon) and salt. | 4) Cut the cucumber into 1/2-inch thick sticks. Do not use the seedy part. Heat the pan with a little bit of oil over medium high heat. Stir fry the cucumber until softened. Lightly season with salt. | 5) Julienne the carrots. Heat the pan with a little bit of oil over medium high heat. Stir fry the carrots until softened. Lightly season with salt. | 6) For the burdock root, see the recipe . | 7) When all the other ingredients are ready, remove the rice from the rice cooker. While the rice is still hot, add the sesame oil and salt. Mix well by gently folding with a rice paddle or large spoon until evenly seasoned. Add more salt to taste. The rice will cool down during this process and be ready to be used. | 8) Put a sheet of gim, shiny side down and longer side toward you, on a cutting board or a bamboo mat if available. Spread about 3/4 cup to 1 cup of rice evenly over the gim, using a rice paddle or your fingers preferably. Lay the prepared ingredients on top of the rice close to the side toward you. | 9) Lift the entire bottom edge with both hands and roll over the filling away from you, tucking in the filling with your fingers. Put firm pressure over the roll with the help of the bamboo mat, if using, to close everything in tightly. Then, continue to roll again, putting pressure evenly over the roll using both hands. | 10) Rub or brush the roll with a little bit of sesame oil for extra flavor and shiny look. Apply a little bit of sesame oil to a sharp knife. This will keep rice from sticking to the knife. Repeat as necessary after each cut. Wipe the knife with a damp towel if the rice still sticks. Cut the roll into 1/2-inch thick bite sizes.",https://www.koreanbapsang.com/wp-content/uploads/2015/11/DSC_0875-150x150-1.jpg,Main Course,Korean,,,4.89,17.0,17
Tteokgalbi (Korean Short Rib Patties),Delicious Korean beef patties made with short rib meat,https://www.koreanbapsang.com/tteokgalbi-korean-short-rib-patties/,,,,4 servings,"[Ingredients] 3 - 4 pounds beef short ribs or 2 pounds beef chuck or brisket | [Marinade] 4 tablespoons soy sauce ,2 tablespoons sugar ,2 tablespoons honey ,2 tablespoons rice wine or Mirin ,3 tablespoons grated Korean/Asian pear or apple grated ,1/2 medium onion finely chopped ,3 scallions finely chopped ,2 tablespoons minced garlic ,1 teaspoon minced ginger ,1 tablespoons sesame oil ,1/4 teaspoon black pepper ,chopped pine nuts for garnish - optional","[Instructions] 1) Trim excess fat. Remove the meat as much as possible from the bones. Keep the meat in the freezer for about an hour. | 2) Soak the ribs in cold water for 20 to 30 minutes to remove some blood. Drain. | 3) Grind the meat using a meat grinder or a food processor. If mincing by hand, thinly slice the meat, cut the slices into thin strips, and then cut crosswise into small pieces. | 4) Mince the meat by rocking the blade back and forth into the smallest pieces. | 5) Mix all marinade ingredients well. | 6) Add the marinade to the meat, and then mix very well. Knead the meat until it becomes a bit sticky, 2 to 3 minutes. Marinate the meat for at least 2 hours (overnight for best results). | 7) If using the rib bones, dredge the bone in flour. | 8) Attach the meat to the bone in even thickness as you’re wrapping the bone with the meat. Press with your palms so the meat is tightly attached to the meat. | 9) Otherwise, you can simply make round or oval patties. | 10) Set the oven to broil and preheat. Lay the meat in a broil pan and place it on the top rack of the oven, usually about 6 inches below the broiler. Cook for 4 to 5 minutes. Carefully flip them over and cook for an additional 3 -4 minutes until nicely charred. You can also grill over a charcoal or gas grill. Grill over medium to medium high, turning only once, 2 – 3 minutes on each side.",https://www.koreanbapsang.com/wp-content/uploads/2015/05/DSC_0859-150x150-1.jpg,Main Course,Korean,,,5.0,4.0,4
Yangnyeom Gejang (Spicy Raw Crabs),"Raw crabs marinated in a slightly sweet, salty, spicy Korean sauce",https://www.koreanbapsang.com/yangnyeom-gejang-spicy-raw-crabs/,,,,4 servings,"[Ingredients] 3 medium or 4 small blue crabs or kkotge, 꽃게 | [Seasoning] 3 tablespoons gochugaru 고추가루 (or more to taste) ,3 tablespoons soy sauce ,1 tablespoon soup soy sauce guk ganjang, 국간장 - or use 1/2 teaspoon salt ,2 tablespoons rice wine ,2 tablespoons corn syrup 올리고당 ,1 tablespoon lemon juice ,1 tablespoon minced garlic ,2 teaspoons finely grated juiced ginger ,1 teaspoon sesame seeds ,1 scallion finely chopped","[Instructions] 1) Put the live crabs in the freezer for an hour or two (longer is fine as well). | 2) Combine all the seasoning ingredients and mix well. The seasoning can be prepared a day or two in advance. It will further develop flavor as it sits. | 3) Plunge the frozen crabs in cold water to thaw. Separate the top shell and remove the gills. Clean the shell part of the crab thoroughly, with a kitchen brush or a toothbrush, under running water. | 4) Break (or cut) the body in half (or quarters). You can cut off the sharp end of each small leg with a pair of kitchen scissors if preferred. Drain well in a colander in the fridge. It’s important to minimize the time that the crabs are out at room temperature. | 5) Combine the crabs and seasoning, and toss to coat well. Spoon some sauce into the top shells. Marinate for a few hours at least or up to a couple of days in the fridge. These spicy crabs are best eaten within a couple of days.",https://www.koreanbapsang.com/wp-content/uploads/2015/07/DSC_0897-150x150-1.jpg,Main Course,Korean,,,4.47,13.0,13
Baechu Doenjang Guk (Soybean Paste Soup with Napa Cabbage),Doenjang guk is a staple soup in Korean homes. It's made with napa cabbage and doenjang (fermented soybean paste).,https://www.koreanbapsang.com/baechu-doenjang-guk-korean-soy-bean/,10m,10m,10m,4 servings,"[Ingredients] 1/4 head medium size napa cabbage about 1 pound ,4 cups anchovy broth* or beef broth ,2 tablespoons Korean soybean paste doenjang ,1 teaspoon Korean red pepper paste gochujang ,1 tablespoon soup soy sauce guk ganjang ,1 teaspoon minced garlic ,2 scallions cut into 2 inch lengths ,salt and pepper to taste","[Instructions] 1) Make anchovy broth by boiling, uncovered, about 12 medium size dried anchovies in 6 cups of water (or water used to rinse the rice) for 10 minutes. Fish out the anchovies and discard. | 2) While the broth is being made, cut the cabbage into 2 to 3-inch pieces. | 3) Stir the soybean paste and red pepper paste in to the broth, or run them through a strainer in the broth. The latter process helps dissolve the pastes easier and catches any big chunks of beans remaining in the soy bean paste. Add the soup soy sauce to the broth. | 4) Add the cabbage, cover and bring it to a boil. Reduce the heat to medium and cook until the cabbage becomes soft, 1o to 15 minutes. Add the scallions and garlic and cook for an additional 5 minutes. Add salt, if necessary, and pepper to taste.",https://www.koreanbapsang.com/wp-content/uploads/2011/02/DSC_1853-1-e1638594739321.jpg,"Soup, Main Course",Korean,"Baechu, Doenjang, gochujang, manduguk, napa cabbage, soup",,4.82,27.0,27
Budae Jjigae (Army Stew),"Budae jjigae (Army stew) is easy to make. As long as it has kimchi and some American processed meats, it’s a budae jjigae. This budae jjigae recipe will give you a few tips for making it delicious!",https://www.koreanbapsang.com/budae-jjigae-army-stew/,15m,15m,30m,4 servings,"[Ingredients] 2 cups baechu (napa cabbage) kimchi ,2 hot dogs (or sausages) ,3 strips bacon (or about 3 ounces fatty pork), ,⅓ can of spam (about 4 ounces) ,4 ounces tofu, sliced (about 1/2-inch thick) ,1/2 medium onion, thinly sliced ,3 to 4 mushroom caps, sliced ,2 scallions, cut into 2 inch pieces ,1/4 red bell pepper, sliced - optional ,4 cups anchovy broth (or beef or chicken stock) More if you want extra broth. You can also use water. | [Seasoning] 1 tablespoon gochugaru (Korean red chili pepper flakes) Use more for a spicier stew ,1 teaspoon gochujang (Korean red chili pepper paste) ,1 tablespoon soup soy sauce (or salt to taste) ,1 tablespoon minced garlic ,1 to 2 tablespoons broth or water ,black pepper to taste | [Optional] 1 package instant ramyeon noodles Pre-boil right before adding to the stew to keep them from absorbing too much liquid from the stew","[Instructions] 1) Cut the ingredients into bite size pieces, and arrange them in a medium size shallow pot. Mix all the seasoning ingredients in a small bowl. | 2) Add the broth, and stir in the seasoning. | 3) Cook over medium high heat until the bacon is cooked through and the kimchi has softened. Add the optional ramyeon noodles and more broth or water if necessary. (The noodles soak up a lot of the liquid, so I briefly cook the ramyeon noodles in a separate pot of water before adding to the stew.)",https://www.koreanbapsang.com/wp-content/uploads/2015/03/DSC_0797-2.jpg,"Main, Main Course",Korean,"BACON, HOT DOG, kimchi, Korean stew, SPAM",,4.86,63.0,63
Daegu Jorim (Braised Cod Fish),"Cod fish braised in a sweet, spicy and savory sauce!",https://www.koreanbapsang.com/daegu-jorim-soy-braised-cod-fish-with/,10m,25m,35m,2 servings,"[Ingredients] 2 pieces of cod fish (or black cod) steaks or fillets ,6 ounces mu (무), Korean white radish cut into about 1/2-inch thick large chunks ,2 plump garlic cloves thinly sliced ,2 thinly sliced ginger pieces (about 1 inch round) ,1/2 small onion sliced (1/4-inch thick) ,2 small green and/or red chili peppers (or 1 large) or jalapenos, thinly sliced ,1 scallions (2 if thin) cut into 2-inch lengths | [Braising liquid] 5 tablespoons soy sauce ,3 tablespoons rice wine (or mirin) ,2 teaspoons gochujang (Korean red chili pepper paste) ,1 teaspoon gochugaru (Korean red chili pepper flakes) optional ,2 tablespoons sugar (or less to taste) ,1 teaspoon sesame oil ,1.5 cups anchovy broth (or water)","[Instructions] 1) Clean the fish. Prepare the vegetables. | 2) In a pan, add the radish, garlic, ginger, and sauce. Boil over medium high heat until the braising liquid is slightly thickened and the radish becomes soft, about 10 minutes. Add the onion and chili peppers and boil for another 3- 4 minutes. | 3) Add the fish, and boil for 4-5 minutes, depending on the thickness of the fish. Carefully flip them over, and boil for another 4-5 minutes, repeatedly spooning the sauce over the fish. Serve with a bowl of rice.",https://www.koreanbapsang.com/wp-content/uploads/2012/06/DSC_0548-e1528806799323.jpg,"Main, Main Course",Korean,"braised, cod fish, fish, soy sauce",,4.73,47.0,47
Dak Bulgogi (Korean Chicken BBQ),Delicious chicken bulgogi!,https://www.koreanbapsang.com/dak-bulgogi-korean-bbq-chicken/,10m,5m,15m,3 servings,"[Ingredients] 1 pound boneless chicken thigh and/or breast. | [Marinade] 3 tablespoons soy sauce ,1 tablespoon lemon juice ,1 tablespoon brown sugar Use regular sugar if unavailable ,1 tablespoon honey or 1 - ⅓ more tablespoons brown sugar ,1 tablespoon rice wine (or mirin or white wine) ,1 tablespoon minced garlic ,1 teaspoon grated ginger ,1 tablespoon sesame oil ,pinch black pepper ,1/2 teaspoon sesame seeds","[Instructions] 1) Rinse chicken pieces. Trim off excess fat. Cut each of the chicken pieces into small sizes (about 2-inch long and 1-inch wide). If you want to use this recipe for outdoor grilling, cut the chicken into larger pieces and marinate longer. Double (or triple) the recipe as needed. | 2) Mix the marinade ingredients in a bowl until the sugar has dissolved. | 3) Coat the chicken pieces with the marinade. Marinate for about 30 minutes in the refrigerator. | 4) Preheat a skillet over medium high heat. Add the chicken pieces, reserving the marinade. Cook until cooked through and slightly caramelized, about 2 minutes each side. (The sugar and honey in the marinade will burn easily, so watch it carefully and add the reserved marinade by tablespoon when the pan gets dry. You can slightly reduce the heat to avoid burning, if needed.)",https://www.koreanbapsang.com/wp-content/uploads/2012/03/DSC_1825-e1562126941436.jpg,"Main, Main Course",Korean,"bulgogi, chicken",,4.55,348.0,348
Galbi (Korean BBQ Beef Short Ribs),,https://www.koreanbapsang.com/galbikalbi-korean-bbq-short-ribs/,,,,4 servings,"[Ingredients] 3-4 pounds beef short ribs (good quality English cut) | [Marinade] ½ cup soy sauce ,1/2 cup water ,¼ cup sugar ,2 tablespoons honey ,¼ cup rice wine (or Mirin) ,¼ cup about 1/2 of a medium Korean/Asian pear grated ,¼ cup about 1/2 of a medium onion grated ,2 tablespoons minced garlic ,1 teaspoon minced ginger ,2 tablespoons sesame oil ,½ teaspoon black pepper","[Instructions] 1) Rinse the ribs and drain water. Trim excess fat. Butterfly the short ribs so the meat is 1/4 to 1/2-inch thick. (See below for the instructions.) | 2) Mix all marinade ingredients well. Marinate the meat for at least 6 hours (overnight for best results). The thicker the meat the longer you'll want to marinate. | 3) It's best to grill over charcoal or wood charcoal (sootbul), but a gas grill works well too. Grill over medium high to high heat, turning only once, 2 - 3 minutes on each side. Make sure to preheat the grill for nice grill marks.",https://www.koreanbapsang.com/wp-content/uploads/2012/05/galbi.jpg,Main Course,Korean,"bbq, beef short ribs, Korean",,4.61,43.0,43
Godeungeo Gui (Grilled Mackerel),Grilled fish is enormously popular in Korean cuisine. The fish is simply salted and either grilled over an open flame or pan fried. You can do the same with any fish.,https://www.koreanbapsang.com/godengeo-gui-grilled-mackerel/,10m,6m,15m,2 servings,"[Ingredients] 1 fresh godeungeo (mackerel), filleted into 2 or 4 pieces, or a butterflied whole fish ,salt (preferably sea salt) ,1 tablespoon lemon juice optional ,1 teaspoon ginger juice optional","[Instructions] 1) Cut crosswise slashes on the skin side of each piece. Pat the fish dry with a paper towel. Drizzle the optional ginger and lemon juice over the fish. Season both sides of the fish liberally with salt. Set aside for 20 to 30 minutes. | 2) Shake off excess salt before cooking. | 3) Cook the fish using one of the three methods shown below. | [Grilling] 1) Clean and lightly oil the grill. Preheat the grill over medium high heat. Place the fish on the grill, skin side down. | 2) Cook until the bottom edges are golden brown and the flesh turns opaque - 2 to 3 minutes. Flip and cook the other side for about 2 minutes. | [Pan-frying] 1) Preheat a skillet with cooking oil over medium high heat. Place the fish, skin side down. | 2) Cook until the bottom edges are golden brown and the flesh turns opaque - 2 to 3 minutes. Flip and cook the other side for about 2 minutes. | [Broiling] 1) Preheat the broiler on high. Place the fish, skin side up, 4 - 6 inches away from the broiler. | 2) Watch it carefully and cook until the skin is lightly charred and bubbly and the flesh turns opaque - 2 or 3 minutes. Turn and cook the other side for another minute or two.",https://www.koreanbapsang.com/wp-content/uploads/2010/08/DSC_0032-e1468901987794.jpg,"Main, Main Course",Korean,"broiled, fish, grilled, mackerel, pan-fried",,4.75,12.0,12
Haemul Bap (Seafood Rice Bowl),"Haemul bap is rice cooked with seafood and served with a sauce. When making rice, simply throw in a few other ingredients while cooking the rice, you can have a filling one-pot meal!",https://www.koreanbapsang.com/haemul-bap-seafood-rice-bowl/,10m,20m,30m,3 servings,"[Ingredients] 1-1/2 cups short grain rice standard measuring cup not the cup that comes with a rice cooker ,1-1/2 cups water or dashima broth or other flavorful liquid ,10 ounces assorted seafood shrimp, squid, mussels, oysters, clams, etc. ,1 small carrot, thinly sliced Vegetables here are guidelines. You can use any vegetables you like. ,1/3 cup frozen peas thawed ,2 or 3 caps shiitake mushrooms soaked if using dried mushrooms, thinly sliced ,3 ounces Korean radish mu, cut into short match sticks | [Sauce (Yangnyumjang)] 3 tablespoons soy sauce ,2 teaspoons lemon juice ,1 teaspoon sesame oil ,1 teaspoon gochugaru (고추가루), Korean red chili pepper flakes ,1 teaspoon sesame seeds ,1 teaspoon minced garlic ,1 teaspoon sugar ,2 scallions, finely chopped","[Instructions] 1) Rinse the rice three times by swishing the rice, draining each time. Soak the rice for 20 to 30 minutes. This soaking process is very important for fluffy rice. | 2) Drain to make sure the correct amount of water is used. | 3) Clean the seafood, and drain well. Prepare the vegetables. | 4) Place the rice in a heavy bottom pot, and add the water (or flavorful broth). Cover, and bring the rice to a full boil over high heat. This will take 4 to 5 minutes. Then, reduce the heat to low. Simmer for 5 minutes. | 5) Quickly stir in the vegetables and seafood. Cover, and cook for an additional 7 to 8 minutes. Turn the heat off, and leave the pot covered for about 5 minutes. | 6) When the rice is done, gently fluff up the rice, evenly distributing the seafood and vegetables. Serve with the sauce on the side.",https://www.koreanbapsang.com/wp-content/uploads/2014/01/DSC_4156-3.jpg,Main Course,Korean,"black bean sauce, Korean rice bowl, rice, rice bowl, seafood, soy sauce, yangnyeom jang",,5.0,4.0,4
Jaengban Guksu (Platter of Cold Noodles and Vegetables),,https://www.koreanbapsang.com/jaengban-guksu-korean-cold-noodles-and/,20m,10m,30m,3 servings,"[Ingredients] 6 to 8 ounces buckwheat (memil guksu/soba, green tea noodles or somyeon/somen) ,1 small cucumber, julienned ,1 medium carrot, julienned ,3 to 4 red cabbage leaves, julienned ,3 to 4 Romaine lettuce leaves, thinly sliced ,6 - 8 perilla leaves (kkaennip), thinly sliced ,2 - 3 ounces Alfalfa and/or radish sprouts ,1 boiled egg, thinly sliced - optional | [Sauce] 3 tablespoons soy sauce ,2 - 3 teaspoons gochugaru (Korean red chili pepper flakes) - adjust to taste ,2 tablespoons sugar ,3 tablespoons orange juice or apple or any other fruit juice ,2 tablespoons vinegar adjust to taste ,1 teaspoon hot mustard powder, gyeoja, mixed with 2 teaspoons water (optional) ,1 teaspoon minced garlic ,1 tablespoon sesame oil ,1 tablespoon sesame seeds ,pinch pepper","[Instructions] 1) Mix all sauce ingredients and keep it cool in the fridge. | 2) Prepare the vegetables and keep them cool in the fridge or in ice water (drain well before using). | 3) Bring a medium pot of water to a boil. Cook the noodles according to the package instructions (5 - 6 minutes). Drain quickly and shock in cold water to stop cooking. Drain and rinse in icy cold water until the noodles are very cold. Make two or three mounds. Place the mounds in a colander to drain. | 4) Place the noodles in the middle of a large platter, and arrange the cold vegetables nicely around the noodles. At the table, you can toss everything together with the sauce or let each person take his or her portion and then mix it with the sauce to taste. | 5) You can practically use any salad vegetables you like, including colorful bell peppers, onions, bean sprouts, watercress, and spring mix.",https://www.koreanbapsang.com/wp-content/uploads/2012/06/Jaengban-guksu.jpg,"Main, Main Course","Asian, Korean","noodles, sauce, vegetables",,5.0,5.0,5
Kongguksu (Chilled Soy Milk Noodle Soup),Kongguksu is a refreshing noodle dish in which noodles are served in savory soy milk. Perfect for hot summer days!,https://www.koreanbapsang.com/kongguksu-chilled-soy-milk-noodle-soup/,20m,10m,30m,4 servings,"[Ingredients] 1 cup dried soybeans meju kong ,4 tablespoons roasted pine nuts or any other nuts of your choosing ,2 teaspoons roasted sesame seeds more for garnish ,salt to taste ,1 small Kirby pickling cucumber, julienned ,1 small tomato sliced (or watermelon) - optional ,somyeon/somen thin wheat flour noodles - about 4 ounces per serving","[Instructions] 1) Rinse and soak 1 cup dried soybeans for 5 to 6 hours or overnight. (Yields about 2 to 2 1/4 cups soaked beans.) | 2) Add enough water to cover the beans, bring to a boil and cook for an additional 3 – 4 minutes. (Do not overcook.) Drain and place the beans in cold water to cool. Rub the beans with your fingers to remove the skins. Pour out the skins that rise to the top. Add more water. Repeat this process to remove as much as possible. | 3) In a blender, puree 1/2 of the cooked beans, 2 tablespoons of nuts, and a teaspoon of sesame seeds, if using, in about 2 cups of cold water as fine as you can. (The finer it is, the creamier the result will be.) Repeat with the remaining beans. Add water (no more than a cup) to adjust the thickness of the liquid. | 4) Run the puree through a fine strainer for a smooth milk-like texture, stirring with a spoon to force it through. (This step is optional.) | 5) Lightly salt to taste. Stir well. Refrigerate to chill. | 6) Bring a medium pot of water to a boil. Cook somyeon noodles according to the package instructions (about 3 minutes). Drain quickly and shock in cold water to stop cooking. Drain again and rinse in icy cold water. Make serving size mounds. Place the mounds in a colander to drain. | 7) Stir up the solids settled on the bottom of the soy milk and pour over the noodles in a serving bowl. Garnish with the julienned cucumbers, tomato pieces and/or sesame seeds. Drop in a few ice cubes and serve very cold.",https://www.koreanbapsang.com/wp-content/uploads/2010/07/DSC_1702-e1536078527576.jpg,"Main, Main Course",Korean,"banguet noodles, cold, noodle soup, soy milk, soybeans",,4.79,32.0,32
Korean Radish Soup (Muguk),a Korean soup made with a flavorful beef broth and white radish!,https://www.koreanbapsang.com/korean-radish-soup-mu-gukmoo-guk/,10m,30m,40m,4 servings,"[Ingredients] 12 ounces Korean radish, mu, 무 ,2 scallions ,6 ounces beef brisket, chuck, or loin ,2 teaspoons minced garlic, divided ,1 teaspoon sesame oil ,2 tablespoons Korean soup soy sauce, guk ganjang, 국간장 (see note) See note ,salt and pepper to taste","[Instructions] 1) Cut the beef into thin bite size pieces. Marinate with 1 tablespoon of soup soy sauce, 1 teaspoon of garlic, a pinch of pepper, and 1 teaspoon of sesame oil. Set aside. | 2) Cut the radish into bite size pieces (1 to 1.5-inch square, about 1/4-inch thick). Cut the scallions into 1 to 1.5-inch pieces. | 3) In a medium pot, sauté the beef until all the pieces turn brown. Pour in 8 cups of water and bring it to a boil. Skim off the foam. Reduce the heat to medium high and continue to boil, covered, for 10 minutes. | 4) Add the radish pieces and boil, covered, until the radish turns translucent and soft, 10 to 15 minutes. Stir in the remaining teaspoon of the garlic, scallions, and the remaining tablespoon of the soup soy sauce. The soup should not look too dark. Taste for salt and pepper. Boil for an additional 5 minutes.",https://www.koreanbapsang.com/wp-content/uploads/2011/03/DSC_1936-e1489466393356.jpg,"Soup, Main Course",Korean,"beef soup, radish, radish soup",,4.7,50.0,50
Porridge (juk) made with leftover turkey,Simple porridge made with leftover roasted turkey,https://www.koreanbapsang.com/porridge-juk-with-leftover-turkey/,10m,120m,130m,4 servings,"[Ingredients] 1 cup short grain rice (or sweet rice, chapssal) soaked for about an hour and drained ,4 - 5 cups turkey stock see below for recipe ,1 cup shredded roasted turkey ,1 carrot, chopped ,1 celery stalk, chopped ,1/4 medium onion chopped ,salt and pepper to taste | [Turkey Stock] carcass of roasted turkey ,1 large carrot cut into large chunks ,1 large celery stalk cut into large chunks ,1 large onion halved and peeled ,1 or 2 bay leaves ,5 plump garlic cloves ,4 to 5 flat-leaf parsley stems optional","[Instructions] 1) Add 4 cups of the stock and rice to a medium pot and simmer, covered, for about 20 minutes. Stir occasionally (more frequently as the stock is reduced so the rice doesn't stick to the bottom of the pot). Start with medium low heat and reduce to low heat when the stock is visibly reduced. | 2) Add the vegetables, cover and simmer for an additional 20 minutes until the vegetables are soft. At this point you can adjust the consistency of the porridge to your taste by adding more stock. | 3) Stir in the turkey during the last few minutes of simmering. Add salt and pepper to taste at the end. | [Turkey Stock] 1) Remove as much meat as possible from the turkey carcass and save them to use in the porridge or soup. | 2) Put the turkey remains in a large stock pot filled three-quarters of the way with water. Break up the bones if they are too big to fit in the pot. | 3) Bring to a boil over medium high heat and skim off any foam. Add the vegetables, reduce the heat to low and simmer, covered, for 2 to 3 hours. Cool and pour through a strainer into a large bowl. | 4) You can use a fat separator to remove the fat or keep it in the fridge until the fat solidifies to spoon off the fat.",https://www.koreanbapsang.com/wp-content/uploads/2010/11/DSC2620.jpg,Main Course,Korean,,,4.8,10.0,10
Bukeoguk (Dried Pollock Soup),A quick and easy Korean soup made with dried pollock (or pollack) - bukeo!,https://www.koreanbapsang.com/quick-and-easy-winter-soup-bukeo-guk/,,,,4 servings,"[Ingredients] 2 ounces dried pollock bukeo/hwangtae strips - 1 cup packed after being soaked and squeezed ,1 medium potato or equal amount of Korean radish ,6 ounces tofu ,2 scallions ,2 teaspoons sesame oil ,1 teaspoon minced garlic ,1 tablespoon soup soy sauce - gukganjang ,1 egg lightly beaten ,salt and pepper to taste","[Instructions] 1) Rinse and soak the dried pollock strips in warm water until softened, about 20 minutes. Drain, reserving the soaking water. Lightly squeeze out the water, and tear the strips into bite size pieces. | 2) Cut the potato in half lengthwise, and slice into half-moon shapes. Cut tofu into 1/2-inch thick bite size pieces. Cut the scallions into 1-inch lengths. | 3) In a heated medium pot, sauté the pollock in the sesame oil (about 2 to 3 minutes) over medium high heat. Lightly season with salt. (If using Korean radish, sauté it with the pollock.) | 4) Add 6 cups of water, including the water used to soak the pollock, and soy sauce to the pot. Bring it to a boil, covered, and continue to boil for 7 to 8 minutes. Add the potatoes, tofu, and garlic. | 5) Cook until potatoes are cooked, about 5 minutes. Salt and pepper to taste. Reduce the heat to medium low, drop the scallions in, and gently drizzle the beaten egg over the boiling soup right before turning the heat off.",https://www.koreanbapsang.com/wp-content/uploads/2014/01/bukeoguk-photo.jpg,Main Course,Korean,,,4.76,33.0,33
Samgyupsal Gui (Grilled Pork Belly),"Simple, easy Korean BBQ with unseasoned fresh pork belly",https://www.koreanbapsang.com/samgyupsal-gui-grilled-pork-belly-and/,,,,4 servings,"[Ingredients] 1 pound sliced fresh pork belly (samgyupsal, 삼겹살) ,8 cloves garlic, thinly sliced ,4 green chili peppers, roughly sliced ,3 - 4 scallions, thinly sliced (or pa muchim) ,2 to 4 ounces mushroom caps - white, crimini, or king mushrooms - optional ,4 chili peppers - optional ,2 heads of red or green lettuce ,16 perilla leaves, kkaennip (깻잎) - optional | [Sesame oil sauce (per person)] 1 tablespoon sesame oil ,1/2 teaspoon salt ,black pepper to taste | [Ssamjang (for wraps) - serves 4] 2 tablespoons doenjang 된장 (Korean soybean paste) ,1 tablespoon gochujang 고추장 (Korean red chili pepper paste) ,1 teaspoon minced garlic ,2 teaspoons sesame oil ,1 teaspoon sesame seeds ,1 tablespoon rice wine or mirin - optional If the sauce is too thick, use a tablespoon of water to thin it.","[Instructions] 1) Prepare the vegetables. Mix the sauce ingredients for each sauce. | 2) Heat the grill (or a flat pan or grill pan). Cut the pork belly strips in shorter bite size pieces. You can also grill first and cut into bite sized pieces with kitchen scissors. | 3) Add the meat to the grill along with the garlic, chili peppers, and any other vegetables you are using. Grill over moderate heat until cooked through, flipping once. It's best to serve right off the grill or pan as you cook.",https://www.koreanbapsang.com/wp-content/uploads/2012/05/DSC_1910-e1499143384126.jpg,"Main, Main Course",Korean,"grilling, pork, pork belly, samgyupsal gui",,4.58,26.0,26
Slow Cooker Beef Bulgogi,Korean bulgogi made in the slow cooker,https://www.koreanbapsang.com/slow-cooker-beef-bulgogi-2/,,,,4 servings,"[Ingredients] 1.5 to 2 pounds flank steak or brisket ,1 medium onion sliced 1/2-inch thick ,3 scallions cut into 2-inch lengths ,1 large carrot sliced ,7 to 8 garlic cloves roughly chopped ,1- inch ginger thinly sliced | [Sauce] 6 tablespoons soy sauce ,3 tablespoons rice wine or mirin ,3 tablespoons sugar ,1 tablespoon honey ,1 tablespoon apple cider vinegar or lemon juice ,1/2 Korean pear or apple, grated (about 3 to 4 tablespoons) ,⅛ teaspoon pepper ,1 tablespoon sesame oil ,1 teaspoon sesame seeds","[Instructions] 1) Clean the meat, and trim off any excess fat. Generously sprinkle with salt and pepper. Heat a large pan until very hot. Add a tablespoon of canola or vegetable oil, and sear the meat, about 2 minutes on each side. | 2) Place the sliced onions at the bottom of the slow cooker, and place the meat on top. Add the remaining vegetables (save a few scallion pieces for garnish). Mix all the sauce ingredients, except the sesame seeds, and pour over the meat. You can prepare ahead of time, up to this point, and keep it in the fridge. | 3) Cover, and cook for about 3 to 4 hours on high or 5 to 6 hours on low. Flip over once midway through the process, if you’re home. Cook until the meat is tender but sliceable. Once cooked, remove the meat to a cutting board. Drop the reserved scallion pieces into the hot cooking liquid. Transfer the vegetables to a plate. | 4) Thinly slice the meat against the grain. Run the sauce through a strainer, and pour over the meat and vegetables to serve.",https://www.koreanbapsang.com/wp-content/uploads/2015/02/DSC_0847.jpg,Main Course,Korean,,,4.39,52.0,52
Slow Cooker Dakjjim (Korean Braised Chicken),,https://www.koreanbapsang.com/slow-cooker-dakjjim-korean-braised/,,,,4 servings,"[Ingredients] 1 medium size chicken cut up about 2.5 pounds of cut pieces ,2 medium potatoes cut into large chunks ,1 medium carrot cut into large chunks ,1/2 large onion cut into large chunks ,4 – 5 mushroom caps shiitake, white, or baby bella, cut into large chunks ,6 – 8 plump garlic cloves ,3 – 4 thin ginger slices 1-inch round ,2 – 3 dried whole red chili peppers or green chili peppers or jalapenos – optional ,2 scallions, roughly chopped | [Sauce] ⅓ cup soy sauce ,2 tablespoons dark brown sugar ,2 tablespoons oyster sauce or 2 more tablespoons soy sauce. ,3 tablespoons rice wine or mirin ,2 tablespoons honey or 2 to 3 more tablespoons brown sugar ,1/4 teaspoon pepper ,2 teaspoons sesame oil ,1 teaspoon sesame seeds","[Instructions] 1) Clean and cut the chicken into small pieces (2 to 3-inch sizes). Trim off excess fat. Drain thoroughly or pat dry with paper towels. Place the chicken and vegetables, except scallions, in the slow cooker. Pour in the sauce and toss everything well. (You can prepare ahead of time up to this point and keep it in the fridge.) | 2) Cover, and cook for about 4 hours on high or 6 hours on low. Stir to rotate the chicken over midway through the process, if you’re home. Stir in the scallions, sesame oil, and sesame seeds with a few minutes remaining, or see the optional step below. | [Optional Step] 1) Transfer to a large pot. Cook, uncovered, over high heat until the liquid is reduced and slightly thickened, 6 to 8 minutes. Stir in the scallions, sesame oil, and sesame seeds. Turn the heat off as soon as the scallions are slightly wilted.",https://www.koreanbapsang.com/wp-content/uploads/2014/01/DSC_4606-e1504874295530.jpg,Main Course,Korean,,,4.35,131.0,131
Slow cooker galbijjim (braised short ribs),"Slow-cooker adaptation of my recipe for traditional galbijjim, hence the same great authentic flavor!",https://www.koreanbapsang.com/slow-cooker-galbijjim-korean-braised/,,,,4 servings,"[Ingredients] 3 to 4 pounds beef short ribs ,1/2 medium onion ,1 to 2 carrots ,1/2 medium Korean/Asian pear or 1 bosc pear or apple ,7 to 8 plump garlic cloves ,3 to 4 thin ginger slices about 1-inch round ,6 ounces Korean radish omit if unavailable ,3 to 4 dried shiitake mushrooms briefly soaked and quartered (omit if unavailable) | [Sauce] 1/2 cup soy sauce ,1/4 cup rice wine or dry white wine ,4 tablespoons honey or sugar - adjust to taste ,pepper to taste ,1 tablespoon sesame oil | [Garnish] 2 to 3 scallions roughly chopped","[Instructions] 1) Trim off any excess fat. Rinse the ribs and let them sit in cold water for about 30 minutes to draw out excess blood. Drain well or pat dry with paper towels. Prepare the vegetables and pear by cutting into large chunks (about 1-1/2-inch pieces). | 2) Place the ribs and vegetables and pear in the slow cooker. Mix together the soy sauce, rice wine, honey (or sugar) and pepper, and pour over the ribs. Toss everything to coat with the sauce. Cover, and cook for 6 to 7 hours on high or 9 to 10 hours on low. Flip the ribs over midway through the process if you’re home. (Adjust the cooking time, depending on how tender you want your ribs to be.) Stir in the scallions and sesame oil. | 3) Remove the ribs and vegetables from the slow cooker. Strain the cooking liquid into a bowl to skim off the fat. I use a fat separator. Pour the sauce over the ribs to serve. (You can also cool it in the fridge or freezer until the fat solidifies to spoon off. Reheat the sauce.) | 4) Serve with rice.",https://www.koreanbapsang.com/wp-content/uploads/2013/10/DSC_2796-e1484194231237.jpg,Main Course,Korean,,,4.55,121.0,121
Buchu kimchi (Garlic chives kimchi),This kimchi made with garlic chives (buchu) is one of the easiest kimchi types to make! ·,https://www.koreanbapsang.com/buchu-kimchi-garlic-chives-kimchi/,10m,10m,20m,16 servings,"[Ingredients] 1 pound 450 grams buchu, 부추 (garlic chives) ,Seasonings: ,1 tablespoon glutinous rice flour (aka sweet rice flour) ,4 tablespoons gochugaru (Korean red chili pepper flakes) ,3 tablespoons myulchiaekjeot (fish sauce) ,1 tablespoon saewujeot (salted shrimp) finely chopped (or use more fish sauce) ,1 teaspoon sugar or more to taste ,1 teaspoon sesame seeds - optional","[Instructions] 1) Whisk together the glutinous powder and 1/2 cup of water. Simmer over low heat, stirring occasionally, until it thickens to a thin paste. Let it cool. Yields about 4 tablespoons. | 2) Wash the chives thoroughly a couple of times, gently shaking them in the water to get out any dirt between the blades. Drain. Cut the chives into 2 or 3 sections crosswise. | 3) Mix all the seasoning ingredients along with 1/2 cup of water in a bowl. Add to the garlic chives. | 4) Gently rub the seasoning mixture all over the garlic chives to evenly coat them. Let stand at room temperature for 2 to 3 hours until the chives wilt and reduce in volume. Transfer to an airtight container or a jar and refrigerate. Buchu kimchi can be eaten right away, but the flavor develops as it ferments. It will keep well for 2 to 3 weeks in the fridge.",https://www.koreanbapsang.com/wp-content/uploads/2013/06/DSC7290-3.jpg,Side Dish,Korean,"buchu, easy kimchi, garlic chives, kimchi",,4.79,14.0,14
Dubu Jorim (Braised Tofu),"Dubu jorim is a tofu dish that's braised in a simple sauce. With this recipe, you can easily turn your tofu into a flavorful side dish.",https://www.koreanbapsang.com/dubu-jorim-korean-braised-tofu/,10m,15m,25m,4 servings,"[Ingredients] 1 about 18-oz pack firm tofu ,1 tablespoon vegetable/canola oil | [For the sauce] 3 tablespoons soy sauce ,3 tablespoons water ,1 tablespoon sesame oil ,1 teaspoon sugar ,1 teaspoon Korean red pepper flakes (gochugaru, 고추가루) ,1 teaspoon sesame seed ,1 teaspoon minced garlic ,2 scallions (1 if large), finely chopped about 1/4 cup","[Instructions] 1) Cut the tofu block into 1/2-inch thick rectangular pieces. Pat dry with a paper towel. | 2) Prepare the sauce by mixing all ingredients together. | 3) Heat a tablespoon of oil in a large non-stick skillet, carefully add the tofu pieces (tofu breaks easily) and sear over medium to medium high heat until lightly golden brown (about 3 - 4 minutes each side). | 4) Spoon the sauce over the tofu pieces. Slightly lift a side of the tofu pieces to get the sauce under them. Simmer for 3 - 4 minutes over medium to medium low heat. Flip them over, and simmer for another minute or two, spooning the sauce over the tofu pieces. Serve warm or cold with a bowl of rice.",https://www.koreanbapsang.com/wp-content/uploads/2010/03/DSC3340-2.jpg,Side Dish,Korean,"braised, gochugaru, soy sauce, tofu",,4.81,136.0,136
Gaji hobak muchim (grilled eggplant and zucchini),Korean-flavored grilled eggplant and zucchini side dish!,https://www.koreanbapsang.com/gaji-hobak-muchim-grilled-eggplants-and/,10m,10m,20m,4 servings,"[Ingredients] 1 medium size Korean/Asian eggplant about 8 ounces ,1 medium size zucchini about 8 ounces ,1/2 teaspoon salt ,cooking oil | [For the seasoning] 1 scallion, finely chopped ,1 teaspoon minced garlic ,1 tablespoon soy sauce ,2 teaspoons sesame oil ,1 teaspoon sugar ,1 teaspoon roasted sesame seeds ,pinch pepper ,2 teaspoons gochugaru - optional for a spicy version adjust to taste ,1 green or red chili pepper - optional for a spicy version","[Instructions] 1) Cut the eggplant and zucchini crosswise into about 1/3 inch-thick slices. | 2) Place the vegetables In a bowl, and sprinkle with salt (about 1/4 teaspoon for each vegetable). Let sit for about 20 minutes until wilted and some liquid has been released. Flip them over half way through. Discard the liquid. | 3) Preheat a lightly oiled grill or grill pan over medium high heat. You can also use a large skillet. Grill the vegetable slices, for about two minutes per side, until cooked through and slightly charred with nice grill marks. | 4) Add the seasoning ingredients and gently toss everything together.",https://www.koreanbapsang.com/wp-content/uploads/2013/09/DSC1557.jpg,Side Dish,Korean,"eggplant, grilled, zucchini",,4.5,8.0,8
Gamja Jorim (Braised Potatoes),Easy Korean side dish made with potatoes and a few basic ingredients!,https://www.koreanbapsang.com/gamja-jorim-braised-potatoes/,10m,15m,30m,4 servings,"[Ingredients] 1.5 pounds potatoes (about 3 medium size) ,1 carrot (about 3 ounces) See note 1 ,2 to 3 green chili peppers (or 1/2 green bell pepper) ,1/4 medium onion ,1 tablespoon cooking oil | [Braising liquid] 3 tablespoons soy sauce (or 2 T soy sauce and 1 T gochujang) See note 2 ,1 tablespoon sugar ,1 tablespoon rice wine (or mirin) You can omit it if unavailable ,1 tablespoon corn syrup (or oilgodang) Or use 1 tablespoon more sugar ,1 teaspoon minced garlic ,pinch black pepper ,3/4 cup water ,1 teaspoon sesame oil ,1/2 teaspoon roasted sesame seeds","[Instructions] 1) Peel and cut potatoes into about 1-inch cubes. Cut the carrot, peppers, and onion into big chunks. | 2) In a small bowl, combine all the braising liquid ingredients except the sesame oil and seeds. Stir well. | 3) In a non-stick pan (or a small pot), sauté the potatoes in cooking oil over medium heat for 4 - 5 minutes, stirring occasionally so the potatoes don't stick to the pan. | 4) Add the sauce mix and bring it to a boil over high heat. Drop the carrot pieces in. Cover, and reduce the heat to medium and cook until the potatoes are almost cooked through (about 5 to 6 minutes, depending on the type or size of potatoes). The potatoes should be firm and not mushy. | 5) Stir in the green peppers and onion, and continue to boil (uncover this time) until the sauce is reduced and slightly thickened, about 3 minutes. The potatoes will continue to soak up the sauce even after being cooked. Stir in the sesame oil and sprinkle with sesame seeds.",https://www.koreanbapsang.com/wp-content/uploads/2009/11/DSC3022-2-e1692306753929.jpg,Side Dish,Korean,"banchan, braised, gamja, potatoes, side dish, soy sauce",,4.61,185.0,185
Gochu doenjang muchim (green chili peppers seasoned with doenjang),Fresh green chili peppers seasoned with doenjang make for a simple summer side dish that goes especially well with Korean BBQ.,https://www.koreanbapsang.com/gochu-doenjang-muchim/,7m,3m,10m,4 servings,"[Ingredients] 5 ounces mild green chili peppers (Korean asagi gochu, 아삭이고추) 6 to 8, depending on the size ,1.5 tablespoons doenjang 된장 (Korean feremented soybean paste) ,1/2 tablespoon gochujang, 고추장 (Korean red chili pepper paste) or 1 teaspoon gochugaru (Korean red chili pepper flakes) ,1 teaspoon minced garlic ,1/2 teaspoon sugar or 2-3 teaspoons maesilcheong 매실청 (Korean plum syrup) or any other sugar substitute of your choice ,2 teaspoons sesame oil ,2 teaspoons crushed sesame seeds","[Instructions] 1) Trim off the stems, and rinse the peppers. Cut them into one-inch pieces. | 2) In a bowl, combine doenjang, gochujang, garlic, sugar (or substitute), sesame oil and sesame seeds and mix well. | 3) Add the peppers and toss everything well with a spoon or by hand until each piece is well coated with the sauce. Adjust the seasoning to taste by adding more doenjang or gochujang (or gochugaru).",https://www.koreanbapsang.com/wp-content/uploads/2023/07/DSC6976-e1688600997977.jpg,Side Dish,Korean,"chili peppers, Doenjang, fermented soybean paste",,5.0,10.0,10
Hobak bokkeum,A simple stir-fried zucchini side dish,https://www.koreanbapsang.com/hobak-bokkeum-stir-fried-zucchini/,5m,5m,10m,2 servings,"[Ingredients] 1 medium zucchini (about 10 - 12 ounces) ,2 teaspoons saeujeot (salted shrimp) or salt to taste or fish sauce ,1 teaspoon minced garlic ,1 scallion finely chopped ,1 teaspoon sesame oil ,1 teaspoon sesame seeds (preferably crushed) ,1 tablespoon cooking oil","[Instructions] 1) Cut the zucchini in half lengthwise (cut into quarters if using a round zucchini). Then cut crosswise into about 1/4 to 1/3-inch thick slices. | 2) You can use saeujeot as is or finely chopped. This is very salty, so use 2 teaspoons first and add more if needed. | 3) Heat a pan with a tablespoon of cooking oil over medium high heat. Add the zucchini, garlic and saeujeot (or salt or fish sauce) to the pan. Cook for 2 to 3 minutes, stirring well. Add 2 tablespoons of water to the pan while stir frying. You can add another spoon or two of water if the pan is dry. | 4) Add the scallion, sesame oil and sesame seeds. Continue to cook until the zucchini is softened and turns translucent, about 2 to 3 minutes. Do not overcook. Taste and add more salted shrimp or salt if necessary.",https://www.koreanbapsang.com/wp-content/uploads/2011/07/DSC2558-2.jpg,Side Dish,Korean,"banchan, stir-fried, stir-fry, zucchini",,4.84,24.0,24
Jangjorim (Soy Braised Beef),"Jangjorim is a soy-braised beef dish. It's a slightly sweet, salty side dish that goes well with any Korean meal!",https://www.koreanbapsang.com/jangjorim-soy-braised-beef/,10m,60m,80m,8 servings,"[Ingredients] 1.5 pounds beef brisket, flank steak, or shank meat ,1/2 medium onion ,2 scallions white part ,6 ounces of Korean radish, mu, cut into big chunks ,7 plump garlic cloves ,3 thin ginger slices, about 1-inch round ,1/2 teaspoon whole black peppers (or ground peppers to taste) | [Sauce ingredients] 5 tablespoons soy sauce ,2 tablespoons soup soy sauce (guk ganjang, 국간장) (or use more regular soy sauce) ,3 tablespoons sugar ,3 tablespoons rice wine or mirin | [Optional ingredients] 1 piece 3-inch square dried kelp (or a bay leaf) ,10 to 12 Shishito peppers (or other fresh green peppers) Use less and cut into halves if using large peppers ,3 boiled eggs, peeled","[Instructions] 1) Cut the beef into 2 to 3-inch rectangles. | 2) In a covered medium pot, bring 8 cups of water and the next 6 ingredients to a boil. Continue to boil for 5 minutes over medium high heat. | 3) Drop the meat into the pot. Bring it to a gentle boil, and remove the scum. Reduce the heat to medium. Boil, covered, for about 30 minutes. | 4) Remove the meat. Strain the cooking liquid into a large bowl, and then add 2.5 cups of the liquid back to the pot. (You can save the remaining broth to make a soup or stew later.) | 5) Add the meat and sauce ingredients to the pot. Bring it to a boil over high heat. Reduce the heat to medium, and boil, covered, until the meat is tender and the sauce is reduced to about ⅓, about 20 minutes. You can cook longer if the meat is still not tender enough. | 6) Add the optional dried kelp, peppers and eggs and continue to boil for about 10 minutes. Discard the kelp, and transfer everything else to an airtight container for storage. Cool before storing in the fridge. Shred the meat and pour some sauce over to serve.",https://www.koreanbapsang.com/wp-content/uploads/2014/03/DSC3830-e1644457595163.jpg,Side Dish,Korean,"beef, braised, chili peppers, soy sauce",,4.72,49.0,49
Kkaennip kimchi (perilla kimchi),,https://www.koreanbapsang.com/kkaennip-kimchi-perilla-kimchi/,20m,10m,30m,12 servings,"[Ingredients] 50 to 60 kkaennip (perilla leaves) ,1 scallion finely chopped (about 1/4 cup) ,1 red chili pepper - optional ,2 tablespoons gochugaru (or 2.5 TB) ,1 tablespoon myulchi aekjeot (fish sauce) ,1 tablespoon soup soy sauce (or regular soy sauce) ,2 teaspoons minced garlic ,1 teaspoon sugar (or 2 ts maesilcheong, Korean plum syrup) ,1 teaspoon roasted sesame seeds ,1/4 cup water or dashima (dried kelp/kombu) broth See note","[Instructions] 1) Wash the kkaennip thoroughly under running water one at a time, especially the back, rough side. Hold the stems together, and shake off the excess water. | 2) Place them in a colander to further drain/dry. | 3) Mix all the seasoning ingredients well in a small bowl. | 4) Place 3 or 4 leaves at a time, in a bowl or container with an airtight lid, and spread about a teaspoon of the sauce all over. Repeat the process with the remaining leaves. Rotate the location of the stem part of each batch to level the stack. Pour any remaining sauce over the leaves when all the leaves are used up. | 5) Cover tightly with the lid. Let it sit at room temperature for a few hours and refrigerate. You can start enjoying it right away, but it will keep well for weeks.",https://www.koreanbapsang.com/wp-content/uploads/2013/08/DSC1657-2-1.jpg,Side Dish,Korean,,,5.0,8.0,8
Kkakdugi (Cubed Radish Kimchi),"Crunchy, spicy, and deeply savory, kkakdugi is a highly popular Korean radish kimchi. And easy to make!",https://www.koreanbapsang.com/kkakdugi-cubed-radish-kimchi/,30m,10m,40m,48 servings,"[Ingredients] 5.5 pounds Korean radishes (mu, 무) See note 1 ,3 tablespoons Korean coarse sea salt (굵은소금) less if using finer salt - See note2 ,3 or 4 scallions cut into about 1-inch lengths | [Seasonings] 1/2 cup gochugaru (고추가루) use more or less to taste (a tablespoon or 2) ,2 tablespoons myulchiaekjeot (멸치액젓), fish sauce See note 3 ,3 tablespoons saeujeot (새우젓), salted and fermented shrimp See note 3 ,3 tablespoons minced garlic, 8-9 plump cloves see note 4 ,1 teaspoon grated ginger, about 1-inch thumb size see note 4 ,1 tablespoon sugar (adjust to taste or omit) You may need more if your radish is bitter. ,1/2 Korean/Asian pear or apple - optional see note 4 ,2 tablespoon cooked rice, heated if hardened - optional see note 4 | [Kitchen Tools] a large mixing bowl 7 – 8 qt ,a large colander ,kitchen gloves ,1 gallon or little smaller airtight container or jar","[Instructions] 1) Clean the radishes by scrubbing with a brush and/or scratching off the stubborn impurities with a small knife. Peel the skin only if necessary. Cut into 3/4 to 1-inch thick discs, and then cut each disc into 3/4 to 1-inch cubes, placing in a large bowl. (The cubes will look big but will shrink during the salting and fermentation processes.) | 2) Sprinkle the salt over the radishes and toss well to coat evenly. Let sit for about an hour, until the radishes have slightly softened and released some liquid. Flip them over once or twice during salting. | 3) Drain the radishes in a colander and discard the liquid. Do NOT rinse. (The radishes still contain sufficient water content that will be released during the fermentation process.) | 4) Place the radishes back in the bowl. Add the gochugaru and mix well, rubbing the radishes by hand (wear kitchen gloves). Add the remaining seasoning ingredients and mix well to evenly distribute the seasonings. Taste a little bit of the seasoning. It should be a little too salty to eat as is. Add some salt if necessary. Toss the scallions in gently. (The radishes will be a little dry at this point, but they will release water during the fermentation process.) | 5) Store in an airtight container or jar. Before closing the lid, press the kkakdugi down hard with your hand to remove air pockets between the radish cubes. | 6) Leave it out at room temperature for two to three days, depending on your room temperature and how fast you want your kimchi to ripe. Then, store in the fridge. Kkakdugi tastes best after a week or two in the fridge to fully develop the flavors. It maintains great flavor and texture for several weeks.",https://www.koreanbapsang.com/wp-content/uploads/2018/06/DSC9458-6.jpg,Side Dish,Korean,"cubed radish kimchi, easy kimchi, korean radish, radish kimchi",,4.65,67.0,67
Korean Potato Salad,This Korean potato salad is easy to make with a few staple ingredients. The salad is soft and creamy with some crunch from other vegetables.,https://www.koreanbapsang.com/korean-potato-salad/,10m,20m,30m,6 servings,"[Ingredients] 1.5 pound potatoes Russet or Yukon gold ,1 boiled egg (or 2 eggs) ,2 ounces cucumber ,2 ounces carrot ,6 tablespoons mayonnaise - use your favorite start with 5 TB and use more to taste (see note) ,salt and pepper to taste start with 1 teaspoon salt ,1 teaspoon sugar - optional ,1 - 2 tablespoons lemon juice or 1 tablespoon vinegar - rice, white, apple cider, etc. | [Other optional ingredients (see note)] 1 tablespoon raisins or dried cranberries ,1/4 small apple (sweet variety), cut into thin, small slices ,2 tablespoons finely chopped onion","[Instructions] 1) Peel and cut the potatoes into similar size chunks (1 to 1.5-inch pieces). | 2) Place the potatoes in a medium size pot, and cover with cold water. Bring it to a boil over medium high heat. Reduce the heat to medium, cover and continue to boil the potatoes until easily pierced with a fork or a chopstick. | 3) Drain and mash the potatoes in a mixing bowl with a fork until smooth. Leave some small chunks if you like. Set it aside. | 4) Place the egg(s) in a small sauce pot with cold water covering the egg(s). Bring it to a boil. Turn the heat off, cover, and let the eggs cook in hot water for 12 - 13 minutes. Remove the eggs and place them in cold water for about 10 minutes before peeling. | 5) Cut the cucumber in half lengthwise and thinly slice. Lightly sprinkle with salt. Set it aside while preparing the other ingredients, and then tightly squeeze to remove moisture. | 6) Cut the carrot in half lengthwise and thinly slice. No salt is necessary as the carrot doesn’t contain as much moisture as the cucumber. | 7) Roughly chop the egg(s), leaving the yolk if using it for optional garnish. See optional garnish below. | 8) Add the cucumber, carrot, mayonnaise (start with 5 tablespoons), salt (start with 1 teaspoon), optional sugar, and lemon juice (or vinegar) to the bowl with the mashed potatoes. Mix everything well. Taste and add more mayonnaise, salt, and/or sugar to taste. | 9) Throw in the chopped egg and toss gently to evenly distribute the egg pieces. | [Optional egg yolk garnish] 1) Press the reserved egg yolk through a strainer over the top of the salad or into a bowl if using later.",https://www.koreanbapsang.com/wp-content/uploads/2022/07/DSC6517-4-e1657745098180.jpg,Side Dish,Korean,"mayonnaise, potato salad, potatoes",,5.0,12.0,12
Maneuljjong Muchim (Spicy Garlic Scapes),A simple side dish made with seasonal garlic scapes! It's super easy and delicious!,https://www.koreanbapsang.com/maneuljjong-muchim-spicy-garlic-scapes/,10m,10m,20m,4 servings,"[Ingredients] 8 ounces garlic scapes (maneuljjong, 마늘쫑) ,1 tablespoon soy sauce ,1 tablespoon gochujang ,1 tablespoon gochugaru - adjust to taste ,1 tablespoon sugar - adjust to taste see note ,1 teaspoon sesame oil ,1 teaspoon sesame seeds ,1 teaspoon vinegar","[Instructions] 1) Rinse the scapes, and trim off the tough ends and the tips of the buds. Cut them into about 2-inch lengths. | 2) Bring a small pot of water to a boil. Add a teaspoon of salt, and drop the garlic scapes in. Leave them in for about 30 seconds. Try one to see if they are tender to your taste. | 3) Drain quickly and plunge them in cold water. Drain well in a strainer. | 4) In a bowl, mix the scapes well with the seasoning ingredients.",https://www.koreanbapsang.com/wp-content/uploads/2022/06/DSC6430-2-e1655224291640.jpg,Side Dish,Korean,"garlic scapes, gochujang, maneuljjong",,5.0,3.0,3
Ssamjang (Sauce for Korean Lettuce Wraps),Ssamjang is a Korean sauce for lettuce wraps. Learn how to make a basic ssam sauce and a variation made with canned tuna.,https://www.koreanbapsang.com/ssamjang-sauce-for-korean-lettuce-wraps/,10m,10m,20m,4 servings,"[For basic ssamjang (no-cook)] 2 tablespoons doenjang 된장 (Korean fermented soy bean paste) ,1 tablespoon gochujang 고추장 (Korean red chili pepper paste) ,1 teaspoon minced garlic ,1/2 tablespoon sugar (or honey or oligodang) or to taste ,2 teaspoons sesame oil ,1 teaspoon sesame seeds ,1 tablespoon water or rice wine to thin the sauce or use more for a desired thickness | [Optional ingredients for no-cook ssamjang (use any or all of the listed ingredients)] 1 tablespoon finely chopped onion ,1 tablespoon finely chopped scallion ,1/2 tablespoon finely chopped green chili pepper ,1/2 tablespoon finely chopped red chili pepper ,2 tablespoons chopped nuts (almonds, walnuts, peanuts, etc.) | [For Tuna Ssamjang] 1 can tuna (about 5 ounces) See note for other options ,2 tablespoons finely chopped onion ,2 tablespoons finely chopped scallion ,2 teaspoons minced garlic ,2 tablespoons doenjang 된장 (Korean fermented soy bean paste) ,1 tablespoon gochujang 고추장 (Korean red chili pepper paste) ,1 tablespoon sugar (or honey or oligodang) ,1 tablespoon sesame oil ,2 teaspoons sesame seeds ,1 tablespoon cooking oil","[For basic ssamjang] 1) Combine all the ingredients and mix well until everything is well incorporated. | 2) If using optional ingredients, prepare the ingredients, combine and mix everything well. | [For tuna ssamjang] 1) Preheat a small pan with a tablespoon of oil. Add the onion, scallion and garlic and stir fry until the onion is cooked. | 2) Add the tuna, doenjang, gochujang and the remaining ingredients. Stir well for a few minutes until everything is well incorporated. You can stir in some water or rice wine (or mirin) if the sauce seems dry (2 to 3 tablespoons).",https://www.koreanbapsang.com/wp-content/uploads/2020/07/DSC1848-e1634786209205.jpg,"sauce, Side Dish",Korean,"Korean dipping sauce, Ssam, Ssamjang",,4.6,30.0,30
Wanja jeon (Pan-fried egg battered meat balls),"These Korean mini meat patties are egg-battered and pan-fried. They are Nicely soft, moist, and delicious!",https://www.koreanbapsang.com/wanjajeon-egg-battered-meatballs/,20m,20m,40m,6 servings,"[Ingredients] 1 pound ground beef or combination of beef and pork (half and half) ,4 to 6 ounces tofu squeezed and crushed ,1/2 medium onion ,1/2 medium carrot ,2 scallions ,1 tablespoon sesame oil ,2 teaspoons minced garlic ,salt about 1/2 teaspoon and pepper to taste ,3 eggs beaten well ,1/2 cup flour ,oil for pan-frying","[Instructions] 1) Finely chop the vegetables. | 2) Place the tofu in a cheese cloth or kitchen towel and squeeze out as much water as possible. Break up any large chunks of tofu into crumbles. | 3) Combine all the prepared ingredients, and mix very well by hand until everything is evenly blended, crushing any remaining big pieces of tofu. You can cook a little bit in the microwave (or in a pan) to see if it needs more salt. | 4) Shape the mixture into 1-inch balls, and then gently press between your palms to flatten. | 5) Dredge the patties in flour one at a time, coating well. Shake off excess flour. | 6) Heat a non-stick pan over medium low heat. Coat the pan evenly with 1/2 tablespoon of oil. Dip each piece in the beaten egg, and carefully place in the heated skillet. Cook for about 2 minutes on each side, adding more oil, until the meat is cooked through. The meat is ready if it feels firm. Clean the pan, and repeat with the remaining pieces.",https://www.koreanbapsang.com/wp-content/uploads/2014/09/DSC6845-e1660423446717.jpg,Side Dish,Korean,"Korean jeon, meat balls, meat patties",,4.78,22.0,22
Watercress namul,a simple side dish made with watercress,https://www.koreanbapsang.com/watercress-namul/,10m,5m,15m,2 servings,"[Ingredients] 1 bunch watercress (about 6 - 8 ounces) ,1 scallion, finely chopped ,1/2 teaspoon minced garlic ,1 teaspoon sesame oil ,1/2 teaspoon sesame seeds (preferably crushed) Rub them hard between your thumb and index fingers to crush them. ,salt to taste start with about 1/4 teaspoon","[Instructions] 1) Snip off any thick, tough stem ends with a knife. Wash the watercress thoroughly in cold water by swishing around, and drain. | 2) Boil about 10 cups of water with 2 teaspoons of salt. Blanch the watercress until wilted, 30 - 40 seconds. | 3) Quickly remove it from the pot, and shock in cold water to stop the cooking. | 4) Drain, and gently squeeze out excess water. Run the knife through a couple of times to cut them into 2 to 3-inch lengths. | 5) Add the remaing ingredients and mix everything well, by hand. Let it sit for at least 10 minutes for the seasonings to seep into the watercress.",https://www.koreanbapsang.com/wp-content/uploads/2011/11/DSC6236-e1653074460109.jpg,Side Dish,Korean,"banchan, kongnamul, watercress",,5.0,4.0,4
Yangpa kimchi (onion kimchi),A simple kimchi made with sweet onions,https://www.koreanbapsang.com/yangpa-kimchi-onion-kimchi/,20m,5m,25m,16 servings,"[Ingredients] 3 pounds onions (small, sweet variety such as Viidalia) ,3 tablespoons coarse sea salt (use 2T if using fine tablesalt) See note ,2 scallions (and/or 2 ounces of garlic chives) - optional | [Seasonings] 1/3 cup gochugaru, 고추가루 ,2 tablespoons fish sauce ,2 tablespoons saeujeot (Korean salted and fermented shrimp) or 2T more fish sauce ,1 tablespoon sweet rice flour (chapssal garu, 찹쌀가루) or regular rice flour or all purpose flour ,1 tablespoon sugar - optional but use 1-2 T if not using sweet onions","[Instructions] 1) To avoid tearing, put the onions in icy cold water for about 30 minutes before peeling. Cut onion in half from the tip to the bulb end, and remove the outer skin. Place the onion half, cut side down, on a cutting board, and cut it lengthwise at a slight angle into 2 or 3 even wedges. | 2) Dissolve the salt in 2 cups of water and pour over the onions. Let sit for about an hour, flipping them over half way through. | 3) Whisk together the glutinous powder and 1/2 cup of water. Simmer over low heat, stirring occasionally, until it thickens to a thin paste. Let it cool. Then, mix all the seasoning ingredients in a large bowl. | 4) Drain the onions from salt water. Rinse the onion in fresh water once, and drain well. | 5) Add the onions, and toss everything well until the onion slices are evenly coated with the seasonings. | 6) Throw in the optional scallion and/or garlic chives. Store the kimchi in an airtight container. Keep it at room temperature for a day, and then refrigerate. Onion kimchi can be eaten right away, but the flavor develops as it ferments over a week or two in the fridge.",https://www.koreanbapsang.com/wp-content/uploads/2022/06/DSC0306-e1654360607107.jpg,Side Dish,Korean,"easy kimchi, kimchi, onion, spicy, yangpa",,4.75,8.0,8
Traditional kimchi (Pogi Kimchi),"This Korean kimchi recipe shows you everything you need to know about how to make traditional cabbage kimchi. With this small batch recipe, you’ll find it not that difficult to make good authentic kimchi at home.",https://www.koreanbapsang.com/baechu-kimchi-napa-cabbage-kimchi/,120m,360m,480m,24 to 36,"[Ingredients] 1 large Napa cabbage, baechu (배추), about 5 to 6 pounds, or 2 small (about 3 pounds each) ,1 cup Korean coarse sea salt, gulgeun soguem (굵은소금) ,5 cups water ,1 pound Korean radish, mu (무) ,1/4 large Korean pear (배) optional ,3 - 4 scallions ,1 piece dasima, 다시마 (dried kelp), about 2 to 3 inch square) - optional | [Seasonings] 1 tablespoon glutinous rice flour, chapssal garu (찹쌀가루) ,1/2 cup gochugaru, 고추가루 - adjust to taste ,1/4 cup saeujeot, 새우젓 (salted and fermented shrimp), roughly chopped ,3 tablespoons myulchiaekjeot, 멸치액젓 (fish sauce) ,3 - 4 raw shrimps, about 2 ounces, finely minced or ground - optional ,3 tablespoons minced garlic ,1 teaspoon grated ginger ,1/2 cup water or dasima broth | [Kitchen tools] 2 large bowls or pots 7 - 8 quarts ,a large colander ,kitchen gloves ,3/4 - 1 gallon airtight container or jar","[Instructions] 1) Cut the thick white part of the cabbage in half lengthwise. Then, slowly pull it apart to separate into two pieces. Do the same for each half to make quarters. Running the knife through all the way would unnecessarily cut off the cabbage leaves. | 2) In a large bowl, dissolve 1/2 cup of salt in 5 cups of water. Thoroughly bathe each cabbage quarter in the salt water one at a time, shake off excess water back into the bowl, and then transfer to another bowl. | 3) Using the other half cup of salt and starting from the outermost leaf, generously sprinkle salt over the thick white part of each leaf (similar to salting a piece of meat). Try to salt all the cabbage quarters with 1/2 cup salt, but you can use a little more if needed. Repeat with the rest of the cabbage quarters. Pour the remaining salt water from the first bowl over the cabbage. Set aside for about 6 - 8 hours, rotating the bottom ones to the top every 2 - 3 hours. | 4) The cabbages should be ready to be washed when the white parts of the leaves are bendable. It's okay to have a bit of resistance. Rinse thoroughly 3 times, especially between the white parts. Drain well, cut side down. | 5) Meanwhile, make the optional dasima broth by boiling a small piece (2 to 3 inch square) in 1.5 cups of water for 5 minutes, and cool. Mix the rice flour with 1/2 cup water (or optional dasima broth) and simmer over low heat, stirring occasionally, until it thickens to a thin paste, and cool. Yields about 3 - 4 tablespoons. | 6) Prepare the garlic, ginger and saeujeot. Combine all the seasoning ingredients, including the rice paste and about 1/2 cup water (or the optional dashima broth), and mix well. Set aside until the gochugaru dissolves slightly and becomes pasty. | 7) Cut the radish and optional pear into matchsticks (use a mandoline if desired), transferring to a large bowl. Cut the scallions diagonally into about 1-inch long pieces. Add the prepared seasoning mix to the radish, and mix well by hand. Throw in the scallions, and mix everything lightly. Taste a little bit. It should be a little too salty to eat as is. You can add salt, more salted shrimp or fish sauce, as needed. Let it sit for about 30 minutes to allow the flavors to meld nicely. | 8) Cut off the tough stem part from each cabbage quarter, leaving enough to hold the leaves together. Place one cabbage quarter in the bowl with the radish mix. Spread the radish mix over each leaf, one to two tablespoons for large leaves. (Eyeball the stuffing into 4 parts and use one part for each cabbage quarter.) | 9) Fold the leaf part of the cabbage over toward the stem and nicely wrap it with the outermost leaf. Place it, cut side up, in a jar or airtight container. Repeat with the remaining cabbages. If you have loose large leaves, you can use them to cover the top of the kimchi (see note 1). Once all the cabbages are in the jar or airtight container, press down hard to remove air pockets. To collect any remaining seasoning, rinse the bowl with 1/2 cup of water (or the remaining optional dasima broth), and add it to the kimchi container. Close the lid. | 10) Leave it out at room temperature for a full day or two. It can be longer, depending on the weather and how fast you want your kimchi to ripen. Then, store in the fridge. (see note 2)",https://www.koreanbapsang.com/wp-content/uploads/2019/11/DSC_0831-e1645400234347.jpg,Side Dish,Korean,"fermented, kimchi, Kimchi recipe, pogi kimchi, side dish",,4.64,319.0,319
Doraji namul (Sautéed Bellflower Roots),Lightly seasoned and sautéed doraji (bellflower roots)!,https://www.koreanbapsang.com/doraji-namul-sauteed-bellflower-roots/,,,,4 servings,"[Ingredients] 2 ounces dried doraji or about 1 cup soaked ,1 tablespoon coarse salt ,1 teaspoon soup soy sauce ,1/4 teaspoon salt ,1 teaspoon minced garlic ,1/2 tablespoon vegetable or canola oil ,1 tablespoon finely chopped scallion ,1/2 tablespoon sesame oil ,1/2 teaspoon sesame seeds","[Instructions] 1) Soak the dried doraji in warm water until softened, about an hour depending on the doraji. | 2) Split each piece into shorter, thin strips with your fingers or a small knife. | 3) Add the coarse salt and massage well, in a kneading motion, for a few minutes to remove the bitterness. Rinse a couple of times, and drain. | 4) Bring a small pot of water to a boil. Blanch the doraji for a minute, and drain.You can cook a little longer for softer doraji. | 5) Mix well with the soup soy sauce, salt, garlic, and vegetable or canola oil. Set aside for a few minutes. | 6) In a heated pan, saute the doraji for 3 to 4 minutes over medium high heat until the doraji turns slightly opaque. You can add 2 to 3 tablespoons of water if it gets too dry. Stir in the chopped scallion, sesame oil, and sesame seeds before turning off the heat.",https://www.koreanbapsang.com/wp-content/uploads/2017/10/DSC_1925-1-e1644791605612.jpg,Side Dish,Korean,,,5.0,2.0,2
Gosari Namul (Fiddlehead Ferns Side Dish),A Korean side dish made with dry fiddlehead ferns (gosari)!,https://www.koreanbapsang.com/gosari-namul-fiddlehead-ferns-side-dish/,,,,4 servings,"[Ingredients] 1 ounce dried gosari (고사리), fiddlehead ferns (about 1-1/2 cups, rehydrated) ,1 tablespoon soup soy sauce (gukganjang ( 국간장 )) or regular soy sauce - more to taste ,1/4 teaspoon sugar ,1 teaspoon minced garlic ,black pepper to taste ,1 tablespoon cooking oil ,1/4 cup water or dashima or beef broth ,1 scallion roughly chopped ,1/2 tablespoon sesame oil ,1/2 teaspoon sesame seeds","[Instructions] 1) Add the gosari and 4 to 5 cups of water to a medium pot. Boil over medium heat, covered, until tender, 30 to 40 minutes. The time can vary depending on the gosari. Turn the heat off and let it cool in the cooking water. When ready to use, rinse in cold water and drain. | 2) Cut into 3 to 4-inch lengths, removing tough ends of the stems, if any. | 3) In a pan, mix the gosari with the soy sauce, sugar and garlic. Let stand for 10 minutes. | 4) Turn the heat to medium, and sauté the gosari with 1 tablespoon of cooking oil for about 4 to 5 minutes. Pour in 1/4 cup of water (or dashima or beef broth). Cook for a few more minutes, stirring occasionally, until the liquid is almost gone. Add the scallion, sesame oil, and sesame seeds. Stir well before turning the heat off.",https://www.koreanbapsang.com/wp-content/uploads/2018/02/DSC_1966-150x150.jpg,Side Dish,Korean,,,4.73,11.0,11
Gyeranjjim (Korean Steamed Eggs),Gyeranjjim is a Korean savory egg custard dish. It's a popular side dish that goes very well with any Korean meal. Try it with this easy recipe!,https://www.koreanbapsang.com/gyeranjjim-korean-steamed-eggs/,10m,10m,20m,2 servings,"[Ingredients] 4 - 5 large eggs ,1 cup anchovy broth (or water or dashima broth) adjust to taste ,1.5 teaspoons salted shrimp (saeujeot) or 3/4 teaspoon salt (or fish sauce) ,2 tablespoons chopped scallion ,1 teaspoon sesame oil, divided - optional ,1/2 teaspoon sesame seeds - optional","[Instructions] 1) Beat the eggs with a spoon. | 2) Run the mixture through a sieve to break it down into a smooth liquid consistency. (If you skip this process, make sure to beat the eggs until very smooth.) Mix the beaten eggs well with the anchovy broth or water and salted shrimp (saeujeot), salt, or fish sauce. | 3) Lightly oil your pot or bowl with 1/2 teaspoon sesame oil or cooking oil. If using an earthenware, start heating it while preparing the egg mixture. | [Earthenware/ceramic pot (stove-top proof)] 1) Add the egg mixture to the pot. Cover, and simmer. When the eggs start to set at the bottom, stir, and reduce the heat to medium low or low (if your stove is high strength). Cover, and continue to simmer for about 5 to 7 minutes, stirring a couple of times, gently stirring the eggs in a circling motion with a spoon. | 2) Check the eggs, and cook longer if needed. You can add the scallion with a couple of minutes left or after the egg is done. Drizzle the optional sesame oil (about 1/2 teaspoon) and/or sesame seeds. | [Stock pot] 1) Bring water to a boil in a medium-sized pot. The water should come halfway up the sides of the ramekin/bowl. (Adding a folded paper towel at the bottom will prevent the ramekin/bowl from rattling while the water is boiling.) | 2) Carefully place the ramekin/bowl in the pot. Cover the pot and steam for 8 minutes over medium low heat. Make sure the water boils gently. | 3) Gently stir the eggs with a spoon. Add the scallions, cover, and steam for an additional 4 minutes or until the mixture is set. | [Microwave] 1) Place the bowl with the egg mixture in the microwave. Don't need to cover it. Cook for 2 minutes, and stir. Cook for another 2 minutes, and stir. Check to see if the egg is still runny in the middle, and cook for another minute or until the egg is set in the middle.",https://www.koreanbapsang.com/wp-content/uploads/2019/03/DSC1790_02-e1649728185207.jpg,"Appetizer, Side Dish",Korean,"custard, eggs, gyeran, jjim, savory, steamed",,4.7,152.0,152
Kongjang (Soy Braised Soybeans),Kongjang is a classic side dish that's made by braising soybeans in a sweet and savory liquid. It's a popular banchan that's easy to make with a few ingredients.,https://www.koreanbapsang.com/kongjang-soy-braised-soybeans/,5m,30m,35m,8 servings,"[Ingredients] 1 cup dried black soybeans (seoritae, 서리태) or yellow soybeans ,4 tablespoons soy sauce ,2 tablespoons cooking rice wine (mirim/mirin) ,2 tablespoons sugar ,2 tablespoons oligodang (올리고당) or rice syrup (조청) or corn syrup ,1/2 teaspoon roasted sesame seeds - optional","[Instructions] 1) Rinse the dried soybeans a couple of times. Drain. Soak the beans in 2 cups of water for 2 - 3 hours or until the beans are softened. (The time required may vary depending on the beans.) | 2) Pour the beans and soaking water in to a medium size pot. Bring it to a boil. Continue to cook, uncovered, over medium high heat for about 10 minutes. Stir a couple of times so the beans don't stick to the bottom of the pot. | 3) Add the soy sauce, rice wine, and sugar. Reduce the heat to medium. Boil, uncovered, until the sauce is mostly evaporated and reduced to a couple of tablespoons, about 20 minutes, stirring occasionally. (Keep your eyes on the pot during the last few minutes to avoid burning the beans.) | 4) Add the syrup, stirring well to coat for a minute or two before turning the heat off. Sprinkle with the optional sesame seeds. The beans will be soft at first, but they will get a bit chewier in the fridge.",https://www.koreanbapsang.com/wp-content/uploads/2013/03/DSC_3829-e1557802243892.jpg,Side Dish,Korean,"banchan, kongjaban, kongjang, side dish, soy sauce, soybeans",,4.75,35.0,35
Maneuljjong Bokkeum (Stir-fried Garlic Scapes),A quick and easy Korean banchan (side dish) made with spring garlic scapes!,https://www.koreanbapsang.com/maneuljjong-hodu-bokkeum-stir-fried/,5m,12m,17m,4 servings,"[Ingredients] 10 ounces garlic scapes maneuljjong ,1/2 cup shelled walnuts broken into quarters -- optional ,1 tablespoon cooking oil | [For the sauce] 2 tablespoons soy sauce ,1 tablespoon rice wine ,1 tablespoon water ,1 teaspoon sugar ,1 tablespoon oligodang or corn syrup or more sugar ,1 teaspoon sesame oil ,1/2 teaspoon sesame seeds","[Instructions] 1) Rinse and cut the garlic scapes into 2-inch lengths. Mix the first four sauce ingredients well together, and set aside. | 2) In a heated pan over medium low heat, roast the optional walnuts for 2 to 3 minutes. Remove from the pan. | 3) Add a tablespoon of oil to the pan, and increase the heat to medium high. Sauté the scapes for 2 to 3 minutes, stirring constantly. | 4) Reduce the heat to medium low. Return the walnuts to the pan, and pour the sauce into the pan. Cook until the garlic scapes are tender and the sauce is almost gone, about 2 - 3 minutes. | 5) Add the oligodang (or corn syrup), and stir well. Finish with the sesame oil and sesame seeds.",https://www.koreanbapsang.com/wp-content/uploads/2013/05/DSC_3895-e1558230430963.jpg,Side Dish,Korean,"garlic scapes, soy sauce, stir-fry",,4.73,11.0,11
Musaengchae (Korean Spicy Radish Salad),Korean Spicy radish side dish (banchan) - great in bibimbap and as a kimchi substitute!,https://www.koreanbapsang.com/mu-saengchae-spicy-korean-radish-salad/,15m,5m,20m,4 servings,"[Ingredients] 1 pound mu (Korean radish) ,1 teaspoon salt ,1 or 2 scallions finely chopped ,2 tablespoons gochugaru (Korean red chili pepper flakes) adjust to taste ,2 teaspoons minced garlic ,1/2 teaspoon grated ginger ,1 tablespoon fish sauce (myulchi aekjeot) or saeujeot (salted shrimp) ,1 teaspoon sugar adjust to taste - see note ,1 teaspoon sesame seeds optional","[Instructions] 1) Clean the radish by scrubbing with a brush and/or scratching off the stubborn impurities with a small knife. Peel the skin only if necessary. Cut into matchsticks (about 1/8 to 1/4-inch thick). | 2) Sprinkle the salt over the radish and toss well to coat evenly. Let sit for about 20 minutes until the radish has softened and released some liquid. Drain excess liquid. Do not rinse. | 3) Add all the remaining ingredients, except the scallion and sesame seeds. Mix well by hand. Taste and add more salt or fish sauce, if necessary. | 4) Throw in the scallion and sesame seeds and toss everything well.",https://www.koreanbapsang.com/wp-content/uploads/2019/11/DSC6871-2-e1645468618925.jpg,"Salad, Side Dish",Korean,"Korean Radish Salad, Musaengchae, Radish Salad Recipe",,4.63,67.0,67
Myeolchi bokkeum (Stir-fried Dried Anchovies),"Myeolchi bokkeum, stir-fried dried anchovies, is a popular side dish (banchan) in Korea. The stir-fried anchovies are sweet, savory, sticky and crunchy! This easy recipe also shows how to make it a bit spicy.",https://www.koreanbapsang.com/myulchi-bokkeum-stir-fried-anchovies/,5m,10m,15m,8 servings,"[Ingredients] 3 ounces (1 cup packed) small size myeolchi 멸치, (dried anchovies) ,1 tablespoon cooking oil ,2 green chili peppers cut into small pieces (optional) | [Sweet and Savory] 1/2 tablespoon soy sauce ,2 tablespoons rice wine or mirin ,2 teaspoons sugar (or less to taste) ,1 tablespoon Oligo syrup or corn syrup (or honey) Honey is sweeter so use less ,3 plump garlic cloves (or more) ,1 teaspoon sesame oil ,1 teaspoon sesame seeds | [Sweet and Spicy] 1/2 tablespoon gochujang Korean red chili pepper paste ,1 teaspoon gochugaru (optional) Korean red chili pepper flakes ,2 tablespoons rice wine or mirin ,2 teaspoons sugar (or less to taste) ,1 tablespoon Oligo syrup or corn syrup (or honey) Use less if using honey ,3 Plump garlic cloves thinly sliced ,1 teaspoon sesame oil ,1 teaspoon sesame seeds","[Instructions] 1) Heat a pan with the oil over medium heat. Add the anchovies and stir fry for 2 - 3 minutes. Turn off the heat. Transfer to a plate. | 2) Add the seasoning ingredients, except sesame oil and seeds, to the pan. If using the spicy version, stir the sauce well to dissolve the gochujang. Turn the heat back on. Boil the sauce over medium heat until it bubbles up and slightly thickens. | 3) Add the anchovies and the optional chili peppers to the pan. Stir well until the anchovies are coated well with the sauce. Stir in the sesame oil and sesame seeds at the end.",https://www.koreanbapsang.com/wp-content/uploads/2011/09/DSC_3493-e1553483536902.jpg,Side Dish,Korean,"banchan, dried anchovies, Korean anchovies, Korean stir-fried anchovies, myeolchi bokkeum",,4.62,44.0,44
Oiji Muchim (Spicy Seasoned Cucumber Pickles),"A simple side dish made with Korean cucumber pickles, oiji!",https://www.koreanbapsang.com/oiji-muchim-spicy-seasoned-cucumber-pickles/,15m,5m,20m,8 servings,"[Ingredients] 3 oiji (Korean pickled cucumber- 6 if using short kirby pickled cucumbers ,1-1/2 tablespoons gochugaru 고추가루, Korean red chili pepper flakes ,1/2 teaspoon minced garlic ,1 or 2 teaspoons sugar ,1 tablespoon oligodang (올리고당) or maesilcheong (매실청, Korean plum syrup) or 1/2 tablespoon honey ,1 small fresh chili pepper red or green, finely chopped - optional ,1 tablespoon sesame oil ,1 tablespoon chopped scallion ,1 teaspoon roasted sesame seeds","[Instructions] 1) Thinly slice the cucumber pickles. | 2) Soak the pickle slices in water until oiji reaches the desired salt level, about 10 minutes depending on your pickles. | 3) Drain and tightly squeeze the pickles between your palms to remove as much liquid as possible. You may have to squeeze them several times. | 4) Add the remaining ingredients, except the scallion and sesame seeds, and mix everything very well until the pickles are evenly coated with gochugaru. Finish with tossing in the scallion and sesame seeds.",https://www.koreanbapsang.com/wp-content/uploads/2019/08/DSC_0075-2-e1565673303566.jpg,Side Dish,"Asian, Korean",,,5.0,6.0,6
Pa Kimchi (Green Onion Kimchi),An easy kimchi made with thin green onions (also called scallions)!,https://www.koreanbapsang.com/pa-kimchi-green-onion-kimchi/,,,,24 servings,"[Ingredients] 1 pound thin scallions silpa or jjokpa ,4 tablespoons gochugaru, (고추가루, red chilli pepper flakes) ,4 tablespoons myulchi aekjeot (멸치액젓, fish sauce) ,2 teaspoons sugar ,1 tablespoon minced garlic ,1 teaspoon grated ginger ,1 small dried or half-dried squid body (about 3 ounce), mareun ojingeo - optional","[Instructions] 1) Clean the green onions by removing the root part and any tough/brown outer skins. Wash them thoroughly a couple of times. Shake off excess water, and drain well. | 2) Mix all the seasoning ingredients in a bowl. | 3) Cut the dried squid into about 2-inch long thin strips. Soak in water until slightly softened if very dry and hard, but this is generally not necessary. | 4) In a large bowl, gently rub the seasoning mixture all over the green onions and the optional squid to evenly coat them. | 5) Hold a couple of green onions together, and fold them before arranging in an airtight container to store. Another option is to tie them together by wrapping the other end of the green onion around the white part, making a circle in the middle, and then running the leafy part through the circle. | 6) Keep it at room temperature for a day, and then refrigerate. Pa kimchi can be eaten right away, but the flavor develops as it ferments over 2 to 3 weeks in the fridge. Run a knife (or a pair of kitchen scissors) through the folded or tied green onions a couple of times to serve.",https://www.koreanbapsang.com/wp-content/uploads/2018/03/DSC_2620-e1520223846701.jpg,Side Dish,Korean,,,4.75,55.0,55
Sigeumchi Namul (Korean Spinach Side Dish),Sigeumchi namul is a simple Korean side dish (banchan) made with spinach. Simply blanch the spinach and season it. This recipe shows different ways to season the spinach.,https://www.koreanbapsang.com/sigeumchi-namul-korean-spinach-side/,10m,5m,15m,2 servings,"[Mild] 1 bunch spinach about 10 ounces ,1 scallion chopped ,2 teaspoons guk ganjang, 국간장 (soup soy sauce) or use salt to taste ,1 teaspoon minced garlic ,1/2 teaspoon sugar ,1 teaspoon sesame oil ,1 teaspoon sesame seeds ,salt and pepper to taste | [Spicy] 1 bunch spinach about 10 ounces ,1 scallion chopped ,2 to 3 teaspoons gochujang 고추장 (Korean red chili pepper paste) ,2 teaspoons soy sauce ,1 teaspoon minced garlic ,1/2 teaspoon sugar ,1 teaspoon sesame oil ,1 teaspoon sesame seeds","[Instructions] 1) Trim off the roots from the spinach. Wash thoroughly until there is no sand in the water. Blanch the spinach in salted boiling water until wilted, 20 to 30 seconds. | 2) Quickly remove the spinach from the pot and shock in icy cold water to stop the cooking. | 3) Drain and gently squeeze out excess water. Cut into 3-inch lengths. | 4) Add the remaining ingredients and mix everything well by hand, loosening/separating the spinach pieces that have been clumped up together. It will take about 10 minutes for the flavor of the seasonings to seep into the spinach.",https://www.koreanbapsang.com/wp-content/uploads/2011/02/DSC_1945-1-e1518809724815.jpg,Side Dish,"Asian, Korean","banchan, gochujang, sigeumchi, spinach",,4.7,72.0,72
Yangbaechu Kimchi (Green Cabbage Kimchi),"Need some quick kimchi? Or can’t find napa cabbage where you are? Try this kimchi recipe made with a head of your normal green cabbage. It’s light, crunchy, and refreshing!",https://www.koreanbapsang.com/yangbaechu-kimchi-green-cabbage-kimchi/,15m,5m,15m,24 servings,"[Ingredients] 1 head green cabbage, 양배추 (about 2.5 pounds) ,4 tablespoons coarse sea salt less if using table salt, about 3 tablespoons) ,3 scallions roughly chopped ,1/4 cup Korean red chili pepper flakes, gochugaru (고추가루) (add 1 more tablespoon for spicier kimchi) ,3 tablespoons salted shrimp, saeujeot (새우젓) finely chopped, (or fish sauce) ,1 tablespoon sugar ,1 tablespoon minced garlic ,1/2 teaspoon grated ginger","[Instructions] 1) Remove tough outer leaves of the cabbage if any. Cut the cabbage head into quarters and remove the core from each quarter. Cut each quarter into bite-sized pieces (about 2-inch squares). Rinse the cabbage and drain. | 2) Place the cabbage in a large bowl. Dissolve the salt in 2 cups of water, and toss well to coat evenly. Leave it for an hour or 2 until the cabbages have softened, flipping over once or twice halfway through or every 30 minutes. Rinse the salted cabbage once, and drain to remove excess water. | 3) Mix the chili pepper flakes (gochugaru), saeujeot, sugar, garlic, and ginger with 1/2 cup of water. | 4) Add the chopped scallions, the gochugaru mix, and 1 cup of water to the salted cabbage. | 5) Using a kitchen glove, mix everything well by hand until the cabbage pieces are well coated with the gochugaru mix. | 6) Place in an airtight container or a jar, pressing down hard to remove air pockets. Leave it out in room temperature for half a day or overnight. Then, refrigerate.",https://www.koreanbapsang.com/wp-content/uploads/2011/07/yangbaechu-kimchi-recipe-2.jpg,Side Dish,Korean,,,4.63,123.0,123
Asparagus with Gochujang Sauce,a quick and easy Korean side dish (banchan) made with asparagus and gochujang (Korean red chili pepper paste),https://www.koreanbapsang.com/asparagus-with-gochujang-sauce/,,,,4 servings,"[Ingredients] 1 pound asparagus ,1 tablespoon salt | [Sweet and sour gochujang sauce (Cho-gochujang)] 2 tablespoons gochujang Korean red chili pepper paste ,2 tablespoons vinegar - more if you like ,1 tablespoon sugar - more if you like ,1/2 teaspoon minced garlic ,1 teaspoon sesame oil ,1/2 teaspoon sesame seeds","[Instructions] 1) Remove the tough ends of the asparagus. Cut into about 2-inch lengths. | 2) Blanch the asparagus in salted boiling water until softened, about 1 to 3 minutes depending on the thickness. Remove with a strainer, and shock in icy cold water. Drain very well. | 3) Mix the sauce ingredients in a small bowl. Pour over the asparagus, and toss well to mix.",https://www.koreanbapsang.com/wp-content/uploads/2015/03/DSC_0733-1-e1651347035125.jpg,Side Dish,Korean,,,4.24,51.0,51
Baby Bok Choy Kimchi Salad (Geotjeori),A quick and easy kimchi salad made with baby bok choy,https://www.koreanbapsang.com/baby-bok-choy-kimchi-salad-geotjeori/,,,,6 servings,"[Ingredients] 1 pound baby bok choy ,1-1/2 tablespoons salt ,1/2 red onion thinly sliced ,2 scallions roughly chopped | [Seasoning ingredients] 2 tablespoons gochugaru Korean red chili pepper flakes ,1 tablespoon fish sauce ,1 teaspoon saeujeot salted shrimp, finely chopped (or use more fish sauce) ,1 teaspoon sesame oil ,1/2 teaspoon sesame seeds ,2 teaspoons sugar or corn syrup or Korean rice syrup ,2 teaspoons minced garlic ,1/4 teaspoon grated ginger","[Instructions] 1) Separate the leaves by cutting off the stem of each bok choy. Rinse and drain. | 2) Place the bok choy in a large bowl, sprinkle with the salt, and toss well to coat evenly. Leave it for 30 to 40 minutes until softened, flipping over once halfway through. | 3) Thinly slice the onion and scallion. Combine all the seasoning ingredients in a small bowl, and mix well with 3 tablespoons water. | 4) Rinse the bok choy twice and drain well. | 5) Add the onion, scallions, and seasoning mix to the bok choy. Using a kitchen glove, toss everything well by hand until the bok choy pieces are well coated with the seasoning. Add a little salt or more fish sauce to taste.",https://www.koreanbapsang.com/wp-content/uploads/2015/04/DSC_08551-300x201-1.jpg,Side Dish,Korean,,,4.8,43.0,43
Chonggak Kimchi (Ponytail Radish Kimchi),"Chonggak kimchi is made with a small variety of white radish with long leafy stems, which is firmer and crunchier than the large varieties. With normal kimchi seasoning ingredients, you too can make chonggak kimchi at home with this easy-to-follow recipe!",https://www.koreanbapsang.com/chonggak-kimchi-ponytail-radish-kimchi/,,,,12 servings,"[Ingredients] 4 to 5 pounds or about 15 small to medium young radishes with leaves chonggak mu, 총각무 ,1/2 cup Korean coarse sea salt - use less if using finer salt | [Seasoning] 4 tablespoons sweet rice paste 1 tablespoon sweet rice powder simmered in 1/2 cup water ,1/2 cup gochugaru Korean red chili pepper flakes ,2 tablespoons saeujeot, salted shrimp ,4 tablespoons myeolchiaekjeot fish sauce made with anchovies ,2 tablespoons minced garlic ,1 teaspoon grated ginger ,1/2 gallon airtight container or jar.","[Instructions] 1) Wash the radishes a couple of times to remove excess dirt. You will wash them again after salting. Cut off the root end of each radish. Trim off the darkish skin on the top end that is connected to the stem. Scratch off the stubborn impurities with a small knife. Do NOT peel the skin. Remove any bad leafy stems. | 2) In a large bowl, place a few radishes and generously sprinkle with some salt. Add another layer of radishes and sprinkle with salt. Repeat as necessary until all the radishes and salt have been used. Let sit for 2 to 4 hours until the radishes become slightly flexible. Flip them over 2 to 3 times while salting. | 3) Meanwhile, make the glutinous rice paste and cool. Mix all the seasoning ingredients well. Set it aside for a while for the red pepper flakes to dissolve a little and become pasty. | 4) Rinse the radishes in cold water 2 times, and drain. | 5) Place the radishes back in the large bowl. Add the seasoning. Mix everything well by hand (use kitchen gloves), until the radishes and stems are evenly coated with the seasoning. The radishes will be a little dry at this point, but they will release water during the fermentation process. | 6) Store in an airtight container or jar. Before closing the lid, press the radishes down hard with your hand to pack them. Leave it out at room temperature for two days before storing them in the fridge. Kimchi will be ready in a few days in the fridge but takes about two weeks to fully develop the flavors. It maintains great flavor and texture for several weeks.",https://www.koreanbapsang.com/wp-content/uploads/2016/03/DSC_0964-150x150-1.jpg,Side Dish,Korean,,,5.0,8.0,8
Chwinamul Bokkeum (Stir-fried Aster Scaber),a Korean side dish made with dried chwinamul (aster scaber),https://www.koreanbapsang.com/chwinamul-bokkeum-stir-fried-aster-scaber/,,,,4 servings,"[Ingredients] about 2 ounces dried chwinamul see note ,1 tablespoon soup soy sauce (or regular soy sauce) or to taste ,1 tablespoon minced garlic ,2 tablespoons cooking oil ,1 tablespoon sesame oil or perilla oil ,1 teaspoon sesame seeds or perilla seeds ,2 tablespoons chopped scallion","[Instructions] 1) Place the chwinamul in a medium to large pot filled with water ⅔ of the way. | 2) Bring it to a boil. Lower the heat to medium and continue to boil, covered, until the stem part is soft, about 30 minutes. It doesn’t have to be completely tender at this point. Turn off the heat, and cool the chwinamul in the cooking water until completely cooled and softened, up to 3 to 4 hours. Drain and wash thoroughly 2 to 3 times. Drain again. | 3) Cut into 3-inch lengths if long. In a skillet, season the chwinamul with the soup soy sauce and minced garlic. Let it stand for 10 to 20 minutes. | 4) Sauté with cooking oil for about 4 - 5 minutes over medium heat. Add 1/2 cup of water. Stir in the sesame oil, and toss with sesame seeds and scallion before turning the heat off.",https://www.koreanbapsang.com/wp-content/uploads/2016/02/DSC_1135-1-150x150-1.jpg,Side Dish,Korean,"banchan, side dish, vegetables",,4.5,8.0,8
Ddangkong Jorim (Soy Braised Peanuts),"A simple, delicious side dish made with peanuts - sweet, savory, sticky and nutty with a pleasant texture!",https://www.koreanbapsang.com/ddangkong-jorim-soy-braised-peanuts/,5m,30m,35m,4 servings,"[Ingredients] 1 cup raw shelled peanuts with skins ,2 tablespoons soy sauce ,2 tablespoons rice wine or mirin (or white wine) ,1 tablespoon sugar ,2 tablespoons corn syrup, Korean oligodang or honey (1.5 TB) ,1 cup water or dasima broth ,1/4 teaspoon sesame seeds - optional garnish","[Instructions] 1) Add the peanuts and 2 cups of water to a small pot, bring it to a boil, and boil for about 5 minutes. | 2) Drain the peanuts, discarding the cooking liquid. | 3) Return the peanuts to the pot. Add the soy sauce, rice wine (or mirin), sugar, corn syrup, and water (or dasima broth). | 4) Bring it to a boil. Reduce the heat to medium and gently boil, uncovered, until almost all the sauce has evaporated, about 20 to 25 minutes. You can increase the heat to medium high during the last few minutes. Stir occasionally and keep your eyes on the pot to avoid burning the peanuts. Sprinkle with the sesame seeds.",https://www.koreanbapsang.com/wp-content/uploads/2017/04/DSC_1925-150x150-1.jpg,Side Dish,Korean,,,4.85,19.0,19
Gaji Bokkeum (Stir-fried Eggplant Side Dish),"Quick, summer side dish made with eggplants!",https://www.koreanbapsang.com/gaji-bokkeum-stir-fried-eggplant-side-dish/,10m,10m,20m,4 servings,"[Ingredients] 1 medium Korean/Asian eggplant gaji (or 2 small), about 8 ounces ,1/2 medium onion ,2 small green chili peppers ,2 garlic cloves thinly sliced ,1 small thumb size ginger cut into short matchsticks ,cooking oil | [Seasoning] 1 tablespoon soy sauce ,1 tablespoon cooking rice wine (matsul, mirim or mirin) ,1 tablespoon oligodang or maesilcheong (plum syrup) (or 1 teaspoon sugar) ,Pinch salt and pepper ,1/2 tablespoon sesame oil ,1/2 teaspoon sesame seeds","[Instructions] 1) Cut the eggplants lengthwise in halves. Then cut diagonally into about 1/4-inch thick slices. Thinly slice the onion, and slice the chili peppers diagonally. Mix the soy sauce, rice wine, and corn syrup (or sugar) in a small ball. | 2) Heat a pan with 1 tablespoon of cooking oil over medium high heat. Add the onion, garlic, and ginger, and stir-fry until fragrant. Add the eggplants and stir-fry, for a minute or two until they start to soften. | 3) Stir in the sauce mix, and then add the peppers. | 4) Continue to stir-fry until the eggplants are well coated with the seasoning and the chili peppers are slightly wilted. Season with salt and pepper to taste. Turn the heat off. Drizzle the sesame oil over and mix well again. Sprinkle with the sesame seeds to serve.",https://www.koreanbapsang.com/wp-content/uploads/2017/08/DSC_1827-150x150-1.jpg,Side Dish,Korean,,,5.0,4.0,4
Kkaennip Jjim (Steamed Perilla Leaves),Steamed perilla leaves with a simple seasoning - quick and easy Korean banchan!,https://www.koreanbapsang.com/kkaennip-jjim-steamed-perilla-leaves/,20m,10m,30m,4 servings,"[Ingredients] 25 to 30 perilla leaves kkaennip, 깻잎 ,2 tablespoons soy sauce ,1 tablespoon Korean red chili pepper flakes gochugaru (I used 2 tablespoons for the photo) ,1 teaspoon sugar ,1 teaspoon minced garlic ,1 scallion chopped (about 2 tablespoons) ,1 teaspoon sesame oil ,1 teaspoon sesame seeds ,2 tablespoons water","[Instructions] 1) Wash the leaves thoroughly (especially the back sides) under running water, one leaf at a time. Hold the stems together, and shake off the excess water. | 2) Place them in a colander to further drain. | 3) Mix all the seasoning ingredients well in a small bowl. | 4) In a heat proof or microwave safe bowl, place 3 or 4 leaves at a time, and spread a teaspoon of the sauce all over the top leaf. Repeat the process with the remaining leaves. Rotate the location of the stem part of each batch to level the stack. Pour any remaining sauce around the leaves when all the leaves are used up. | 5) To steam, boil about 1-inch high water in a large enough pot to loosely fit the bowl with the perilla, and then carefully place the bowl in the pot. Cover, and steam for 2 to 3 minutes. Adding a folded paper towel at the bottom will prevent the bowl from rattling in the boiling water. Another option is to wrap the bowl tightly with plastic wrap and microwave for 2 minutes.",https://www.koreanbapsang.com/wp-content/uploads/2017/06/DSC_1845-2-e1692055259450.jpg,Side Dish,Korean,,,4.63,16.0,16
Kongnamul Japchae (Soybean Sprouts Japchae),A quick and easy japchae made with soybean sprouts!,https://www.koreanbapsang.com/kongnamul-japchae/,,,,2 servings,"[Ingredients] 8 ounces soybean sprouts kongnamul, 콩나물 ,4 ounces Korean sweet potato starch noodles dangmyeon, 당면 ,1 teaspoon cooking oil ,2 to 3 scallions cut into 2 inch pieces ,1/4 red bell pepper or 1/2 small carrot, julienned | [Sauce] 2 tablespoons soy sauce ,1 tablespoon sugar ,1 teaspoon minced garlic ,1 tablespoon Sesame oil ,1/2 teaspoon Sesame seeds ,pinch pepper","[Instructions] 1) Boil 2 cups of water in a pan over medium high heat. Add the soybean sprouts and cook for 2 minutes. Flip the sprouts over once, if cooking uncovered, for even cooking. Do not open until done if cooking covered. | 2) Mix all the sauce ingredients in a small bowl until the sugar is dissolved. | 3) Remove the soybean sprouts to a bowl, reserving the cooking liquid in the pan. Add 1 teaspoon of cooking oil, 1-1/2 tablespoons of the prepared sauce, and the noodles to the pan. | 4) Cook the noodles for 6 to 7 minutes until the liquid is almost gone. When the noodles turn soft, cut with kitchen shears into shorter lengths. | 5) Add the scallions and red pepper slices, and stir fry briefly until the vegetables are slightly wilted. | 6) Add the soybean sprouts and the remaining sauce. Quickly toss everything until well combined before turning off the heat.",https://www.koreanbapsang.com/wp-content/uploads/2016/10/DSC_0469-e1476671398862.jpg,Side Dish,Korean,,,4.42,29.0,29
Miyeok Muchim (Seaweed Salad),"A nice, refreshing summer salad made with miyeok (aka wakame)!",https://www.koreanbapsang.com/miyeok-muchim-seaweed-salad/,,,,4 servings,"[Ingredients] 1 ounce dried miyeok 미역, (a little more than 2 cups soaked) ,1 small kirby cucumber 1/2 Korean cucumber, thinly sliced ,2 red radishes or equivalent amount of white radish, thinly sliced ,1 teaspoon sesame seeds | [Dressing] 4 tablespoons vinegar ,1-1/2 tablespoons sugar ,1/2 teaspoon minced garlic ,1/2 teaspoon salt ,1 teaspoon soy sauce","[Instructions] 1) Soak the dried miyeok in cold water per package instructions (usually 10 to 20 minutes) or just until it turns soft and plump. Rinse a couple of times to remove any hidden sand. Drain well and cut into bite sizes. See notes. | 2) Bring a medium pot of water to a boil. Plunge the miyeok into the water and blanch for a minute. Drain and rinse in the cold water until the miyeok is cool. Drain well, and squeeze out excess water. | 3) Cut the miyeok into bite size pieces by running a knife through a few times in different directions. | 4) In a large bowl, mix all the dressing ingredients well until the sugar has dissolved. | 5) Add the miyeok, cucumber, and radish. Toss well to combine everything together. Serve cold.",https://www.koreanbapsang.com/wp-content/uploads/2016/05/DSC_0960-150x150-1.jpg,Side Dish,Korean,,,4.5,14.0,14
Musaengchae (Sweet and sour radish salad),"Refreshing, sweet and sour Korean radish salad",https://www.koreanbapsang.com/musaengchae-sweet-sour-radish-salad/,,,,4 servings,"[Ingredients] 1 pound Korean radish mu ,1 small carrot ,3 tablespoons vinegar ,2 tablespoons sugar ,½ teaspoon salt ,¼ teaspoon red chili pepper flakes gochugaru, (finely ground) - optional (see note)",[Instructions] 1) Clean the radish and carrot by scrubbing with a brush and/or scratching off the stubborn impurities with a small knife. Cut into match sticks. You can use a mandoline if you have one. Use the thickest blade. | 2) Add all the remaining ingredients. Mix well by hand until the sugar is dissolved and the radish is evenly coated with the gochugaru (if using). Taste and add more vinegar or sugar to your liking. | 3) Let sit for at least 30 minutes before serving. It will taste better the next day.,https://www.koreanbapsang.com/wp-content/uploads/2016/01/DSC_0913-150x150-1.jpg,Side Dish,Korean,,,4.95,35.0,35
Nabak Kimchi (Water Kimchi),"Nabak kimchi is a type of water kimchi that’s made with thinly sliced radish squares and other vegetables. It is easy to make, yet deliciously refreshing!",https://www.koreanbapsang.com/nabak-kimchi-water-kimchi/,30m,30m,60m,24 servings,"[Ingredients] 1.5 pound Korean radish, mu (무) ,12 - 16 ounces napa cabbage (baechu, 배추) -- inner yellowish leaves ,1 to 1.5 tablespoons gochugaru (Korean red chili pepper flakes) Adjust to taste ,1 medium carrot ,1/2 Korean pear or apple ,3 thin scallions ,8 stalks of minari - optional ,5 plump garlic cloves, thinly sliced ,5 thin ginger slices, about 1 inch rounds ,Salt ,1 gallon airtight container or jar","[Instructions] 1) Clean the radish by scrubbing with a brush and/or scratching off the stubborn impurities with a small knife. Do not peel the skin. Cut into about 1-inch thick discs. Cut each disc into 3 pieces, and then slice thinly into about 1-inch squares, placing in a large bowl. | 2) Rinse the cabbage leaves a couple of times. Cut each leaf lengthwise into 1-inch wide pieces, and then crosswise into about 1-inch pieces. Add to the bowl with the radish. Sprinkle with 2 tablespoons of salt, and toss well to evenly distribute the salt. Let it sit until wilted, about 30 minutes. Do not drain or rinse. | 3) In a small bowl, soak the gochugaru in 1/2 cup of warm water. | 4) To cut the carrot into flower shapes, cut 3 to 4 ”‘V” shape grooves lengthwise, and then cut into thin slices. Or simply slice crosswise into thin rounds. Cut the pear into about 1-inch squares. Cut other vegetables into about 1-inch lengths. Add to the bowl with the salted radish and cabbage. | 5) In a large bowl, dissolve 2 tablespoons of salt in 10 cups of water. Strain the soaked gochugaru into the water through a fine mesh. | 6) Pour the broth over the salted radish and cabbage mix and stir well to combine everything. Adjust the seasoning to taste if necessary. The combined broth should taste slightly too salty to eat as is. The saltiness will reduce as the kimchi ferments. It will actually be easier to handle if you place the salted radish and cabbage along with its liquid in the container or jar first, and then add the broth with gochugaru. | 7) Keep it in an airtight container or jar. Leave it out at room temperature for a day or two before storing in the fridge. The kimchi can be eaten within a few days. Stir to the bottom each time before taking some out to serve.",https://www.koreanbapsang.com/wp-content/uploads/2016/03/DSC3896-5.jpg,Side Dish,"Asian, Korean","kimchi, Korean Radish Salad, nabak kimchi, napa cabbage, water kimchi",,4.92,12.0,12
Oiji (Korean Pickled Cucumbers),Korean fermented cucumber pickles - crunchy with deep tangy flavor!,https://www.koreanbapsang.com/oiji-korean-pickled-cucumbers/,,,,40 servings,"[Ingredients] 10 to 12 Korean white cucumbers small and thin (or 20 kirby pickling cucumbers, small and thin) ,10 cups water ,1 cup Korean coarse salt about 7 ounces","[Instructions] 1) Rinse the cucumbers, and air dry or pat dry with a paper towel. | 2) Bring the water and salt to a boil, and continue to boil for 3 or 4 minutes. | 3) Place the cucumbers in a jar or a container (heat proof, BPA free). Pour the boiling water directly over the cucumbers, or you can put the cucumbers in the pot with the boiling water. | 4) Keep them entirely submerged in the water by weighing them down with a heavy plate or bowl. When the salt water has cooled down, close with the lid, and let stand at room temperature. | 5) After 2 to 3 days, pour the brine out into a large pot, and boil it for a few minutes. If there’s a while film (golmaji) on the surface of the water, strain it out before boiling. Then, cool completely. | 6) Pour the cooled brine back over the cucumbers. Close with the lid, and ferment at room temperature for 5 to 7 days, and then refrigerate. The color of oiji should be between olive green and yellow at this point. They can be eaten, but the flavor will further develop with more time, 2 to 3 weeks to a few weeks. | 7) To serve, thinly slice the cucumber and soak in fresh water until the desired salt level is achieved. You can also cut the cucumber into about 2-inch logs and quarter each one lengthwise. Sprinkle with some gochugaru and/or sesame seeds and garnish with chopped scallion, if desired. You can also add a little bit of vinegar to taste and drop in a couple of ice cubes.",https://www.koreanbapsang.com/wp-content/uploads/2017/08/DSC_0144-150x150-1.jpg,Side Dish,Korean,,,4.91,10.0,10
Pa muchim (Scallion Salad),A simple side dish made with scallions which is great with grilled meat dishes!,https://www.koreanbapsang.com/pa-muchim-scallion-salad/,10m,5m,15m,4 servings,"[Ingredients] 3 to 4 medium scallions | [Option 1] 2 teaspoons gochugaru ,2 teaspoons sesame oil ,1 teaspoon sesame seeds | [Option 2] 2 teaspoons gochugaru ,2 teaspoons sesame oil ,1 teaspoon sesame seeds ,2 teaspoons soy sauce ,2 teaspoons vinegar ,1 teaspoon sugar","[Instructions] 1) Cut the scallions crosswise into about 4-inch lengths. Thinly slice each piece lengthwise. | 2) Soak the scallions in cold water for about 10 minutes. Drain well. | 3) Option 1: Add the gochugaru, sesame oil, and sesame seeds and toss well. | 4) Option 2: Right before serving, add the soy sauce, vinegar, and sugar to Option 1 and toss well.",https://www.koreanbapsang.com/wp-content/uploads/2016/05/DSC_0805-1-e1463403850352.jpg,Side Dish,Korean,"green onion, scallions",,4.76,33.0,33
Spicy Braised Tofu (Dubu Jorim),Spicy braised tofu that's packed with flavors!,https://www.koreanbapsang.com/spicy-braised-tofu-dubu-jorim/,,,,2 servings,"[Ingredients] 1 package tofu 15 to 16 ounces ,1 scallion ,1/4 medium onion ,2 to 3 mushroom caps - optional ,1 small green or red chili pepper - optional | [Braising liquid] 2 tablespoons gochugaru Korean red chili pepper flakes (use less for a milder dish) ,1 teaspoon gochujang Korean red chili pepper paste ,2 tablespoons soy sauce ,2 teaspoons liquid from salted shrimp or use 1 more tablespoon soy sauce ,1 tablespoon corn syrup or Korean oligodang or 1/2 tablespoon sugar ,1 tablespoon garlic ,1 cup water or anchovy broth or dashima broth - see note | [Other ingredients] 2 tablespoons perilla oil or sesame oil ,1 tablespoon ground perilla seeds or sesame seeds use more to taste","[Instructions] 1) Cut the tofu into 1/2-inch thick slices. You can further cut the slices in half crosswise if you like smaller slices. Slice the onion, scallion, and the optional mushrooms and chili pepper. | 2) Combine all of the braising liquid except the perilla oil (or sesame oil). | 3) Spread the onion slices at the bottom of a small pot. Arrange the tofu on top, and then pour the braising liquid over. Bring it to a boil, and then reduce the heat to medium. Cook for about 5 minutes. | 4) Add the remaining vegetables, and drizzle the perilla oil (or sesame oil) over. Continue to boil for 5 more minutes. Sprinkle with the perilla or sesame seeds.",https://www.koreanbapsang.com/wp-content/uploads/2017/03/DSC_1823-e1490067536269.jpg,Side Dish,Korean,,,4.79,28.0,28
Stir-fried lotus root with peppers and mushrooms (Yeon-geun Bokkeum),"Healthy, delicious stir-fried dish made with lotus root, peppers, and mushrooms!",https://www.koreanbapsang.com/stir-fried-lotus-root-peppers-mushrooms/,,,,4 servings,"[Ingredients] 12 to 14 ounces lotus root ,1/2 yellow bell pepper ,1/2 red bell pepper ,4 ounces mushrooms ,3 to 4 green chili pepper or use green bell pepper ,2 to 3 plump garlic cloves thinly sliced ,2 tablespoons cooking oil ,salt ,1 tablespoon soy sauce ,1/2 tablespoon oyster sauce or use more soy sauce for a vegan dish ,1 tablespoon cooking rice wine ,1 tablespoon oligo syrup (oligodang, 올리고당), rice syrup (jocheong, 조청), or corn syrup ,1/2 tablespoon sesame oil ,1/4 teaspoon sesame seeds","[Instructions] 1) Cut the tough ends of the lotus root, and peel the skin with a potato peeler. | 2) Cut the lotus root in half lengthwise and then into bite size pieces. Rinse in water. Add 2 tablespoons vinegar in 3 cups of water, and soak the lotus root for 20 to 30 minutes. | 3) Cut the peppers and mushrooms into small bite size pieces. | 4) Heat a large skillet with two tablespoons oil. Add the garlic and lotus root, and lightly sprinkle with salt. Stir fry until the lotus root pieces turn translucent, 3 to 5 minutes, stirring occasionally. | 5) Add the mushrooms, and stir fry until the mushrooms turn soft, 2 to 3 minutes. | 6) Add the peppers, and stir fry until the peppers are slightly wilted, 2 to 3 minutes. Stir in the soy sauce, oyster sauce, rice wine, and corn syrup. Continue to cook, stirring well, until the sauce is almost gone, 2 to 3 minutes. Drizzle the sesame oil at the end, and sprinkle with the sesame seeds to serve.",https://www.koreanbapsang.com/wp-content/uploads/2017/03/DSC_1816-150x150-1.jpg,Side Dish,Korean,lotus root,,4.65,14.0,14
Ueong Jorim (Braised Burdock Root),A simple Korean side dish made with burdock root,https://www.koreanbapsang.com/ueongjorimbraisedburdo/,,,,4 servings,"[Ingredients] 1 burdock root about 1/2 pound ,1 tablespoon sesame oil or perilla seed oil - deulgireum, 들기름 ,1-1/2 tablespoons soy sauce ,2 tablespoons rice syrup jocheong, 조청 or corn syrup (mulyeot, 물엿) ,1/4 teaspoon sesame seeds","[Instructions] 1) Rinse the root. Cut into 2 long pieces. Scrape off the skin with a knife or the back of a knife. | 2) Cut each piece diagonally into thin slices. Gather a few thin slices at a time, and cut into match sticks. | 3) Heat a pan. Add the burdock root and a tablespoon of sesame oil or perilla seed oil. Stir-fry until translucent, 3 to 4 minutes. | 4) Add 4 tablespoons water, the soy sauce, and rice syrup. Simmer over medium low heat until most of the liquid has evaporated, about 7 to 8 minutes. Sprinkle with the sesame seeds.",https://www.koreanbapsang.com/wp-content/uploads/2015/10/DSC_0997-150x150-1.jpg,Side Dish,Korean,,,4.75,4.0,4
Vegan Kimchi,Vegan kimchi that's as good as the traditional version! It tastes nice and clean!,https://www.koreanbapsang.com/vegan-kimchi/,60m,60m,120m,16 servings,"[Ingredients] 1 large napa cabbage about 5 pounds ,1 cup Korean coarse sea salt for making kimchi much less (reduce by 1/4 or 1/3 depending on your salt) ,3/4 pound Korean radish mu (무) ,3 stalks scallions ,3 large mustard green, gat (갓), leaves - optional Korean red mustard green or regular mustard green you can find in your local grocery | [Seasonings] 1/2 cup Korean red chili pepper flakes gochugaru (add a couple more tablespoons if you like) ,1/2 apple or Korean pear grated (or blended with garlic and ginger below) ,2 tablespoons minced garlic add one more tablespoon if you like ,1 teaspoon grated ginger ,1/2 cup pumpkin puree (canned) - optional see note ,2 tablespoons soup soy sauce ( gukganjang, 국간장) or more salt ,2 tablespoons salt or to taste (start with 1 and gradually add after tasting ,1 cup dashima broth dried kelp broth (Boil 1 large piece of dasima in 2 cups of water for 10 minutes. You can add one or two dried shiitake if available.) ,1 tablespoon glutinous rice (you can also use 3 TBS cooked rice, blended with apple or Korean pear noted above) sweet rice powder (Mix it with 1 cup daima broth, simmer over low heat until it thickens to a thin paste and cool. | [Kitchen tools] a large bowl or pot 7 - 8 quarts ,a large colander ,kitchen gloves ,a 3/4 - 1 gallon airtight container or jar","[Instructions] 1) Cut the stem end of cabbage lengthwise in half only about 3 - 4 inches in. Then, slowly pull apart to separate into two pieces by hand. Do the same for each half to make quarters. Running the knife through all the way would unnecessarily cut off the cabbage leaves. | 2) In a large bowl, dissolve 1/2 cup of coarse sea salt in 5 cups of water. Thoroughly bathe each cabbage quarter in the saltwater one at a time. | 3) Using the other half cup of salt and starting from the outermost leaf, generously sprinkle salt over the thick white part of each leaf. Repeat with the rest of the cabbage quarters. Try to salt all the cabbage quarters with the 1/2 cup salt, but you can use a little more if needed. Set aside for about 6 - 8 hours, rotating the bottom ones to the top halfway through. | 4) Meanwhile, make the glutinous rice paste and the broth and cool. Prepare the other seasoning ingredients. Mix all the seasoning ingredients. Set aside while preparing the other ingredients until the red pepper flakes become pasty. | 5) The cabbages should be ready to be washed when the white parts are bendable with a bit of resistance. Rinse thoroughly 3 times, especially between the white parts. | 6) Drain well, cut side down. | 7) Cut the radish into matchsticks (you can use a mandoline if available). Roughly chop the scallions and the optional mustard green. Transfer to a large bowl. | 8) Combine with the seasoning mix. Mix well by hand. Taste a little bit. It should be a little too salty to eat as is. Let it sit for 30 minutes to an hour to allow the flavors to meld nicely. | 9) Cut off the tough stem part from each cabbage quarter, leaving enough to hold the leaves together. Place one cabbage quarter in the bowl with the radish mix. Spread the radish mix over each leaf, one to two tablespoons for large leaves. Eyeball the stuffing into 4 parts and use one part for each cabbage quarter. | 10) Fold the leaf part of the cabbage over toward the stem and nicely wrap with the outermost leaf before placing it, cut side up, in a jar or airtight container. Repeat with the remaining cabbages. Once all the cabbages are in the jar or airtight container, press down hard to remove air pockets. Rinse the bowl that contained the radish mix with 1/4 cup of broth (if any remaining) or water and pour over the kimchi. | 11) Leave it out at room temperature for a full day or two, depending on how fast you want your kimchi to ripe. Then, store in the fridge. Although you can start eating it any time, kimchi needs about two weeks in the fridge to fully develop the flavors. It maintains great flavor and texture for several weeks.",https://www.koreanbapsang.com/wp-content/uploads/2016/10/DSC_1816-2.jpg,Side Dish,Korean,"cabbage, kimchi, vegan",,4.61,68.0,68
Yeolmu Kimchi (Young Summer Radish Kimchi),"Crunchy, refreshing, and light kimchi made with Korean young summer radish greens!",https://www.koreanbapsang.com/yeolmu-kimchi-young-summer-radish-kimchi/,,,,40 servings,"[Young radish greens and cabbages] 4 pounds yeolmu 열무 (young radish greens) ,6 tablespoons Korean coarse sea salt use less if using finer salt ,4 cups of water ,2 pounds putbaechu 풋배추 (young napa cabbages) ,3 tablespoons Korean coarse sea salt use less if using finer salt ,2 cups water | [Seasoning Ingredients] 6 fresh red chili peppers roughly chopped ,10 plump garlic cloves ,2 inch-long, about 1 inch-round ginger roughly chopped ,1/4 cup salted shrimp saewujeot 새우젓 ,1/4 cup fish sauce myulchiaekjeot, 멸치액젓 ,3 to 4 tablespoons gochugaru Korean chili pepper flakes - use 1/2 cup or more if not using fresh peppers ,1 tablespoon sugar | [Flour Paste] 2 tablespoons flour ,2 cups of water | [Other vegetables] 5 or 6 thin scallions cut into 1-inch long pieces ,1/2 large onion thinly sliced","[Instructions] 1) Cut off the root end of each radish if the root is thin and not usable. Otherwise, cut the thin end of the root and scrape off the impurities with a small knife. Trim off any bad leafy stems, and cut the greens into about 3-inch long pieces. Transfer to a large bowl. | 2) Trim off the root from each young cabbage. Cut the cabbages into about 3-inch long pieces, and transfer to another large bowl. | 3) Fill the bowl of greens with water. Let them sit in the water for about 10 minutes for the greens to release any dirt. Then, wash the greens a couple of times by gently shaking with your hands in the water. Drain. Do the same with the young cabbages. | 4) Dissolve 6 tablespoons of salt in 4 cups of water in a small bowl. Placing a handful of the greens back in the large bowl, sprinkle with some salt water. Repeat the process until all the radish greens are placed in the bowl. If you run out of salt water, pour some back out of the bowl with the greens and use again. Repeat the process for the young cabbages in another bowl with 3 tablespoons of salt and 2 cups of water. | 5) Let the vegetables sit for 40 minutes to an hour until they become slightly flexible. Flip them over once or twice while salting. | 6) Meanwhile, mix the flour well with water, and boil over medium heat, stirring, to make the flour paste. Cool. | 7) Coarsely blend the chili peppers, garlic, ginger and saewujeot together with 1/2 cup of water in a blender. Combine with the fish sauce, gochugaru, sugar and flour paste. | 8) Gently rinse the salted radish greens and cabbages separately in cold water, and drain well. | 9) Place the radish greens and cabbages in 3 to 4 batches in the same large bowl, pouring in some seasoning mix each time. Add the scallions and onions. Toss everything very lightly by hand (use kitchen gloves), until everything is evenly coated with the seasoning. | 10) Store in an airtight container or jar (about 1 gallon size). Leave it out at room temperature for a few hours before storing in the fridge. You can start eating kimchi any time, but it will taste best after a few days in the fridge.",https://www.koreanbapsang.com/wp-content/uploads/2017/07/DSC_1938-150x150-1.jpg,Side Dish,"Asian, Korean","gochugaru, kimchi, radish leaves, yeolmu kimchi, Young cabbages",,5.0,6.0,6
Yeongeun jorim (Sweet Soy Braised Lotus Roots),"Sweet, savory, and crunchy lotus root slices!",https://www.koreanbapsang.com/yeongeun-jorim-sweet-soy-braised-lotus-roots/,10m,30m,40m,8 servings,"[Ingredients] 1 pound lotus roots (yeon-guen, 연근) ,1 tablespoon vinegar ,1/2 teaspoon sesame seeds - optional garnish | [For the braising liquid - see note 1] 4 tablespoons soy sauce ,2 tablespoons rice wine ,2 tablespoons sugar 1.5 T for less sweet ,1 tablespoon cooking oil ,2 tablespoons oligo syrup (oligodang, 올리고당), rice syrup (jocheong, 조청), or corn syrup, or 1 tablespoon honey (or to taste) ,1/2 tablespoon sesame oil","[Instructions] 1) Cut the tough ends of the lotus root, and peel the skin with a potato peeler. Thinly slice the lotus root, about 1/4-inch thick. | 2) Add the lotus root slices to a medium size pot with enough water to cover them and a tablespoon of vinegar. Bring it to a boil and cook, uncovered, for about 10 minutes (or 20 minutes for softer yeongeun). See note 3. | 3) Drain, and rinse with cold water. | 4) Return them to the pot. Add 1 cup of water and the soy sauce, rice wine, sugar, and cooking oil. Bring it to a boil. | 5) Continue to boil, uncovered, over medium high heat until the liquid is reduced to about 4 tablespoons, 15 to 20 minutes. Stir occasionally to rotate the lotus root slices. | 6) Add the corn syrup and sesame oil, and stir well for 3 to 4 minutes. Keep your eyes on the pot to avoid burning the lotus root. Sprinkle with the optional sesame seeds to serve. | 7) Keep the leftover in the fridge. Coat with the sauce at the bottom when serving.",https://www.koreanbapsang.com/wp-content/uploads/2017/09/DSC_1890.jpg,Side Dish,"Asian, Korean","banchan, lotus root, side dish, soy sauce, yeongeun",,4.8,24.0,24
Baek Kimchi (White Kimchi),"Baek kimchi is a variety of kimchi that's made without gochugaru (red chili pepper flakes). Enjoy white kimchi for its mild, refreshing taste. It's child-friendly and great for people who have issues with spicy food.",https://www.koreanbapsang.com/baekkimchi/,60m,60m,120m,32 servings,"[Ingredients] 2 medium napa cabbages about 4 pounds each ,1-1/2 cups Korean coarse sea salt ,7-1/2 cups water | [Stuffing] 1 pound Korean radish mu, 무 ,1/2 red bell pepper ,1/2 orange or yellow bell pepper ,1/2 large Korean pear ,3 to 4 scallions ,1/4 cup salted shrimp saeujeot, 새우젓, finely minced ,1 tablespoon fish sauce myulchiaekjeot, 멸치액젓 ,2 tablespoons minced garlic ,1 teaspoon grated ginger | [Optional stuffing ingredients] 1 ounce minari 미나리 ,1 tablespoon pine nuts, 잣 ,4 to 5 chestnuts, 밤 ,4 to 5 jujubes, daechu 대추 ,1 teaspoon sesame seeds | [Brine] 1 tablespoon glutinous rice powder (Mix with 1/2 cup water, simmer over low heat until thickens to a thin paste and cool. Yields about 3 to 4 tablespoons.) ,4 cups water ,salt to taste start with 2 teaspoons","[Instructions] 1) Cut the cabbage lengthwise into quarters by cutting the stem end in half (only about 4 inches in) and then slowly pulling apart to separate into two pieces by hand. Do the same for each half to make quarters. Running the knife through all the way would unnecessarily cut off the cabbage leaves. | 2) In a large bowl, dissolve 3/4 cup of salt in 7.5 cups of water. Thoroughly bathe each cabbage quarter in the saltwater one at a time, shake off excess water back into the bowl, and then transfer to another bowl. | 3) Using the remaining salt (3/4 cup) and starting from the outermost leaf, generously sprinkle salt over the thick white part of each leaf (similar to salting a piece of meat). You can use a little more if needed. Repeat with the rest of the cabbage quarters. Pour the remaining salt water from the first bowl over the cabbages. Set aside for about 6 hours, rotating the bottom ones to the top half way through. | 4) The cabbages for white kimchi should be ready to be washed when the white parts are soft and flexible, but not totally bendable. Rinse thoroughly 3 times, especially between the white parts of the leaves to wash off any lingering salt. Drain well, cut side down. | 5) Cut the radish, bell peppers, and pear into match sticks (use a mandoline if available). Cut the scallions and optional minari into 1-inch long pieces, collecting them in a bowl. Julienne the optional chestnuts and jujubes. | 6) Combine the vegetables with the saeujeot, fish sauce, garlic and ginger. Mix well by hand. Taste — It should be a bit too salty to eat as is. Add salt if necessary. Let it sit for 30 minutes to an hour. | 7) Cut off the tough stem part from each cabbage quarter, leaving enough to hold the leaves together. Place one cabbage quarter in the bowl with the radish mix. Spread the radish mix over each leaf, one to two tablespoons for large leaves. | 8) Fold the leaf part of the cabbage over toward the stem and nicely wrap with the outermost leaf before placing it, cut side up, in a jar or airtight container. Repeat with the remaining cabbages. Once all the cabbages are in the jar or airtight container, firmly press down to remove air pockets. | 9) Make the glutinous rice paste and cool. Add 4 cup of water to the bowl that contained the radish mix. Stir in the rice paste and salt to taste (start with 2 teaspoons). Stir well. Pour over the kimchi. | 10) Leave it out at room temperature for a full day. Then, store in the fridge. Wait 5 to 7 days before eating. White kimchi doesn’t keep well as long as red spicy kimchi because it’s seasoned lightly and lacks chili peppers that help keep the kimchi from softening. Thus, it’s best eaten within a few weeks.",https://www.koreanbapsang.com/wp-content/uploads/2014/10/DSC_2956-1.jpg,Side Dish,Korean,"bell peppers, kimchi, Korean pear, napa cabbage, scallions",,4.78,18.0,18
Dandelion Salad (Mindeulle Muchim),"a Korean-style dandelion salad, slightly spicy, sweet, and vinegary",https://www.koreanbapsang.com/dandelion-salad/,,,,4 servings,"[Ingredients] 8 ounces dandelion leaves ,1 tablespoon soy sauce ,1 tablespoon lemon juice or vinegar ,2 teaspoons sugar ,1 teaspoon gochugaru Korean red chili pepper flakes/powder ,1 teaspoon sesame seeds ,2 teaspoons sesame oil ,1/2 teaspoon minced garlic","[Instructions] 1) Wash dandelions well and drain. Remove the tough ends, and cut into small bite sizes. Place them in a large bowl. | 2) In a small bowl, mix all the sauce ingredients until the sugar is dissolved. Pour over the dandelions, and toss well to mix right before serving.",https://www.koreanbapsang.com/wp-content/uploads/2015/03/DSC_08191-150x150-1.jpg,Side Dish,Korean,,,4.91,11.0,11
Gaji Bokkeum (Stir-fried eggplants),Simple eggplant stir-fry with a spicy kick from gochujang!,https://www.koreanbapsang.com/gaji-bokkeum-stir-fried-eggplants/,10m,5m,15m,4 servings,"[Ingredients] 2 medium size Asian eggplants (about 6 ounces each) slender and firm ,3 - 4 green chili peppers or 1/2 green pepper ,2 tablespoons cooking oil for stir-frying | [Seasoning ingredients] 1/2 tablespoon gochujang (Korean red chili pepper paste) See Note ,1 tablespoon soy sauce ,1 tablespoon cooking rice wine (mirim/mirin) ,1 teaspoon minced garlic ,1 teaspoon sugar or your favorite sugar substitue ,1 tablespoon sesame oil ,1/2 teaspoon sesame seeds ,pinch pepper",[Instructions] 1) Cut the eggplants in half lengthwise. Then cut crosswise into about 1/2-inch thick chunks. Cut the peppers into about 1-inch long pieces. Combine all the seasoning ingredients in a small bowl. | 2) Heat a pan with the oil over medium high heat. Stir fry the eggplants quickly for a minute or two until the outside starts to soften. | 3) Add the peppers and the seasoning sauce. | 4) Continue to stir-fry until the eggplants are well coated with the seasonings and the peppers are slightly wilted. You can add a tablespoon or two water if the eggplants seem dry while stir-frying. Adjust the seasoning with salt if necessary.,https://www.koreanbapsang.com/wp-content/uploads/2011/09/DSC1471.jpg,Side Dish,Korean,,,4.67,66.0,66
Gaji Namul (Steamed Eggplant Side Dish),,https://www.koreanbapsang.com/gaji-namul-steamed-eggplant-side-dish/,5m,10m,15m,4 servings,"[Ingredients] 2 medium size Korean/Asian eggplants ,1 scallion finely chopped ,1 teaspoon minced garlic ,1-1/2 tablespoons soy sauce ,2 teaspoons sesame oil ,¼ teaspoon sugar ,½ teaspoon gochugaru Korean red chili pepper flakes ,1 teaspoon roasted sesame seeds ,pinch pepper","[Instructions] 1) Cut the eggplants lengthwise in quarters. Then cut crosswise into about 2-inch pieces. | 2) Boil the water in a pot with a steamer tier or basket over high heat, covered. Place the eggplant pieces in the steamer, and steam until softened but still a bit firm, about 3 minutes. | 3) Transfer to a bowl to cool. Add all of the remaining ingredients and gently toss everything together. Add more soy sauce or gochugaru to taste if needed.",https://www.koreanbapsang.com/wp-content/uploads/2013/08/DSC_0092-3-e1562298528317.jpg,Side Dish,"Asian, Korean",,,4.54,47.0,47
Ganjang Gejang (Raw Crabs Marinated in Soy Sauce),Ganjang gejang is a traditional dish that’s made by marinating fresh raw crabs in a mild soy-sauce based brine.,https://www.koreanbapsang.com/ganjang-gejang-raw-crabs-marinated-in/,20m,30m,50m,10 servings,"[Ingredients] 5 medium fresh blue crabs or kkotge about 2 pounds | [For the brine] 2 cups soy sauce ,1/2 cup rice wine or mirin ,6 cups water ,3 tablespoons sugar adjust to taste ,1/2 medium onion roughly sliced ,5 - 6 plump garlic cloves ,3 - 4 thin ginger slices about 1-inch round ,1 piece dried kelp dashima (about 5-inch square) ,1 small apple roughly sliced (or 1/2 small Korean/Asian pear, if in season) ,1 bay leaf ,1/2 teaspoon whole black peppers ,2 to 3 small dried whole red chili peppers | [For the garnish] 2 - 3 green and/or red chili peppers thinly sliced ,a few thin onion slices ,3 thin lemon slices","[Instructions] 1) Put the live crabs in the freezer for an hour or two (longer is fine as well), unless you are comfortable with handling live crabs. | 2) Meanwhile, bring all the marinade ingredients to a boil over medium high heat. Reduce the heat to medium low, and continue to boil, covered, for about 20 minutes. Remove the kelp after about 10 minutes of boiling. Strain the brine. Discard the fruit and vegetables. Cool completely, and then refrigerate until ready to use. | 3) Clean each crab thoroughly with a kitchen brush. Drain well in a colander in the fridge. | 4) Place the crabs in an airtight container or jar. Add the chili pepper, onion and lemon slices. Pour the brine over the crabs. Make sure all the crabs are submerged. Weigh them down, if necessary, with a small bowl or plate that fits inside the container. Refrigerate. | 5) After one day, strain the brine into a pot (and put the crabs back in the fridge). Bring the brine to a boil over medium heat, and boil for 3 to 4 minutes. Wait for the brine to completely cool, and then pour it back over the crabs. You can skip this process, but it enhances the flavor of the brine and helps the crabs to last longer.",https://www.koreanbapsang.com/wp-content/uploads/2013/09/DSC_1742-e1541276829303.jpg,Side Dish,Korean,"crabs, soy sauce",,4.6,57.0,57
Kongnamul muchim (soybean sprout side dish),"This nutty, crunchy, and delicious soybean sprout side dish is one of the most commonly served side dishes in Korean homes. This recipe shows two ways to prepare - mild and spicy.",https://www.koreanbapsang.com/kongnamul-muchim-seasoned-soybean/,10m,10m,20m,4 servings,"[Mild] 1 pound kongnamul (콩나물), soybean sprouts ,1 scallion, finely chopped ,1 teaspoon minced garlic ,1 tablespoon sesame oil ,1 teaspoon sesame seeds ,salt (about 1 teaspoon) and pepper to taste | [Spicy] 1 pound kongnamul (콩나물), soybean sprouts ,1 scallion, finely chopped ,1 teaspoon minced garlic ,1 - 2 teaspoons gochugaru (고추가루), Korean red chili pepper flakes ,1 tablespoon soy sauce ,1 tablespoon sesame oil ,1 teaspoon sesame seeds ,salt (about 1/2 teaspoon) and pepper to taste","[Instructions] 1) Rinse the soybean sprouts twice in cold water, discarding any rotten beans or skins floating. Place 1 cup of water in a medium size pot and the bean sprouts. Cover, and bring it to a boil over high heat. Continue to cook for 3 to 4 minutes. Do not open the lid until the sprouts are cooked. (See note 1 and 2) | 2) Drain quickly, and cool, reserving the broth if you want. (See the note 3.) You can shock the sprouts in cold water to stop the cooking and drain for an extra crunch, but not necessary. | 3) Toss with the remaining ingredients. Taste a little and add more salt (or gochugaru if making the spicy one) to your taste if needed.",https://www.koreanbapsang.com/wp-content/uploads/2012/02/DSC_0081-1-e1644441038530.jpg,Side Dish,Korean,"banchan, kongnamul, side dish, Soybean sprout",,4.63,40.0,40
Stir-fried Cucumbers (Oi Bokkeum),Quick and easy stir-fried cucumber side dish!,https://www.koreanbapsang.com/korean-cucumber-side-dish/,5m,10m,15m,4 servings,"[Ingredients] 1 pound cucumbers (about 4 to 5 short varieties such as Kirby or Persian or 1 English cucumber) ,1.5 teaspoons salt ,1 tablespoon oil for stir-frying ,1 teaspoon minced garlic ,1 small scallion finely chopped ,1 teaspoon sesame oil ,1/2 teaspoon sesame seeds (preferably crushed)","[Instructions] 1) Cut the cucumbers in half lengthwise, and then thinly slice crosswise slightly diagonally. If the cucumbers are thin, you can simply cut into thin rounds. | 2) Lightly salt the cucumber slices with salt to coat evenly. Let sit for about 10 minutes. | 3) Tightly squeeze out the water content from the salted cucumber slices. Don’t worry about bruising them. They will bounce back when stir-fried. | 4) Heat a pan over high heat. Add 1 tablespoon of oil to the pan. Quickly stir in the garlic. Add the cucumbers. Stir-fry for a minute until the cucumbers are slightly cooked. Do not overcook. Turn off the heat. Toss well with the scallion, sesame oil, and sesame seeds.",https://www.koreanbapsang.com/wp-content/uploads/2015/02/DSC_0916.jpg,Side Dish,Korean,"cucumber, stir-fried, stir-fry",,4.38,94.0,94
Mu Namul (Radish Side Dish),a Korean side dish made with white radish!,https://www.koreanbapsang.com/mu-namul-korean-radish-namul/,,,,4 servings,"[Ingredients] 1 pound Korean radish mu/moo ,1 tablespoon vegetable oil ,2 teaspoons soup soy sauce optional ,salt to taste start with 1/4 teaspoon, if using soup soy sauce, otherwise 1/2 teaspoon ,1 teaspoon minced garlic ,1 scallion finely chopped ,2 teaspoons sesame oil ,1/2 teaspoon sesame seeds","[Instructions] 1) Clean the radish. Peel the skin if necessary. You don't need to peel if the skin is smooth and clean. Cut the radish into match sticks (use a mandoline if available). | 2) Heat a large skillet with a tablespoon of oil over medium heat. Add the radish sticks with the optional soup soy sauce, salt, and garlic and cook for 4 - 5 minutes, stirring well, until the radish sticks become wilted and translucent. | 3) Add 1/4 cup of water. Reduce the heat to medium low, cover, and cook for an additional 3 - 4 minutes, until it reaches the desired level of softness. Taste and adjust seasoning and/or cooking time as needed. Right before turning off the heat, add the chopped scallion, sesame oil, and sesame seeds, and stir well. Serve warm.",https://www.koreanbapsang.com/wp-content/uploads/2012/01/DSC_0278-150x150-1.jpg,Side Dish,Korean,"eomuk, korean radish",,4.67,6.0,6
Oi Muchim (Spicy Cucumber Salad),"An easy cucumber side dish that's spicy, slightly sweet and tangy! It'll be an excellent complement to any of your main dishes.",https://www.koreanbapsang.com/oi-muchim-korean-style-cucumber-salad/,5m,5m,15m,4 servings,"[Ingredients] 1 Korean cucumber or 2 Kirby pickling cucumbers ,1 teaspoon salt ,1 tablespoon Korean red chili pepper flakes gochugaru (고추가루) – use less if desired ,1 tablespoon chopped scallion ,1/2 teaspoon garlic minced ,1 teaspoon vinegar ,1/2 teaspoon sugar ,1 teaspoon sesame seeds ,1 teaspoon sesame oil",[Instructions] 1) Thinly slice the cucumber (1/8 to 1/4-inch thick). Toss gently with salt and set aside for about 15 minutes. | 2) Drain excess liquid. Avoid squeezing them because they will bruise. Mix well with all of the remaining ingredients. Taste a little and adjust the seasonings if necessary.,https://www.koreanbapsang.com/wp-content/uploads/2010/07/DSC_0308-e1742779037524.jpg,Side Dish,"Asian, Korean","cucumber, muchim, oi, salad, spicy",,4.62,278.0,278
Putbaechu (Young Cabbage) Doenjang Muchim,a delicious Korean side dish made with young cabbage seasoned with doenjang (fermented soybean paste)!,https://www.koreanbapsang.com/putbaechu-young-cabbage-doenjang-muchim/,10m,10m,20m,4 servings,"[Ingredients] 2 bunches young cabbage (putbaechu, 풋배추) - about 8 ounces each - See note for substitutes. ,1 tablespoon (or to taste) doenjang, fermented soybean paste ,1/2 tablespoon minced garlic ,1 tablespoon sesame oil or perilla seed oil s ,2 teaspoons sesame seeds (roasted and crusted) ,1 teaspoon gochugaru or gochujang - optional adjust to taste ,1 teaspoon sugar (or oligo syrup) - optional","[Instructions] 1) Trim off the roots from the cabbage. Wash thoroughly until there is no sand in the water. | 2) Bring a large pot of water to a rapid boil. Add a tablespoon of salt. Blanch the cabbage until the white parts turn soft, 4 to 5 minutes. Remove the cabbage from the pot and shock in cold water to stop the cooking. | 3) Drain, and tightly squeeze out water. Cut into 2 to 3-inch lengths. | 4) Add the remaining ingredients and mix everything well by hand. Adjust the seasoning to taste by adding more doenjang (or gochujang or gochugaru for the spiciness). Let it sit for 10 to 20 minutes before serving for the flavor of the seasonings to seep into the cabbage.",https://www.koreanbapsang.com/wp-content/uploads/2014/05/DSC-1482-150x150-1.jpg,Side Dish,Korean,"Doenjang, fermented soybean paste, vegan, vegetables",,4.5,28.0,28
Sesame Broccoli,Easy side dish made with broccoli and sesame oil and seeds!,https://www.koreanbapsang.com/sesame-broccoli/,10m,5m,15m,2 servings,"[Ingredients] 1 pound broccoli ,1 teaspoon salt for blanching ,1 tablespoon sesame seeds, roasted and crushed (see note) ,1 tablespoon sesame oil ,1/2 teaspoon minced garlic ,salt to taste about 1/2 teaspoon","[Instructions] 1) Cut the broccoli head from the stem. Cut the head into small florets. Peel the stems and cut into small pieces. | 2) Bring a large pot of water to a boil. Add a teaspoon of salt and broccoli, and cook for 1 to 2 minutes, or until it reaches the desired tenderness. | 3) Drain, and immediately shock in cold water to stop cooking. Drain well. | 4) Combine the broccoli with the remaining ingredients, and toss well to evenly distribute the seasoning.",https://www.koreanbapsang.com/wp-content/uploads/2013/10/DSC_1374.jpg,Side Dish,Korean,"broccoli, sesame oil, sesame seeds",,4.52,82.0,82
Sukju Namul (Mung Bean Sprouts),A simple Korean side dish made by briefly blanching and seasoning bean sprouts,https://www.koreanbapsang.com/sukju-namul-seasoned-mung-bean-sprouts/,,,,4 servings,"[Ingredients] 1 pound sukju namul mung bean sprouts ,1 scallion finely chopped ,1 teaspoon garlic ,1 tablespoon sesame oil ,1 teaspoon sesame seeds ,salt (about 1 teaspoon) and pepper, to taste If using fine salt, start with 1/2 and add more as needed.","[Instructions] 1) Rinse the bean sprouts twice in cold water. Boil 4 cups of water, in a medium size pot, along with a teaspoon of salt. Drop in the sprouts and cover. Blanch the sprouts until slightly softened, about 1 minute. | 2) Drain quickly. When cool enough to handle, gently squeeze out the excess water. | 3) Toss well with the remaining ingredients. Sample and add more salt to your taste if needed.",https://www.koreanbapsang.com/wp-content/uploads/2012/03/DSC_0059-150x150-1.jpg,Side Dish,Korean,"banchan, bean sprouts",,4.7,23.0,23
Slow Cooker Chicken Soup with Napa Cabbage,This slow cooker version of a Korean chicken soup is packed with tender chicken and soft napa cabbage!,https://www.koreanbapsang.com/slow-cooker-chicken-soup-with-napa-cabbage/,,,,4 servings,"[Ingredients] 3 pounds cut chicken parts bone-in, skin-on preferably ,12 ounces napa cabbage thick, outer leaves preferably (see note) ,1/2 medium onion ,6 to 7 plump garlic cloves ,3 thin ginger slices about 1 inch round ,salt and pepper ,2 scallions","[Instructions] 1) Clean the chicken, trim off excess fat and place in the slow cooker. | 2) Roughly cut the cabbage leaves into big pieces. Cut the onion into 4 big wedges. Add the cabbage, onion, garlic, and ginger to the slow cooker. Add water to fill up to ⅔ of the slow cooker (about 8 cups). Add 1 tablespoon (2 teaspoons if using very fine salt) of salt and 1/4 teaspoon pepper. | 3) Cover, and cook for about 4 hours on high or 6 hours on low. Cut the scallions into about 2-inch length pieces, and drop into the soup, with a few minutes remaining. Add salt and pepper to taste. | 4) Remove the excess fat. You can spoon off the fat, or use a fat separator. You can transfer the chicken and vegetables to another pot, and strain the broth if you like cleaner broth.",https://www.koreanbapsang.com/wp-content/uploads/2017/01/DSC_1844-150x150-1.jpg,Slow Cooker,Korean,,,4.68,65.0,65
Dak Gomtang (Korean Chicken Soup),A flavorful chicken soup made with a whole chicken!,https://www.koreanbapsang.com/dak-gomtang-korean-chicken-soup/,10m,50m,60m,4 servings,"[Ingredients] 1 whole chicken (3 to 4 pounds) ,10 - 12 plump garlic cloves ,1 1-inch piece ginger, sliced ,1/2 medium onion ,2 - 3 scallion white parts ,1/2 teaspoon whole black peppercorns (if available) ,3 scallions, finely chopped to garnish ,salt and pepper to taste | [Spicy sauce (dadaegi, 다대기) - Optional] 3 tablespoons gochugaru ,2 teaspoons minced garlic ,1 tablespoon soup soy sauce (guk ganjang, 국간장) use regular soy sauce if unavailable ,3 tablespoons chicken broth from the soup","[Instructions] 1) Place the cleaned chicken in a stock pot large enough to hold the chicken and 10 cups of water (6 - 8 quarts pot). Add the garlic, ginger, onion, scallions, optional peppers and 10 cups of water (or enough to cover the chicken). | 2) Bring it to a boil over high heat. Skim off any foam on top. Reduce the heat to medium and boil, covered, for about 40 - 50 minutes, depending on the size of the chicken. Cut through the thickest part of the breast, with a knife, to see if the chicken is cooked and tender. | 3) Turn the heat off and carefully remove the chicken. When the chicken is cool enough to handle, remove the meat off the bones. | 4) Shred the meat into small bite size pieces. You can strain the broth, remove the excess fat and serve at this point. But, I put the bones back in the soup and boil again for more flavorful broth. | 5) Optional Step: Put the bones back in the broth and simmer over medium low heat for an additional 30 minutes to an hour depending on how much time you have. | 6) Strain the broth and remove the excess fat. You can spoon off the fat, refrigerate the broth until the fat solidifies, or use a fat separator. | 7) To serve, place some rice in a serving bowl, add chicken pieces, and then ladle the hot broth on top. Typically, chopped scallions, salt and pepper, and optional spicy sauce are served separately so each person can season to taste. Serve piping hot with kimchi.",https://www.koreanbapsang.com/wp-content/uploads/2020/04/DSC2686.jpg,Soup,Korean,,,4.82,95.0,95
Kimchi Kongnamul Guk (Soybean Sprout Soup with Kimchi),This soup is a variation of kongnamul guk (soybean sprout soup) that's made with kimchi. It's easy and refreshingly delicious with a nice spicy kick!,https://www.koreanbapsang.com/kimchi-kongnamul-guk-soybean-sprout/,10m,25m,35m,4 servings,"[Ingredients] 6 cups anchovy stock See the recipe (I or II) . ,10 ounces soybean sprouts (kongnamul) ,8 ounces fully fermented kimchi ,1/4 cup juice from kimchi, if available ,1 teaspoon gochugaru (red chili pepper flakes) - use less or more to taste ,2 teaspoons soup soy sauce (guk ganjang) or 1 teaspoon saeujeot - salted shrimp ,1 teaspoon minced garlic ,1 scallion roughly chopped ,salt and pepper to taste","[Instructions] 1) Make anchovy broth with 8 cups of water. See the recipe . | 2) Rinse the soybean sprouts a couple of times, discarding any skins that are floating. Slice the kimchi into about 1/2-inch thick strips. | 3) Add the sliced kimchi, kimchi juice, gochugaru, and the soup soy sauce (or saeujeot, salted shrimp) to the anchovy broth. Bring it to a boil. Cook over medium high heat until the kimchi turns translucent, about 5 minutes. | 4) Add the bean sprouts and garlic. Cook, covered, for 3 - 4 minutes. Do not open the lid while the bean sprouts are being cooked, or the raw bean smell will linger even after cooked. Once the bean sprouts are cooked, adjust the seasoning, if needed, by adding salt and pepper. | 5) Add the scallions and boil for another minute. Serve separately with a bowl of rice, or serve it over the rice in a bowl.",https://www.koreanbapsang.com/wp-content/uploads/2013/01/DSC7062-e1665716106416.jpg,Soup,Korean,"kimchi, soup, soybean sprouts",,5.0,14.0,14
Mu Doenjang Guk (Korean Soybean Paste Radish Soup),"A simple, every day Korean soup made with soybean paste and Korean radish! It's vegan!",https://www.koreanbapsang.com/mu-doenjang-guk-korean-soybean-paste-radish-soup/,,,,4 servings,"[Ingredients] 1 pound Korean radish mu (무) ,2 tablespoons doenjang 된장 (Korean fermented soybean paste) ,1 green part of a large scallion ,soup soy sauce or salt to taste ,For the vegetable Broth: Or use anchovy broth ,1/4 medium onion ,2 dried shiitake mushrooms ,1 small piece dried kelp about 3 inch square, dashima 다시마 ,1 white part of a large scallion ,3 to 4 plump garlic cloves ,1 or 2 dried whole red chili peppers or fresh hot chili peppers - optional ,6 cups of rice rinsed water ssalddeumul (or plain water with 1 teaspoon of flour or rice flour)","[Instructions] 1) Add the water to the pot along with all of the broth vegetables. Bring it to a boil over high heat. Reduce the heat to medium, and boil, covered, for 10 minutes. | 2) Cut the radish into thin disks (about 1/4-inch thick), and then into slightly thick matchsticks. | 3) Remove the aromatic vegetables, reserving the mushrooms. | 4) Thinly slice the mushrooms. | 5) Stir in the soybean paste, or run them through a strainer in the broth if you don’t want the bean pieces in your soup. | 6) Add the radish and mushrooms, and boil until the radish turns translucent and soft, about 10 minutes. | 7) Drop the scallions in, and boil for a couple more minutes. Add soup soy sauce or salt, if necessary, and pepper to taste.",https://www.koreanbapsang.com/wp-content/uploads/2017/10/DSC_0246-150x150-1.jpg,Soup,Korean,,,4.73,11.0,11
Oi Naengguk (Chilled Cucumber Soup),"Oi naengguk is a classic chilled soup made with cucumber and seaweed (miyeok). It’s a refreshing, tangy soup that’s perfect for hot summer days!",https://www.koreanbapsang.com/oi-naengguk-korean-style-chilled/,10m,5m,15m,4 servings,"[Ingredients] 1 Korean cucumber or 2 Kirby (pickling) cucumbers (5 – 6 ounces) ,1 cup soaked miyeok, 미역 (seaweed – about 1/2 ounce dried miyeok) ,1 Korean green or red chili pepper or scallion | [Seasonings] 1/2 teaspoon minced garlic ,2 tablespoons soup soy sauce (guk ganjang, 국간장) ,3 to 4 tablespoons vinegar ,1 teaspoon Korean red chili pepper flakes ,1 teaspoon sugar ,2 teaspoons sesame seeds ,4 cups of water ,salt to taste about ½ teaspoon","[Instructions] 1) Cut the cucumber into matchsticks. Finely chop the chili pepper (or scallion). | 2) Prepare the dried seaweed by soaking for 10 to 20 minutes and rinsing well. (See my miyeok guk recipe for more.) Boil water in a small pot, and add 1 teaspoon of salt. Blanch the soaked seaweed briefly, 20 to 30 seconds. Drain and rinse with cold water. Drain again, squeeze out excess water, and cut into bite size pieces. | 3) In a medium size bowl, gently toss the vegetables with the seasoning ingredients. Set aside for about 10 minutes. You can make ahead up to this point several hours or a day before, if desired. | 4) Mix in 4 cups of cold water and season with salt. Start with a half teaspoon of salt, taste and add more if necessary. Refrigerate to chill. Serve in chilled bowls with some ice cubes.",https://www.koreanbapsang.com/wp-content/uploads/2011/07/DSC_4974-2-e1563170940691.jpg,Soup,Korean,,,4.89,9.0,9
Sundubu Ramyun,"Elevate your instant ramyun noodles with sundubu (extra soft tofu)! It gives a bit of sundubu stew taste, while making it a healthier dish.",https://www.koreanbapsang.com/sundubu-ramyun/,5m,8m,13m,1 servings,"[Ingredients] 1/2 package sundubu, 순두부 ,1/2 package spicy ramyun, 라면 or your favorite ,1 tablespoon chopped scallion ,1/2 teaspoon minced garlic ,1/2 tablespoon sesame oil ,1/4 teaspoon gochugaru, 고추가루 - optional ,1 egg ,pinch pepper","[Instructions] 1) Add the sesame oil, garlic and 1/2 of the ramyun seasoning mix and optional gochugaru to a small pot and mix well over medium heat for a few seconds. | 2) Add 1 cup of water. Turn the heat up to medium high. When water boils, add the sundubu in big chunks, and bring it to a boil. | 3) Drop the noodles in, and then add 1/2 packet of the vegetable flakes. Continue to boil until the noodles are almost cooked, about 3 minutes. The noodles should be al dente at this point. | 4) Crack an egg straight over the noodles. You can break the egg yolk and stir into the soup if you want. Turn the heat off, and drop the scallion in, and sprinkle with pepper to taste.",https://www.koreanbapsang.com/wp-content/uploads/2021/03/DSC8509-2-e1615689649868.jpg,"Main, noodle soup, Soup",Korean,"ramen, ramyun, soondubu, spicy, sundubu",,4.87,15.0,15
Tteok Mandu Guk (Rice Cake Soup with Dumplings),"Make this warm, soothing bowl of rice cake soup with dumplings for your New Year celebration!",https://www.koreanbapsang.com/tteok-mandu-guk-rice-cake-soup-with-dumplings/,10m,20m,30m,2 servings,"[Ingredients] 4 ounces beef chuck or loin ,1 tablespoon soup soy sauce ,1 teaspoon minced garlic ,salt and pepper to taste ,1 scallion ,2 to 3 cups sliced rice cakes (tteokguk tteok, 떡국떡) Soak in cold water for 10 to 20 min if hardened ,8 to 10 dumplings (mandu) | [Optional Garnish] 1 egg ,1/2 sheet gim nori, cut into thin strips","[Instructions] 1) Cut the beef into thin bite size pieces (1 to 1 1/2 inch). | 2) In a medium pot, sauté the beef with 1 tablespoon of soup soy sauce until all the pieces turn brown. Pour in 5 cups of water and bring it to a boil. Skim off the foam. Reduce the heat to medium and continue to boil, covered, for 10 minutes. | 3) You can add the dumplings to the soup along with rice cakes in the next step. Another option is to cook the dumplings separately in the boiling water until the dumplings float to the top, and then add to the soup when the rice cakes are cooked. Or, line a steamer with a wet cheesecloth and then steam mandu for about 8 minutes (10 minutes if frozen). | 4) Add the garlic and the rice cake slices to the boiling broth. Boil until the rice cakes turn very soft, usually about 5 – 8 minutes. | 5) Drop the cooked dumplings and the scallion to the soup. Let the soup come to a boil again. Season with salt and pepper to taste. Ladle the steaming soup into individual bowls and garnish with the optional egg and gim strips. | [Optional garnish] 1) To make egg garnish (jidan), separate the egg white and yolk. Lightly beat the white by gently cutting it with a spoon. Stir the yolk with a spoon until smooth. Heat a lightly oiled nonstick skillet over medium low heat. Pour each egg part into a thin layer, by tilting the skillet and/or spreading with a spoon. Cook each side briefly. (Do not brown the egg.) | 2) Roll each egg crepe, and slice into short thin strips. Slice the scallion diagonally into thin strips. Roast the gim on a hot skillet. Cut into thin 1 1/2-inch strips with kitchen shears, or simply crush them with hands.",https://www.koreanbapsang.com/wp-content/uploads/2019/02/DSC_1564-e1549349046240.jpg,"Main Course, Soup",Korean,"dumplings, Korean, rice cake soup",,4.89,43.0,43
Tteokguk (Korean Rice Cake Soup),This starchy and soothing bowl of tteokguk (rice cake soup) is not only a New Year's tradition but is classic comfort food any time of year!,https://www.koreanbapsang.com/tteokguk-korean-rice-cake-soup/,,100m,100m,4 servings,"[Beef Broth (quick method)] 1/2 pound beef chuck, loin, rib eye (preferably tender cut) ,2 tablespoons soup soy sauce (guk ganjang, 국간장) see note 1 ,1 tablespoon minced garlic ,Salt and pepper | [If using traditional method for broth] 1/2 pound beef brisket, flank steak, or shank meat ,1/2 medium onion ,3 scallions – white parts (or 1 Korean daepa white part) ,5 – 6 plump garlic cloves ,2 tablespoons soup soy sauce (guk ganjang) | [Rice cakes (garae tteok)] 4 cups sliced garae tteok (가래떡, rice cake) | [Garnish] 1 or 2 scallions ,1 egg optional ,1/2 sheet gim (김, aka nori), roasted cut 1.5-inch strips with kitchen shears, or simply crush them with hands.","[Instructions] 1) Soak the rice cake slices in cold water for about 20 minutes. | [Quick method] 1) Cut the beef into thin, bite-sized pieces (1 to 1.5 inch). In a pot, sauté the beef with 1 tablespoon of soup soy sauce until all the pieces turn brown. Pour in 12 cups of water and bring it to a boil. Skim off the foam. Add the garlic, another tablespoon of soy sauce and salt and pepper to taste. Reduce the heat to medium and continue to boil, covered, for 10 minutes, or until the meat is tender. | 2) Add the rice cake slices and boil until soft, usually about 5–8 minutes. Lightly beat the optional egg and drizzle over the soup before turning off the heat. Or make jidan (egg garnish), as shown below. Ladle the steaming soup into individual bowls and garnish with chopped scallions and gim strips. | [Traditional method] 1) In a large pot, bring the meat, onion, scallions and garlic to a boil in 14 cups of water. Reduce the heat to medium low, and skim off the scum. Simmer, covered, until the meat is tender enough for shredding, about an hour or longer. You can add more water if reduced too much. You'll need about about 10 cups at the end. Remove the meat and cool. Discard the vegetables. Stir in soup soy sauce, salt and pepper to taste. | 2) To make egg garnish (jidan), separate the optional egg white and yolk if desired. Lightly beat the white by gently cutting it with a spoon. Stir the yolk with a spoon until smooth. Heat a lightly oiled nonstick skillet over medium low heat. Pour each egg part into a thin layer, tilting the skillet and/or spreading with a spoon. Cook each side briefly. (Do not brown the egg.) | 3) Roll each egg crepe, and slice into short thin strips. Slice the scallion diagonally into thin strips. | 4) Cut the cooled beef into 1 to 1.5-inch wide strips against the grain, shred, and season with salt and pepper to taste. | 5) Add the rice cake slices and boil until soft, usually about 5–8 minutes. Ladle the steaming soup into individual bowls and garnish with the shredded beef, optional egg garnish, scallion and gim strips.",https://www.koreanbapsang.com/wp-content/uploads/2020/01/DSC7568-2-e1672201217694.jpg,"Main, Soup",Korean,"beef soup, Korean rice cake, rice cake soup, tteokguk",,4.67,57.0,57
Vegetable Broth for Korean Cooking,Learn how to make Korean vegetable broth for your Korean soups and stews! It's super easy to make and requires very few ingredients.,https://www.koreanbapsang.com/vegetable-broth-for-korean-cooking/,5m,30m,35m,4 servings,"[Ingredients] 2 pieces dashima about 4-inch square each ,2 to 3 dried pyogo beoseot (표고바섯, shiitake mushrooms) ,1/2 medium onion cut into chunks ,6 ounces Korean radish cut into chunks ,2 scallions 1 if using large one (daepa, 대파) ,3 to 4 ounces green cabbage cores and leaves ,2 dried red chili peppers or 1 teaspoon peppercorns - optional","[Instructions] 1) Soak the dashima and shiitake mushrooms for about 30 minutes in a large pot with 10 cups of water. You can skip soaking if you don’t have time, but soaking maximizes the flavor of the broth. | 2) Add the other vegetables you're using to the pot. | 3) Bring it to a boil over high heat and boil, covered, for 10 minutes. Remove the dashima. Reduce the heat to medium, and continue to boil, for about 20 minutes. Turn the heat off. Let the broth cool. | 4) Pour the broth through a strainer into a large bowl. Press the vegetables with a spoon or spatula to squeeze out any remaining broth. | 5) Store the broth in the fridge up to a week, or in the freezer up to 2 months.",https://www.koreanbapsang.com/wp-content/uploads/2019/02/DSC_2423-e1549253088496.jpg,Soup,Korean,,,4.6,5.0,5
Beef Doenjang Jjigae,"A staple Korean stew made with doenjang, fermented soybean paste, beef, tofu and vegetables. It's hearty and flavorful!",https://www.koreanbapsang.com/beef-doenjang-jjigae/,,,,2 servings,"[Ingredients] 2 ounces radish ,1/2 small zucchini about 3 ounces (mushrooms and potatoes can be added if desired) ,1/4 small onion ,1 chili pepper green and/or red ,1 scallion ,3 ounces beef stew meat or other well-marbled cut ,8 ounces tofu ,2 tablespoons Korean soybean paste doenjang ,1 teaspoon Korean chili pepper paste gochujang ,1 teaspoon minced garlic ,Black pepper to taste ,1/2 teaspoon vinegar ,2 cups of water used to rinse rice ssal ddeum mul (or add 1/2 teaspoon flour or rice powder to clear water)","[Instructions] 1) Cut the radish into thin 1-inch squares. Cut the zucchini into bite size pieces. Thinly slice the onion and chili pepper. Cut the scallion into 1-inch lengths. | 2) Cut the tofu into 1/2-inch thick slices. Slice the meat into thin strips. | 3) Preheat a small pot. Sauté the meat until no longer pink. Add the radish and continue to sauté until the radish is wilted. | 4) Add the water, soybean paste, and chili pepper paste. Stir well to dissolve the pastes. Boil over medium high heat for 4 to 5 minutes. | 5) Add the tofu, onion, zucchini and garlic. Boil for an additional 5 to 6 minutes. Stir in the vinegar, and throw in the scallion and chili pepper. Cook for another minute or two. | 6) Serve with rice while it is still bubbling from the heat.",https://www.koreanbapsang.com/wp-content/uploads/2016/07/DSC_1077-150x150-1.jpg,Soup,Korean,,,4.88,25.0,25
Dakgaejang (Spicy Chicken Soup with Scallions),A simple and easy spicy chicken soup with scallions!,https://www.koreanbapsang.com/dakgaejang-spicy-chicken-soup-scallions/,,,,2 servings,"[Chicken] 1 pound chicken breast or thigh fat removed ,1/4 medium onion ,1 scallion ,4 to 5 garlic cloves | [Vegetables] 3 to 4 scallions 1 or 2 if using the large variety, cut into 2-inch pieces | [Seasoning] 1 tablespoon sesame oil ,1 tablespoon gochugaru ,1/2 tablespoon soup soy sauce gukganjang, 국간장 ,1 teaspoon minced garlic ,salt and pepper | [Other] 1 large egg lightly beaten","[Instructions] 1) Add the chicken breast, onion, scallion, and garlic to a medium size pot along with 5 cups of water. Bring it to a boil over high heat. Reduce the heat to medium low. Cover, and continue to boil for about 7 to 8 minutes. | 2) Turn the heat off and remove the chicken to a bowl. Strain the broth into another bowl, remove any visible fat and discard the aromatic vegetables. When cool enough to handle, remove the skin and bones if any, shred the chicken and season with salt and pepper. | 3) In the same pot, heat the sesame oil until hot (but not smoking hot) over low heat. Add the chili pepper flakes and turn the heat off. Stir gently until the oil turns red and the chili pepper flakes become pasty. Do not burn the flakes. Mix in the soup soy sauce and garlic. | 4) Add the broth to the pot, and bring it to a boil. Add the meat and scallions into the stock. Continue to boil for an additional 3 – 4 minutes. Add salt and pepper to taste. Gently drizzle the egg over the soup before turning off the heat. Do not stir. Serve with a bowl of rice.",https://www.koreanbapsang.com/wp-content/uploads/2017/01/DSC_1843.jpg,Soup,Korean,,,4.85,32.0,32
Kongnamul Guk (Soybean Sprout Soup),A staple Korean soup made with soybean sprouts! Nice and refreshing!,https://www.koreanbapsang.com/kongnamul-guk-soybean-sprout-soup/,,,,4 servings,"[Ingredients] 8 ounce kongnamul soybean sprouts ,6 - 8 medium to large size dried anchovies for broth ,1 plump garlic clove thinly sliced or minced ,1 scallions chopped ,salt and pepper - See note ,6 cups of water","[Instructions] 1) In a medium size pot, bring 6 cups of water with the anchovies and garlic to a boil, uncovered. Reduce the heat to medium high and boil, uncovered, for 10 minutes. Remove the anchovies and garlic from the broth. | 2) Rinse the soybean sprouts a couple of times, discarding any skins floating. | 3) Add the bean sprouts and 1 teaspoon of salt and boil, covered, Bring it to a boil, and continue to cook for 4 - 5 minutes over medium high heat. Do not open the lid while the bean sprouts are being cooked, or the raw bean smell will linger even after cooked. Once kongnamul is cooked, taste for salt and pepper. The amount of salt needed at this point will depend on your salt and taste. Add the scallions and serve.",https://www.koreanbapsang.com/wp-content/uploads/2011/03/DSC_1933-2.jpg,Soup,Korean,,,4.84,31.0,31
Miyeok Guk (Beef Seaweed Soup),"Miyeok guk, also known as birthday soup in Korea, is a soup made with dried miyeok (aka wakame), which is a sea vegetable (edible seaweed).",https://www.koreanbapsang.com/miyeok-guk-beef-seaweed-soup/,10m,30m,40m,6 servings,"[Ingredients] 1.5 ounces dried miyeok yields about 3 cups soaked ,6 ounces beef stew meat or brisket ,2 teaspoons minced garlic ,2 tablespoons soup soy sauce (gukganjang, 국간장) If unavailable, use 1 T regular soy sauce and season with salt to taste ,1 tablespoon sesame oil ,salt and pepper ,10 cups water","[Instructions] 1) Soak the dried miyeok per package instructions (usually 10 to 20 min) or until miyeok turns soft and plump. Rinse twice. Drain well, and cut into bite sizes. | 2) Cut the beef into thin bite size pieces. Marinate with 1 tablespoon of soup soy sauce, garlic, and a pinch of pepper. | 3) Heat a large pot over medium high heat. Sauté the meat with the sesame oil just until the meat is no longer red. | 4) Add the miyeok and 1 tablespoon of soup soy sauce, and continue to sauté for 4 to 5 minutes. | 5) Add 10 cups of water, and bring it to a boil. Skim off any scum. Add salt and pepper to taste. Lower the heat to medium low. Boil, covered, for 20 to 30 minutes until the meat is tender and the broth is slightly milky.",https://www.koreanbapsang.com/wp-content/uploads/2013/12/DSC_3929-150x150-1.jpg,Soup,Korean,,,4.7,69.0,69
Sigeumchi Doenjang Guk (Spinach Doenjang Soup),Spinach soup made with a clam-based broth - light and refreshing!,https://www.koreanbapsang.com/sigeumchi-doenjang-guk-spinach-doenjang/,,,,4 servings,"[Ingredients] 1/2 pound any small variety of clams Manila, little neck clams ,1 bunch fresh spinach about 10 ounces ,8 ounces soybean sprouts kongnamul, 콩나물 ,2 scallions ,1 to 1-1/2 tablespoons doenjang 된장 (Korean fermented soybean paste) ,1 teaspoon minced garlic ,salt and pepper","[Instructions] 1) Rinse and scrub the clams. Place the clams in salted water (1 tablespoon of salt in 2 to 3 cups of water) for 30 minutes or longer to get the clams to spit out the sand. | 2) Trim off the roots from the spinach. Wash thoroughly until there is no more sand in the water. Drain. If your spinach is long, you can cut them in half. Rinse the soybean sprouts a couple of times, discarding any floating skins. Drain. Clean and roughly chop the scallions. | 3) In a large pot, stir the soybean paste into 6 cups of water (preferably the water used to rinse the rice). Bring it to a boil over high heat. | 4) Add the clams, beansprouts and garlic. Boil until clams open and the beansprouts are cooked, about 3 to 5 minutes. | 5) Throw in the spinach and scallions, and cook until wilted for a minute or two. Add salt and pepper to taste.",https://www.koreanbapsang.com/wp-content/uploads/2013/04/DSC_1843-150x150-1.jpg,Soup,Korean,,,4.74,15.0,15
Daegu Tang (Mild Cod Fish Stew),Daegu tang (or daegu jiri) is a mild Korean fish stew made with cod fish and vegetables. Refreshingly delicious!,https://www.koreanbapsang.com/daegu-tangjiri-mild-cod-fish-stew/,10m,10m,20m,2 servings,"[Ingredients] 1 pound cod fish (daegu, 대구) preferably steak cuts, but fillets are okay too ,3-4 little neck clams or shrimp ,3 ounces Korean radish ,1 piece dasima (dried kelp, kombu), about 3-inch square ,6 ounces tofu ,1 tablespoon minced garlic ,1 or 2 scallions ,1 red or green chili pepper ,1 ounce enoki mushrooms optional ,a handful of watercress, crown daisy leaves (ssukgat) or minari. ,salt and pepper (a little bit of saeujeot (salted shrimp or fish sauce is great as an additional seasoning.)","[Instructions] 1) Clean the fish and clams (or shrimp). | 2) Clean the vegetables. Cut the radish into thin bite sizes. Roughly slice the scallions and chili pepper. Cut the tofu into 1/2-inch thick bite size pieces. | 3) Add 4 cups of water (or anchovy broth) to a medium size pot along with the radish and dasima (dried kelp). Bring it to a boil over high heat. Cook until the radish turns soft, about 5 minutes. Remove the dried kelp. Season with salt and pepper to taste. | 4) Drop in the fish, clams and tofu. Add the garlic. When it comes to a boil again, reduce the heat to medium high. Cook until the clams are open and the fish is almost cooked through, 4 to 5 minutes. (Do not overcook. The fish will continue to cook in the boiling hot broth while being served and eaten.) Adjust the seasoning if needed. | 5) Add the enoki mushrooms, if using, scallions, and chili pepper. Continue to boil for a minute, and add the watercress or crown daisy leaves. Turn the heat off. Serve piping hot.",https://www.koreanbapsang.com/wp-content/uploads/2012/02/DSC6086.jpg,"Main Course, Stew",Korean,"anchovy broth, cod fish, daegu, daegu jiri, daegutang, mu, napa cabbage, radish",,4.67,15.0,15
Haemul Sundubu Jjigae (Seafood Soft Tofu Stew),"This bubbling hot, hearty stew is made with extra soft tofu (sundubu or soondubu) and seafood. It cooks up so fast, making it perfect for a weeknight meal!",https://www.koreanbapsang.com/haemul-sundubu-jjigae-seafood-soft-tofu/,10m,15m,25m,2 servings,"[Ingredients] 1 package (about 12 ounces) sundubu (extra soft tofu) ,2 ounces beef or pork (rib eye, sirloin, pork loin or pork belly) ,7 - 8 pieces of seafood assortment (shrimp, mussels, clams, and/or oysters) ,1/2 small zucchini (2 - 3 ounces) ,1/4 onion (2 - 3 ounces) ,1 scallion ,1 tablespoon gochugaru (red chili pepper flakes) adjust to taste. ,1 tablespoon sesame oil use a little more if using more gochugaru ,1 teaspoon minced garlic ,1 teaspoon soup soy sauce (or regular soy sauce) ,salt to taste about 1/2 teaspoon ,pinch pepper ,1 cup anchovy broth (or other broth or water) ,1 egg - optional","[Instructions] 1) Cut the meat into small (about 1-inch long) thin strips. Clean the seafood. Cut the the zucchini into about 1-inch pieces. Dice the onion and scallion. | 2) Add the gochugaru and sesame oil to a small pot, and place it over medium heat. Stir until the pepper flakes become a bit pasty in the heated pot. (The red chili pepper flakes burn easily, so do not preheat the pot.) | 3) Stir in the meat, onion, garlic, and soy sauce. sauté until the pork and onion are almost cooked, 2 - 3 minutes. | 4) Pour in the broth (or water). Bring it to a boil and continue to boil for 3 - 4 minutes. | 5) Add the soft tofu in big chunks along with the zucchini. Bring to a boil again. Gently stir at the bottom of the pot once or twice so the tofu does not stick to the bottom. Cook for 3 - 4 minutes. | 6) Drop the seafood in and boil until the clams and mussels open, 2 - 3 minutes. Salt and pepper to taste. Add the chopped scallion right before turning the heat off. If desired, crack an egg into the stew right before serving while it's still boiling hot.",https://www.koreanbapsang.com/wp-content/uploads/2012/02/DSC_0106-e1542090126361.jpg,"Main Course, Stew",Korean,"gochugaru, gochujang jjigae, Korean stew, soondubu, spicy, sundubu",,4.56,99.0,99
Hobak Gochujang Jjigae (Korean Spicy Zucchini Stew),Korean spicy stew made with gochujang and summer zucchini!,https://www.koreanbapsang.com/hobak-gochujang-jjigae-korean-spicy/,15m,10m,25m,2 servings,"[Ingredients] 1 medium zucchini - about 10 ounces ,1 medium potato (2 small) - about 8 ounces ,1 or 2 scallions ,1 - 2 green or red chili peppers ,1 teaspoon minced garlic ,3 ounces clam meat (fresh or canned) or pork (see note 1 if using meat) ,1.5 tablespoons gochujang (Korean red chili pepper paste) ,1/2 tablespoon Doenjang (Korean soybean paste) or more gochujang ,2 cups water or water used to rinse rice (ssalddeummul), water - see note 2. vegetable broth or anchovy broth is good too","[Instructions] 1) Cut the zucchini and potatoes into about 1/2-inch thick bite size pieces. Roughly chop the scallion. Thinly slice the peppers. | 2) If using meat, see note 1 below. Otherwise, add 2 cups of water to a pot along with the red chili pepper paste and soybean paste. Stir well to dissolve. Bring it to a boil. | 3) Drop the potatoes in and bring it to a boil again. Continue to boil for a minute or two. Then add the zucchini, clam meat (unless using meat), garlic, chili peppers and scallions. | 4) Cook until the potatoes and zucchini turn soft. Serve hot with a bowl of rice.",https://www.koreanbapsang.com/wp-content/uploads/2012/10/DSC2501_01-3.jpg,"Main, Stew",Korean,"gochujang jjigae, gochujang stew, Korean stew, potatoes, zucchini",,4.84,54.0,54
Kimchi Sundubu Jjigae,This warming and comforting sundubu jjigae is made with thinly sliced meat and kimchi. It takes less than 30 minutes to prepare this bubbling pot of stew packed with robust flavors!,https://www.koreanbapsang.com/kimchi-soondubu-jjigae-soft-tofu-stew-kimchi/,10m,15m,25m,2 servings,"[Ingredients] 1 package (12 ounces) sundubu extra soft/silken tofu ,⅓ cup thinly sliced kimchi ,3 ounces pork or beef ,1 to 3 teaspoons gochugaru (Korean red chili pepper flakes) ,2 teaspoons minced garlic ,1 tablespoon sesame oil use a little more if using more gochugaru ,1 cup water or anchovy broth See note ,2 to 3 tablespoons juice from kimchi ,1/2 teaspoon saewujeot (salted shrimp) or salt to taste ,pinch black pepper ,1 scallion, finely chopped ,1 egg - optional","[Instructions] 1) Cut the meat and kimchi into small thin strips. Add the kimchi, meat, gochugaru, garlic and sesame oil to a small pot, and place it over medium heat. | 2) Stir-fry until the meat is almost cooked, 3 - 4 minutes. | 3) Pour in water (or broth) and the juice from the kimchi. Bring it to a boil, and continue to boil for 3 - 4 minutes. Skim off the scum. | 4) Add the soft tofu in big chunks. Stir in the salted shrimp (or salt) to taste (start with 1/4 teaspoon) and black pepper. Cook for 4 -5 minutes. Add the chopped scallion just before removing the pot from the heat. If desired, crack an egg into the stew to serve while it’s still boiling hot.",https://www.koreanbapsang.com/wp-content/uploads/2015/01/DSC_0628-e1421723948340.jpg,"Main Course, Stew",Korean,"kimchi, Korean stew, pork, silken tofu, sundubu",,4.72,401.0,401
Hobakjuk (Pumpkin Porridge),Hobakjuk is a golden-yellow and velvety porridge made with pumpkin and glutinous rice (aka sweet rice)! Make this delicious comfort food with my easy recipe!,https://www.koreanbapsang.com/hobakjuk-kabocha-porridge-and-winners/,10m,50m,60m,8 servings,"[Ingredients] 1 kabocha (danhobak, 단호박) or small pumpkin, about 2 pounds ,1/2 cup sweet rice (aka glutinous rice), soaked in water for at least an hour or use 1/2 cup sweet rice flour (chapssal garu or mochiko), mixed in 1 cup of water ,1/2 teaspoon salt ,1 to 2 tablespoons brown sugar adjust to taste or omit | [Optional rice balls] 1/2 cup sweet rice flour (chapssal garu, 찹쌀가루, or mochiko) ,2 teaspoons sugar ,1/4 teaspoon salt | [Optional garnish] 1/4 cup red beans, pat (팥), soaked and boiled - optional or use canned sweetened red beans (if using sweetened beans, omit sugar above ,1 tablespoon pine nuts, pumpkin seeds, jujubes, if available Walnuts or pecans will be great too","[Instructions] 1) Cut the squash into halves (or quarters). Remove the seeds. Place them in a large pot, the cut side up. Add water about one-third way up the squash, about 6 cups. Cover and boil over medium high heat until the squash turns fork tender, about 25 - 30 minutes. Discard the water and let the squash cool. See the notes for other cooking methods. | 2) When the squash is cool enough to handle, scoop out the flesh (or peel the skin off). | 3) You can purée the cooked squash at this point if you want, using a blender (make sure to use some of the 3 cups of water required below). Or use an immersion blender or simply mash it with a spoon or potato masher while cooking if you like a little bit of squash lumps in my porridge. | 4) In a blender, grind the soaked glutinous rice with 1 cup of water as finely as possible. | 5) Pour the ground sweet rice into the pot of the prepared squash. Add 3 cups of water. Cook over medium heat, stirring and mashing the chunks of squash, until the rice starts to turn translucent and the porridge becomes thick. Cover, and reduce the heat to low. Continue to simmer, stirring occasionally, for about 20 minutes. (Adjust the consistency of the porridge to your taste by adding more water.) Stir in the salt, sugar, and the optional cooked red beans. Cook for an additional 3 - 4 minutes. | [For the optional rice cake balls] 1) Mix the rice powder, sugar and salt in a bowl. Stir in 4 tablespoons of boiling hot water with a spoon. When cool enough to handle, knead by hand until a dough is formed. | 2) Shape the dough into a 3/4-inch thick cylinder. Cut into (or pinch off) 3/4-inch pieces. Roll each piece between the palms to make a small ball. | 3) Bring a pot of water to a boil. Add the rice cake balls. Cook until all the balls float. Transfer to a large bowl with cold water to cool. Drain. | [To serve] 1) Ladle some porridge into a serving bowl. Serve hot with a few optional rice balls and garnishes.",https://www.koreanbapsang.com/wp-content/uploads/2011/10/DSC4547-3.jpg,"Appetizer, Breakfast, Snack, Vegetables",Korean,,,4.71,24.0,24
Kimchi Bibim Guksu (Spicy Cold Noodles with Kimchi),"A simple cold noodle dish made with kimchi and a few seasoning ingredients! Spicy, slightly sweet and tangy!",https://www.koreanbapsang.com/kimchi-bibim-guksu-spicy-cold-noodles/,10m,10m,20m,2 servings,"[Ingredients] 8 - 10 ounce somyeon, 소면, (thin wheat noodles) ,1 cup thinly sliced kimchi preferably fully fermented ,1/4 cup juice from kimchi use a little more soy sauce and vinegar if unavailable ,1 tablespoon gochujang (Korean red chili pepper paste) ,1 tablespoon soy sauce ,2 tablespoons rice vinegar or any other clear vinegar ,1 tablespoon sugar ,1 tablespoon corn syrup (or oligo syrup, 올리고당) use more sugar if unavailable ,1 tablespoon sesame oil ,2 teaspoons sesame seeds | [Optional Garnish] 4 perilla leaves (kkaennip) thinly sliced ,or cucumber thinly sliced ,1 hard boiled egg","[Instructions] 1) Bring a medium pot of water to a boil while preparing the kimchi sauce. | 2) Thinly slice the kimchi and place it in a medium size bowl. Add the juice from the kimchi and remaining sauce ingredients, and mix everything well. | 3) Add the noodles to the pot of boiling water. Cook the noodles according to the package instructions (3 – 4 minutes). Drain quickly and shock in icy cold water to stop cooking. Drain and rinse in cold water again. Repeat until the noodles become cold. Drain well. | 4) Combine the noodles with the kimchi sauce, and toss everything until the noodles are evenly coated with the sauce. Taste and adjust the seasoning to taste by adding more soy sauce, sugar and/or vinegar, if necessary. Garnish with your choice of the optional vegetables and/or the boiled egg and serve cold.",https://www.koreanbapsang.com/wp-content/uploads/2019/07/DSC_4873-3-e1615133620457.jpg,"Main, Vegetables","Asian, Korean","banguet noodles, cucumber, egg, gochugaru, gochujang, kimchi, perilla leaf",,4.67,36.0,36
