title,description,url,prep_time,cook_time,total_time,servings,ingredients,instructions,image_url,recipe_category,recipe_cuisine,keywords,calories,rating_value,rating_count,review_count
Bánh Cuốn (Vietnamese Rice Rolls),There's nothing like warm sheets of bánh cuốn fresh off of the steamer. This recipe shows you how to steam these and fill them with classic pork and veggie filling.,https://www.hungryhuy.com/banh-cuon/,30m,60m,90m,4 servings,"[Rice flour batter] 200 g rice flour ,40 g tapioca starch ,40 g potato starch ,1320 g filtered water ,1 tsp salt ,3 tbsp neutral cooking oil for wrapping cooked bánh cuốn | [Filling] 15 g dried woodear mushroom ,filtered hot water ,2 tbsp neutral cooking oil ,127 g onion peeled and finely chopped ,300 g ground pork ,1 tsp salt ,1/2 tsp MSG (monosodium glutamate) ,1 tsp ground pepper ,172 g jicama peeled and finely chopped ,29 g green onions optional | [Sides] crunchy Japanese or Persian cucumbers ,bean sprouts blanched ,fried shallots ,cha lua (Vietnamese pork sausage) ,mint chopped ,fish sauce-based dipping sauce nước chấm","[Batter prep] 1) Combine all flours into a large bowl or container with the water. Mix to combine and soak for eight hours or overnight. | 2) With a ladle, carefully remove and discard half of the water (660g if you didn't scale the recipe) making sure to NOT disturb the flour. | [Filling] 1) Hydrate the dried woodwear mushrooms in filtered hot water until fully hydrated, about 30 minutes. Rinse and finely chop. Peel and finely chop the onion. Peel and finely chop the jicama. Squeeze the chopped jicama by hand to remove as much moisture as you can. Set aside in a prep bowl. | 2) Heat a pan over medium heat, then add oil and onion. Saute until lightly browned. Then add pork, salt, MSG, and pepper to the pan then saute on medium, continually separating the pork so it's not clumped and cooks more evenly. | 3) When the pork is 80% done, add jicama and saute until there's almost no more water at the bottom of the pan (this takes a few minutes). Add mushrooms and saute to heat it up, and so it still maintains is slight crunch, about 2-3 minutes. | 4) If using green onions, add now and shut off the heat. Mix to combine and reseason to taste. | [Steaming the Bánh Cuốn] 1) Just before you're ready to cook, add the salt to the batter and mix to thoroughly combine. | 2) Place your steamer pot on the stove filled 2/3 of the way with water and get it boiling on max heat. | 3) Stir the bowl of batter EVERY time just before taking a ladle out to make sure the flour and water is mixed evenly. Pour a thin layer onto the steaming screen and quickly spread out the batter out evenly. It may pool in the center if the fabric isn't fully taut, so don't let it. You can tell that you've taken too long to spread the batter if the ladle starts to stick to the steaming cloth. | 4) Close the lid and let it steam for about 40 seconds, open the lid and check. When you open the lid, you know it's done when the cake is starting to bubble on the fabric. Its also more clear after cooking and not as white. | 5) Remove the rice cake. Use your stick to dig under one side of the circle in about 2 inches and lift up from left to right. The first few are typically not as good as the steamer fabric is still priming, so don't judge the result until you get to your 3rd one. | 6) Now's the time to adjust the batter. If the final steamed roll is too thick, add 1-2 tbsp cold water to the batter. If it's too thin you can add 1 tbsp rice flour. It's too thin if you can't spread the batter to make a sheet without any holes. It's too thick if it doesn't spread easily and is unwieldly to remove from the screen. | 7) Lay it on an oiled plate or tray (oiling each time before laying down bánh cuốn so it doesn't stick) | 8) Here's one way to make longer bánh cuốn quickly. Remove the rice sheet from the stick by cutting it along the stick length with a spoon or knife. Add about 1 full tsp of filling into each sheet, and fold about 1/4 of the way in. | 9) Continue folding it over about 3 times total until the sheet runs out. Repeat until you run out of batter, remembering to stir the bowl thoroughly before lading out each batch.",https://cdn.shortpixel.ai/spai2/q_glossy+ret_img+to_auto/www.hungryhuy.com/wp-content/uploads/banh-cuon-w-herbs-sauce.jpg,"Dinner, Lunch",Vietnamese,"brown rice, pork, rice paper",,5.0,8.0,13.0
Bánh Khọt (Vietnamese Mini Savory Pancakes),Learn how to customize these extra crispy and delicious bánh khọt at home.,https://www.hungryhuy.com/banh-khot/,15m,70m,85m,6 servings,"[Filling] 7 oz shrimp peeled and deveined. size: 61-70 ,7 oz pork butt minced ,½ tsp kosher salt ,¼ tsp white pepper ,1 c scallions green parts only thinly sliced ,neutral oil | [Batter] ¾ c rice flour ,½ c all-purpose flour ,1 tsp turmeric ,½ tsp kosher salt ,7 fl oz water ,7 fl oz sparkling water ,7 fl oz coconut cream ,neutral oil for frying | [Assembly] leafy greens green leaf lettuce, romaine ,herbs mint, basil, perilla, cilantro ,Vietnamese pickled carrots & daikon radish (đồ chua) ,Vietnamese fish sauce (nước chấm)","[Preparing batter & filling] 1) In a bowl, combine the filling: 7 oz shrimp , 7 oz pork butt , ½ tsp kosher salt , ¼ tsp white pepper , and 1 c scallions . Mix together until the meat is well-seasoned. Set aside to marinate for at least 10 minutes. | 2) In another bowl, combine the ¾ c rice flour , ½ c all-purpose flour , 1 tsp turmeric . Stir until well incorporated. | 3) Add the 7 fl oz water , 7 fl oz sparkling water , 7 fl oz coconut cream , and ½ tsp kosher salt in a large mixing bowl. | 4) Sift the dry ingredients into the large mixing bowl. Stir until there are no lumps and set aside for 10 minutes to bloom the flour. | 5) Preheat a saute pan over medium heat. It will take about 3-5 minutes to heat up the cast iron thoroughly. You can test with a drop of water to see if it lightly sizzles. If it instantly evaporates, your pan may be too hot. | 6) Add about 1 tbsp of neutral oil to a saute pan. Add the marinated meat and saute for 3-5 minutes or until the pork and shrimp are opaque and firm. Transfer to a plate and set aside. | [Frying the bánh khọt] 1) Preheat the cast-iron pan over medium-high heat. Add about 1/2 to 1 tsp of neutral oil to each hole. | 2) Pour batter into each hole to ⅔ the way up. Swirl the batter lightly around. | 3) Quickly add the filling into each hole. We like to add at least one shrimp and a few pieces of pork for each hole. | 4) Cover with lid and cook for 2 minutes. | 5) Remove the lid, pour oil around each edge of bánh khọt, and cover with the lid again. Cook for an additional 2-3 minutes. | 6) Uncover and use a pin stick or fork to release each bánh khọt. | 7) Cook uncovered for an additional 3-4 minutes or until the bottoms are golden brown and crispy. Move the bánh khọt occasionally and check to see the coloring on the bottom. | 8) As each bánh khọt is finished, transfer to a cooling rack for 1-2 minutes before serving. | [Assembling each bite] 1) To serve, take one of the leafy greens and layer with other fresh herbs . | 2) Place one bánh khọt in the center of the greens. | 3) Add Vietnamese pickled carrots & daikon radish (đồ chua) on top and fold the greens to cover the fillings. | 4) Dip the wrapped bánh khọt into Vietnamese fish sauce (nước chấm) and eat.",https://cdn.shortpixel.ai/spai2/q_glossy+ret_img+to_auto/www.hungryhuy.com/wp-content/uploads/banh-khot-icon.jpg,"Appetizer, Lunch, Snack",Vietnamese,"banh xeo, pancakes, Vietnamese crepes",275.38 kcal,,,
Chinese Donut Recipe (Youtiao / Dầu Cháo Quẩy),Learn how to make extra crunchy and light youtiao at home with this recipe. You’ll have fresh and piping hot Chinese crullers at the palm of your chao bowl sooner than you think!,https://www.hungryhuy.com/chinese-donut-youtiao-recipe/,30m,15m,525m,6 donuts,"[Ingredients] 220 g all purpose flour ,5 g baking powder ,1.6 g kosher salt ,1.4 g baking soda ,50 g egg ,12.3 g vegetable oil plus more for resting ,89 g filtered water ,neutral cooking oil for frying (preferably vegetable oil)","[Instructions] 1) In a medium bowl, weigh out all the dry ingredients and stir to combine. | 2) In a large mixing bowl, measure and add all the wet ingredients then mix to combine. | 3) Stir in the dry ingredients and mix until it’s formed a ball. Cover the ball with a towel or bowl and let it rest for 20 minutes at room temp. | 4) Transfer the dough to a very lightly floured surface or cutting board. Knead the dough with the heel of your hand and push the dough upwards. Turn the dough 45 degrees and repeat the kneading method about 3 or 4 times until the dough is slightly smoother. Try not to add too much flour at this point or work the dough too much. | 5) Use both hands to cup the dough and move the dough in circles until it forms a ball. | 6) Drizzle vegetable oil (about 1 tbsp) in an airtight container. Place the dough in the container and move it around so it’s covered in oil. Cover with a lid and place it in the fridge to rest overnight or up to 2 days. | 7) Remove from the fridge at least 1 hour before you want to cook to let it come to room temperature. | 8) Fill a pot with neutral cooking oil about 2 inches from the bottom and pre-heat it to 390 °F. | 9) Flour a flat surface very lightly. Take the dough and carefully stretch it out about 6-8 inches wide and place it on the floured surface. | 10) Take a rolling pin and and roll the dough in the same direction (horizontally) until it’s about 13 inches wide and 5-6 inches tall. | 11) Use a knife to evenly make 12 vertical strips of dough. You can choose to cut the rounded sides before making these strips. | 12) Sprinkle a little more flour on top of the strips and then layer one strip of dough to another. Repeat until you have 6 pieces. | 13) Take one chopstick and make an indent in the center of one strip of dough vertically. Press firmly and release. It should concave in the middle. Repeat until all youtiao are indented. | 14) Lift on youtiao and hold the sides and bottom with your fingers. I like to use my index and ring fingers to carry the bottom of the youtiao while holding the edges with my pointer finger and pinky. Gently pull the youtiao until it’s about 3-4 inches longer than the original size. I only pull the youtiao RIGHT before I lower it into the oil so that it doesn’t dry out or end up sticking too much to each layer (this can prevent it from puffing up). | 15) Carefully lower the youtiao into the oil and watch as it rises to the top. Let it fry for about 5 seconds once it rises, then use tongs to repeatedly turn it in the oil to fry. The youtiao should begin to puff up and double in size immediately. Cook for about 1-2 minutes or until it’s golden brown. | 16) Transfer to a paper towel lined cooling rack. | 17) Repeat steps 11-13 with the rest of the youtiao and serve.",https://cdn.shortpixel.ai/spai2/q_glossy+ret_img+to_auto/www.hungryhuy.com/wp-content/uploads/youtiao-sq.jpg,"Appetizer, Breakfast, Side Dish, Sides, Snack, Soup","Asian, Chinese, Vietnamese","cruller, donuts, doughnuts, fried dough",163.5 kcal,5.0,5.0,5.0
Crispy Fried Garlic Chips (Tỏi Phi),"Ultra crispy and fragrant fried garlic pieces adding texture to any dish--this recipe will give you the best ingredient with a bonus, garlic oil.",https://www.hungryhuy.com/fried-garlic-chips/,5m,10m,15m,1 cup,"[Ingredients] 100 g garlic sliced or chopped ,neutral cooking oil vegetable oil preferred","[Instructions] 1) Slice or chop your garlic cloves in your desired shape. I like using a mandolin with a cut-proof glove to get ultra-skinny slices, but be careful if you don’t have a glove. | 2) Deep-frying: Use about 1 ½ inch of oil from the bottom of your pot and heat it up to about 300 °F. (I used about 2 cups of vegetable oil for my 3.5-quart pot). Add your garlic and swirl to ensure all the garlic is properly coated and cook until it’s lightly golden brown, about 3-5 minutes. Do not leave the pot unattended because it goes from pale to brown quickly. Transfer to a paper towel to drain. | 3) Pan-frying: Use a small pan to combine the garlic and just enough oil to cover the garlic. Pan-fry until they are slightly golden brown (they continue to brown and cook after you transfer them), about 3-5 minutes, and move them onto a paper towel to drain. | 4) Serve the fried garlic fresh after it’s cooled to the touch. | 5) You have the option to save the deep-frying oil once it’s cooled down for later use. (Note: if you end up burning the oil from too much deep-frying you should not reuse this oil. Signs of burned or overused oil are dark brown coloring and smells burned).",https://cdn.shortpixel.ai/spai2/q_glossy+ret_img+to_auto/www.hungryhuy.com/wp-content/uploads/fried-garlic-sq2.jpg,"Ingredients, Snack","Asian, Vietnamese","fried garlic, garlic",149 kcal,5.0,2.0,2.0
"Grilled Clams (Vietnamese Style w/ Onions, Peanuts and Garlic)",This smoky Vietnamese grilled clam recipe is super simple to follow and will please everyone at your next dinner party. It’s simple to whip up and you can customize it based on your preferred toppings.,https://www.hungryhuy.com/grilled-clams-recipe/,10m,10m,50m,4 servings,"[Clams] 2 lb blood clams or preferred clams ,6 c cold water for soaking clams ,3 tbsp salt ,6 c filtered water for cooking clams | [Seasoning / Mở hành] 2 stalks scallions sliced thinly ,3 tbsp vegetable oil ,½ tsp salt | [Sides] salt to taste ,pepper to taste ,rau ram Vietnamese coriander ,1 tbsp fried garlic ,1 tbsp roasted peanuts chopped ,limes slices optional ,chile peppers optional","[Clams] 1) Under running water, use a stiff brush to scrub and clean the clams. | 2) In a bowl, combine cold water and salt. Stir until the salt dissolves. Add the clams and let them sit for 25 minutes. If there is a lot of sand coming out, repeat this process until there is no sand coming out of the clams. Remove the clams from the bowl and run them over clean water one more time to rinse. | 3) Fill a saute pan with water over medium-high heat, and add the clams. Once the water begins to boil, bring the heat to medium and cook until the clams open (about 8-10 minutes). | 4) Transfer the clams to a plate and let them cool for about 3 minutes or until you are able to handle them with your hands. | 5) Use your hands to remove one half of each shell, and disloge the clam meat from the shell, putting it back in the shell. | [Seasoning / Mở hành] 1) Wash and thinly slice the scallions. | 2) In a saucepan, heat oil over medium heat. Add all the sliced scallions, cook for about 30 seconds or until softened and fragrant. Stir in the salt. | 3) Remove from heat. | 4) Season with salt and pepper based on your preference. | [Assembly] 1) Combine the chopped clam meat with the sauce in a bowl. | 2) Scoop the clam meat and sauce mix in half of a clamshell. Until all the clam meat is placed in the shells. | 3) Over a grill in medium heat, place the clamshells with the meat on the grill and cook just enough to heat up and hit a boil, then remove from the grill. | 4) Serve with any of the sides to your liking!",https://cdn.shortpixel.ai/spai2/q_glossy+ret_img+to_auto/www.hungryhuy.com/wp-content/uploads/grilled-vietnamese-clams.jpg,"Appetizer, Side Dish","Asian, Vietnamese","bbq, chargrilled, seafood",136.16 kcal,5.0,1.0,3.0
Hainanese Chicken Rice,Making Hainan chicken rice at home is an induglgent and cozy meal to serve to friends and family.,https://www.hungryhuy.com/hainanese-chicken-rice/,30m,120m,150m,4 servings,"[Chicken] 4-5 lb whole chicken ,2 tbsp kosher salt Diamond Crystal brand preferred | [Poaching stock] 18 c water enough that the chicken is floating ,5 tbsp kosher salt enough so that it’s salty / Diamond Crystal brand preferred ,1 tbsp whole black peppercorns ,½ c sliced ginger with skin ,¼ c smashed garlic cloves ,4 scallion roots only the white parts ,1 bunch cilantro with stems | [Finished chicken] water ,ice ,1 tbsp roasted sesame oil | [Chicken rendered] ¼ c chopped chicken fat and skin collected from neck and tailbone ,water enough to cover the fat and skin ,½ tbsp minced ginger ,½ tbsp minced garlic ,neutral oil if necessary | [Rice] 2 tbsp rendered chicken fat from above with fried ginger and garlic ,2 c white Jasmine rice ,2 c chicken stock from poaching liquid ,¼ tsp kosher salt to taste / Diamond Crystal brand preferred ,pandan leaf optional | [Ginger scallion sauce] 1 inch ginger peeled and sliced ,5 cloves garlic ,4 scallions minced whites separated from greens ,6 tbsp neutral oil ,½ tsp kosher salt to taste ,⅛ tsp white pepper to taste | [Sweet soy sauce] 2 tbsp dark soy sauce ,2 tbsp crushed rock sugar ,2 tbsp water | [Chili sauce] ¼ c Sambal Olek or your preferred chili sauce ,1 tbsp rice vinegar ,½ tsp kosher salt Diamond Crystal brand preferred ,¼ tsp cane sugar ,½ inch ginger peeled and sliced ,2 cloves garlic ,chilis optional | [Optional garnishes] chicken cracklins from above ,sliced cucumbers ,cilantro ,sliced scallions from leftover green parts above","[Prepping chicken] 1) Remove the tail and excess fat from the 4-5 lb whole chicken and set aside. | 2) Dry chicken with paper towels. | 3) Rub 2 tbsp kosher salt all over the chicken to clean. Set aside while you do the stock. | [Poaching stock] 1) In the stock pot, add all the poaching ingredients: 4-5 lb whole chicken , 18 c water , 5 tbsp kosher salt , 1 tbsp whole black peppercorns , ½ c sliced ginger , ¼ c smashed garlic cloves , 4 scallion roots , and 1 bunch cilantro with stems . | 2) Bring to a simmer at a temperature of 170°F. | 3) Hook the chicken and slowly lower it in the water. Make sure the poaching liquid also goes inside the carcass. Face the chicken so that the chicken breast faces upwards to prevent overcooking. | 4) Poach the chicken until the breast measures at 155°F with a thermometer. | 5) Things to remember: keep the poaching liquid at a maximum of 170°F and lift the chicken gently with the poultry hook (or tongs on the legs) to prevent breaking the skin. | [Finishing chicken and broth] 1) Remove the chicken from the poaching liquid once the chicken breast measures 155°F and place it in a water and ice bath until the chicken feels cool to the touch, or measures at 135°F. | 2) Remove from water and let dry for a few minutes on a cutting board. | 3) With your hands, coat the chicken generously with 1 tbsp roasted sesame oil . This will prevent oxidation and browning. | 4) Remove all the original poaching ingredients from the liquid by using a strainer. Reserve stock for rice and soup. Set aside. | [Carve the chicken into 8 pieces] 1) Face the chicken breast side up with the drumsticks facing towards you. | 2) Cut the skin and meat in between the drumstick/thigh and the chest. When you reach the bone, use your hands to gently bend the drumstick/thigh backward so that the hip joint is exposed. Use the knife to cut through the joint and release the drumstick/thigh from the body. Repeat on the other drumstick. | 3) Separate the thigh from the leg by cutting through the joint. | 4) Locate the center of the breast where it indents and position your knife so it’s slightly off-center on the left or right. Slice the meat until you reach the bone gently use the breast bone rib as a guide and continue to cut the breast meat. Repeat on the other side of the breast. | 5) To remove the whole wings, slice through the joint that attaches the wing to the body. Repeat on the other side. | 6) Place the sliced chicken pieces on a plate and cover with foil or a towel to prevent them from drying out. | [Rendering chicken fat + frying ginger & garlic] 1) Put ¼ c chopped chicken fat and skin in a small pan. Add enough water so it barely covers the fat and skin. | 2) Cook over medium heat as the water begins to boil off and the fat starts to render oil and fry the chicken skin. | 3) Here's how it will look in the pot when it's finished. | 4) Once the skin is golden brown and crispy, transfer it to bowl and set aside. | 5) In the remaining oil, add the ½ tbsp minced ginger and ½ tbsp minced garlic to fry on medium heat. | 6) Fry until lightly brown then remove from the heat. You should have at least 2 tablespoons of rendered chicken fat, but if you don’t, just add more neutral oil until it's about 2 tablespoons then mix. | [Cooking rice] 1) Add the 2 tbsp rendered chicken fat with ginger and garlic to the rice pot with 2 c white Jasmine rice and ¼ tsp kosher salt . Mix thoroughly. | 2) Add 2 c chicken stock from the reserved chicken broth and mix again. Option: you can add a pandan leaf on top. | 3) Cook rice on the Jasmine or white rice setting on your rice cooker. Here's what it will look like when finished. | 4) Once finished, use a spatula to fluff the rice before serving. | [Ginger scallion sauce] 1) Add 1 inch ginger , 4 scallions , and 5 cloves garlic to a food processor. | 2) Transfer to a saute pan over medium heat. Saute with 6 tbsp neutral oil until aromatic, about 30 seconds. | 3) Add green scallions and continue sauteing briefly. | 4) Turn off the heat and add ½ tsp kosher salt and ⅛ tsp white pepper to taste. | [Sweet soy sauce] 1) In a small saute pan over medium heat, combine all the ingredients: 2 tbsp dark soy sauce , 2 tbsp crushed rock sugar , and 2 tbsp water . | 2) Stir until the rock sugar is completely melted. | 3) Cook for 3-4 minutes or until the consistency is similar to light maple syrup (see photo). Remove from heat and set aside. It should thicken as it cools. | [Chili sauce] 1) In a food processor, add all the ingredients: ¼ c Sambal Olek , 1 tbsp rice vinegar , ½ tsp kosher salt , ¼ tsp cane sugar , ½ inch ginger , 2 cloves garlic , and chilis . | 2) Process until blended completely. Taste test and adjust any ingredients based on your preference. | [Serving a plate of Hainan chicken] 1) Ladle the chicken broth onto a bowl and add scallions on top. | 2) On a plate, add the rice and place sliced chicken on top. Sprinkle chicken cracklins from above , sliced scallions (green part leftover), and cilantro on top of the rice and chicken. Add sliced cucumbers on the side. | 3) Serve chicken rice with the ginger sauce, chili sauce, and sweet soy sauce.",https://cdn.shortpixel.ai/spai2/q_glossy+ret_img+to_auto/www.hungryhuy.com/wp-content/uploads/hainan-chicken-icon.jpg,"Dinner, Lunch, Main Course","Asian, Chinese, Singaporean","comfort meal, moms cooking",1304.78 kcal,5.0,1.0,3.0
Hot Pot Dipping Sauces,Learn how to make your own hot pot dipping sauces the next time you share a simmering pot of broth with friends and family.,https://www.hungryhuy.com/hot-pot-dipping-sauces/,10m,10m,10m,1 servings,"[Goma garlic dipping sauce] 2 tbsp goma ,1 tbsp ponzu ,1 tbsp oyster sauce ,½ tsp black vinegar ,½ tsp minced garlic ,1 tbsp fried shallots ,2 tsp chili garlic crunch ,2 tbsp sliced scallions | [Taiwanese dipping sauce] 2 tbsp shacha sauce Chinese BBQ sauce ,1 tbsp hot water ,⅛ tsp cane sugar ,1 tbsp light soy sauce ,1 tsp chili oil ,½ tsp rice vinegar ,¼ tsp roasted sesame oil ,1 tbsp sliced scallions ,1 tsp roasted sesame seeds ,¼ tsp minced garlic | [Sesame paste dipping sauce] 2 tbsp sesame paste ,2 tbsp ponzu ,1 tbsp hot water ,1 tbsp oyster sauce ,½ tsp black vinegar ,3 tbsp sliced scallions ,1 tbsp minced garlic ,1 tbsp fried shallots ,1 tsp chili garlic crunch | [Basic soy and vinegar dipping sauce] 1 tbsp regular soy sauce ,1 tbsp black vinegar ,2 tsp chili oil ,2 tbsp sliced green onions ,1 tbsp minced cilantro ,chopped red chilis optional","[Goma garlic dipping sauce instructions] 1) In a mixing bowl, combine all the ingredients: 2 tbsp goma , 1 tbsp ponzu , 1 tbsp oyster sauce , ½ tsp black vinegar , ½ tsp minced garlic , 1 tbsp fried shallots , 2 tsp chili garlic crunch , and 2 tbsp sliced scallions . | 2) Mix thoroughly. Taste the sauce and make adjustments if necessary, then serve. | [Taiwanese dipping sauce instructions] 1) In a mixing bowl, combine 2 tbsp shacha sauce , 1 tbsp hot water , and ⅛ tsp cane sugar . Mix until the sugar is dissolved and the shacha is thinned out. | 2) Add the rest of the ingredients: 1 tbsp light soy sauce , 1 tsp chili oil , ½ tsp rice vinegar , ¼ tsp roasted sesame oil 1 tbsp sliced scallions , 1 tsp roasted sesame seeds , and ¼ tsp minced garlic . | 3) Mix until completely combined. Taste the sauce and make adjustments if necessary. Serve immediately. | [Sesame paste dipping sauce instructions] 1) In a mixing bowl, combine all the ingredients: 2 tbsp sesame paste , 2 tbsp ponzu , 1 tbsp hot water , 1 tbsp oyster sauce , ½ tsp black vinegar , 3 tbsp sliced scallions , 1 tbsp minced garlic , 1 tbsp fried shallots , and 1 tsp chili garlic crunch . | 2) Mix thoroughly. | 3) Taste the sauce and adjust if necessary, then serve. | [Basic soy and vinegar dipping sauce instructions] 1) In a mixing bowl, combine all the ingredients: 1 tbsp regular soy sauce , 1 tbsp black vinegar , 2 tsp chili oil , 2 tbsp sliced green onions , 1 tbsp minced cilantro , and chopped red chilis . | 2) Mix thoroughly. | 3) Taste the sauce and make adjustments if necessary then serve.",https://cdn.shortpixel.ai/spai2/q_glossy+ret_img+to_auto/www.hungryhuy.com/wp-content/uploads/hot-pot-sauces-icon.jpg,"Dipping Sauces, Ingredients, seasoning","Asian, Chinese, Taiwanese","easy sauce, haidilao, little sheep, shabu shabu",,,,
How to Cook Jasmine Rice on the Stovetop,Fluffy and perfectly cooked jasmine rice is at your fingertips and you only need a pot and a stovetop! This recipe will get you aromatic and soft jasmine rice in under 30 minutes.,https://www.hungryhuy.com/how-to-cook-jasmine-rice/,2m,20m,22m,2 servings,"[1 cup serving (enough for ~1 person)] 480 g filtered water plus tap water for washing ,205 g jasmine rice | [2 cup serving (enough for ~2 people)] 780 g filtered water plus tap water for washing ,410 g jasmine rice | [Ingredients] water for rinsing ,205 g jasmine rice ,8 fl oz filtered water","[Instructions] 1) Measure the filtered water and set aside. Measure the rice then pour into a strainer. | 2) In the sink under running water, briefly wash the rice in the strainer until the water turns clear. | 3) Add the washed rice and water into a saucepot. Level the rice with your hands so it’s an even layer. | 4) Put the pot on the stove and heat to medium-high heat. Bring to a boil and cook for about 4 minutes and 30 seconds or until you begin to see the water level get very close to matching the rice. This happens because the rice soaks the water, and the water evaporates a bit. | 5) Lower the heat to low and simmering, put the lid on the pot, and cook for 10 minutes. | 6) Turn off the stove, and allow it to rest for 5 minutes covered. (Please excuse my ill-fitting lid.) | 7) Uncover the pot. Here's what it should look like fully cooked. | 8) Use a rice paddle or a fork to fluff up the rice, and serve immediately. | [Instructions] 1) Use a dry measuring cup (or scale) to measure out the Jasmine rice and add to a strainer. | 2) Wash the rice under running water until the wash off water turns clear. Use your fingers to move around the rice so each grain gets clean. | 3) Add the clean rice into the rice cooker pot and add the filtered water. Use your hands to even out the top of the rice so it is level. | 4) Place the pot back into the rice cooker and close the lid. Follow the instructions on your rice cooker as deemed for Jasmine or long grain rice. I typically use my rice cooker's ""normal"" setting. | 5) Once the rice is finished, leave the lid on for another 5 minutes to reduce any leftover liquid and allow the rice grains to plump up more. | 6) Open the lid and use a paddle to fluff up the rice. Serve immediately.",https://cdn.shortpixel.ai/spai2/q_glossy+ret_img+to_auto/www.hungryhuy.com/wp-content/uploads/jasmine-rice-bowl-sq.jpg,"Ingredients, Side Dish, Sides",Asian,long grain rice,374.13 kcal,5.0,5.0,6.0
Jasmine Rice in a Rice Cooker,"Jasmine rice is super easy to make using a rice cooker, you just need to know the proper rice to water ratio.",https://www.hungryhuy.com/jasmine-rice-in-rice-cooker/,3m,60m,63m,2 servings,"[Ingredients] 205 g Jasmine rice ,240 g filtered water plus tap water for washing","[Instructions] 1) Measure 205 g Jasmine rice and rinse in a strainer under running water until it runs clear. | 2) Place the rinsed rice into the rice cooker pot. | 3) Add the 240 g filtered water and use clean hands to level out the surface of the rice. | 4) Close the rice cooker lid and use the setting for white rice or Jasmine rice based on the instructions of your rice cooker. Start the timer. Do not open or interrupt the rice cooker while it’s cooking. | 5) Once the rice is done, leave the cooker closed for an additional 5 minutes. Here's how it should look in the pot once finished. | 6) Open the lid and fluff the rice with a rice paddle. Serve immediately. | 7) For leftovers, place the rice in a food storage container with a lid. Keep in the fridge for up to three days. To reheat leftover rice, read my guide.",https://cdn.shortpixel.ai/spai2/q_glossy+ret_img+to_auto/www.hungryhuy.com/wp-content/uploads/jasmine-rice-cooker-recipe.jpg,"Dinner, Main Course, Side Dish",Asian,"easy meal, meal prep",374.13 kcal,,,
Snowskin Mooncake / Bánh Trung Thu Dẻo,Learn how to make homemade bánh trung thu for the next Mid Autumn Festival.,https://www.hungryhuy.com/snowskin-mooncakes/,45m,1m,61m,10 mooncakes,"[Ingredients] 170 g water ,37.5 g white cane sugar ,100 g cooked glutinous rice flour plus more for rolling and assembly ,1 drop pomelo flower extract optional ,250 g filling of your choice","[Simple syrup] 1) In a saucepot over medium heat, combine the 170 g water and 37.5 g white cane sugar . Stir to help the sugar dissolve. Once it starts to bowl, remove the pot from the heat and let it sit until slightly cool to the touch. | [Mooncake dough] 1) In a large mixing bowl, pour the simple syrup and gradually add the 100 g cooked glutinous rice flour to combine. Option to add in 1 drop pomelo flower extract if you prefer. | 2) Continue to mix until all the flour is incorporated. The dough should feel slightly tacky and soft. Cover with a hand towel and let the dough rest for 15 minutes. | 3) Sprinkle flour on a cutting board, place the dough in the center, and sprinkle more flour on top of the dough. | 4) Knead the dough by taking the heel of your hand and pushing the dough in an upward motion. Partially fold the top half over the center, rotate the dough 45°F, and repeat. Sprinkle more rice flour on the dough as necessary. | 5) Knead the dough with your hands until the dough has a smooth surface and is able to hold its shape. It will still be slightly sticky. NOTE: We added about 62 grams (or 2.2 oz) of extra rice flour during kneading. Our ball of dough weighed in at 310 grams total (this can change depending on how much rice flour you end up kneading into the dough). | [Assembling mooncakes] 1) Use a weighted scale to measure the dough and 250 g filling of your choice . For one 75-gram mooncake mold, we prefer the ratio of 30 grams of dough to 25 grams of filling. This should make 6-10 small mooncakes depending on the weight of your dough. TIP: Once you separate the portions of dough and filling, place them on silicone baking sheets to prevent them from sticking on any surface. Place a hand towel over them to prevent them from drying out. | 2) Flour your hands and roll the dough into a ball. Make sure to dust your hands with flour throughout this process. Your hands should not be sticking to the dough. You can also use food-safe gloves. | 3) Flatten the ball onto the board or your palm. | 4) Use your pointer fingers and thumbs to gently enlarge the circle, focusing on pressing the edges. | 5) Roll the paste into a dough and flatten slightly into a disk. The slightly flattened shape will make it easier to wrap. | 6) Place filling onto the center of the flattened dough circle. | 7) With your pointer finger and thumb on your dominant hand, make a circle. Place the skin and filling over the circle. | 8) Use your fingers to gently wrap the dough skin over the ball of filling. | 9) Make sure to remove all the air bubbles and wrap it completely. | 10) Gently pinch the top so the dough closes over the ball and sticks to itself. Place the ball of dough in your palms and gently roll to reinforce the ball shape. | 11) Sprinkle the ball with some flour, focusing on the top of the ball that the mold is going to impress. | 12) Flour the molds and remove excess by turning it upside down and gently tapping. | 13) Place the ball on the cutting board, seam-side down. Place the mold above and firmly and evenly press for a few seconds. Remove the mold from the mooncake. | 14) Gently brush off the excess flour on top. | 15) You can serve them immediately or let the snow skin mooncakes rest on the counter, uncovered for 1-hour to get a slightly firm texture.",https://cdn.shortpixel.ai/spai2/q_glossy+ret_img+to_auto/www.hungryhuy.com/wp-content/uploads/mooncake-recipe-icon.jpg,"Dessert, Snack","Asian, Vietnamese","celebration, mid autumn festival, traditional",119 kcal,,,
Vietnamese Peanut Dipping Sauce,"This Vietnamese peanut sauce is easy to make and super flavorful. Perfect for fresh spring rolls (gỏi cuốn). 1.5 cups makes enough for about 15-20 rolls, depending on how much you like to dip!",https://www.hungryhuy.com/vietnamese-peanut-sauce/,0m,5m,5m,1.5 cups,"[Ingredients] 2 tbsp neutral cooking oil ,4 cloves garlic minced ,5 tbsp hoisin sauce ,2 tbsp smooth peanut butter ,1/2 cup water ,1 tsp sambal chile paste ,3 tbsp crushed peanuts (optional)","[Instructions] 1) Heat pan on medium heat, then add 2 tbsp neutral cooking oil and 4 cloves garlic . Saute until lightly browned. | 2) Add the rest of the ingredients except the chile paste ( 5 tbsp hoisin sauce , 2 tbsp smooth peanut butter , 1/2 cup water ) and mix to combine. | 3) Turn the heat up to medium high, and bring to a boil. | 4) Once it hits a boil immediately shut off the heat and add the 1 tsp sambal chile paste . The sauce will thicken a lot as it cools. | 5) Optional: top with a little bit of 3 tbsp crushed peanuts split among each dipping bowl.",https://cdn.shortpixel.ai/spai2/q_glossy+ret_img+to_auto/www.hungryhuy.com/wp-content/uploads/peanut-dipping-sauce-icon.jpg,,,,423.17 kcal,4.75,27.0,41.0
Bánh Canh Giò Heo Tôm (Vietnamese thick noodle soup with pork and shrimp),The hearty flavor from this meat and flavor-loaded noodle soup recipe pairs well with the springy and thick bánh canh noodles. This is great to make in large batches!,https://www.hungryhuy.com/banh-canh-gio-heo/,30m,60m,90m,5 Bowls,"[Soup ingredients] 2 lb pork hocks (giò heo) ask the butcher to slice into to ½” pieces if not already ,tap water ,2 tbsp salt, divided ,8 c filtered water ,1 yellow onion, halved, skin removed ,1 tbsp sugar ,1 tsp MSG (monosodium glutamate) | [Shrimp] 6-10 shrimps, medium to large ,1 tsp sugar ,⅓ tsp salt | [Noodles] 2 packs fresh bánh canh noodles, 15oz sizes | [Accoutrements, optional] 1 bunch cilantro, roughly chopped ,1 bunch green onion, roughly chopped ,4 tbsp deep fried shallots","[Instructions] 1) Clean the pork. Add all pork to a large pot, add 1 tbsp salt, add tap water until just covering the meat, and bring to a boil on high heat. Once it hits a boil, leave it alone for a minute, remove from heat, drain the water and rinse the pork under running water. | 2) Return the pork to the pot with all remaining soup ingredients and filtered water this time, but set the shrimp aside. Bring to high heat, and maintain a boil for 5 minutes, then skim the soup scum that rises to the top. | 3) Lower the heat to maintain a low boil for an additional 15 to 25 minutes, based on how tender you’d like the pork to get. | 4) Devein and peel the shrimp, sprinkle salt and sugar over them, mix, and marinate for 10 minutes. Boil water on medium high heat in a small pot and cook the shrimp in 1 or 2 batches. They’re done as soon as they turn white/pink. | 5) Cook bánh canh noodles according to package instructions, then drain. | 6) Into 5-6 bowls, evenly divide in this order: noodles, broth, pork, shrimp, accoutrements, then serve.",https://cdn.shortpixel.ai/spai2/q_glossy+ret_img+to_auto/www.hungryhuy.com/wp-content/uploads/noodle-lift.jpg,Soup,Vietnamese,"noodle soup, pork, rice noodles, shallots, shrimp",495.9 kcal,5.0,17.0,17.0
Cháo Gà (Vietnamese Chicken Rice Porridge / Congee),"A simple, and nourishing Vietnamese rice porridge called cháo gà. Perfect for when you're under the weather, or when you simply want a delicious rice porridge that can easily feed a large group.",https://www.hungryhuy.com/chao-ga-vietnamese-porridge/,15m,180m,195m,12 bowls,"[Ingredients] 3 lb chicken or turkey bone in, cooked or raw ,28 c filtered water ,87 g fresh ginger root peeled, sliced into 1/4"" pieces ,1 large yellow onion halved ,2 tbsp salt ,2 tbsp fish sauce ,334 g long grain white rice* ,334 g short grain white rice* | [Garnish] 2-3 tbsp ginger peeled, finely julienned ,3 stalks green onions thinly sliced ,1 bunch cilantro chopped into 1/3"" pieces ,sambal chile paste ,youtiao / dau chao quay / chinese donut","[Instructions] 1) If you're using leftover or roasted chicken or turkey, remove about 75% of the meat and reserve this to add to your soup / cháo when serving. | 2) In a large stock pot, add the chicken or turkey, 85% of the filtered water, ginger, onion, salt and fish sauce over high heat. Once it hits a boil, reduce the heat so its at a low to medium simmer. The water should just about cover all the meat and bones. If your pot is very wide, keep in mind you may be using more water than listed, and you may need to add less in the final steps later when adjusting for consistency. Skim off any scum if necessary during the boil. Keep adding water to the pot as it evaporates so the bones remain covered. | 3) After about 90-120 minutes or when the meat has softened enough to easily be pulled off the bone, remove the poultry and let cool for about 10 minutes. Using your hands or a fork, remove the rest of the meat from the bones. Add the meat back into the pot. Discard the bones, onion, and ginger, since they've given their all to the broth at this point. | 4) Rice method A (saves time): While your broth is going, cook your rice in a rice cooker . Use equal scoops rice to water, it should finish cooking before your broth above is ready. Add the cooked rice to the pot and simmer on medium to soften the rice. About 10-20 min. | 5) Rice method B (less things to wash): Add all the raw rice to the pot and return to the heat on high until it hits a boil. Then lower the heat to a low-medium simmer until the rice is cooked and hits a soft consistency you like. It will take about 45-60 minutes depending on your stove. Here's the consistency after boiling, but before adjusting with more water. | 6) Once the rice is cooked to the doneness you like, which should be very soft way beyond al dente and beyond how you'd eat it outside of soup, adjust the water level . Fun fact, for my family soup thickness is a huge point of contention. Do what you want. Personally, I don't want the soup like a thick paste, but also don't want it so thin that you only see water when looking down at the pot. I want the soup to have a little substance and feel filling. | 7) Reseason the soup. Reseason with just salt, just fish sauce or equal parts of both to taste. The seasoning measured above is intentially less salt than we need so we can reseason here based on how thick you decided to make the soup. | 8) Remove from the heat, serve with garnish and accoutrement, and enjoy!",https://www.hungryhuy.com/wp-content/uploads/chao-ga-sq.jpg,"Breakfast, Dinner, Lunch, Snack","Chinese, Vietnamese","congee, porridge, soup",690.14 kcal,4.91,10.0,19.0
Chè Ba Màu - Vietnamese Three Color Dessert,"Chè Ba Màu is a delicious and easy to make colorful, three layer Vietnamese dessert that is topped with shaved ice and flavorful coconut sauce.",https://www.hungryhuy.com/che-ba-mau/,130m,45m,1615m,4 cups,"[Mung bean layer] ½ c dried split mung beans ,4 ¾ c water ,3 tsbp sugar | [Pandan jelly layer] 1 tbsp 100% agar agar powder Telephone brand ,2 c water ,¼ tsp pandan extract ,3 tbsp sugar | [Red bean layer] 1 can boiled red bean paste 16.75 oz | [Coconut sauce] 7 oz coconut cream ,2 tbsp sugar ,⅓ tsp salt ,½ tsp tapioca or cornstarch | [Other] 4 c shaved ice","[Mung bean layer] 1) Rinse ½ cup of mung bean under running water. | 2) In a container, add ½ cup dried mung bean and four cups of water. Soak the beans for at least four hours or overnight. | 3) After soaking, drain the mung beans and add to your rice cooker. Add ¾ cup of water and close the lid. Use the regular rice option or put a 40 minute timer to cook the beans. | 4) After the rice cooker is done, use your paddle to mash the beans (this should be very easy since the beans have softened immensely). Add three tablespoons of sugar and continue to mash and mix. Move to a container to rest, and cool in the fridge until assembly. | [Pandan jelly layer] 1) In a saucepan, bring the water to a boil and mix in the agar agar and sugar until it thoroughly dissolves. Lower the heat and add the pandan extract. Mix this until the liquid turns green and move to a glass container to cool. | 2) When it’s at room temperature, move to the fridge to chill for two hours. The pandan jelly should be firm to the touch and easily remove from the glass container. | 3) Cut the jelly into your preferred shape to eat. I prefer small bite-sized squares or thin strips. | [Coconut sauce] 1) In a saucepan, mix together the coconut cream, sugar, and salt over medium heat. | 2) Add the tapioca starch carefully with a whisk. Cook for about one to two minutes until it thickens to the consistency of diluted pudding. | 3) Remove from the heat and move to a glass container to cool. Chill in the fridge until time of assembly. | [Assembly] 1) I like to fridge all the layers at least 30 minutes before assembly to keep everything cold, this is optional. | 2) For the shaved ice, I used about four cups of ice and an ice shaving machine, but you can also use a strong blender. | 3) I prefer to layer the ingredients in this way: shaved ice, red bean paste, mung beans, pandan jelly, shaved ice, and coconut sauce. You can add mini layers of ice in between to make it extra cold and break up the dense beans too.",https://cdn.shortpixel.ai/spai2/q_glossy+ret_img+to_auto/www.hungryhuy.com/wp-content/uploads/vietnamese-three-color-che.jpg,Dessert,Vietnamese,"beverage, che, vietnamese dessert",316 kcal,5.0,4.0,6.0
Chicken Liver Pâté (great for bánh mì),This creamy and buttery chicken liver pate is an easy to follow recipe and you'll want to make this for any Vietnamese bánh mì sandwich.,https://www.hungryhuy.com/chicken-liver-pate/,10m,25m,635m,6 servings,"[Ingredients] 1 lb chicken livers ,1 c milk ,½ lb ground pork minced ,1 tbsp vegetable oil ,¾ c yellow onion (about 1 small onion) chopped ,1 tbsp garlic (about 5 cloves) minced ,4 tbsp butter unsalted ,2 tsp white sugar ,1 tsp fish sauce ,1 tbsp heavy cream ,1 tbsp bourbon ,1 tsp salt ,½ tsp black pepper","[Instructions] 1) Prep liver by cleaning the livers under running water to remove any random debris and using a knife to cut out fatty pieces or dark brown spots. | 2) Put the livers into a glass container, pour milk until it covers all of the livers, and cover with a lid. Marinade the livers in milk overnight in the fridge. | 3) The day after, remove the livers from the fridge, transfer them into a strainer to remove the excess milk, and rest on the counter to get to room temperature (about 20 minutes before cooking). | 4) Place the ground pork in the food processor and grind until it’s minced. | 5) In a large saucepan over medium heat, add the vegetable oil and saute the onions for about two minutes or until fragrant, then add the garlic and saute for another one minute. Add the butter and stir until it melts. | 6) Add the chicken livers and ground pork in the saucepan and simmer for 2 minutes. | 7) Then, mix in the other ingredients into the saucepan and cook for about 7 minutes or until the liver’s temperature measures to about 160 °F and it feels firmer to the touch. The whole cooking time should not take longer than 15 minutes. | 8) Turn off heat and let the liver mixture come to room temperature for about 30 minutes. | 9) Once it’s cooled down, add everything into a food processor and chop until it’s smooth. Option to strain if you want a smoother texture. | 10) Transfer the pâté to containers and cling wrap over the top of the container to prevent the pâté from drying out. Chill in the fridge for at least 2 hours to let it form. | 11) Optional: line containers with cling wrap to prevent it from sticking after forming in the fridge. I like to use airtight containers with a lid so the pâté will stay fresh in the fridge. You also can add a top layer of clarified butter to further keep the pâté from molding. | 12) Transfer the pâté from the fridge and onto a serving container and eat immediately. Fresh pâté can be stored in the fridge for up to three to four days. You can also freeze untouched pâté too.",https://cdn.shortpixel.ai/spai2/q_glossy+ret_img+to_auto/www.hungryhuy.com/wp-content/uploads/liver-pate-closeup.jpg,"Appetizer, Sides",Vietnamese,"banh mi, chicken liver, pate",332.5 kcal,5.0,11.0,20.0
Chinese Sausage with Sticky Rice (Xôi Lạp Xưởng),"Al dente and sticky rice with plump and juicy pieces of flavorful lap cheong, this recipe will teach you a very simple and easy recipe to enjoy Chinese sausage on a weeknight.",https://www.hungryhuy.com/chinese-sausage/,2m,20m,502m,2 servings,"[Ingredients] 208 g glutinous sticky rice ,48 fl oz water plus more for steamer ,93 g Chinese sausages | [Ingredients] 2 c cooked white rice day old rice preferably ,58 g carrot diced and cooked ,71 g peas cooked ,25 g garlic minced ,5 g green onions sliced ,2 links Chinese sausage cut in half horizontally & sliced into ¼ inch thick pieces ,3 large eggs ,22 g vegetable oil ,34 g soy sauce ,14 g oyster sauce ,.75 g kosher salt Diamond Crystal brand ,.25 g black pepper ,1 g MSG","[Instructions] 1) In a mixing bowl, combine the glutinous rice and water. Cover with a lid or towel and let rest for at least 8 hours. | 2) In a pot of water over medium-high heat, add the steamer and line with the cheesecloth. Preheat the steamer for about 2 minutes or until you start to see steam rising above the steamer. | 3) Drain the water from the soaked rice. | 4) Add rice to the preheated steamer lined with cheesecloth and spread evenly. Add the Chinese sausages on top of the rice at least 1 inch apart. | 5) Cover with the lid and steam for 20 minutes. Make sure to add water to the pot throughout the steaming process so the pot doesn’t run out of water. | 6) Open the lid and check the texture of the rice, it should be plump, soft, and chewy. The rice should not be mushy or too hard. If the texture is too al dente for your preference, you can close the lid and continue to cook for an additional 2 minutes before checking the texture again. Cook until it reaches the final desired texture because it will not continue to cook once you remove it from the heat. | 7) Transfer the rice into bowls. Cut the Chinese sausage into bite-size pieces. Serve immediately. | [Instructions] 1) Prep your rice by using a fork or your hands to break apart some of the rice grains. | 2) Wash carrots, peel the skin and dice them into ¼ inch pieces. Place them in a bowl of water and microwave on high for 2 minutes, or until the carrots are al dente. | 3) Place your peas in a bowl and microwave them on high for 1 minute, or until they are fully cooked, but not mushy. | 4) Mince the garlic. Clean and slice the green onions and set them aside. | 5) Slice the Chinese sausage in half horizontally. Cut them into bite-sized pieces, about ¼ inch thick pieces. | 6) Crack two eggs in a large mixing bowl and whisk until combined. Add the day-old rice into this bowl and mix them together. | 7) Mix the soy sauce and oyster sauce in a bowl and set aside. | 8) In a large saucepan over medium-low heat, add the vegetable oil and garlic. Stir around the garlic in the pan for about 30 seconds or until it’s fragrant but not too browned. | 9) Add the Chinese sausage and cook for about 3-4 minutes or until the sausages begin to sear at the edges. | 10) Add the egg and rice mixture in the pan and continue to stir and cook for about 5-7 minutes or until the rice turns a nice golden yellow–this means the eggs are cooked. | 11) Add the peas and carrots to the pan and stir until it’s incorporated. | 12) Add the soy sauce and oyster sauce and mix until it’s incorporated. | 13) Use your spatula to make an empty circle in the middle of the pan and crack the third egg in the middle. Use your spatula to beat the egg while it cooks. After it becomes a scrambled egg, mix with the rest of the fried rice. | 14) Season with salt, black pepper, and msg and mix to fully incorporate all the seasonings. Taste test the rice and adjust seasoning if needed. | 15) Sprinkle with the green onions and serve immediately.",https://cdn.shortpixel.ai/spai2/q_glossy+ret_img+to_auto/www.hungryhuy.com/wp-content/uploads/chinese-sausage-closeup.jpg,"Breakfast, Dinner, Lunch","Asian, Chinese","steamed rice, sticky rice",479.8 kcal,5.0,2.0,2.0
How to Cook Rice in a Microwave,Microwaveable rice is perfect for those who don't have a rice cooker at home or want to stand in front of a stove and cook rice. This hands off method is just as quick as making rice in a rice cooker!,https://www.hungryhuy.com/how-to-cook-rice-in-a-microwave/,2m,30m,32m,4 servings,"[Long grain rice] 2 c long grain rice ,3 c water | [Medium grain rice] 2 c medium grain rice ,2 ⅔ c water | [Short grain rice] 2 c short grain rice ,2 ½ c water","[Instructions] 1) Measure your rice and rinse under running water. I like to use a strainer so it’s faster. Add the rice into your microwavable bowl. | 2) Measure your water and add to the microwavable bowl. | 3) Place the bowl inside the microwave and microwave on high for ten minutes. | 4) Then, open your microwave to check on the rice. The water should now have evaporated a bit and lowered to be matching the level of the rice. If there is too much water, remove some so the rice barely peeks through the top of the water. | 5) Take a dish towel and cover your bowl and continue to microwave at half power for 15 minutes. | 6) Then, leave the rice to rest for five minutes. | 7) Carefully remove the rice bowl with oven mitts or towels and fluff the rice to make sure it’s evenly cooked. Serve and enjoy!",https://cdn.shortpixel.ai/spai2/q_glossy+ret_img+to_auto/www.hungryhuy.com/wp-content/uploads/bowl-o-rice.jpg,Sides,Asian,"microwave rice, rice",1119.1 kcal,5.0,14.0,23.0
How to Cook Rice in a Rice Cooker,This recipe shows you how easy it is to cook rice in a rice cooker!,https://www.hungryhuy.com/how-to-cook-rice-in-a-rice-cooker/,2m,30m,32m,6 servings,"[Ingredients] 2 c rice short grain, long grain, or medium grain ,tap water for rinsing ,2 c filtered water","[Instructions] 1) Measure out 2 c rice and add to the rice maker pot. My rice maker comes with a measuring cup and I always use this to measure both rice and water. | 2) Rinse the rice in the pot under cold running tap water . Use your hands to move the rice around gently to clean the grains. Pour out the water once it starts to change color. Repeat this process 2 times. Make sure to drain all the water when finished. | 3) After you clean the rice and remove the rinsing water, add 2 c filtered water to the pot. | 4) Return the rice pot to the rice maker. Make sure your rice maker is on and follow the manual instructions. Our rice cooker provides a “quick” setting along with a “normal” setting. I more often than not choose “quick” because it gives me the same results for a shorter amount of time. While the rice is cooking, do not lift the lid so as not to lose steam. | 5) Once the rice is done, leave the cooker closed for an additional 5 minutes before opening. It will be flat on the surface. | 6) Open the lid and fluff the rice with a rice paddle. | 7) Serve rice onto bowls and enjoy.",https://cdn.shortpixel.ai/spai2/q_glossy+ret_img+to_auto/www.hungryhuy.com/wp-content/uploads/fluffing-rice.jpg,Side Dish,"Asian, Vietnamese","jasmine rice, medium grain rice, rice, short grain rice",225 kcal,4.95,34.0,47.0
How to Make Sticky Rice (Easy and Foolproof Method),"This recipe will give you glossy, plump, and chewy sticky, glutinous rice for your next dessert or savory side.",https://www.hungryhuy.com/how-to-make-sticky-rice/,2m,18m,500m,2 servings,"[Ingredients] 208 g glutinous sticky rice ,6 c water plus more for steamer","[Instructions] 1) In a mixing bowl, combine the glutinous rice and water. Cover with a lid or towel and let rest for at least 8 hours. | 2) In a pot of water over medium-high heat, add the steamer and line with the cheesecloth. Preheat the steamer for about 2 minutes or until you start to see steam rising above the steamer. | 3) Drain the water from the soaked rice. | 4) Add rice to the preheated steamer lined with cheese cloth and spread evenly. | 5) Cover with the lid and steam for 17-18 minutes. Make sure to add water to the pot throughout the steaming process so the pot doesn’t run out of water. | 6) Open the lid and check the texture of the rice, it should be plump, soft and chewy. The rice should not be mushy or too hard. If the texture is too al dente for your preference, you can close the lid and continue to cook for an additional 2 minutes before checking the texture again. Cook until it reaches the final desired texture because it will not continue to cook once you remove it from the heat. | 7) Serve immediately.",https://cdn.shortpixel.ai/spai2/q_glossy+ret_img+to_auto/www.hungryhuy.com/wp-content/uploads/steamed-sticky-rice-sq.jpg,"Appetizer, Side Dish, Sides",Asian,"glutinous rice, sticky rice, sweet rice",384.8 kcal,5.0,2.0,2.0
Vegan Pandan Waffle Recipe (Bánh Kẹp Lá Dứa),"Amazingly aromatic vegan pandan waffles, that are crispy on the outside and chewy, mochi-like on the inside. This is the veganized verison of my original pandan waffles.",https://www.hungryhuy.com/vegan-pandan-waffles/,10m,15m,85m,8 waffles,"[Pandan Option 1 – Natural Extract (preferred)] 35 g pandan leaves fresh or frozen, cut into 3"" sections ,1/2 c water | [Pandan Option 2 – Artificial Extract (easier)] 2-4 drops artificial pandan extract ,1/2 c water | [Waffle] 285 g tapioca starch ,73 g rice flour ,75 g all-purpose flour ,200 g granulated white sugar ,10 g baking powder ,1 g salt ,150 g egg replacement I used JUST Egg brand or aquafaba ,388 g coconut cream ,5 g neutral cooking oil plus more for the waffle iron","[Pandan Option 1 – Natural Extract (preferred)] 1) Defrost pandan leaves and scrub leaves under running water to clean. | 2) Cut leaves into three inch sections, add to your blender. | 3) Add the water, blend until you no longer see large chunks. About 20s in my blender. | 4) Strain the pulp, and squeeze out as much liquid as you can from the pulp. | [Pandan Option 2 – Artificial Extract (easier)] 1) Add 1 drop of extract to your batter and fully mix to see if you lke the color, and keep adding 1 at a time and mixing until its your preferred color. Try not to add to much so it remains natural looking. | [Waffle] 1) In a medium sized mixing bowl, add the tapioca starch, rice flour, all purpose flour, sugar, baking powder, and salt. | 2) In a separate, larger mixing bowl, add the egg replacement, coconut cream, pandan extract, and oil, then mix. | 3) Sift the dry ingredients into the wet ingredient bowl and mix for a bit to incorporate the ingredients, being careful not to mix it too much. The batter should be a bit thick and have some lumps still. | 4) Rest the batter on the counter for one hour, so the flour can hydrate. If you will not make the waffles at the one hour mark, you can put the batter straight into the fridge in an air tight container and rest for up to one week. | 5) Pre-heat your waffle iron, remove the batter from the fridge, and mix the batter. Mix the batter just before scooping any onto the waffle iron. | 6) The amazing waffle and coconut smell will become pretty strong just before it finishes cooking. Don't open the iron to check until your iron's indicator light says it's ready, but mine took an extra ~20 seconds after the ready light went off. | 7) Remove the waffle and cool a bit before serving, as it crisps up after a short resting period. Make sure to mix the batter again before making every waffle! You can store the leftover batter in the fridge for up to one week.",https://www.hungryhuy.com/wp-content/uploads/vegan-pandan-waffle-sq.jpg,"Breakfast, Dessert",Vietnamese,"pandan leaf, waffles",532.25 kcal,5.0,5.0,6.0
Vietnamese Spicy Lemongrass Chicken (Gà Xào Sả Ớt),"Spicy lemongrass chicken is an aromatic and easy, one-pot recipe that is perfect for a shared family meal.",https://www.hungryhuy.com/vietnamese-lemongrass-chicken/,10m,15m,25m,2 servings,"[Chicken & marinade] 1 lb chicken cut into bit-sized pieces ,1 tsp salt ,2 tsp sugar ,⅓ tsp MSG or chicken bouillon optional | [Aromatics] 4 tbsp neutral cooking oil ,3 tbsp shallots minced ,1 tbsp garlic minced ,4-5 tbsp lemongrass minced | [Chile Sauce] 2 tbsp fish sauce ,1 tbsp sambal ,½ c coconut juice or lemon-lime soda, or water | [Garnish] ½ medium onion cut into slivers optional ,1 stalk green onion cut into 2 inch pieces optional","[Instructions] 1) Marinade: Combine chicken and marinade ingredients, and let it sit to marinate for 15 minutes. | 2) Mince aromatics: Clean the lemongrass, remove the outer layers of rough leaves and find the yellow leaves inside. Slice the lemongrass roots into ⅛” slices first, then add to a food processor to finely mince and set aside. Mince/process the garlic then set aside. Mince/process shallots and set aside. | 3) Make the chile sauce: Combine fish sauce, sambal, and coconut juice and mix to combine. | 4) Pat dry your chicken, cut into bite size pieces. | 5) In a pan over medium-high heat, add four tbsp of oil and add the shallots and saute until light brown. Add the garlic and saute until light brown. Add lemongrass and stir until fragrant. Add the chicken and brown it a little. | 6) Lower to medium heat, add the Chile Sauce. Stir to mix, taste and adjust as necessary, then cover with a lid. After about five minutes, stir a bit, retaste and reseason if necessary, add more cooking time if needed. | 7) Add the garnish about 1-2 minutes before the chicken finishes cooking to soften a bit. The dish is done once the chicken reaches an internal temp of 165 °F, or until the center of the chicken is no longer pink. | 8) Serve with a side of rice.",https://cdn.shortpixel.ai/spai2/q_glossy+ret_img+to_auto/www.hungryhuy.com/wp-content/uploads/ga-xa-ot.jpg,Dinner,Vietnamese,"lemongrass chicken, spicy chicken, Vietnamese lemongrass chicken",556 kcal,4.88,24.0,41.0
Avocado Smoothie Recipe (Sinh Tố Bơ),This super easy avocado smoothie recipe will give you an almost sinful dessert with the richness of and extra texture formed by frozen Haas avocado slices.,https://www.hungryhuy.com/avocado-smoothie/,5m,5m,70m,1 servings,"[Ingredients] 1 medium Haas avocado sliced and frozen ,½ c ice ,⅓ c milk (add more if you want to thin smoothie) ,¼ c condensed milk (add more if you want a sweeter smoothie)","[Instructions] 1) To make the frozen avocado slices, cut ripe avocados in medium sized slices. Line a sheet pan with wax paper and place the avocado slices individually on the pan. Place this sheet in the freezer for one hour. When they have frozen, you can use them for the smoothie or put them in a freezer safe container. | 2) To make the smoothie, add all the ingredients into a strong blender. Consistency should be super thick with small chunks of the frozen avocados. | 3) This ratio is not too sweet, but you can adjust the amount of condensed milk for a sweeter taste. To make this a smoother consistency, you can add more milk too. | 4) Pour the smoothie into a glass and eat with a straw or spoon (it’s that thick!).",https://cdn.shortpixel.ai/spai2/q_glossy+ret_img+to_auto/www.hungryhuy.com/wp-content/uploads/drinking-avo-smoothies.jpg,Beverage,Vietnamese,"avocado smoothie, Sinh To Bo, Vietnamese drink",617 kcal,5.0,7.0,10.0
Bò Kho (Vietnamese Beef Stew),"An easy to make, mouth-meltingly tender braise loaded with herbs and aromatics, in a broth that will have you going back with more Vietnamese baguette!",https://www.hungryhuy.com/bo-kho-recipe-vietnamese-beef-stew/,20m,90m,140m,8 servings,"[Ingredients] 2 lb beef shank cut into 3/4 – 1"" pieces ,tap water ,1 tbsp salt | [Marinade] 2 tbsp soy sauce ,2 tbsp hoisin sauce ,2 tsp salt ,1 tsp Vietnamese beef stew seasoning | [Aromatics] 2 tbsp neutral cooking oil ,4 cloves garlic roughly chopped ,1 tsp paprika optional, for extra color boost | [Broth] 1 tbsp Vietnamese beef stew seasoning ,1 medium onion quartered ,1.5 tbsp fresh ginger sliced or pounded ,1-2 stalks lemon grass use ~7"" of the aromatic root area, pounded ,2 tbsp tomato paste ,2 tbsp dark soy sauce ,3-4 pods star anise ,4-5 bay leaves ,1 can chicken broth about 2 cups ,6 oz coconut soda, Coke, or Sprite ,5 c filtered water or enough to barely cover the ingredients ,2-3 carrots peeled, cut into 1"" chunks | [Accoutrement] 6 12"" Vietnamese bread loaves ,2 sliced jalapenos ,1 sliced lemon ,salt and pepper ,1 bunch Thai basil","[Instructions] 1) Clean the meat. Add beef to a large pot and add 1 tbsp salt and enough tap water to barely cover the meat. Bring to a boil on high heat, and once it hits a boil for 30 seconds, kill the heat, drain, and rinse under running water to clean. If you haven't cut the meat into 3/4 – 1"" pieces yet, do it now. | 2) Marinate the meat. Add all marinade ingredients to the meat in a covered bowl or a bag for at least two hours, but overnight would be better. | 3) Aromatics. Preheat a large pot on medium high. When hot, add the oil, let it warm a bit, then add all the garlic and stir to slowly saute until it turns light brown. Then add the paprika an stir until it releases its aroma, about 30 seconds. | 4) Broth. Add all broth ingredients to the pot except the carrots. Turn the heat to high until it hits a boil, then reduce heat so it maintains a low boil. Cook until the meat is as tender as you'd like it, about 60-90 minutes. Add carrots towards the final 10 minutes so it softens. Discard the cooked onions and star anise pods. | 5) Serve with accoutrement as shown: tearing fresh Thai basil onto your plate, taking occasional bites of jalapeno, and dipping a few pieces of meat into the salt / pepper / lemon juice side for variety.",https://www.hungryhuy.com/wp-content/uploads/viet-beef-stew-closeup.jpg,"Dinner, Lunch",Vietnamese,"beef, beef stew, bread, stew, vietnamese",168 kcal,5.0,60.0,88.0
Bò Lúc Lắc (Vietnamese Shaking Beef) with Tomato Rice,"This homemade shaking beef recipe is full of tender bites of beef, vegetables, and tomato rice that will make you want to eat more.",https://www.hungryhuy.com/bo-luc-lac-recipe/,15m,45m,120m,2 servings,"[Beef Marinade] 1 lb beef ribeye cut into 1-1½"" cubes ,1 tbsp oyster sauce ,1 tbsp soy sauce ,1 tsp garlic minced ,2 tbsp garlic oil ,½ tsp sugar ,1 tsp cornstarch or tapioca starch for coating beef ,vegetable oil ,Maggi for salt | [Tomato Rice] 1 tbsp vegetable oil ,1 tsp garlic minced ,1 c cooked long grain rice ,1 tbsp tomato paste ,Fish sauce to taste or salt or Maggi | [Sauteed Vegetables] 1 tbsp vegetable oil ,½ white or yellow onion cut into large 1½"" chunks ,1 bell pepper cut into large 1½"" chunks ,½ stalk green onion cut into 2"" pieces","[Shaking Beef] 1) Combine all the ingredients and beef except for the cornstarch in a bowl and marinate for at least 1 hour. | 2) While this marinates, wash and prep all the veggies. | 3) Before cooking, transfer the beef to another plate to remove excess liquid and to come to room temp for about an hour. | 4) Coat each piece of beef in cornstarch. Heat a pan on medium high or high, then brown the meat on all sides in about 2-4 batches depending on the size of your pan. | 5) Once you have cooked all your beef, add them into a pan with the vegetables over medium-low heat, and stir for about 2 minutes. | 6) Plate the veggies and beef. Add some Maggi to salt to taste. | [Tomato Rice] 1) Prepare and cook 1 c of rice as you would normally. I like to use a rice cooker and follow the instructions. | 2) In a large pan over medium heat, add oil and garlic until fragrant and brown. Stir the garlic so it doesn’t burn. | 3) Add the rice and stir thoroughly to coat with the garlic. | 4) Add the tomato paste and continue to stir to incorporate the red coloring evenly throughout the rice. | 5) Add a few splashes of fish sauce and taste the rice. I would start with two dashes and build from there, you don’t want to add too much saltiness since this will be eaten with the beef. | [Vegetables] 1) Wash and prep all vegetables. | 2) Put 1 tbsp of oil in a pan over medium heat. | 3) Add the onions and bell peppers. Saute for about 2 minutes until the onions turn slightly translucent, but not too soft. | 4) Add green onions last to prevent them from wilting, stir to mix. | 5) Remove the vegetables and place aside in a bowl. You will be mixing these again with the beef.",https://www.hungryhuy.com/wp-content/uploads/bo-luc-lac-n-veggies.jpg,"Dinner, Main Course",Vietnamese,"beef, Vietnamese Cuisine",874 kcal,4.99,72.0,76.0
Chè Thái Recipe (Vietnamese Fruit Cocktail),Chè Thái is a delicious sweet soup that is as easy to make as it is to eat.,https://www.hungryhuy.com/che-thai-recipe/,20m,10m,150m,10 servings,"[Homemade pandan jelly (optional substitute for canned ai-yu jelly)] 2 c water ,1 tbsp natural pandan extract ,1 tbsp granulated sugar ,2 tsp agar agar powder | [""Red Rubies""] 1 can 8 oz whole water chestnuts ,natural red food coloring ,1/4 c tapioca starch ,2 c water ,2 c ice for water bath | [Chè Thái] 1 can 20 oz jackfruit ,1 can 20 oz lychee ,1 can 20 oz longan ,1 can 19 oz ai-yu jelly ,1 can 20 oz toddy palm seeds ,1 fresh coconut you'll need the juice & flesh ,1 can 13.5 oz coconut milk","[Homemade pandan jelly (optional substitute for canned ai-yu jelly)] 1) In a sauté pan, combine 2 c water , 1 tbsp natural pandan extract , 1 tbsp granulated sugar , and 2 tsp agar agar powder . | 2) Stir until the agar-agar and sugar dissolves. | 3) Simmer for 5 minutes, then remove from the heat. | 4) Transfer to a heat-safe container. Let cool on the counter until it firms up, about 20 minutes. Once cool, you can place it in the fridge until you want to serve. | 5) Gently use your fingers and press the corners to release the jelly. Turn the jelly over onto a cutting board and cut it into ½-inch cubes. Transfer the cubes to the bowl with the fruit. | [""Red Rubies""] 1) Open the 1 can 8 oz whole water chestnuts can and drain it. Dice the water chestnuts into small pieces into ¼ inch cubes and place them in a large bowl. Don't worry if they seem small, the coating of the tapioca starch makes them bigger. | 2) Add a few drops of natural red food coloring to the cubed chestnuts and mix thoroughly. Make sure there isn’t extra water or food coloring in the bowl because this will make the tapioca starch extra gummy. | 3) Here's the final result of coloring for the brand that we used, ENCO. | 4) Add 1/4 c tapioca starch to the bowl and cover all the water chestnuts evenly. To remove extra starch, place the water chestnuts in a colander and sift. You want to prevent extra starch from going into the boiling water because it will make the water gummy, too. | 5) In a separate bowl make an ice water bath with 2 c water and 2 c ice . | 6) Boil a pot with about two inches of water over medium-high heat. In small batches, add the coated water chestnuts and immediately stir to prevent sticking. | 7) When the chestnut float to the top, remove them from the water and transfer to an ice water bath and stir again to keep from sticking. | 8) Cool them in the bath for at least 10 minutes. | [Prepare fruits] 1) Crack open the coconut and set aside juice, carve out slices of coconut meat. See the post above for technique. | 2) Open all the canned fruit, save the syrup from one can in a separate container. I like lychee the best, so I save this syrup. We found that if you mix the syrup from all the cans, the taste can get a bit muddled. | 3) Cut jackfruit into slices, cut lychee into large slices, and cut toddy palm into thin slices. Keep the longan in its original shape since these come fairly small. | [Assembly] 1) Combine all fruit into a large container. | 2) In another container, combine coconut milk and coconut juice. | 3) Slowly start to add the reserved syrup to sweeten the milk about 1 tbsp at a time, until its sweet enough for your taste. | 4) Add the sweetened coconut milk, coconut juice, coconut pulp, and cubes of grass jelly into the large container with the fruit and stir. | 5) I prefer fridging the chè Thái for a couple of hours before serving so it’s nice and cold, but you can also add crushed ice if you want to serve immediately.",https://www.hungryhuy.com/wp-content/uploads/che-thai-recipe-icon.jpg,Dessert,Vietnamese,"Dessert, Fruit Cocktail, Vietnamese Cuisine",319 kcal,5.0,22.0,33.0
Phở Gà Recipe (Vietnamese Chicken Phở),This homemade phở gà (or chicken pho) recipe is entirely customizable and easy to follow at home.,https://www.hungryhuy.com/chicken-pho-recipe/,25m,50m,75m,6 Bowls,"[Aromatics] 2 medium white or yellow onions halved ,20 g fresh ginger | [Spices] 2 star anise pods ,2 tbsp coriander seeds ,2 pods cardamom cracked open ,1 tbsp fennel seeds ,2 cinnamon sticks ,1 tsp whole cloves | [Soup Ingredients] 1 whole chicken cut in half ,16 c water ,2½ tbsp salt ,2 tbsp sugar ,2 tsp MSG see note | [Noodles] 16 oz dried phở noodles small size noodle | [Accoutrements (all optional)] bean sprouts I prefer blanched ,Thai basil ,lemon or lime wedges ,ngò gai (culantro) ,sliced jalapeños ,hoisin sauce ,Sriracha","[Aromatics] 1) Cut 2 medium white or yellow onions in half and split 20 g fresh ginger in half (to expose more surface area for browning). Place on a sheet pan and roast in an oven on 400°F for 15-30 minutes or until dark brown but not blackened. | [Spices] 1) Wrap all spices in foil ( 2 star anise pods , 2 tbsp coriander seeds , 2 pods cardamom , 1 tbsp fennel seeds , 2 cinnamon sticks , 1 tsp whole cloves ) and bake 350°F for about 5 minutes or until warmed up and aromatic. OR roast on a pan medium heat, constantly mixing or shaking until lightly browned and aromatic. | [The chicken phở broth] 1) Add the aromatics, spices, and all soup ingredients ( 1 whole chicken , 16 c water , 2½ tbsp salt , 2 tbsp sugar , 2 tsp MSG ) into a large stock pot and bring to a boil on high heat. Once it hits a boil, lower the heat to maintain a low boil until the chicken is cooked all the way through. You can use a thermometer to make sure the internal temperature reads 165°F (or the juices run clear) at the thickest part of the chicken. | 2) Remove the chicken from the pot once done and rinse under cold water for one minute to cool. This will prevent the chicken from getting dark. Once the chicken has cooled, shred or slice the meat into bite-sized pieces. | 3) Cook the 16 oz dried phở noodles according to package instructions only just before you’re ready to serve it. Cooking the noodles usually take about 5 minutes after the water boils. | 4) To assemble, start with portioning the noodles into a bowl, and then add the soup, shredded chicken. Serve the optional accoutrements on a plate on the side or in the soup ( bean sprouts , Thai basil , lemon or lime wedges , ngò gai (culantro) , sliced jalapeños , hoisin sauce , Sriracha ).",https://cdn.shortpixel.ai/spai2/q_glossy+ret_img+to_auto/www.hungryhuy.com/wp-content/uploads/chicken-pho-recipe-w-noodles.jpg,Soup,Vietnamese,"Chicken Pho, Vietnamese Soup",588 kcal,4.99,68.0,118.0
Ice-Blended Vietnamese Coconut Coffee Recipe,This fast and delicious ice-blended Vietnamese coconut coffee recipe is great for anytime of day.,https://www.hungryhuy.com/icy-vietnamese-coconut-coffee/,5m,10m,45m,2 small glasses,"[Vietnamese Coffee] 7 g French roast coffee ,100 g water | [Coconut slushy] ¼ c coconut cream ,¼ c condensed milk or coconut condensed milk if you have dietary restrictions ,2 c ice","[Brewing coffee] 1) Use a Vietnamese coffee filter (phin) to brew the Vietnamese coffee , OR | 2) Use a French press. I like using this for tripling the recipe above for larger parties. Boil water to 205 F, add the coffee grounds to the press, pour in the water and put the French press lid on. Wait 3-6 minutes (longer = darker), slowly press, and pour out the coffee so it stops steeping. | 3) Chill the coffee in the refrigerator for 15-30 minutes before assembling to slow the melting of the slushy. | [Coconut Slushy] 1) Add the coconut cream, ice, and condensed milk into a blender and blend until thick and frothy. Consistency should be thick. Taste and adjust sweetness and thickness. Add more ice or cream if it needs more thickener, add more condensed milk for sweetness, or coconut milk if you want to thin it out. | 2) Place the slushy back into the freezer for 30 minutes to one hour to get an extra thick consistency. | 3) To assemble, pour chilled Vietnamese coffee into two glasses and top with the coconut slushy. | 4) Mix and enjoy!",https://cdn.shortpixel.ai/spai2/q_glossy+ret_img+to_auto/www.hungryhuy.com/wp-content/uploads/coconut-coffee.jpg,Drinks,Vietnamese,"coconut, Vietnamese coffee",222 kcal,5.0,6.0,13.0
Mì Khô Xá Xíu (Vietnamese Dry Noodles with Char Xiu Pork),"This mì khô recipe, aka Vietnamese dry egg noodles, is an amazing dish that always hits the spot, with char siu pork, spare ribs, and crispy pork fat.",https://www.hungryhuy.com/mi-kho/,30m,150m,180m,8 bowls,"[Ingredients] 2 lb thin egg noodles | [Xa Xiu (Char Siu Pork)] 2 lb pork shoulder ,1 cup filtered water ,2 Tbsp cooking wine ,2 Tbsp light soy sauce ,2 tsp garlic powder ,2 tsp onion powder ,1/2 tsp salt ,1/2 bag Char siu / Chinese barbecue seasoning | [Broth Prep] 2-3 lb pork bones or pork spare ribs (I like half of each) ,2 Tbsp salt ,tap water | [Broth] 14 cups filtered water ,2 medium onions peeled, and left whole ,2 Tbsp dry squid or dry shrimp toasted 3 min, then rinsed until clean ,2 Tbsp salt ,2 Tbsp sugar ,1 tsp MSG (monosodium glutamate) | [Noodle Seasoning] 2 Tbsp neutral cooking oil ,1 minced shallot medium ,1 Tbsp minced garlic ,4 Tbsp oyster sauce ,4 Tbsp soy sauce ,2 Tbsp Chinese cooking wine ,2 Tbsp sugar ,2 Tbsp rice vinegar ,8 Tbsp water | [Tep Mo (fried pork fat)] 1/2 lb raw pork fat for tep mo | [Accoutrement] 1 lb bean sprouts blanched ,2 bunches chives cut into 2"" pieces ,rice vinegar to taste ,spicy Chinese mustard to taste","[Xa Xiu] 1) Add all ingredients into a pan. Heat on high until boiling, then lower to medium high and cook for ~15 minutes while flipping the pork every ~5 minutes. Turn heat to medium-low and continue rotating the pork every ~5 minutes so it cooks and abosrbs the seasoning evenly, until just about all the water has evaporated. | [Broth] 1) Add all pork bones or pork ribs to a pot and fill with tap water until just covered. Add 2 Tbsp salt and bring to a boil on high heat. Once it hits a boil, let it boil for 30 seconds and then turn off the heat, and drain. Rinse under running water until clean and drain the water. | 2) Return the pot to the stove and add all the broth ingredients. Turn the heat to high until it hits a boil, then lower to around medium so it maintains a low boil. Cook until the meat or meat around the bones is soft–approximately 2 hours. | 3) Remove the lid, discard the onion and squid, then check the pork for doneness if using pork meat and not just bones. | [Tep mo (fried pork fat)] 1) Cut the pork fat into 1/2"" cubes and saute on medium high heat until crisp, drain and set aside. | [Noodle Seasoning] 1) Add oil and shallot to a small sauce pan and saute on medium until fragrant. Add the remainint ingredients and bring to a boil on high. Taste, and adjust as needed, then remove from heat. | [Noodles & Assembly] 1) Boil noodles according to package instructions, drain and split into 8 bowls. Assemble your bowl with accoutrement, sliced xa xiu, fried pork fat and add a bit of seasoning on top of each bowl. Serve with a small bowl of soup on the side.",https://www.hungryhuy.com/wp-content/uploads/mi-xa-xiu-kho.jpg,"Dinner, Lunch",Vietnamese,"noodles, pork, soup, vietnamese",927 kcal,5.0,2.0,8.0
Pandan Waffle Recipe (Bánh Kẹp Lá Dứa),"These chewy on the inside and crispy on the outside pandan waffles are so addicting, you'll want to make them just so you can smell the aromatic and coconutty flavor all throughout your house!",https://www.hungryhuy.com/pandan-waffle-recipe/,10m,20m,90m,8 Waffles,"[Pandan option 1 – fresh extract (recommended)* See notes below] 35 g pandan leaves fresh or frozen, cut into 3"" sections ,118 g water | [Pandan option 2 – store-bought natural extract] 50 g store-bought natural pandan extract ,103 g water | [Dry ingredients] 285 g tapioca starch ,73 g rice flour ,75 g all purpose flour ,10 g baking powder ,1 g salt | [Wet ingredients] 3 large eggs ,200 g sugar ,13.5 fl oz coconut cream ,1 tbsp neutral cooking oil","[Pandan Option 1 – Fresh Extract (recommended)] 1) Defrost 35 g pandan leaves (if frozen) and scrub leaves under running water. | 2) Cut leaves into three inch sections, add to the blender. | 3) Add 118 g water to the blender, and blend until all large chunks are gone. A food processor isn't able to chop it finely enough. Here's the final desired texture. | 4) Strain the pulp, reserve pandan liquid. Then manually squeeze out liquid from the pulp, since there's a lot left in there too. | [Pandan option 2 – store-bought natural extract] 1) Add the 50 g store-bought natural pandan extract to 103 g water and mix. Set aside for later. | [Waffle batter] 1) In a medium bowl combine and mix all dry ingredients: 285 g tapioca starch , 73 g rice flour , 75 g all purpose flour , 10 g baking powder , and 1 g salt . | 2) In another larger mixing bowl add all wet ingredients: Beat 3 large eggs , then add 200 g sugar , 13.5 fl oz coconut cream , all the pandan extract we made earlier, and 1 tbsp neutral cooking oil , and mix. | 3) Sift dry ingredients into the wet ingredients mixing bowl and fold carefully to prevent over-mixing the batter. It should be slightly thick with some lumps. If you're using artificial extract and want the batter more green at this point you can add 1-2 more drops and mix in. | 4) Let the batter rest for at least 1 hour on the counter to improve dough texture. If you need more than 1 hour before cooking, rest it covered in the fridge for up to a week and the batter will still be good. | 5) When ready to cook, heat the waffle iron until the ready light turns on. Stir up the batter a bit before scooping each waffle since the batter separates quickly. I used an Oster belgian waffle iron and found medium-high works best. | 6) Using a disher or ladle, add 3-4 scoops onto the waffle iron, close the lid and cook. You want almost full coverage with not too much batter dripping out when you close the lid. Adjust your next waffles to reduce drip/waste or add more for a fuller iron as needed. When finished, the waffle should be nice and golden brown with specks of green on the outside. | 7) Remove waffle to a cooling rack and serve shortly after. If you find your waffle is on the softer side, let it rest for about one minute and it should get crispier.",https://www.hungryhuy.com/wp-content/uploads/pandan-waffle-recipe2.jpg,"Breakfast, Dessert",Vietnamese,"mochi waffle, pandan, pandan waffle, vietnamese dessert",480 kcal,4.93,107.0,246.0
Pâté Chaud Recipe (Bánh Patê Sô),"This pâté chaud recipe gives you flaky, buttery, and savory meat pies that are the perfect on the go snack.",https://www.hungryhuy.com/pate-chaud/,20m,25m,165m,12 pastries,"[Dough & sealer] 1 pack puff pastry Pepperidge Farm has 2 sheets of 10×15”, but any brand will do ,1 extra large egg egg whites and yolk separated into two bowls and lightly beaten | [Filling] 1 lb ground pork or ground chicken ,⅔ c chopped onion sweated with 2 tbsp oil until fragrant, then cooled ,1 tsp salt ,2 tsp sugar ,1 tsp ground pepper ,⅓ tsp MSG (monosodium glutamate) or chicken bouillon ,1 tsp potato starch or 2 tbsp bread crumbs","[Defrost] 1) Defrost the puff pastry dough on the counter for about one to two hours. You want to make sure that the dough is a little frozen so that it doesn’t over-soften while you work with the dough. | [Filling prep] 1) Sweat onions on medium-low heat until fragrant then set aside until cooled, about five minutes. | 2) Combine the onions, ground meat, salt, sugar, ground pepper, MSG, and potato starch into a bowl and mix well. | 3) Taste test: put ½ tsp meat in the microwave on a small plate and taste it to make sure you like the seasoning, adjust as needed. | [Assembly & baking] 1) Preheat the oven at 350 °F degrees. | 2) Unfold the dough carefully and if there are any cracks, make sure to lightly roll out the cracks. If you find your dough softening too much, put it back in the fridge to solidify. | 3) Cut the dough into three by three inch squares. | 4) The amount of filling you add onto each square varies depending on the size of the square. For a three by three square, spoon in about 1.5-2 tablespoons filling onto the middle of each square. The goal is to add enough that’s a good dough to meat ratio, but not overload it so the top layer has to stretch too much, or so much that the filling will spill out. | 5) Separate the egg whites and yolks of two small eggs into two bowls. | 6) Brush the egg whites along the edges of the square and gently place the top square over the meat filling. | 7) Using the tips of a fork, crimp the edges of the square to seal the top and bottom squares. | 8) Lightly brush the egg yolk over the top. This creates a nice golden crust when baked. | 9) Place all of your pâté chaud on a half sheet over parchment paper to prevent sticking. | 10) Bake for about 20 to 25 minutes until golden brown. This also varies depending on the size of your squares, but you can tell it’s finished when golden brown.",https://cdn.shortpixel.ai/spai2/q_glossy+ret_img+to_auto/www.hungryhuy.com/wp-content/uploads/angle-view-pate-chaud.jpg,"Appetizer, Snack",Vietnamese,"Meat pie, Pate Chaud, Pate So, Vietnamese Puff Pastry",338 kcal,5.0,27.0,52.0
Vietnamese Yogurt (Da Ua / Sữa Chua),This simple to follow Vietnamese yogurt's sweet and tangy balance of flavors is great to make for breakfast the next morning,https://www.hungryhuy.com/vietnamese-yogurt-recipe/,5m,10m,495m,8 servings,"[Ingredients] 4 c whole milk divided ,1½ tsp agar agar powder ,½ c condensed milk ,5 oz yogurt – label must say it contains live and active cultures","[Instructions] 1) Combine about 25% of the milk and agar agar powder in a sauce pan and mix thoroughly. To warm and activate the agar agar, cook over medium heat until you hit a low boil for 1-2 minutes, then remove from heat. | 2) In a large glass or microwave safe bowl, combine the condensed milk and about 25% (same amount used earlier) of the milk and microwave for two minutes on high so they incorporate and warm up a bit, then stir well. | 3) Combine both mixtures above in the large bowl, then add all the remaining milk. | 4) Mix well and check the temperature to make sure it’s between 90-100 °F. | 5) Add in a five oz container of yogurt, stir well, then strain through a metal sieve or strainer to remove any large chunks. | 6) Split between jars for the yogurt maker and heat for eight to nine hours or even more if needed when the weather is cold, until it has enough of the sour yogurt taste to your liking. | 7) When ready, transfer to the fridge until cooled. Then it's ready to eat!",https://cdn.shortpixel.ai/spai2/q_glossy+ret_img+to_auto/www.hungryhuy.com/wp-content/uploads/vietnamese-yogurt.jpg,Breakfast,Vietnamese,"Homemade yogurt, Vietnamese Yogurt, Yogurt",147 kcal,5.0,6.0,13.0
"Bánh Giò Recipe (Vietnamese Steamed Pork ""Dumplings"")","Originally street food, these little steamed 'dumplings' have an outer layer of savory rice flour, with ground pork and mushroom as the delicious filling.",https://www.hungryhuy.com/banh-gio-recipe/,60m,60m,180m,12 -14 serving(s),"[Wrappers] 1 pound frozen banana leaves medium sized (Makes about 12-14 banh gio. If you can’t get this you can use just foil and be ok.) ,Enough sheets of aluminum foil to match the size and count of banana leaves | [Flour Mixture] 2 cups corn starch ,1 cup rice flour ,3 tbsp potato starch ,3 cans chicken broth ~4.5 cups ,5 cups water ,3 tbsp oil ,1 1/3 tsp salt ,1 tsp monosodium glutamate optional | [Filling] 1 medium onion ,37 grams thinly sliced dried wood ear mushrooms about 2 cups when hydrated ,2 tablespoon cooking oil ,1 pound ground pork or substitute half or all with ground chicken ,1 teaspoon salt ,2 teaspoons sugar ,1.5 teaspoon ground pepper ,0.5 teaspoon monosodium glutamate optional","[Preparing Wrappers (You can do this a day a head)] 1) Defrost the leaves if frozen. | 2) Wash banana leaves under running water to clean. | 3) A few at a time, dip into a pot of boiling water for a few seconds to soften. | 4) Cut into ~12×12 inch squares, depending on the size dumplings you want, removing tough areas around the stem that are hard to fold. | 5) Set aside to dry before use. | 6) Cut out matching sized pieces of foil wrap finished pyramids | [Flour Mixture] 1) Mix all ingredients in a large nonstick pot. | 2) Rest for 30-60 minutes (longer is better). | 3) Turn the stove to high heat until it hits a boil, then lower to medium-high so it maintains a low boil. After it hits the initial boil it should take about 3-6 minutes to thicken. Times may vary. You want it thick enough so the filling doesn’t fall through it, but thin enough that you can still easily fill the wrappers’ corners with it. | 4) Turn off the stove and continue to stir for about 3 more minutes to smooth out the mixture. | [Filling] 1) Dice onion or or roughly chop in food processor. Remove. | 2) Roughly chop mushroom by hand or in food processor. | 3) Add oil to a large pan on medium-high, and saute onion light brown and fragrant. | 4) Add ground meat and saute until slightly cooked all over, but not fully cooked. Let the meat get tough enough to break apart, and so it’s not mushy. | 5) Add mushroom and all remaining ingredients to the pan and saute so the mushroom is slightly cooked. After the meat is fully cooked and no longer pink in the middle, taste and add more salt or pepper if needed, to taste. | [Wrapping Method] 1) Start with 1 layer of aluminum foil and place 1 layer of banana leaves on top | 2) Start the initial folds to make the first point of the pyramid (see pictorial above) | 3) Add a spoonful of the rice flour mixture–half the amount you want in this piece. | 4) Add a spoonful of the filling to the center. | 5) Add a spoonful of the rice flour mixture to encase the filling. | 6) Finish wrapping, repeat until you use up all your ingredients. The goal is to evenly split the rice flour mixture and filling for each pyramid into 12-14 equal portions. | [Steaming] 1) Add ~2 gallons of water to a big steamer pot. | 2) Bring to a boil on high heat. | 3) Add all the banh gio to the steamer rack. Cook for about 40 minutes. | 4) At about the 40 minute mark, open one up and check the rice flour mixture for doneness. When it’s clear it’s done. Add more steam time as needed–it’s difficult to overcook this.",https://cdn.shortpixel.ai/spai2/q_glossy+ret_img+to_auto/www.hungryhuy.com/wp-content/uploads/banh-gio-final.jpg,"Lunch, Snack",Vietnamese,"banana leaf, mushrooms, pork, steamed, street food",295 kcal,5.0,7.0,20.0
Bánh Kẹp Recipe - Pandan Pizzelles / Waffles,This easy banh kep la dua recipe will fill your home with the freshly baked waffle aroma. The la dua (pandan leaves) make these pizzelles even better!,https://www.hungryhuy.com/banh-kep-recipe/,130m,20m,150m,2 dozen+ pizzelles,"[Real Pandan Extract] 1/2 cup water add more if blending is difficult ,8-10 pandan leaves frozen is ok if you can’t source fresh | [Batter] 3 tablespoons melted butter ,600 ml / 21 fl oz. / 1.5 cans coconut cream Savoy brand ,450 g rice flour 1 bag ,350 g sugar ,100 g all purpose flour ,4 eggs medium to large size ,2 tablespoons vanilla extract ,1 teaspoon salt ,2 drops artificial pandan extract if you can’t find pandan leaves ,1/2 cup black sesame seeds optional","[Real Pandan Extract] 1) Cut your pandan leaves into 3-4 inch sections, add to blender. | 2) Add water to blender, and blend until you no longer see large chunks. | 3) Strain the pulp, reserve the remaining liquid, and squeeze out any liquid inside the pulp too. | 4) Rinse out your blender’s jar for the next step. | [Batter] 1) Melt butter in a microwave, then let it cool for a minute. | 2) Add butter and all remaining ingredients except sesame seeds into the blender. | 3) Pulse the blender to combine, scraping down the sides as necessary. Don’t blend more than you need to make this homogenous. | 4) Cover the batter and let it rest in the fridge for at least two hours. | 5) If you’re using sesame seeds, add these to the batter just before cooking so the colors don’t run into the batter. | 6) Warm up your iron, use a quick mist of nonstick spray or oil on the iron if needed ladle on some batter and let it cook. | 7) Adjust your heat settings and cook time as necessary for desired brownness. These will crisp up shortly after removing from the iron, so roll or shape them as you like while they’re still soft.",https://cdn.shortpixel.ai/spai2/q_glossy+ret_img+to_auto/www.hungryhuy.com/wp-content/uploads/banh-kep-pizzelles-and-iron.jpg,Dessert,Vietnamese,"pandan, waffles",3201 kcal,5.0,3.0,7.0
Bánh Mì Recipe - Vietnamese Sandwiches w/ Pork Belly,Homemade pork belly and Vietnamese pickles means more control over the flavor in this sandwich. Vietnamese sandwiches are a unique creation and you owe it to your taste buds to give this a shot!,https://www.hungryhuy.com/banh-mi-recipe/,20m,20m,20m,6 servings,"[Ingredients] 4 to 6 Vietnamese baguettes ,1 to 1.5 lb homemade pork belly or ,1 to 1.5 lb grilled pork ,2-3 crunchy cucumbers Persian cucumbers are ideal ,mayonnaise ,Vietnamese pate ,Homemade Vietnamese pickles / Đồ chua – as much as you'd like ,8 to 12 sprigs cilantro ,Maggi or soy sauce ,1 to 2 medium jalapeños thinly sliced ,1 medium yellow onion thinly sliced, optional ,freshly ground black pepper","[Instructions] 1) Toast baguettes to warm, but not so crispy that they fall apart when you split them to add fillings. | 2) Wash all the veggies and slice to prep. Slicing with a mandoline will keep everything uniform. | 3) Cut baguettes in half but leave the back part uncut so the loaf stays intact | 4) Add mayo and/or pate to the bottom, then layer the meat and veggies to your liking | 5) Add a few shakes of Maggi or soy sauce, and a few grinds of pepper to taste",https://cdn.shortpixel.ai/spai2/q_glossy+ret_img+to_auto/www.hungryhuy.com/wp-content/uploads/banh-mi-recipe.jpg,Sandwiches,Vietnamese,"fast food, sandwich, street food, traditional",1142.2 kcal,5.0,5.0,5.0
"Bún Riêu (Vietnamese Crab, Pork and Tomato Noodle Soup)","A traditional Vietnamese soup with a flavorful broth of tomatoes, shrimp paste, fish sauce, and meat broth, loaded with tofu, pork/crab meatballs (riêu), and topped with fresh herbs and veggies!",https://www.hungryhuy.com/bun-rieu-recipe/,30m,90m,120m,5 bowls,"[Soup] 50 g shallots about four large cloves, thinly sliced ,2 tbsp neutral cooking oil ,2 lb tomatoes quartered (any type) ,1 tsp fermented shrimp paste – Lee Kum Kee diluted in a small bowl w a bit of water for even dispersion ,3 tbsp fish sauce ,1 tsp salt ,1-2 tbsp rock sugar granulated is ok too ,4 tbsp ketchup ,43.5 oz chicken broth or make your own broth with water and 1 lb pork ribs ,43.5 oz water ,1-2 tsp monosodium glutamate seasoning | [Riêu / Gach / Meatballs] 25 g shallot sliced (about two large cloves) ,1/8 lb raw shrimp shells removed, deveined. ,2/3 lb ground pork ,5.6 oz canned minced prawn or minced crab with spices. Lee brand. ,57 g steamed or canned crab optional. If using frozen or canned, lightly squeeze to remove excess moisture. ,2 large eggs ,1 tsp pepper ,1 tsp sugar ,1 tbsp fish sauce ,5 stalks green onions cut into 1.5″ pieces | [Accoutrement (all optional)] 1 lb deep fried tofu ,1/2 lb raw bean sprouts ,1 bunch kinh gioi / Vietnamese balm ,1 bunch mint ,1 bunch tia to / purple perilla ,shrimp paste on the side ,sliced limes ,4 thai chiles | [Noodles] 1 lb dried rice vermicelli sticks small noodle size. Thap Chua brand (but any will do)","[Instructions] 1) Cook noodles according to package instructions, split between 4-5 bowls | [Soup] 1) Thinly slice shallots, add oil to a pan and saute until light brown. | 2) Add quartered tomatoes, stir fry for 3-5 minutes until slightly soft. | 3) Add shallots, tomatoes, and all remaining soup ingredients into a large pot. | 4) Raise to high heat until it hits a boil, and boils for five minutes. | 5) Reduce the heat to medium-low or low, so it maintains a low boil while you work on the Riêu. | [Riêu / Gach / Meatballs] 1) Add shallots into a small food processor, pulse until finely chopped. | 2) Add shrimp, pulse 5-6 times. | 3) Add remaining ingredients (except crab and green onion) and pulse a few times until evenly mixed. | 4) Pour into a mixing bowl, add crab and lightly mix with a spoon. | 5) Using a soup spoon, scoop 1-2 tbsp size meat balls (your choice!) into the pot until you use it all | 6) Raise the heat to high and bring to a boil, then drop heat to a low boil. At most it should take 20 minutes to cook the meatballs all the way through. Check doneness by breaking a meatball in half to make sure its not soft or raw inside. | 7) During the last five minutes of cooking, drop in the chopped green onion so it slightly softens | [Serving] 1) Evenly divide contents of the soup pot between your 4-5 bowls. | 2) Serve a communal accoutrement plate on the side so each guest can customize their own.",https://cdn.shortpixel.ai/spai2/q_glossy+ret_img+to_auto/www.hungryhuy.com/wp-content/uploads/homemade-bowl-bun-rieu.jpg,Soup,Vietnamese,"crab, meatballs, noodles, shrimp paste, soup",888 kcal,5.0,29.0,49.0
Chè Bắp Recipe (Vietnamese Corn Pudding Dessert),"Some of my favorite southeast Asian flavors coming together into a wonderul rice-based Vietnamese 'pudding'. We have glutinous rice paired with sweet corn, balanced with pandan aroma and a rich coconut cream topping.",https://www.hungryhuy.com/che-bap-recipe/,10m,32m,42m,8 small bowls,"[Pandan Water] 12 pandan leaves washed & scrubbed thoroughly ,1 cup water | [Rice] 2/3 cup glutinous rice rinsed and drained ,3 cups water ,1/2 tsp salt | [Supporting Cast] 500 grams yellow corn kernels raw (~2-3 cups) ,100 grams sugar ,200 ml coconut cream ~1/2 can ,1 tsp vanilla extract or powder ,2 pandan leaves tied into ~3"" large knots so it fits in the pot without cutting | [Thickener] 1 tbsp tapioca or corn starch ,2 tbsp water | [Coconut Cream Topping] 200 ml coconut cream remaining ~1/2 can ,2 tbsp sugar ,1/3 tsp salt ,1/2 tbsp tapioca or corn starch ,1/2 tsp vanilla extract or powder","[Instructions] 1) Thoroughly wash and scrub pandan leaves, then blend with water until very finely blended. Strain and add pandan water into a thick, medium sized pot. | 2) Add remaining Rice ingredients, bring to a boil on high, then lower heat to medium low and cover with a lid to maintain a low boil. Cook for 15-20 minutes until glutinous rice is cooked all the way through, and no longer powdery or tough (test by eating a grain, or smashing a grain between your fingers). We want to aim for fully cooked past 'al dente' but not as soft as rice porridge. Stir the pot only once at the ~9 minute mark since stirring too often will release too much starch. | 3) Add all Supporting Cast ingredients, turn heat to high and bring to a boil. Once it hits a boil, lower to medium to maintain a low boil for ~10 minutes until the corn is fully cooked. | 4) In a small bowl mix Thickener ingredients until fully combined, then add to the pot. Turn heat to high and continuously stir. When it hits a boil shut the heat off. This step is optional based on your thickness preference (or how much starch from the rice was released)–you can scale up or down as needed, but note that thickening properties of the starch don't take effect until after this hits a boil. | 5) Using a small sauce pan, combine Coconut Cream Topping ingredients and heat on high continuously stirring. When it hits a boil, shut the heat off. Keep a lid on this afterwards until ready to serve to prevent the top layer from thickening.",https://www.hungryhuy.com/wp-content/uploads/landscape-pot-of-che-bap.jpg,Dessert,Vietnamese,"coconut, corn, glutinous rice, pandan, rice",339 kcal,5.0,3.0,7.0
Asian Garlic Noodles (Quick and Easy),"Super easy and garlicky noodles that I love making with wonton noodles. Of course any kind of pasta would work with this too. An excellent dish to eat on its own, but great when paired with simple seafoods too.",https://www.hungryhuy.com/garlic-noodles-recipe/,10m,20m,30m,4 servings,"[One Noodle Selection] 16 oz fresh wonton noodles or ,16 oz homemade pasta my recipe! or ,8 oz dried fettuccine / spaghetti / angel hair | [Sauce] 3 1/3 tbsp light brown sugar ,3 1/3 tbsp oyster sauce ,3 1/3 tsp light soy sauce ,1 1/4 tsp sesame oil ,1 2/3 tsp salt to taste | [Aromatics] 5 1/3 tbsp salted butter ,1 bunch green onions / scallions (up to 50% more is ok) thinly sliced ,21 cloves garlic pressed or minced","[Instructions] 1) Boil noodles according to package instructions, until desired doneness is reached (we will not cook it more later), drain, then set aside. Prepare the below steps while the water boils though! | 2) Add all sauce ingredients into a medium prep bowl and mix to combine | 3) Slice scallions thinly and mince garlic or use a garlic press. | 4) Melt butter in a large pan (brown it a little if desired) over medium-high heat, then add 75% of your green onions, and all of the garlic. Saute until fragrant and garlic is slightly browned. | 5) Lower heat to medium, add sauce ingredients and stir to combine. Add noodles, mix to coat and warm up slightly. Taste, and add a few extra pinches of salt to taste if needed. | 6) Garnish served plates with the remaining raw, sliced green onion and eat!",https://cdn.shortpixel.ai/spai2/q_glossy+ret_img+to_auto/www.hungryhuy.com/wp-content/uploads/garlic-noodle-recipe-completed.jpg,Dinner,Asian,"garlic, noodles, pasta",346 kcal,5.0,19.0,35.0
Miến Gà - Vietnamese Chicken Soup w/ Glass Noodles,"A comforting Vietnamese chicken soup with clear glass (mung bean) noodles. Originally from northern Vietnam but now found throughout, and available in restaurants in the US too.",https://www.hungryhuy.com/mien-ga/,8m,40m,48m,5 medium bowls,"[Ingredients] 2 lb organic, free range chicken leg and thigh (or any cuts you prefer) ,1 tbsp salt for cleaning ,tap water for cleaning | [Noodles] ~12.5 oz glass noodles (dry weight) aka cellophane noodles, mung bean noodles, bean thread. Each bowl needs about 2.5 oz dry weight. ,filtered water | [Soup Broth (scale seasoning as needed proportional to water)] 8 c filtered water ,3 tsp salt ,3 tsp sugar ,.5 tsp monosodium glutamate / MSG | [Garnish] 1 bunch cilantro roughly chopped ,1 bunch green onions roughly chopped ,.25 red onion sliced paper thin optional ,5 tbsp deep fried shallots optional","[Instructions] 1) Clean the chicken. Bring a pot of tap water and 1 tbsp salt to a boil, using enough to cover all the chicken you're using. Once it hits a boil, add the chicken for about 2-3 minutes. Discard the water and scrub the chicken under running water in the sink with your hands. | 2) Fill the pot with enough filtered water to cover the chicken and turn the heat to high. Add salt, sugar and MSG to the pot proportional to how much water you used and of course, adjust to your taste. Once the water hits a boil, turn the heat down so its just high enough to maintain a low boil. It's done when the chicken when cut, is no longer pink inside. About 30 minutes. | 3) Soak enough glass noodles for five bowls, in warm filtered water Approximately 10 minutes. You can use hot water to soak, and it will cook faster, but you have to monitor it more closely for the doneness you'd like. I like them slightly chewy / al dente, but some folks like them super soft. Rinse and drain once done. | 4) Wash your cilantro and green onion, roughly chop into 1/3"" long pieces and add to a garnish bowl. Thinly slice red onion if you're using it and add to a separate bowl. | 5) Once the chicken is fully cooked, remove it from the broth and either rinse it or cover with plastic wrap in a bowl to prevent it from discoloring. Once it cools you can shred or chop it. | 6) Assemble your bowls in this order: noodles, chicken, boiling hot broth, and top with garnish.",https://www.hungryhuy.com/wp-content/uploads/vietnamese-chicken-glass-noodle-soup2.jpg,Dinner,Vietnamese,"chicken, noodle soup",457 kcal,5.0,8.0,17.0
Pork Belly Recipe for Bánh Mì (Vietnamese Sandwiches),A pretty simple pork belly recipe for making your banh mi / Vietnamese sandwiches at home!,https://www.hungryhuy.com/pork-belly-recipe-for-banh-mi/,5m,90m,95m,6 servings,"[Ingredients] 2 pounds belly ,1/2 packet Chinese barbecue seasoning I used this kind from Noh ,1 medium yellow onion quartered ,2 teaspoon salt ,2 teaspoon onion powder ,1 tablespoon soy sauce for color","[Instructions] 1) Combine salt, onion powder, soy sauce, and packet seasoning into a medium bowl and mix. | 2) Add belly to the bowl, evenly distribute seasoning, then marinate for 1-24 hours, covered. Longer will be better. | 3) Remove belly from the bowl, roll the belly up and tie so it holds a shape while cooking. | 4) Using a pot only slightly bigger than the pork bellies, add the rolled pork bellies to the pot then fill with water to reach 2/3 up the larger belly and bring to a boil. | 5) Lower the heat to maintain a medium boil, and rotate the pork 90 degrees every 15 minutes. | 6) The pork is ready when the skin is soft and easily pierced by a chopstick, but the meat inside remains firm, about 90 minutes of boiling total depending on heat level. Remove from the water to cool, then remove twine and slice.",https://cdn.shortpixel.ai/spai2/q_glossy+ret_img+to_auto/www.hungryhuy.com/wp-content/uploads/1-pork-belly-1.jpg,Side Dish,Vietnamese,"banh mi, pork belly, sandwich",801 kcal,5.0,3.0,17.0
"Chè Chuối - Vietnamese Banana, Coconut and Tapioca Dessert","An easy to make Vietnamese chè with banana, coconut, and tapioca. Excellent served warm with ground peanuts and sesame sprinkled on top!",https://www.hungryhuy.com/vietnamese-banana-coconut-tapioca-dessert-che-chuoi/,5m,40m,45m,5 servings,"[Ingredients] 3 tbsp small tapioca balls ,warm water ,1 lb ripe Vietnamese bananas or plantains ,4 oz sugar ,2 c filtered water ,4 pandan leaves or a few drops of pandan flavoring as last resort ,1/2 can coconut cream Savoy brand ,1/4 tsp salt | [Topping] 2 tbsp crushed roasted peanuts ,2 tbsp crushed roasted sesame seeds ,1/2 tsp salt","[Instructions] 1) Soak the 3 tbsp small tapioca balls in warm water for about 20 minutes, then drain. | 2) Peel and cut 1 lb ripe Vietnamese bananas into 1/3"" slices then marinate it in 4 oz sugar to sweeten. Make sure all sides of the bananas are coated evenly in sugar, then cover and refrigerate for 30 minutes to 2 days. The longer you can marinate, the better. | 3) Bring 2 c filtered water to a boil with about 4 pandan leaves . You can tie them into knots so they stay submerged in water. Once boiling turn the heat down to medium, and simmer for about 20 minutes to extract the pandan flavor. | 4) Add the remaining ingredients into the pot ( 1 lb ripe Vietnamese bananas , 1/2 can coconut cream , soaked and drained 3 tbsp small tapioca balls , 1/4 tsp salt ), simmer on medium for about 15-20 minutes more until bananas soften but are not overly mushy. | 5) You can serve warm or refrigerate and serve cool too. Combine 2 tbsp crushed roasted peanuts , 2 tbsp crushed roasted sesame seeds , 1/2 tsp salt and sprinkle a bit on top of each individual serving.",https://www.hungryhuy.com/wp-content/uploads/che-chuoi-viet-banana-coconut-pudding-1.jpg,Dessert,Vietnamese,vietnamese dessert,360 kcal,5.0,6.0,21.0
Vietnamese Mango Salad w/ Shrimp (Gỏi Xoài),"Vietnamese mango salad (gỏi xoài) features sour-ish green mangoes, shrimp, accented with mint, Thai basil and cilantro. It's a mouth-watering combination of sweet, sour, salty with lots of contrasts in texture.",https://www.hungryhuy.com/vietnamese-green-mango-salad-with-shrimp-goi-xoai/,30m,30m,30m,4 servings,"[Ingredients] 1 large unripened mango about 1.5 pounds with the seed, julienned ,1 carrot mainly for color, julienned ,1 cup daikon julienned ,1 cucumber seeded and julienned ,1/2 lb medium shrimp 31/35 or 36/40 size ,red onion raw and thinly sliced (optional) | [Herbs & Garnish (all optional)] shrimp chips ,deep fried shallots ,roasted peanuts crushed ,mint thai basil, cilantro, stems removed and roughly chopped | [Dressing] 1/3 c sugar ,1/3 c fish sauce ,1/3 c lime juice ,1/2 c water ,sliced Thai chiles","[Prepare the mango and veggies] 1) Peel mangoes and veggies. | 2) Remove seeds from cucumber and mango, then julienne everything. | [Make a quick pickle] 1) If you don't already have Vietnamese carrot & daikon pickles ready, make a quick pickle. Mix equal parts water, vinegar, and sugar in a large bowl, enough to cover the veggies. | 2) Add carrots and daikon to the bowl for 40 minutes. | 3) Add cucumbers to the bowl for the last 20 minutes. Drain when ready to mix the salad. | [Prepare the shrimp] 1) Defrost frozen shrimp in water, dry, then devein the shrimp . | 2) Bring a pot of water with 1 tsp salt to a boil on high heat. | 3) Add shrimp until they turn slightly pink, then drain and put over ice to prevent it from cooking further. Remove shrimp shells and tails. | [Toss & garnish] 1) Mix ingredients for the salad dressing. | 2) Mix all ingredients, add dressing to taste, and serve and enjoy immediately.",https://cdn.shortpixel.ai/spai2/q_glossy+ret_img+to_auto/www.hungryhuy.com/wp-content/uploads/4-assembled-mango-salad-1.jpg,Appetizer,Vietnamese,"Mango salad, Vietnamese mango salad, Vietnamese salad",1084 kcal,5.0,13.0,27.0
Vietnamese Pork Chops (Sườn Nướng),A recipe I had at mom's restaurant as a kid all the time. This is a quintessential Vietnamese rice dish with flavor-packed grilled pork. Easy to make even in batches and a crowd favorite!,https://www.hungryhuy.com/vietnamese-pork-chops/,190m,15m,205m,6 chops,"[Ingredients] 2 lb pork chops about 6 chops ,kosher salt for scrubbing | [Marinade] 3 Tbsp sugar ,2 Tbsp soy sauce ,2 Tbsp fish sauce ,1/2 tsp monosodium glutamate (MSG) ,4 Tbsp neutral cooking oil | [Aromatics] 6 Tbsp minced lemongrass ,2 Tbsp minced garlic (about 6 cloves) ,2 Tbsp minced shallots | [Veggies & Garnish] white rice ,1 sliced tomato ,1 sliced Persian cucumber ,6 leaves green leaf lettuce ,3 Tbsp scallion & oil (mỡ hành) ,3 Tbsp dipping fish sauce (nước chấm)","[Instructions] 1) Rinse 2 lb pork chops under running water and lightly scrub with some kosher salt . Pat dry with paper towels. | 2) Combine all Marinade ingredients in a medium mixing bowl: 3 Tbsp sugar , 2 Tbsp soy sauce , 2 Tbsp fish sauce , 1/2 tsp monosodium glutamate (MSG) , 4 Tbsp neutral cooking oil . Stir to combine until sugar and MSG are fully dissolved. | 3) Then add the Aromatics to the bowl: 6 Tbsp minced lemongrass , 2 Tbsp minced garlic (about 6 cloves) , 2 Tbsp minced shallots . | 4) Marinade the pork chops in a bowl or bag in the fridge for at least 3 hours, but ideally overnight. | 5) Before cooking, remove pork chops from the fridge for about an hour. Remove chops from the marinade and discard the extra liquid–you can keep the aromatics on that stick to the chops though. | [Cooking] 1) Grill on a BBQ, giving at least 1-2 inches spacing between each chop. Sear on high heat for browning or grill marks for a few minutes, then lower to medium heat and cook on both sides, flipping often until cooked all the way through. When done, the pork should read at least 145 °F using an instant read thermometer at the thickest part of the cut. | 2) Pan fry: 1-2 chops at a time on medium to medium high heat without crowding the pan. When done, the pork should read at least 145 °F using an instant read thermometer at the thickest part of the cut. | 3) In the oven: Bake at 375 °F for 15-20 minutes until the internal temperature of the meat hits around 135 °F. Lower the rack and broil, flipping a few times during broiling, to get nice coloring on both sides. Again, the pork is done when the internal temp reaches 145 °F. | 4) Serve with white rice and all the Veggies & Garnish.",https://cdn.shortpixel.ai/spai2/q_glossy+ret_img+to_auto/www.hungryhuy.com/wp-content/uploads/suon-nuong-recipe-card.jpg,"Dinner, Lunch",Vietnamese,"bbq, grilled, pork, pork chops, rice",373 kcal,5.0,77.0,132.0
Wonton Soup,Surprisingly simple and satisfying wonton soup recipe for a quick and easy dinner. Even easier to make if you have helping hands to wrap the wontons.,https://www.hungryhuy.com/wonton-soup-recipe/,35m,15m,50m,45 dumplings,"[Ingredients] 60 pieces wonton wrappers | [Wonton filling] 1/2 lb ground pork 20% fat (substitute 1/3 of the pork with shrimp if you’d like) ,1 tbsp yellow onion chopped ,1/2 tbsp oyster sauce ,1/2 tbsp sesame oil ,1/2 tsp salt ,1/2 tsp sugar ,1/4 tsp white pepper ,1/2 tsp flour optional for binding, if using <20% fat pork | [Broth] 1/2 tbsp neutral cooking oil ,1/2 yellow onion diced (or 1 bunch scallion, thinly sliced) ,1/2 tbsp sliced ginger optional ,4 cups chicken broth low sodium ,1/2 tbsp soy sauce as needed, to taste ,1/2 lb baby bok choy or other veggies | [Garnish] 1 bunch green onions thinly sliced ,1/4 tsp sesame oil optional (add very slowly, to taste)","[Wontons] 1) Add all wonton filing ingredients into food processor and lightly pulse until combined, but not too pasty. Ground pork from the store is usually too coarse for my liking. | 2) If your fat content is too low and you need the filling to bind together more, add a bit of flour and mix together. | 3) Wrap wontons with desired amount of filling. I like them on the smaller side, so it uses more wrappers. Dip your finger into a bowl of water to slightly wet the wonton edges and seal, removing as much air as you can before folding the wontons. See images and video above for technique. | [Cook wontons] 1) Fill a medium sized pot half way with water and bring to a boil on high heat. Boil wontons in batches so you don’t crowd the pot. | 2) Boil for 2-4 minutes if fresh, or 4-6 minutes if frozen. After 2 minutes, every 30 seconds or so, check the wrapper texture and check the filling for doneness. Pork is safe at 145F (you can use an instant-read thermometer), or when no longer pink. The ‘floating wonton’ is not a good indicator for me since these can already float the second you drop raw ones in. | [Make broth] 1) In a new medium pot, heat the pot on medium high. Once hot, add oil, ginger and onion. Saute until aromatic for about a minute. | 2) Add broth and soy sauce and bring to a boil on high heat. Add more soy sauce as needed to taste. Add baby bok choy during the last minute or so, to soften. | [Assemble bowls] 1) Add wontons, veggies, and broth into a bowl. Garnish with sliced green onion (I like a LOT actually), and a few drops of sesame oil per bowl (optional, to taste).",https://cdn.shortpixel.ai/spai2/q_glossy+ret_img+to_auto/www.hungryhuy.com/wp-content/uploads/landscape-soup.jpg,Dinner,Chinese,"dumplings, soup",23 kcal,5.0,6.0,16.0
Bánh Xèo (Vietnamese Sizzling Pancakes / Crêpes),"Here's a time tested recipe from Mom herself! Nothing like the satisfying crunch of these sizzling crepes, wrapped in veggies and dipped in perfectly balanced fish sauce.",https://www.hungryhuy.com/banh-xeo-savory-vietnamese-crepes/,10m,40m,230m,12 crêpes,"[Batter] 255 g rice flour ,85 g all-purpose flour ,2-3 tsp turmeric ,28 fl oz filtered water ,14 fl oz coconut cream if unavailable, coconut milk ,1 tsp salt ,1 sprig green onions chopped about 1/2"" long | [Filling] 1/2 c dry mung beans ,1.5 lb pork belly ,1 lb shrimp size 45/50 or 60/70 ,1 medium yellow onion thinly sliced ,1.5 lb bean sprouts | [Vegetables] 1 head mustard greens caỉ xanh ,1 bunch mint ,1 bunch cilantro ,1 bunch Vietnamese perilla (tía tô) optional | [Other ingredients] Vietnamese prepared dipping sauce ,neutral oil for frying","[Prepare Batter] 1) Combine all batter ingredients except the scallions in a large bowl for at least 3 hours, or overnight: 255 g rice flour , 85 g all-purpose flour , 2-3 tsp turmeric , 28 fl oz filtered water , 14 fl oz coconut cream , 1 tsp salt . Add 1 sprig green onions to the batter only just before cooking the crêpes. | [Prepare Fillings] 1) Steam or soak 1/2 c dry mung beans in warm water until very soft. | 2) Boil 1.5 lb pork belly until cooked through and soft, then slice thinly. | 3) If frozen, defrost 1 lb shrimp . Remove heads, devein shrimp and cut shrimp down to bite size if desired. | 4) Wash and dry bean sprouts, herbs and veggies. | [Making Bánh Xèo – Each crêpe takes about 8-10 minutes] 1) On medium-high heat add 1-2 teaspoons of neutral oil and some onion. | 2) Immediately add a few pieces of pork and shrimp. Sauté, lightly mixing until very lightly browned and fragrant. | 3) Pour in some batter and quickly tilt & rotate the pan so the batter is evenly spread. Add more batter if it wasn't enough to cover the pan. There should only be a thin layer of batter that almost flakes off at the pan edges where it's thinner. If your batter doesn't do that and is too thick, add a few tbsp water to the batter and mix to thin it out. | 4) Lower the heat to medium. Add some mung beans, bean sprouts, and cover with a lid for about 3 minutes, or until bean sprouts are slightly cooked. The batter should also be slightly cooked and transparent around the edges. This step cooks the top side of the ingredients and batter while it steams since we won't be flipping the crepe. | 5) Remove the lid, lower heat to medium-low and wait for the crêpe to become crisp. This takes about 5-7 minutes. This step lets the ingredients fully cook through, including the batter. It also lets steam escape so the batter can crisp up. Brush on a little oil around the edges if you're not seeing or hearing enough batter to pan contact. Fold in half, transfer to a plate and serve immediately. For batter troubleshooting please see the troubleshooting section in the post above.",https://www.hungryhuy.com/wp-content/uploads/5-banh-xeo2.jpg,"Dinner, Lunch, Main Course",Vietnamese,"banh xeo, pork, shrimp, Vietnamese crepes",588 kcal,4.97,88.0,146.0
Stuffed Bitter Melon Soup (Canh Khổ Qua),"Vietnamese bitter melon stuffed with pork, mushroom, and mung bean noodles, simmered in a light and savory chicken broth makes a delicious combo and light soup!",https://www.hungryhuy.com/bitter-melon-soup-canh-kho-qua/,10m,25m,35m,4 servings,"[Ingredients] 4 bitter melons 5-6″ long or 3 bitter melons 8″ long | [Filling] 1 lb ground pork ,1 medium onion ~2/3 cup chopped ,1/2 cup hydrated wood ear mushrooms chopped (pictured on my egg roll recipe ) ,1 pack of dried mung bean noodles chopped. ~1 cup hydrated. (also pictured on my egg roll recipe ) ,2 teaspoon sugar ,1 teaspoon salt ,1 teaspoon pepper ,1/2 tablespoon fish sauce optional | [Broth] 3 cups broth ,4.5 cups water ,sugar and salt for seasoning the broth | [Garnish] cilantro chopped ,green onions chopped","[Instructions] 1) Soak bean threads in hot tap water and mushrooms in 40-second microwaved hot tap water until soft. About 10 minutes. Drain and rinse mushrooms well. | 2) Cut a slit along each bitter melon and remove the seeds with a spoon. Sometimes it just wont open properly so you’ll need to split the melon in half lengthwise and just add the filling. | 3) Bring the water and broth to a boil in a pot on high heat, but put aside about 1 cup for adjusting seasoning. | 4) Add the stuffed bitter melons | 5) Turn heat down to reach a low boil, simmer for 20-30 minutes until bitter melons are fork-tender. | 6) The water will have slightly evaporated and the stuffing released seasoning to the broth, so taste it then add salt and sugar to your liking if needed, or add more hot water to dilute it. | 7) Remove bitter melons and cut into 1.5-2″ long pieces. | 8) Garnish with cilantro and green onion, serve with broth.",https://cdn.shortpixel.ai/spai2/q_glossy+ret_img+to_auto/www.hungryhuy.com/wp-content/uploads/1-bitter-melon-soup-canh-kho-qua-1.jpg,"Appetizer, Soup",Vietnamese,"bitter, Bitter melon soup, pork, pork and shrimp dumplings",345 kcal,5.0,9.0,28.0
Boiled Peanuts,An easy yet delicious snack of boiled peanuts! Something commonly found at Vietnamese supermarkets.,https://www.hungryhuy.com/boiled-peanuts/,15m,15m,15m,4 servings,"[Ingredients] 2 pounds raw peanuts not the dehydrated type ,2 ounces of salt ,2 gallons of water","[Instructions] 1) Soak peanuts in water for 15 minutes to loosen dirt, rinse and drain | 2) Add peanuts and salt to boiling water | 3) Keep a low-medium boil for 1 hour, checking for doneness every 20-30 minutes. It should have some bite and be soft, but not mushy. It can take 1-4 hours depending on age of the peanuts.",https://cdn.shortpixel.ai/spai2/q_glossy+ret_img+to_auto/www.hungryhuy.com/wp-content/uploads/boiled-peanuts-3.jpg,"Appetizer, Snack","American, Vietnamese","boiled cabbage, peanuts",1293 kcal,5.0,5.0,17.0
Bún Bò Huế - Spicy Vietnamese Beef and Pork Noodle Soup,"A rich and flavorful Vietnamese soup that is absoultely loaded with aromatics, pork flavor and meat with a refreshing contrast of crisp and light veggies and a spritz of lemon.",https://www.hungryhuy.com/bun-bo-hue-recipe/,30m,180m,210m,8 bowls,"[Ingredients] 2 lb beef shank ,2 lb oxtail ,2 lb pork hocks ,1 lb Huế style pork sausage chả Huế, which has garlic and whole peppercorns ,1 lb block of pork blood | [Broth base & Seasoning] water I used an 8 quart pot, and added water to cover the meat. ,24 oz chicken broth ,12 stalks lemongrass leafy tops removed, roots smashed ,2 yellow onions, large halved, to be removed from the broth after fully cooked. ,3 tbsp salt ,2 tbsp sugar ,2 tbsp shrimp paste Lee Kum Kee brand ,3-4 tbsp fish sauce ,2 tsp MSG (monosodium glutamate) if not using oxtail, add 4 teaspoons | [Aromatics & Color] 3 tbsp anatto seeds ,3 tbsp neutral cooking oil ,2 tbsp shallot sliced ,2 tbsp garlic minced | [Herbs & Veg] mint ,basil ,bean sprouts ,birds eye chile or jalapeno ,lime sliced | [Banana Flower] 1 banana flower ,2 cups water ,1 lemon juiced | [Noodles] 14 oz package dried rice noodle medium or large thickness | [Saté (spicy chile condiment)] 20 g dried Thai chile crushed ,1/2 c neutral cooking oil ,80 g shallot or white onion minced ,40 g garlic minced ,30 g lemongrass minced ,2 tbsp Korean chile powder (gochugaru) ,1 tbsp fish sauce ,1 tbsp sugar ,2/3 tsp salt ,1/2 tsp MSG (monosodium glutamate)","[Broth] 1) Clean the meat: Add all meat to a stock pot and enough water to submerge it, bring to a boil. Drain and rinse thoroughly under running water. | 2) Add the meat, broth, lemongrass and onions to the pot and fill with water almost to the brim. Bring to a boil then drop the heat to medium-high to maintain a low boil. Add the seasoning. | 3) Let it simmer and periodically check the meats for doneness and remove them as they finish cooking. The pork should be done after about an hour, the beef can vary between 2-3 hours. | 4) After all the meat has removed, let it cool, then slice it. Adjust seasoning and add water to the broth pot if necessary. | 5) Make the aromatics & coloring then add it to the pot. | 6) Boil noodles according to package instructions. | 7) Assemble your bowl, and serve with herbs and veg on a side platter. | [Red Coloring & Aromatics] 1) Sauté seeds in oil on medium heat until the seeds give up the bright red color, then remove the seeds. | 2) Add shallots and garlic, sauté until brown. | 3) Add all of this to the pot of broth for color. | [Pork Blood (Huyet / Tiet)] 1) The easiest thing to do is just buy it already cooked and boil just to heat it up. If you use the raw type like we did for this recipe, cut into 1″ cubes and boil for 30-45 minutes | [Banana Flower] 1) Prepare a bowl of about 2 cups of water, mixed with the juice of 1 lemon. | 2) Thinly slice the banana flower and add to the water mixture to sit for about 30 minutes. | 3) Avoid adding little fronds (that look like mini bananas), removing them as you encounter them. They taste bitter! | [Saté (spicy chile condiment)] 1) Weigh out the dried Thai chiles, then soak in just enough warm water to cover the chiles for 20 minutes. Drain the water. | 2) Add all sate ingredients to a pan on medium heat and stir continuously to brown, cook, and slightly reduce the chile paste, about 30-40 minutes. If at any point it becomes too dry, you can add more oil, up to 50% of the amount we started with. Taste and reseason with sugar or salt as desired. See photo for how the final product should look. | 3) Let cool and transfer to a sealed jar stored in the fridge . You can add ~2 tbsp of the final product to the soup pot for a boost in flavor and color, or simply and let each person add to their bowl to make it as spicy as they'd like!",https://cdn.shortpixel.ai/spai2/q_glossy+ret_img+to_auto/www.hungryhuy.com/wp-content/uploads/bun-bo-hue-bowl.jpg,"Dinner, Lunch, Soup",Vietnamese,"blood, pork, rice noodles, soup, spicy",1276.7 kcal,4.96,47.0,89.0
Bún Nem Nướng - Vietnamese Grilled Pork Meatballs and Rice Noodles,"Savory, flavor-packed grilled pork meatballs over noodles, with a medley of aromatic herbs all married together with a balanced Vietnamese fish sauce. And it's easy to make!",https://www.hungryhuy.com/bun-nem-nuong-recipe-vietnamese-grilled-pork-meatballs/,15m,30m,105m,4 servings,"[Ingredients] 1 pound pork 20% fat ,1 pack dried rice noodles small or medium thickness | [Seasoning] 2 tablespoons sugar ,2 teaspoons potato starch ,1/4 teaspoon salt ,1.5 tsp single-acting Alsa baking powder about 1/2 the bag ,1 tablespoon + 1 tsp water ,1 tablespoon fish sauce ,1 tablespoon oil ,2 teaspoons chopped garlic finely chopped (or 1 teaspoon garlic powder) | [Vegetables] green or red leaf lettuce shredded ,mint – rau thơm ,Vietnamese perilla – tiá tô ,Vietnamese balm – kinh giới ,cucumbers sliced | [Garnish] pickled carrots and daikon radish đồ chua ,wilted scallion in oil mở hành ,crushed peanuts ,4-6 egg rolls (chả giò) | [Dipping Sauce] fish sauce-based dipping sauce (nước chấm)","[Instructions] 1) Combine all seasoning ingredients in a bowl and mix. It will bubble from the baking powder. | 2) After everything is dissolved, add the pork and mix well. | 3) Cover with plastic wrap and refrigerate over night, or freeze for about 1 hour or until slightly firm. The purpose is to thicken it up. | 4) If you chose to freeze your meat, start washing your veggies, prepare the garnishes, and cook the dried rice noodles according to package instructions. If you fridged it overnight instead, begin this prep 1 hour before you pull the meat from the fridge. | 5) Although the butcher ground the pork four times already, blend your chilled meat mixture one final time in a food processor after marinating so it becomes stickier and easier to form shapes with. | 6) Form into desired shapes–usually balls about 1.25"" in diameter or larger logs for speed, or to add to rolls. | 7) Steam for about 10 minutes so the shape holds before the final cooking stage. It should not be cooked all the way through at this stage. The final temp would be 145° F, so pull it well before this after it seems like it's holding its shape. Use a thermometer to check. | 8) Deep fry or grill to brown the meat r and finish cooking.",https://www.hungryhuy.com/wp-content/uploads/3-bun-nem-nuong-300x198-1.jpg,Main Course,Vietnamese,Vietnamese noodles,623.2 kcal,5.0,14.0,38.0
"Bún Thang - Vietnamese Soup with Chicken, Pork, and Egg","A comforting chicken broth based Vietnamese soup from the North. Topped with shredded chicken, eggs, pork sausage and aromatic Vietnamese coriander.",https://www.hungryhuy.com/bun-thang-vietnamese-hanoi-soup/,15m,45m,60m,5 bowls,"[Ingredients] 1 package dried rice noodles (16oz) vermicelli, thin or medium thickness. The same type used in bún bò Huế . | [Broth] 2 lb chicken any cuts, or whole chicken ,1 medium yellow onion halved ,2 tablespoons dried shrimp ,1/4 teaspoon monosodium glutamate ,1 tablespoon fish sauce optional ,water enough to cover the chicken (8-12 cups) ,Salt to taste | [Toppings] shredded chicken from the chicken used for broth ,4 large scrambled eggs fried thin and julienned ,1/2 pound Vietnamese pork sausage chả lụa, julienned | [Herbs & Garnish] scallions roughly chopped ,cilantro roughly chopped ,Vietnamese coriander rau răm ,red onion thinly sliced ,fried shallots optional ,thai chiles optional ,shrimp paste mam tom, optional ,ca cuong beetle extract, optional","[Instructions] 1) Add chicken and all broth ingredients into a pot, except the salt. Bring to a boil, then reduce to a simmer for ~15-20 minutes or until chicken is cooked through. Season to taste with salt. Discard onion. | 2) Meanwhile, prepare the eggs. Beat eggs in a bowl and add 1-2 tablespoons water to thin it out a bit. Lightly oil a pan and add just enough egg to make a thin layer, flipping about midway. Make as many as it takes to use up all the eggs, then loosely roll the egg crepes individually to cut into strips / julienne. | 3) Remove chicken from broth when it’s fully cooked. Wait until cool, then shred. Cut the Vietnamese sausage to match the thickness of the chicken and eggs. | 4) Lightly fry or deep-fry thinly sliced shallots if you want to use this. | 5) Prepare rice noodles according to package instructions. | 6) Assemble your soup bowls. Add noodles, toppings, herbs, garnish, broth, a few drops of beetle extract per bowl, and serve.",https://cdn.shortpixel.ai/spai2/q_glossy+ret_img+to_auto/www.hungryhuy.com/wp-content/uploads/bun-thang-w-shrimp-paste-chile-1.jpg,"Main Course, Soup",Vietnamese,"Bun thang, eggs, pork, rice noodles, Vietnamese Soup",849 kcal,4.88,8.0,27.0
Cá Kho Tộ Recipe - Vietnamese Caramelized and Braised Fish,"This is a Vietnamese classic of caramelized, sweet and salty braised fish with a moutwatering sauce perfect with lots of white rice.",https://www.hungryhuy.com/ca-kho-to-recipe-vietnamese-braised-fish/,10m,30m,40m,2 servings,"[Ingredients] 1 lb catfish filets bone and skin optional ,salt to clean the fish | [Aromatics] 2 tbsp oil ,5 cloves garlic minced ,1/2 yellow onion sliced | [Seasoning & cooking liquid] 1 tsp salt ,1.5 tbsp fish sauce ,About 1/2 teaspoon thick soy sauce ,1/2 c water ,1/2 c coconut juice or replace water & coconut juice with 1 cup coconut soda ,1 chile sliced (to taste, optional) ,freshly ground black pepper or add as a final topping when serving | [Garnish] 1 green onions roughly chopped ,black pepper freshly ground ,1 red chile sliced, optional","[Instructions] 1) Generously salt fish and rinse under water to clean it. Set aside to dry. | 2) Add oil to a pan and saute garlic over medium heat until lightly browned. | 3) Layer onion on top, then the fish, evenly spaced. | 4) Add the seasoning & cooking liquid (& optional chiles) and turn the heat to high until boiling. Taste the sauce and adjust the seasoning. | 5) Bring it to a simmer for ~20 minutes. Adjust seasoning if needed. | 6) Gently flip the filets of fish over and simmer for a final ~10 minutes with the lid partially covered. | 7) Stand there to watch it the final ~10 minutes to prevent it from burning! During this time you can continually spoon the sauce over the fish. | 8) Add green onion during last 2 minutes to wilt & top with sliced chiles, and some freshly ground black pepper.",https://cdn.shortpixel.ai/spai2/q_glossy+ret_img+to_auto/www.hungryhuy.com/wp-content/uploads/ca-kho-featured.jpg,Main Course,Vietnamese,"braised, caramelized, fish sauce, traditional",397 kcal,5.0,38.0,96.0
Pandan Sticky Rice w/ Shredded Coconut (Xôi Lá Dứa),"Pandan sticky rice dessert, or xôi lá dứa, is a wonderful warm snack or dessert with pandan leaves taking the stage with a strong coconut hit too. It's a tasty balance of sweet, salty, and nutty flavors you'll love to share!",https://www.hungryhuy.com/pandan-sticky-rice-recipe/,240m,30m,270m,6 servings,"[Ingredients] 8-12 pandan leaves ,1.5 c filtered water plus extra if needed to cover the rice ,3 drops artificial pandan extract ,2 c glutinous rice | [Coconut sauce] 1/2 can coconut cream ,3-4 tbsp sugar ,1 tsp salt | [Topping to add just before serving] 1 tbsp freshly toasted sesame seeds ,1/2 tsp sugar ,1/2 tsp salt ,shredded coconut","[Instructions] 1) Cut pandan leaves into small pieces, blend with the filtered water until the pieces are very small. About 30-60 seconds depending on your blender. | 2) Strain, squeeze & discard the pulp, leaving you with the pandan water. | 3) Add pandan extract & salt to pandan water. | 4) Add the mixture to the rice in a large bowl. Add a little extra water if needed to just submerge rice. | 5) Soak the rice for 4-12 hours unrefrigerated. Drain liquid from the rice. | 6) Steam the rice for 15-20 min, until rice is soft and slightly clear. Soft enough to squeeze with your fingers. | 7) Mix coconut sauce ingredients in a small bowl, then add to rice in the steamer, and mix to coat evenly. | 8) Steam for another 10-15 more minutes. | [Topping] 1) Blend the roasted sesame, sugar and salt in a food processor until fine, but not pasty. | 2) Add shredded coconut and topping to the sticky rice just before serving either in a large platter to share, or in individual bowls.",https://cdn.shortpixel.ai/spai2/q_glossy+ret_img+to_auto/www.hungryhuy.com/wp-content/uploads/pandan-sticky-rice-1-1.jpg,Dessert,Vietnamese,"pandan, sticky rice, vietnamese dessert",366 kcal,5.0,3.0,9.0
Pork-Stuffed Tofu In Tomato Sauce (Đậu Hũ Dồn Thịt Sốt Cà Chua),A sweet and tangy tofu-forward dish. This is a pork-filled twist on a classic Vietnamese version of fried tofu stewed in fish sauce seasoned tomato sauce.,https://www.hungryhuy.com/pork-stuffed-tofu-in-tomato-sauce/,10m,15m,25m,4 servings,"[Ingredients] 1 lb firm tofu block or pre-fried tofu! ,1 stalk green onion chopped | [Tomato Sauce] 5 medium Roma tomatoes quartered ,1 tbsp tomato paste ,1/2 tsp fish sauce ,1 tsp salt ,2 tsp sugar ,1/2 c water | [Filling] 1/2 lb ground pork ,1/2 tsp salt ,1 tsp sugar ,1/2 tsp pepper ,1/8 tsp MSG (monosodium glutamate) ,1/4 c chopped onion | [Extras] oil for deep frying","[Instructions] 1) Cut, dry, and fry the tofu (or use pre-fried tofu) | 2) Combine ingredients for the filling and mix well. Slit the tofu and stuff tofu with the filling. | 3) Cut the tomatoes, then add the stuffed tofu, and all tomato sauce ingredients into one pot | 4) Bring to a boil, then drop the heat to a simmer on low for 10 minutes or until tomatoes are softened and the meat filling is completely cooked. | 5) Mix it midway to ensure more even cooking, add chopped green onions during the last few minutes to cook and soften it a bit.",https://cdn.shortpixel.ai/spai2/q_glossy+ret_img+to_auto/www.hungryhuy.com/wp-content/uploads/stuffed-fried-tofu-sq-600-300x300-1.jpg,Sides,Vietnamese,Tofu,279 kcal,5.0,7.0,18.0
Vietnamese Chicken Curry Recipe (Cà Ri Gà),"Easy Vietnamese comfort food with marinated chicken, carrots, potatoes, and a ton of flavor from curry powder and lemongrass. Perfect to make large batches of and served with fresh, toasty baguette or rice!",https://www.hungryhuy.com/vietnamese-chicken-curry-recipe/,120m,60m,180m,4 servings,"[Marinade] 2 lb chicken any cut, chopped into large 2-3″ pieces ,2 tbsp Vietnamese curry powder D&D Gold Product brand preferred ,2 tsp onion powder ,2 tsp salt | [Veggies & Aromatics] 1 lb potatoes ,1 lb carrots ,neutral oil ,1 medium-sized onion ,2 stalks lemongrass cut into 5″ pieces then split lengthwise, smashed to expose more leaves ,4 cloves chopped garlic ,2 tsp red curry paste I use Mae Ploy brand, others ok too ,1/2 tsp paprika | [Curry Broth] 3 bay leaves ,2 tsp sugar ,1 tsp chicken bouillon or MSG ,16-24 fl oz water ,16-24 fl oz chicken broth ,4 fl oz coconut cream see note below | [Optional flavor accents] 1 lemon sliced ,1/4 tsp sambal / vinegary chile paste","[Marinade] 1) Cut 2 lb chicken into large 2-3"" chunks if using large pieces. Or leaving uncut drumsticks, wings, thighs is fine too. | 2) Mix the 2 tbsp Vietnamese curry powder , 2 tsp onion powder & 2 tsp salt in a small bowl. Then in a larger mixing bowl toss to evenly coat chicken. Marinate for 2-4 hours in the refrigerator. | [Veggies] 1) Cut 1 lb potatoes , 1 lb carrots and 1 medium-sized onion into 1.5-2"" chunks. | 2) Par cook to create a skin on the potatoes and carrots by deep frying OR air frying. Method A: Using a neutral oil , deep fry potatoes and carrots until lightly browned. Method B: Lightly coat with neutral oil and air fry at 400°F for ~13 minutes. Make sure not to cook it beyond 80% doneness-test by piercing with a fork. | 3) Brown the chicken. This adds color and tightens the meat up a bit so it doesn't soften too much in the curry. Do not cook for too long, or fully cook the chicken at this stage. Method A: Add neutral oil to a large pot on medium-high heat and brown chicken on all sides in small batches. The curry powder may burn so remove any that burns from the pot as you're searing. Method B: Place on a baking sheet and broil in an oven, rotating often to lightly brown all around. | 4) If you're using the same pot as the one you browned chicken in, make sure to clean off any burned residue, or use a different pot. Add some oil to the pot on medium-high or high heat to lightly brown 1 medium-sized onion and the 2 stalks lemongrass (5-10 min). Then add 4 cloves chopped garlic , 2 tsp red curry paste 1/2 tsp paprika until aromatic and lightly brown (~3 min). If you find the curry paste is too thick to fry, add a bit of water or coconut milk to make it easier. Keep the heat at medium, and add oil if needed to make sure not to burn these aromatics. | [Curry Broth] 1) When done browning the aromatics, add the 3 bay leaves , and 2 tsp sugar , 1 tsp chicken bouillon . | 2) Add 50/50 ratio of liquids: 16-24 fl oz water , 16-24 fl oz chicken broth to the pot. I like to pour just enough so the liquid is about 1/2"" below the ingredients. I've found that when adding to fully submerge, the broth can get too watery. | 3) Cover with a lid, and turn the heat to high until boiling, then reduce to medium-high heat to maintain a low boil. | 4) After 5 minutes of low boil, taste the broth and adjust with salt, sugar, curry powder, or curry paste to suit your taste. I typically will add a bit of salt and curry paste here. | 5) Add the potatoes and carrots, and if needed add more water and chicken broth as needed to maintain similar broth coverage (still using the 50/50 ratio). | 6) Return the heat to high until the pot hits a boil, then reduce to a low simmer until the chicken is fully cooked (165°F), and the potatoes and carrots reach desired doneness. | 7) Add 4 fl oz coconut cream , stir then raise to high heat until boiling, then turn off the heat. | 8) Serve with bread or rice, accent with a squeeze of lemon and sambal for heat.",https://www.hungryhuy.com/wp-content/uploads/vietnamese-chicken-curry-baguette.jpg,Main Course,Vietnamese,"chicken curry, Vietnamese curry",498 kcal,4.95,51.0,125.0
Vietnamese Chicken Noodle Soup Recipe (Súp Nui Gà),The easy to make and comforting Vietnamese twist on chicken noodle soup that I ate as a child growing up.,https://www.hungryhuy.com/vietnamese-chicken-soup-w-elbow-macaroni/,5m,30m,35m,8 servings,"[Ingredients] 4 lb of chicken bone-in preferred or 3 pounds of boneless chicken ,1 large yellow or white onion or 2 medium sized onions, quartered. ,2 tbsp salt ,1 tbsp sugar ,1 tsp MSG (monosodium glutamate) optional ,16 oz dried elbow macaroni | [Garnish] cilantro chopped ,scallion chopped ,sambal chile paste","[Instructions] 1) Add chicken, onion, salt, sugar, and MSG into a large pot. Add enough water to cover, bring to a boil, then reduce to a simmer. It should take about 10-15 minutes of simmering to finish. | 2) Meanwhile, boil your macaroni in a separate pot of water until al dente, then drain. | 3) Check the doneness of the chicken as each 1-2 minutes pass. The chicken should be white in the center and have the juices run clear. Adjust seasoning as needed. | 4) Remove chicken, let it cool, then pull into shreds with your fingers or a fork. | 5) Add to a bowl macaroni, some broth, chicken, and garnish with chopped cilantro and scallion. Top with sambal and serve!",https://cdn.shortpixel.ai/spai2/q_glossy+ret_img+to_auto/www.hungryhuy.com/wp-content/uploads/1-vietnamese-chicken-soup-1.jpg,Soup,Vietnamese,"chicken noodle soup, Vietnamese chicken noodle soup, Vietnamese Soup",246 kcal,5.0,8.0,25.0
Green Papaya Salad w/ Beef Jerky - Gỏi Đu Đủ Khô Bò,This super simple salad of green papaya and beef jerky carries an intense flavor punch from the jerky and the dressing. Great as a side dish or a light snack.,https://www.hungryhuy.com/vietnamese-papaya-beef-jerky-salad/,10m,10m,10m,8 servings,"[Ingredients] 1 green papaya ~2 pounds, shredded ,1/3 pound beef jerky ,Thai basil cut into strips | [Salad Dressing] 1/2 cup regular sodium Kikkoman soy sauce ,3/4 cup sugar ,3/4 cup vinegar ,1 cup water ,5 garlic cloves thinly sliced ,sriracha chili paste, or sliced bird’s eye chiles (optional) | [Tools Used] Vietnamese peeler I’ve only seen this in Vietnamese markets ,Benriner mandoline slicer ,cut-resistant gloves","[Instructions] 1) Peel, de-seed, and shred the papaya. | 2) Toss shredded papaya with basil. | 3) Combine all dressing ingredients in a bowl and mix. | 4) Top with beef jerky strips and dressing, to taste. | 5) Boom!",https://cdn.shortpixel.ai/spai2/q_glossy+ret_img+to_auto/www.hungryhuy.com/wp-content/uploads/1-vietnamese-papaya-and-beef-jerky-salad-1.jpg,Salad,Vietnamese,papaya salad,182 kcal,4.89,9.0,26.0
Sesame Balls Recipe (Vietnamese Bánh Cam),"This sesame balls recipe (Vietnamese bánh cam) satifies snack cravings with a crispy golden glutinous rice outer shell, filled with sweet mung beans, and covered in white sesame seeds.",https://www.hungryhuy.com/banh-cam-banh-ran-recipe-vietnamese-fried-sesame-balls/,180m,40m,220m,8 servings,"[Ingredients] neutral cooking oil for frying | [Filling (Nhân)] 113.4 g dried mung beans ,21.26 g sugar ,1/4 tsp salt optional ,A dash of vanilla extract optional | [Outer Shell (Vỏ)] 1/2 cup warm water plus more on the side for later ,45.36 g sugar ,1/2 tsp salt ,113.4 g glutinous rice flour ,21.26 g rice flour ,21.26 g all-purpose wheat flour ,5 tbsp potato flakes from boxed mashed potatoes works too! ,1.5 tsp baking powder","[Filling (Nhân)] 1) Rinse the mung beans under running water and drain, just like how you'd rinse rice. | 2) Soak the mung beans. Add enough boiling water to cover 1/2"" above the level of mung beans, let it cool and transfer to the fridge overnight. If you want to rush this process a bit you can drain after its cooled (about two hours, then repeat this process two more times). | 3) Cook the mung beans. Using a steamer on medium heat is the easiest way to reach perfect doneness. You can also make it in a rice cooker with slightly more water than you would use to make rice, but you will lose some sticking to the pot. The beans are done when no longer crunchy, have softened and are ready to mash. This took me about 25 minutes with a stovetop steamer. | 4) Combine the cooked mung beans with the sugar, salt, and vanilla. Mash and add water if needed to achieve a paste similar to thick and slightly dry mashed potatoes. | [Outer Shell (Vỏ)] 1) Pour 1/2 of the water in a big bowl. Add the sugar and salt and mix to dissolve. | 2) Add remaining ingredients and mix to combine (you can use a food processor if you want). The dough should be slightly dry and have a play dough consistency. Rest the dough a minimum 2 hours, ideally 8 for best results. It will slightly rise and hydrate after resting, making it easier to work with. | [Forming The Bánh Cam] 1) Flatten out a disk of the dough and add a ball of mung bean filling. The dough to filling ratio is up to you! I like about 1″ in diameter, but you can make them bigger. Keep in mind they will slightly expand during cooking. | 2) Try not to leave any air pockets inside, since the dough will already be expanding and adding air to the center. Close off the ball so there aren’t any cracks. | 3) Slightly roll in your hands to make a ball shape and then roll in a bowl of sesame seeds to coat thoroughly. Set aside for frying. | [Frying] 1) Heat a heavy pot with neutral cooking oil to around 285 F and deep fry the bánh cam. Makre sure not to crowd the pot. It should take about 11 minutes per batch. You may need to constantly move them around for even cooking.",https://www.hungryhuy.com/wp-content/uploads/banh-cam-1-1.jpg,Dessert,Vietnamese,"banh cam, deep fried, sesame balls",186 kcal,4.93,28.0,79.0
Bún Thịt Nướng Recipe (Vietnamese Grilled Pork and Rice Noodles),"Vietnamese bún thịt nướng is a delicious combination of grillled pork, noodles, veggies, and fish sauce.You have your sweet bits, sour bits, caramelization, some crunch, and aromatic herbs in a colorful bowl. And it's easy to make",https://www.hungryhuy.com/bun-thit-nuong-recipe-vietnamese-grilled-bbq-pork-with-rice-vermicelli-vegetables/,20m,25m,285m,4 bowls,"[Ingredients] 1.5 lb pork shoulder shoulder or butt ,1 package rice noodles small or medium thickness* ,4-6 egg rolls optional | [Marinade] 3 tbsp shallot minced ,3 tbsp garlic minced ,1/4 cup granulated sugar ,3 tbsp neutral cooking oil ,1.5 tbsp fish sauce ,1/2 tbsp caramel color see notes* ,1/2 tbsp ground black pepper | [Vegetables] green leaf lettuce I prefer butter lettuce ,4 crunchy cucumbers like Persian ,Vietnamese balm kinh giới ,Vietnamese perilla tiá tô ,mint rau thơm | [Garnish] 4 tbsp pickled daikon and carrots ( đồ chua ) ,2 tbsp scallion in oil ( mở hành ) ,2 tbsp crushed peanuts | [Dipping Sauce] prepared fish sauce / nước chấm","[Instructions] 1) Prepare the pork. Slice the raw 1.5 lb pork shoulder thin, a little less than 1/4"", or about 5mm thick. It helps to slightly freeze it beforehand, so you can maintain an even and thin cut, but it's not critical. | 2) Mix all marinade ingredients . Mince 3 tbsp shallot and 3 tbsp garlic then add to a mixing bowl with 1/4 cup granulated sugar , 3 tbsp neutral cooking oil , 1.5 tbsp fish sauce , 1/2 tbsp caramel color , 1/2 tbsp ground black pepper , and mix until sugar dissolves. | 3) Add pork to marinade bowl and mix thoroughly. Marinate for 4 hours minimum, or overnight for better results. | 4) OPTON A (Preferred): Grill over charcoal . Start some charcoals , pour coals out on the grill leaving 25% of the grill without coals as a resting area, close the lid for ~5 min to heat the grates, scrub the grates clean. Grill pork in batches to not crowd the grill, flipping pieces every 1-2 minutes as needed, or moving to avoid flare-ups. As flare-ups subside after the first few minutes of each batch you can close the lid to grill and preserve some fuel. Grill until pork registers a minimum of 145°F. On a small grill it took me about 4 batches to cook it all. | 5) OPTON B: Bake in an oven at 375 F for 10-15 minutes or until about 80% cooked. Finish cooking by broiling in the oven until a nice golden brown color develops, flipping the pieces midway. Don't take your eyes off the broiler! Cook until pork registers a minimum of 145°F. | 6) Assemble bowl with noodles and veggies. I like about in each bowl about 1 cup noodles, 1 cup lettuce, a few leaves of mint, 1 tbsp perilla, 1 tbsp Vietnamese balm, 3/4 of a Persian cucumber | 7) Top with garnishes. In each bowl I like about 1 tbsp pickles, 1/2 tbsp scallion & oil, 1/2 tbsp crushed peanuts, and 1 egg roll. I like to drizzle the dipping sauce as I eat so I can adjust the amount or tweak the saltiness as I go.",https://www.hungryhuy.com/wp-content/uploads/bun-thit-nuong-h2-1.jpg,"Dinner, Lunch",Vietnamese,"bbq, grilled, noodles, pork, rice noodles",215 kcal,4.99,159.0,333.0
"Bò Bía - Vietnamese Spring Rolls With Chinese Sausage, Jicama, Carrot, Egg","This makes about 8-10 rolls, depending on size. This recipe easily doubles.",https://www.hungryhuy.com/cach-lam-bo-bia-recipe-vietnamese-spring-rolls-with-chinese-sausage-jicama-carrot-egg/,20m,30m,50m,4 servings,"[Ingredients] 3-4 tbsp dried shrimp ,1/2 lb jicama jullienne ,1 small carrot juilliend ,2 tsp salt ,3 Chinese sausages lạp xưởng – I like the Kam Yen Jan brand ,2 large eggs ,2-3 leaves of red leaf lettuce ,1 package rice paper bánh tráng – I used 22 cm | [Dipping Sauce] 1 garlic clove finely chopped ,1/2 tsp oil ,2 tbsp hoisin sauce ,2 tbsp water more or less, to desired thickness ,1 tsp sugar ,crushed peanuts ,Sambal Oelek chili paste","[Bò Bía Rolls] 1) Soak dried shrimp in warm water for 2 hours, or overnight in the fridge | 2) Peel and julienne jicama and carrot, add to pot with 2 tsp salt and 1 cup water. Bring to a boil on high, then reduce to very low boil for about 15 minutes or until soft but slightly crunchy. | 3) Whisk eggs to combine. Make a thin omelette in a non-stick pan on medium heat. Split into 2 batches if necessary. Roll up and cut into ribbons. | 4) Slice Chinese sausages on an angle (about 45 degrees) and pan-fry on medium until cooked through (but not burned or shriveled) | 5) Wash and prep the vegetables. | 6) Dip rice paper into a plate of warm water for about four seconds to soften. It will soften more after you remove it from the water. | 7) Assemble ingredients (as shown above) with a little bit of each ingredient. | [Dipping Sauce] 1) Heat minced garlic in a pan with oil until it starts to brown | 2) Meanwhile, in a bowl, mix hoisin sauce, water, and sugar | 3) When garlic is ready, pour the hoisin mixture into the pan and heat just until just boiling. Remove from pan, top with crushed peanuts and chili paste",https://cdn.shortpixel.ai/spai2/q_glossy+ret_img+to_auto/www.hungryhuy.com/wp-content/uploads/bo-bia-vert-1.jpg,"Dinner, Lunch",Vietnamese,rolls,395 kcal,4.67,9.0,25.0
Dưa Chua Recipe - Vietnamese Pickled Mustard Greens,"This pickled gai choi side dish was one always present in my grandmas kitchens. Crunchy, lightly pickled slices of mustard greens with slivers of onions made them a great pairing for things like salty, braised meats.",https://www.hungryhuy.com/dua-chua-recipe-vietnamese-pickled-mustard-greens-gai-choy-with-onion/,15m,10m,5785m,6 servings,"[Ingredients] 2 lb large head of gai choi Asian mustard greens ,1 medium onion sliced ,16 cups water ,4 tbsp. salt ,10 tbsp. sugar ,2 tbsp. vinegar","[Instructions] 1) Break the gai choi leaves apart and clean thoroughly under running water. Dry on the counter for 10-16 hours or in the sun for 6-8 hours. | 2) Cut the leaves and onions to desired size, about 1″ pieces. | 3) Combine water, salt, sugar, and vinegar in a pot and bring almost to a boil. Turn off heat and wait until water cools. It should be hot, but you can touch it without burning yourself. | 4) Add all the vegetables into the pot, making sure everything is submerged. You can also add all of this into a jar instead of the pot. Leave your container in a warm place (window sill, or oven with the oven light on) so it can pickle. Taste a piece every 24 hours until it gets sour enough for your taste, then transfer to the fridge.",https://cdn.shortpixel.ai/spai2/q_glossy+ret_img+to_auto/www.hungryhuy.com/wp-content/uploads/dua-chua-v-1.jpg,Side Dish,Vietnamese,"mustard, pickles",144 kcal,4.95,17.0,39.0
Gà Kho (Vietnamese Caramelized Chicken),"Packed with aromatics and spice, balanced with fish sauce to season and create the delicious Vietnamese caramelized chicken, which is pretty easy to make!",https://www.hungryhuy.com/recipe-ga-kho-vietnamese-caramelized-chicken/,75m,30m,105m,2 servings,"[Marinade] 2 tablespoons fish sauce ,1 tablespoons brown sugar | [Meat] 1.5 lbs chicken drumsticks you can use any cut desired | [Sauce] 1/2 cup brown sugar ,1/4 cup fish sauce ,1/4 cup rice vinegar ,1/4 cup water ,1 tablespoon ginger minced ,1 shallot minced ,3 cloves garlic minced ,vegetable oil for frying | [Final Additions / garnish] 2 sprigs of scallion roughly chopped 1/2″-3/4″ long ,1 jalapeno thinly sliced ,1 Thai chili thinly sliced","[Instructions] 1) Marinade in about 2 tablespoons fish sauce and 1 tablespoons brown sugar for a least 1 hour. Rotate and redistribute marinade after the first 30 minutes. | 2) Combine for the sauce: 1/2 cup brown sugar, 1/4 cup fish sauce, 1/4 cup rice vinegar, 1/4 cup water | 3) Then add to the sauce 1 tablespoon minced ginger, 1 minced shallot, and 3 cloves minced garlic. | 4) Heat a pan on high heat, then add some vegetable oil. Add the chicken and rotate as it browns. This should only take a 1-2 minutes. | 5) Turn down the heat to about medium so the chicken can cook through. | 6) Add some of the sauce, just enough to color and kind of baste the meat as it cooks. | 7) You could add the rest of the sauce now too, but I find it makes more sense to cook them separately so you can control the doneness of the chicken and thickness of the sauce independently. | 8) Remove the chicken. Add the rest of the sauce and cook on medium high heat until it just reaches desired consistency. | 9) Add the sliced jalapeno and scallion to cook just slightly as the sauce finishes. If you want more bite to the jalapeno, slice it thicker and don’t let it cook too much (same with the scallion).",https://cdn.shortpixel.ai/spai2/q_glossy+ret_img+to_auto/www.hungryhuy.com/wp-content/uploads/ga-kho-hero-scaled.jpg,Main Course,Vietnamese,"chicken curry, Vietnamese chicken, Vietnamese food",641 kcal,5.0,19.0,40.0
Vietnamese Boiled Cabbage (Bấp Cải Luộc),This easy and quick boiled cabbage side dish is a staple in Vietnamese homes.,https://www.hungryhuy.com/vietnamese-boiled-cabbage/,5m,15m,20m,2 servings,"[Ingredients] 5 c filtered water for boiling ,1/2 head cabbage ,1 egg ,1 tbsp fish sauce to taste ,small squeeze of fresh lime ,minced Thai chile pepper optional","[Instructions] 1) Pour 5 c filtered water in a large pot and put it on the stove on high heat until it reaches boiling. We want just enough water to cover the cabbage. | 2) Rinse the head of cabbage then cut in half. Cut 1/2 head cabbage in one direction, creating 1.5"" strips, then cut crosswise, so we end up with bite sized pieces about 1.5"" x 2"". | 3) Once the water is boiling, add half the cabbage to the pot for 2-4 minutes until tender and then remove with a strainer onto a plate. You can reserve the water used for boiling to drink as a soup. If not, you can use the water to boil eggs for the next step. | [Dipping sauce] 1) Get 2"" of water in a small pot boiling on high heat, then add 1 egg . Lower the heat to a slow boil. After 7 minutes remove the egg and rinse under cold tap water for 30 seconds, then peel the egg.. | 2) Mash the hard-boiled egg in a shallow bowl and add 1 tbsp fish sauce and a small squeeze of fresh lime to taste. If you want an extra kick, add a bit of minced Thai chile pepper . | 3) Adjust the sauce as needed, then simply dip the cabbage into the sauce as you eat. You can add more fish sauce if needed during the meal.",https://www.hungryhuy.com/wp-content/uploads/bap-cai-featured.jpg,Appetizer,Vietnamese,"boiled cabbage, vietnamese",106 kcal,5.0,2.0,12.0
Vietnamese Coffee (Cà Phê Sữa Đá),"A strong dripped coffee, with rich and sweet condensed milk makes Vietnamese coffee a bold treat to sip on!",https://www.hungryhuy.com/vietnamese-coffee-recipe-cafe-sua-da-recipe/,5m,5m,10m,1 servings,"[Ingredients] 4 tsp Cafe Du Monde or Trung Nguyen coffee ,2 tsp condensed milk to taste ,1 cup boiling water","[Instructions] 1) Start by boiling some water. An electric kettle makes it a lot faster. My tea-loving roommate left it behind when she went back to Australia. I would have never thought to purchase one, but it's seriously a game changer in terms of speed. | 2) Preheat the filter and cup by pouring a bit of boiling water through it. | 3) Remove the metal filter and pour in 1 heaping tablespoon of Cafe Du Monde (about 4 teaspoons). I love the smell of coffee! | 4) Twist the filter on gently until it just starts to stop. Then turn it little more, a bit less than 1/8 a turn. If your filter doesn't use screws, simply place the filter on top of the coffee. | 5) Pour a tiny bit of water in the filter just to wet the grind and to let the grind expand a bit. This will help rid of some small grinds that happen to make it through the filter. You can toss it out if you see any. | 6) Fill the filter all the way and let it drip. Ideal brewing time comes to about 3 to 5 minutes so adjust the filter accordingly. Too loose and you’ll just have runny brown water. Too tight and nothing will drip through. The filter will be hot, so use a fork or another utensil to adjust the filter. Place the cap on and watch the coffee drip! | 7) For condensed milk, I prefer Longevity Brand – Sua Ong Tho. Any brand will do but I like the art on this one 🙂. Personally, I like it a little strong and less sweet than most folks. About 1 teaspoon of condensed milk does it for me. If you like it sweeter add 2-3 tsp. Adding it to the cup before brewing does have a slight effect on the flavor since the boiling water cooks it a bit. For this recipe we'll add it afte brewing since you can more easily adjust how much condensed milk slowly. Once you know the amount you like you can add it straight to the cup before brewing. | 8) For iced coffee, let it cool off a bit then pour the brew into a glass filled with ice.",https://cdn.shortpixel.ai/spai2/q_glossy+ret_img+to_auto/www.hungryhuy.com/wp-content/uploads/sq-cafe-sua-da-1.jpg,"Beverage, Breakfast",Vietnamese,coffee,32 kcal,5.0,17.0,69.0
Vietnamese Dipping Fish Sauce Recipe (Nước Chấm/Nước Mắm Chấm),An simple yet delicious recipe for Vietnamese dipping sauce or nước chấm. Make sure to taste as you go and adapt to your own liking.,https://www.hungryhuy.com/vietnamese-dipping-fish-sauce-recipe-nuoc-cham-nuoc-mam-cham/,5m,5m,5m,3 servings,"[Ingredients] 6 tbsp water ,2 tbsp sugar ,1.5 tbsp freshly squeezed lime or lemon juice ,2 tbsp fish sauce | [Optional Ingredients] 1/2 clove minced garlic ,1/2 minced bird's eye or Thai chile","[Instructions] 1) Combine 6 tbsp water and 2 tbsp sugar in a bowl. Optional: heat 1/3 of the water, then mix in to make dissolving the sugar easier, then add the rest of the water. | 2) Add 1.5 tbsp freshly squeezed lime or lemon juice in increments until you like how it tastes. A good guide is it should taste like lemonade/limeade. | 3) Add 2 tbsp fish sauce in small increments until you like how it tastes. It should be a little strong since it will be paired with unseasoned food. | 4) Top with 1/2 clove minced garlic and 1/2 minced bird's eye or Thai chile then serve.",https://cdn.shortpixel.ai/spai2/q_glossy+ret_img+to_auto/www.hungryhuy.com/wp-content/uploads/nuoc-cham-sq.jpg,Dipping Sauces,Vietnamese,"fish sauce, sauce",43 kcal,4.97,99.0,157.0
Vietnamese Egg Rolls and Rice Noodles Recipe (Bún Chả Giò),The prep time assumes you have your egg rolls made already.,https://www.hungryhuy.com/vietnamese-egg-rolls-spring-rolls-rice-vermicelli-recipe-cach-lam-bun-cha-gio/,15m,15m,15m,4 servings,"[Ingredients] 8-12 egg rolls chả giò ,one 12 oz. package of rice vermicelli noodles ,2 small cucumbers ,1 head shredded green or red leaf lettuce ,Vietnamese pickles dồ chua ,dipping sauce nước chấm | [Herbs] mint rau thơm ,Vietnamese perilla – tiá tô ,Vietnamese balm – kinh giới","[Instructions] 1) Wash and cut all vegetables and herbs. | 2) Boil rice vermicelli noodles according to package instructions. | 3) Arrange in bowls, top with egg rolls and prepare the dipping sauce.",https://cdn.shortpixel.ai/spai2/q_glossy+ret_img+to_auto/www.hungryhuy.com/wp-content/uploads/bun-cha-gio1-1.jpg,"Dinner, Lunch",Vietnamese,noodles,311 kcal,5.0,2.0,8.0
Vietnamese Daikon and Carrot Pickles Recipe (Đồ Chua),The pickly crunch you should master since it's in so many Vietnamese recipes. Luckily Vietnamese pickles (Đồ Chua) is cheap and easy to make!,https://www.hungryhuy.com/vietnamese-pickled-daikon-carrot-recipe-do-chua/,20m,4320m,4340m,3 small jars,"[Ingredients] 1/2 lb daikon radish ,1/2 lb carrots ,1 tbsp salt | [Vinegar Solution] 1/2 c water ,5 tbsp granulated white sugar ,4 tbsp distilled vinegar ,filtered water","[Instructions] 1) Peel 1/2 lb daikon radish and 1/2 lb carrots , then cut with mandolin slicer medium to small matchsticks. Smaller cuts will pickle faster. | 2) In a large bowl, sprinkle with 1 tbsp salt evenly and toss to evenly coat. Let it sit on the counter for 15 minutes to pull moisture out of the veggies. | 3) Rinse thoroughly in sink to remove salt. In small handfulls, squeeze hard to remove as much moisture as you can. | 4) Add daikon and carrot to jars, filling almost to the top. | [Vinegar Solution] 1) Bring 1/2 c water to a boil then add 5 tbsp granulated white sugar , mix to dissolve, then add 4 tbsp distilled vinegar . | 2) Pour this liquid evenly into your jars. Add just enough filtered water to submerge the veggies. | 3) Screw on the lids, store at a sunny window until pickled to your taste, checking every 12 or 24 hours. It usually takes 2-5 days depending on the temperature. In the cold spring about 65 °F outdoor temperature, it took ~3 days to reach a level of pickling I liked before moving jars to the fridge. | 4) Refrigerate when ready, for up to 4 weeks, or until too sour or veggies lose their crunch.",https://cdn.shortpixel.ai/spai2/q_glossy+ret_img+to_auto/www.hungryhuy.com/wp-content/uploads/jarred-do-chua.jpg,Sides,Vietnamese,"carrots, daikon, pickles, radish",125.84 kcal,4.96,47.0,91.0
Vietnamese Scallion and Oil Garnish Recipe (Cách Làm Mỡ Hành),This is a quick and easy little Vietnamese garnish of oil and scallions which is used on a lot of Vietnamese recipes!,https://www.hungryhuy.com/vietnamese-scallions-oil-garnish-recipe-cach-lam-mo-hanh/,2m,2m,4m,10 servings,"[Ingredients] 4 stalks scallion green onion ,1/4 cup oil neutral one like vegetable, canola oil","[Instructions] 1) Wash and thinly slice scallions | 2) Heat oil over medium heat. After 30 seconds, test heat by dropping in one piece. If it sizzles, it’s ready. | 3) Add all the sliced scallions, mix scallions in the pan for about 30 seconds or until softened.",https://cdn.shortpixel.ai/spai2/q_glossy+ret_img+to_auto/www.hungryhuy.com/wp-content/uploads/mo-hanh3-1.jpg,Dipping Sauces,Vietnamese,scallion oil,510 kcal,5.0,7.0,19.0
Vietnamese Egg Rolls Recipe (Chả Giò),"These Vietnamese egg rolls crispy, deep fried, snacks made of pork, mung bean thread, jicama, onion, and mushroom. The result is delicious little bites great for party appetizers, casual snacking, or great added to bowls of bún thịt nướng too!",https://www.hungryhuy.com/vietnamese-spring-rolls-egg-rolls-recipe-cach-lam-cha-gio-nem-ran/,40m,30m,70m,25 rolls,"[Ingredients] 1 package Menlo brand egg roll wrappers | [Filling] 1 lb ground pork ,1 medium jícama (about 1/2 cup) ,2/3 cup onion chopped ,1/2 cup bean thread noodle cut into 1″-1.5″ threads ,1/8 cup wood ear mushrooms chopped ,1 tsp salt ,1 tsp pepper ,1 tsp sugar | [Wrapping Sealer] 1/4 cup water ,1 tbsp flour | [Accompanying sides] dipping fish sauce (nước chấm) ,green leaf lettuce ,Vietnamese perilla (kinh gioi) ,Vietnamese balm (tia to) ,mint","[Instructions] 1) Soak bean threads in hot tap water and mushrooms in 40-second microwaved hot tap water until soft. About 30 minutes. | 2) Shred or finely chop onion and squeeze excess moisture out by hand. Add 1/2 tsp salt to jícama, microwave until slightly soft and squeeze excess moisture out by hand. | 3) When soft, roughly chop bean thread noodles and mushrooms. | 4) Add bean thread, mushrooms, onion, salt, pepper, and sugar into a large mixing bowl and mix thoroughly. Add pork and mix well. Add jícama last and mix well. | 5) Cook and taste the filling: put 1/2 tsp of the mixture on a small plate and microwave it for a few seconds until its fully cooked. Taste it and adjust with salt, pepper, or any other adjustments to your liking. Keep in mind these rolls are meant to be dipped in fish dipping sauce . | 6) Mix together water and flour for egg roll sealer, and microwave until just boiling. Wrap the egg rolls (see photos above for technique). | 7) Fry at 325 °F until golden brown and fully cooked inside. About 12-16 minutes per batch.",https://cdn.shortpixel.ai/spai2/q_glossy+ret_img+to_auto/www.hungryhuy.com/wp-content/uploads/egg-rolls-final-1.jpg,Appetizer,Vietnamese,"egg rolls, Vietnamese egg rolls",73 kcal,4.96,49.0,116.0
Vietnamese Tofu with Tomato Sauce (Đậu Sốt Cà Chua),"Đậu sốt cà chua is an extremely simple dish to cook, with fried tofu and roma tomatoes, quickly simmered to soften and seasoned with fish sauce. Perfect for a quick family meal, and a recipe that always transports me back to my childhood.",https://www.hungryhuy.com/how-to-make-dau-sot-ca-vietnamese-tofu-with-tomato-sauce/,5m,25m,60m,4 servings,"[Deep fried tofu] 1 lb firm tofu pre-fried tofu can be great if you live near a shop that fries these fresh daily ,oil for deep frying | [Sauce] 5 ripe Roma tomatoes medium size, cut into 4ths or 6ths ,1 tbsp tomato paste ,1/2 tsp fish sauce optional, but..not really! ,1 tsp salt ,2 tsp sugar ,1/2 c water | [Garnish] 1 stalk green onions finely sliced","[Deep frying tofu (or buy pre-fried)] 1) Cut the tofu blocks in half lengthwise (so they're thinner and remove more moisture), then again into smaller pieces to help remove more moisture. | 2) Press out moisture from the tofu: the tofu on a plate, with a kitchen towel or paper towels above and below the tofu. Cover with another plate to slightly weigh it down to remove moisture for 20-30 minutes. This will help prevent the oil from splattering during frying. Here's how it looks after pressing. | 3) Fry the tofu. Heat a pot of oil to 300 F, then add 4-6 pieces of tofu at a time to fry until golden brown, making sure to move them around a bit right after adding so they don't stick. It should only be a few minutes each. Remove the fried ones to plate with paper towel to drain excess oil, and continue frying the rest until they're all fried. | [Tomato sauce] 1) Slice the tomatoes into bite sized pieces, about 4-8 pieces per tomato. It will help them cook quicker too. | 2) In a new medium sized pot, add all the sauce ingredients. Bring to a boil on high heat, then lower to simmer at 30% heat for about 10 minutes, or until tomatoes are cooked through and the liquid reaches your desired concentration. | 3) Taste the sauce at this point. See if it needs any more tomato paste, fish sauce, salt or sugar. If the tomatoes aren't super flavorful or ripe to start, I like to add more tomato paste, sugar, and maybe some salt at this point. | 4) Add the tofu to the pot, toss to combine. | 5) Keep mixing for a few minutes so the tofu warms up and soaks up some of the sauce. Retaste and adjust as necessary then top with sliced scallions and serve!",https://cdn.shortpixel.ai/spai2/q_glossy+ret_img+to_auto/www.hungryhuy.com/wp-content/uploads/dau-sot-ca-chua-1.jpg,Sides,Vietnamese,"crispy tofu, deep fried, tomatoes",111 kcal,5.0,12.0,27.0
Vietnamese Spring Rolls Recipe (Goi Cuon),"An authentic, delicious, and relatively easy Vietnamese recipe of spring rolls. Filled with pork, shrimp, rice noodles and veggies, this is a great snack you can prepare ahead of time too!",https://www.hungryhuy.com/how-to-make-goi-cuon-vietnamese-spring-rolls/,30m,50m,80m,10 rolls,"[Pork] 1/2 lb pork belly ,1 medium onion halved ,1 tsp sugar ,1 tsp salt | [Shrimp] 1/2 lb shrimp 31/35 size ,1/4 tsp salt | [Veggies and Other Ingredients] 1 head green leaf lettuce or red leaf lettuce ,1/2 bunch mint ,1/2 bunch chives ,1/2 pack dried spring roll wrapper (rice paper) ,1/3 pack dried rice noodles or dried bánh hỏi | [Peanut Dipping Sauce] 2 tbsp minced garlic ,2 tbsp neutral oil ,8 tbsp hoisin sauce ,2-3 tbsp peanut butter ,1/2 c water ,ground peanuts ,Sambal chile paste to taste, optional","[Cooking Pork] 1) Add 1/2 lb pork belly , 1 medium onion , 1 tsp sugar and 1 tsp salt to a small pot and add enough water to cover about 1 inch above the pork. Bring to a boil on high heat. | 2) Once boiling, lower to medium heat and cook for about 25-30 minutes or until pork juices run clear when poked at the thickest part, or it registers 145 F with an instant read thermometer at the thickest part. Cover the pork in a bowl as it cools so it doesn't darken. Once cool, slice the pork as thinly as you can to make rolling easier. | [Cooking Shrimp] 1) Defrost 1/2 lb shrimp in a bowl. Add enough water to cover the shrimp. Once defrosted, de-vein the shrimp. Hold a shrimp up to a light to locate the vein, pierce the whiter part (joint) of the shrimp just below the vein with a toothpick, and pull the toothpick upwards towards the shrimp back. Do this slowly to remove the vein. Piece again at another joint if the vein breaks to remove all traces of vein. Repeat with all your shrimp. | 2) Cook the shrimp: add all the shrimp, 1/4 tsp salt , and enough water in a small pot to barely cover your shrimp. Boil on medium-high heat for only about 1.5 to 2.5 minutes or until the shrimp is no longer translucent. Drain and run under cold water to stop the shrimp from cooking further. | 3) Remove the shells and tails from shrimp, and cut the shrimp in half along the body. | [Rice noodles] 1) Cook either your rice noodles according to the package instructions. Timing can vary drastically from 2-10 minutes depending on noodle thickness and brand. Drain and cool the noodles under running water to stop it from cooking further. | [Veggies] 1) Prepare your vegetables by cutting, washing, and drying them. | [Spring Roll Wrapping (Full Wrapping Guide)] 1) Add warm water to a plate or a vertical dipping bowl, and soak the rice paper sheet for about 3-6 seconds. Soak the rice paper just enough so that it's fully submerged then remove. It will continue to soften after removing from the water. We want it pliable and easy to handle, but not too soft and sticky. | 2) Lay rice paper on a plate or table, and place some rice noodle at the bottom. | 3) Add lettuce towards the bottom of the rice paper. Leave 1 to 1.5 inches of space on both sides of the rice paper. Add herbs on top. Try to not add too many items because it will be harder to roll and might tear your rice paper. | 4) Add pork belly and shrimp in the middle of the rice paper with the orange skin facing down. | 5) Fold the left and right sides of the rice paper towards the center. | 6) Lay some chives lengthwise with one end poking out. Then fold the bottom up to cover the noodles. You want to keep the roll tight, so lightly squeeze it together as you roll. | 7) Continue to roll upwards to complete the spring roll. | [Peanut Dipping Sauce (Full Recipe Post Here)] 1) In a pan over medium heat, saute 2 tbsp minced garlic in 2 tbsp neutral oil until fragrant. | 2) Add in 8 tbsp hoisin sauce , 2-3 tbsp peanut butter , and 1/2 c water and mix thoroughly. | 3) Bring to boil, and then immediately turn off the heat, add the Sambal chile paste and pour into heat safe dipping bowls. The sauce will slightly thicken as it cools. | 4) Sprinkle some ground peanuts on each sauce dipping bowl.",https://cdn.shortpixel.ai/spai2/q_glossy+ret_img+to_auto/www.hungryhuy.com/wp-content/uploads/goi-cuon-recipe-1.jpg,Appetizer,Vietnamese,"spring rolls, vietnamese",377 kcal,4.87,22.0,61.0
Thịt Kho - Vietnamese Braised Pork with Eggs,"Super tender pork, and seasoned hard-boiled eggs, thịt kho is really easy to make, and the comforting, traditional Vietnamese dish that reminds me of my childhood.",https://www.hungryhuy.com/how-to-make-thit-heo-kho-voi-trung-vietnamese-braised-pork-with-hard-boiled-eggs/,10m,120m,130m,5 servings,"[Ingredients] 2 lb pork I like 50% belly 50% shoulder ,tap water for first boil ,6 fl oz Rico coconut soda Coke or 7-Up works in a pinch ,3 tbsp fish sauce ,2 tsp salt ,filtered water ,4 tbsp caramel color (nuoc mau) Depending on how dark your caramel sauce gets, you may not need to use all of it. ,8 large hard-boiled eggs ,1 yellow onion split into 8 large chunks","[Instructions] 1) Cut the pork into 1.5"" cubes. I like this size for ease of eating, and it cooks faster than 1 huge chunk of pork. | 2) Bring 2-3 quarts of tap water boiling on high, or enough to fully submerge the pork. When the water's boiling, add the pork for 1-2 minutes just to clean it. Drain then rinse the pork under running water until the water is clear. | 3) Add the coconut soda, fish sauce and salt to the pot, then add filtered water so it just about covers the pork. | 4) Turn the heat to high. When boiling, lower heat to about 25% heat or until you still see a low boil. Simmer for about 1.5 to 2 hours total, leaving covered for the first 40 minutes. Check and stir the pot every 20 minutes. The longer you cook it, the softer the pork gets. After 40 minutes, remove the cover to let the liquid reduce so you get a more concentrated sauce later. | 5) Make the caramel color (nuoc mau) in a separate pot and add it to the pot of thit kho | 6) Make the hard-boiled eggs: add the eggs to a pot and cover the eggs with cold water by 1 inch. Bring to a boil on medium-high heat. Remove from heat and let it sit for 8 minutes. Cool under running water and peel the shells. | 7) During the last ~30-40 minutes of cooking add the peeled eggs and onions. | 8) The final goal is to reduce the liquid about 1/3 of the starting amount, but you can do it based your own taste of the sauce and pork softness. When the pork hits a doneness you like, re-season with salt or fish sauce, or add water to thin out to your taste. Remember you want it a bit saltier since it will dilute when eating with rice.",https://www.hungryhuy.com/wp-content/uploads/sq-1-thit-kho.jpg,"Dinner, Lunch",Vietnamese,"braised, eggs, fish sauce, pork, soy sauce",1128 kcal,5.0,52.0,141.0
