title,description,url,prep_time,cook_time,total_time,servings,ingredients,instructions,image_url,recipe_category,recipe_cuisine,keywords,calories,rating_value,rating_count,comment_count,review_count
Chicken Bamboo Noodle Soup (Bún Măng Gà),"Light, savory, and full of bamboo flavor and crunch, this chicken noodle soup is perfect for a comforting bowl that warms the soul without much effort.",https://vickypham.com/blog/chicken-bamboo-noodle-soup/,5m,50m,55m,7 servings,"[Ingredients] 1 lb bamboo, 3 lbs chicken (half of whole chicken or chicken pieces), 2 teaspoons chicken bouillon powder, 2 teaspoons salt, 1 teaspoon granulated sugar, 1/4 cup neutral oil (divided), 2 shallots (about 1 cup finely diced), 1 inch ginger (about 1/2 cup finely diced), 4 quarts water, 1 tablespoon coriander seeds (optional), 1 tablespoon salt, 1 tablespoon chicken bouillon powder, 20g rock sugar (or 1 tablespoon granulated sugar), 2 tablespoons fish sauce, 2 lbs dried rice vermicelli, Chili peppers, Limes, Ground black pepper, Fried shallots","[Instructions] 1) [Prepare the bamboo, chicken and pot] If using whole cone-shaped bamboo (1 lb), rinse well, slice into thin strips, rinse again, then boil for 5 minutes to remove the brine and strong aroma. Drain and set aside. Cut the chicken (3 lbs) into small pieces if using a whole chicken. Bring a large pot of water (4 quarts) to a boil. | 2) [Season and stir fry bamboo and chicken] Mix the seasoning ingredients (2 tsps chicken bouillon powder, 2 tsps salt, 1 tsp sugar) together and divide half to season the bamboo and chicken. In a large skillet, heat a little oil (2 tbsps) and sauté some of the shallot (1/2 cup) and ginger (1/4 cup) until fragrant. Add the chicken and stir-fry until lightly caramelized, about 5 minutes, then transfer to the stock pot. Do the same with the bamboo. Add more oil (remaining 2 tbsps) and more shallot (remaining 1/2 cup) and ginger (1/4 cup) to the pan, stir-fry the bamboo, then transfer to the stock pot. Add coriander seeds to a spice bag and also add to the pot. Alternatively, you can leave them loose and simply fish them out at the end for a clear broth. | 3) [Make the broth] Cook the stock on a medium-low simmer for about 30 minutes. Skim off any foam or impurities that rise to the surface. When done, remove the coriander seeds and season with salt (1 tbsp), chicken bouillon powder (1 tbsp), rock sugar (20g) or granulated sugar (1 tbsp), and fish sauce (2 tablespoons), adding a little at a time and tasting as you go. | 4) [Cook the noodles] Boil the rice vermicelli (2 lbs) according to package instructions, then rinse under cold water to prevent sticking. Drain well and set aside. | 5) [Assemble the bowls] Add a handful of noodles into a large bowl, ladle in hot broth with chicken and bamboo. Finish with green onions, fried shallots, ground black pepper, and a squeeze of lime. Add red chili peppers if you like it spicy and enjoy!",https://i0.wp.com/vickypham.com/wp-content/uploads/2025/08/2025_08_17-Bun-Mang-Ga59577.jpg?fit=3635%2C3635&ssl=1,entree,"Asian, Vietnamese","bun mang ga, vietnamese chicken bamboo soup, bamboo noodle soup, chicken noodle soup vietnamese, vietnamese noodle soup recipe, bamboo shoot soup, vietnamese bamboo soup, how to cook bamboo, vietnamese bun mang ga recipe, how to make bung mang ga, bun mang ga recipe, chicken and bamboo noodle soup recipe",,5.0,1,2,3
Quick and Delicious Chicken Udon,"This chicken udon is everything you want in a weeknight meal, flavorful and ready in about 30 minutes. Chewy noodles, a light broth, and tender chicken come together in one comforting bowl.",https://vickypham.com/blog/chicken-udon/,5m,30m,35m,5 servings,"[Ingredients] 2 tablespoon sesame oil, 1 lbs chicken thighs (cut into large chunks), 1/4 teaspoon fine sea salt, 1/4 teaspoon ground black pepper, 1 small yellow onion (cut into small chunks), 4 cloves garlic (minced), 1-inch ginger (unpeeled, cut into thick coins), 2.5 quarts water (10 cups), 1 tablespoon hondashi powder, 1 tablespoon light soy sauce, 2 tablespoons mirin, 1/2 teaspoon granulated sugar, 2 teaspoons salt, 2.75 lbs frozen udon, 1 tablespoon sesame oil, Thinly sliced green onions, Bok choy/choy sum","[Instructions] 1) [Pan fry the chicken and aromatics: ] In wide medium pot, heat sesame oil (2 tablespoons) over medium heat. Add chicken (1 lb), season with salt (1/4 teaspoon) and pepper (1/4 teaspoon), and cook until lightly browned. Stir in onion (1 bulb, small chunks), garlic (4 cloves, minced), and ginger (1-inch, sliced into coins) and sauté until fragrant. | 2) [Build the stock] Pour in 10 cups water. Bring to a boil uncovered (about 10 minutes), then reduce to a gentle simmer. Cook for 20 more minutes. Skim off any foam. If you prefer a clear broth, remove and discard the onion, garlic, and ginger at this stage if preferred. | 3) [Season the stock] Turn the stock into a wonderful broth by seasoning with dashi powder (1 tablespoon), soy sauce (1 tablespoon), mirin (2 tablespoons), sugar (1/2 teaspoon), and salt (2 teaspoons). Add a little at a time and taste as you go to fit your taste. | 4) [Prepare udon noodles: ] Bring a separate pot of water to a boil. Add frozen udon (2.75 lbs frozen) and cook just until loosened and heated through, about 1–2 minutes. Drain well, then toss with sesame oil (1 tablespoon) to prevent sticking. | 5) [Assemble] Divide noodles into bowls. Ladle hot chicken and broth over the top. Add blanched bok choy or choy sum and garnish with sliced green onions. Serve and enjoy.",https://i0.wp.com/vickypham.com/wp-content/uploads/2025/07/2025_09_23-Chicken-Udon50356-3.jpg?fit=3941%2C3941&ssl=1,Entree,"Asian, Japanese","chicken udon, easy chicken udon recipe, chicken noodle soup, udon noodle soup, chicken udon noodle soup, Japanese chicken udon, simple udon recipe, quick dinner ideas, Asian recipes, Japanese cuisine, homemade chicken broth, udon noodles with chicken, chicken udon soup, chicken udon recipe, easy chicken udon, homemade chicken udon, udon noodle soup with chicken",,,0,0,0
"Costco Salmon for Sashimi, Sushi and Poke","Trusting your senses and doing a bit of prep, Costco’s farm-raised salmon can make fresh and delicious sashimi, sushi, or poke.",https://vickypham.com/blog/costco-salmon-sashimi-sushi-poke/,25m,25m,25m,10 servings,"[Ingredients] 3 lbs Costco farm raised Atlantic salmon (skinless), 3 tablespoons fine sea salt","[Instructions] 1) [Shop early and inspect the salmon carefully] I like to buy farm-raised Atlantic salmon at Costco in the morning when it’s more likely to be fresh and not sitting in fishy liquid pooling in the package. Look for skinless fillets with a bright, even color. Also, pick a slab without much tearing in the flesh. Tearing tends to happen along the thick center. No tearing usually means less handling and a lower chance of cross-contamination. Even though it’s packaged, you can often still give it a quick sniff. If it smells strongly fishy, avoid it. | 2) [Remove pin bones and slice] Take the salmon out of the package and run your hand along the center to feel for any pin bones. Remove any you find with your fingers or tweezers. Cut the salmon into smaller sections for easier handling. I like to use the belly and top back portions for sashimi and poke. The thick center loin I usually stock away and save for cooked dishes. Rinse the selected sections thoroughly with cold water. Drain well and pat dry with paper towels. | 3) [Salt cure] Rub the salmon pieces generously with salt on all sides, then place them on a rimmed plate or bowl to catch any liquid drawn out during curing. Cover and refrigerate for 25 minutes. This short cure helps remove any lingering fishy smell and improves the texture. Avoid curing longer than 25 minutes, or the salmon may become too firm for sushi. | 4) [Rinse] After 25 minutes, rinse the salmon under cold running water and pat dry with paper towels. You can use it immediately for sushi. If not using right away, wrap it tightly in plastic and store it in a bag or airtight container and freeze for future use. | 5) [Enjoy] Slice for you sushi making needs. Slice into then strips for sashimi and cubes for poke bowls.",https://i0.wp.com/vickypham.com/wp-content/uploads/2025/08/2025_08_08-salmon-costco-sasahimi-and-poke504356.jpg?fit=3631%2C3631&ssl=1,"entree, side dish","Asian, Japanese","costco salmon sushi, costco salmon sashimi, costco salmon poke, farm raised salmon sushi, farm raised salmon sashimi, farm raised salmon poke, costco atlantic salmon raw, sushi grade salmon costco, is costco salmon safe to eat raw, preparing salmon for sushi",,,0,0,0
Crispy Vietnamese Oven-Roasted Pork Belly (Heo Quay),An easy crispy roasted pork belly recipe using the oven with simple pantry ingredients. Enjoy perfectly puffy and crispy crackling with juicy and tender meat.,https://vickypham.com/blog/crispy-oven-roasted-pork-belly-thit-heo-quay/,20m,60m,80m,8 servings,"[Ingredients] 3 lbs skin-on pork belly, 1 1/2 teaspoons sea salt, 1 teaspoon granulated sugar, 1/2 teaspoon Chinese five-spice powder, 1 teaspoon ground black pepper, 1/4 cup distilled white vinegar, 1-inch ginger (unpeeled, cut into thin coins), 1 small shallot (peeled, cut into thick wedges)","[Instructions] 1) [Clean pork belly] Scrub pork belly (3 lbs) thoroughly clean with about one additional tablespoon of salt. Scrape skin clean with knife. Rinse then wipe down pork belly dry with paper towels. | 2) [Marinate] Combine salt (1-1/2 teaspoons), sugar (1 teaspoon), Chinese five-spice powder (1/2 teaspoon), ground black pepper (1 teaspoon), and vinegar (1/4 cup) in a bowl and rub this mixture onto the pork belly, including the skin. | 3) [Prepare pan] Add aromatics to baking tray. Transfer pork belly on top with skin facing up. Use the aromatics to prop up any low areas if needed so that the skin is leveled. If using foil, wrap foil around the edges tightly to cover the meat area to prevent burning (optional). Set aside for 15 minutes or overnight in the fridge uncovered for better results. | 4) [Roast in oven] Preheat oven to 450°F. When ready to bake, wipe the skin completely dry with paper towels. Transfer pork belly in the middle position and roast for about 45 minutes. | 5) [Broil for crispy skin] Switch to broil on high (about 400°F) for about 15 minutes. Watch carefully to prevent scorching. If some areas of skin is burning, cover with small pieces of foil. If some area are not popping, move it around, rotate, prop up the low areas with more aromatics or small pieces of foil so it’s closer to the broiler. | 6) [Cut] Once the skin is evenly puffy, carefully remove from oven, transfer to a cutting board. Allow it to rest for 15 minutes before slicing into bite-sized pieces.",https://i0.wp.com/vickypham.com/wp-content/uploads/2025/09/2025_09_18-Oven-Roasted-Pork-Belly50547.jpg?fit=3514%2C3514&ssl=1,"side dish, appetizer","Asian, Chinese, Vietnamese","heo quay recipe, how to make heo quay, thit heo quay, how to make thit heo quay, Vietnamese roasted pork belly with oven, Vietnamese oven roasted pork belly, crispy Asian pork belly, crunchy pork belly oven recipe, authentic roasted pork belly recipe, authentic heo quay recipe, authentic Vietnamese roasted pork belly",,,0,0,0
Crispy Salt and Pepper Tofu (Đậu Hũ Rang Muối),"Golden and crispy on the outside, soft on the inside, this fried tofu is my favorite go-to vegetarian (and vegan) dish. And ready in under 20 minutes!",https://vickypham.com/blog/crispy-salt-pepper-tofu/,5m,10m,15m,4 servings,"[Ingredients] 1 small shallot or 1/2 yellow onion, 1 green onion, 1 jalapeno and 1 small bell pepper, 1 tablespoon minced garlic, 12 oz firm tofu, 1/4 teaspoon salt, 1/8 teaspoon ground black pepper (can sub with white pepper), 1/3 cup potato starch (can sub with tapioca starch or corn starch), Neutral oil for frying (about 1 cup), 1/8 teaspoon salt, 1/8 teaspoon sugar (optional), 1/8 teaspoon ground black pepper (can sub with white pepper), 1/8 teaspoon MSG (optional), 1/8 teaspoon five spice powder (optional)","[Instructions] 1) [Prepare aromatics] Thinly slice the green onion and jalapeno, slice the shallot or onion into thin wedges, and dice the bell pepper if using. Set everything aside. | 2) [Prepare tofu] Remove tofu (12 oz) from the package, drain any liquid, and pat dry with paper towels. Cut into 1-inch cubes then pat dry with towels again. Transfer tofu cubes into a wide, shallow bowl. Season with salt (1/4 tsp) and pepper (1/8 tsp), then lightly toss with potato starch (1/3 cup) until evenly coated. | 3) [Fry tofu] Pour enough oil into a wide wok or skillet to reach about 1/4 inch deep. Heat over medium-high until it reaches 350°F, or until a pinch of starch sizzles rapidly. Fry the tofu for about 5 minutes or until golden. If working with a smaller skillet, fry in batches to prevent overcrowding. Transfer to a wire rack or a plate lined with paper towels to drain excess oil. | 4) [Make seasoning mixture] In a small bowl, mix together the seasoning blend (1/8 tsp salt, optional sugar, ground black pepper, optional MSG, and optional Chinese five spice powder). | 5) [Put it all together] If reusing the frying pan, pour off the oil, leaving only a thin layer (about 2 tablespoons). Heat over high, add the aromatics, and stir just until fragrant. Return the fried tofu to the pan, sprinkle with the seasoning blend, and toss over high heat until the tofu is evenly coated and the salt in the mixture is lightly toasted. | 6) [Serve] Transfer to a platter and serve warm. Enjoy immediately for best results.",https://i0.wp.com/vickypham.com/wp-content/uploads/2025/08/2025_08_11-Salt-Pepper-Tofu59397-1.jpg?fit=2312%2C2312&ssl=1,"side dish, appetizer","Asian, Vietnamese, Chinese","crispy fried tofu, dau hu rang muoi, Vietnamese fried tofu, vegetarian Vietnamese recipe, vegan Vietnamese recipe, tofu with salt and pepper, fried tofu with garlic, quick tofu recipe, easy tofu snack, tofu side dish",,5.0,1,2,3
Filipino Vinegar Soy Dipping Sauce,"Tangy, savory, and refreshing, this Filipino vinegar soy sawsawan is a must-try. Pair it with crispy pork belly to cut through the richness, or enjoy it with fried tofu or eggs.",https://vickypham.com/blog/filipino-vinegar-soy-dipping-sauce/,10m,10m,10m,1 cup,"[Ingredients] 2 tablespoons soy sauce (Datu Puti brand preferred), 3 tablespoons cane vinegar (Datu Puti brand preferred), 2 tablespoons granulated cane sugar, 1/2 cup finely diced cucumber, 1/4 cup finely diced shallots, 1 tablespoon freshly minced garlic, 3 red chili peppers (thinly sliced)","[Instructions] 1) [Mix] In a small bowl, mix the soy sauce (2 tablespoons), vinegar (3 tablespoons), and sugar (2 tablespoons) until the sugar dissolves. | 2) [Add vegetables and aromatics] Toss in the cucumbers (1/2 cup), shallot (1/4 cup), garlic (1 tablespoon), and red chili peppers (3). | 3) [Finish] Stir to combine and enjoy with your favorite protein dishes.",https://i0.wp.com/vickypham.com/wp-content/uploads/2025/09/2025_09_03-FIlipino-vinegar-soy-dipping-sauce59880.jpg?fit=3111%2C3111&ssl=1,Condiment,"Asian, Filipino, Southeast Asian","filipino vinegar soy dipping sauce, filipino sawsawan recipe, soy sauce vinegar dip, filipino dipping sauce for lechon, vegan filipino dipping sauce, filipino cane vinegar sauce, vinegar soy sauce dip with cucumber, filipino garlic chili sauce, soy dipping sauce, easy dipping sauce, asian dipping sauce with soy sauce, asian dipping sauce",,,0,0,0
How to Prepare Aloe Vera Jelly for Boba Drinks (Nha Đam),"Cool, chewy, and refreshing, here’s how to prep fresh aloe vera at home so you can scoop it straight into your favorite boba drinks.",https://vickypham.com/blog/how-to-prepare-aloe-vera-jelly-for-boba-drinks/,10m,1m,11m,2 cups,[Ingredients] 1 large aloe vera leaf (1 lb),"[Instructions] 1) [Soak the open end] After cutting the leaf, place the open end in a bowl of water for about 15 minutes to drain out the bitter yellow sap. If you bought the leaf from the store, the cut end has likely sealed, so slice it open again before soaking. | 2) [Filet it like a fish (only one side)] Slice away the green skin on just one side, using the tail end as a holder. Trim off the spiny edges on both sides. With one side of skin still attached, cut the gel into small cubes without slicing all the way through. Gently filet the other side so the cubes loosen, then lift the whole leaf to transfer the cubes into a bowl. | 3) [Rinse] Rinse the cubes under cold running water until they are no longer slimy. Transfer the cubes to a colander to let any remaining sap drain. | 4) [Blanch] Bring a small pot of water to a boil. Add the cubes and cook for 1 minute. Drain into colander and rinse again under cold water. | 5) [Serve] Store as is in an airtight container (my preference), or store it in syrup or toss with a bit of sugar. It will last in the fridge for up to 3 days until ready to use. Add them to your favorite boba drinks and enjoy!",https://i0.wp.com/vickypham.com/wp-content/uploads/2025/10/2025_09_24-Preparing-Aloe-Vera-for-Drinks505233.jpg?fit=3145%2C3145&ssl=1,Condiment,"Asian, Taiwanese","aloe vera boba, aloe vera topping, aloe vera for bubble tea, aloe vera jelly, how to prepare aloe vera, aloe vera cubes, aloe vera drink topping, bubble tea toppings, homemade aloe vera jelly",,,0,0,0
Vietnamese Beef Meatballs (Bò Viên) for Phở,"Springy, bouncy Vietnamese beef meatballs (bò viên). Perfect for adding to pho noodle soup or enjoying on their own as a tasty snack.",https://vickypham.com/blog/vietnamese-beef-meatballs-bo-vien-for-pho-noodle-soups/,10m,5m,15m,20 meatballs,"[Ingredients] 500g/about 1.1 lbs ground beef (80 to 90% lean; one package from Costco; partially frozen into thin sheets), 2 tablespoon finely minced shallot (1 shallot or 2 teaspoons onion powder), 1 tablespoon finely minced garlic (3 large cloves or 1 teaspoon garlic powder), 1/2 teaspoon salt, 1/2 teaspoon ground black pepper, 1/2 teaspoon MSG (optional), 1 tablespoon granulated sugar, 1 tablespoon fish sauce, 2 teaspoons baking powder, 2 tablespoons corn starch, 1 tablespoon cold water","[Instructions] 1) [Make the paste mixture] Tear the partially frozen beef (500g) into small pieces and place them in a stand mixer bowl. Add shallot (2 tablespoons), garlic (1 tablespoon), salt (1/2 teaspoon), ground black pepper (1/2 teaspoon), MSG (optional 1/2 teaspoon), sugar (1 tablespoon), fish sauce (1 tablespoon), baking powder (2 teaspoons), corn starch (2 tablespoons), and cold water (1 tablespoon). Mix on low speed with a paddle attachment, then increase to medium until the beef forms a sticky, smooth paste (about 5 minutes). | 2) [Cook and shape meatballs] Bring a medium pot of water to a gentle simmer (not a rolling boil) and have a bowl of cold water nearby. Wet your hands or spoon with the cold water then scoop out and form small meatballs (about 1-inch in diameter). Gently add them to the simmering pot. Cook for about 5 minutes. Alternatively, you can use the traditional shaping method: wet one hand with cold water, grab a handful of meat paste, and squeeze it out between your thumb and index finger to form a meatball. | 3) [Serving and storage] Once cooked, scoop out the meat balls with a slotted spoon or small colander. They’re ready to use in noodle soups or on their own as an appetizer. Once cooled, you can storage them in the freezer for future use. They will last for up to 2 months.",https://i0.wp.com/vickypham.com/wp-content/uploads/2025/10/2025_10_04-Bo-Vien-Vietnamese-meatballs50633-3.jpg?fit=3698%2C3698&ssl=1,side dish,"Asian, Vietnamese","bo vien, how to make bo vien, how to make Vietnamese beef meatballs for pho, how to make Vietnamese beef meatballs, pho bo vien, homemade bo vien, Vietnamese meatballs recipe, Vietnamese pho toppings, how to make bo vien, beef meatball pho, vietnamese beef balls, fried bo vien, bo vien on a stick, how to make bouncy meatballs",,,0,0,0
Vietnamese Braised Pork Spare Ribs and Quail Eggs (Sườn Rim Trứng Cút),"Tender, sweet-and-savory pork ribs with hard-boiled quail eggs that's perfect with a bowl of hot steamed rice.",https://vickypham.com/blog/vietnamese-braised-pork-spare-quail-eggs/,15m,45m,60m,5 servings,"[Ingredients] 2 lbs pork spare ribs, 20 fresh quail eggs, 1 small shallot (finely diced), 3 large cloves (finely diced), 1 tablespoon chicken bouillon powder, 3 tablespoons fish sauce, 1 tablespoon oyster sauce, 1 teaspoon ground black pepper, 1/4 teaspoon caramel cooking syrup (see notes below), 2 tablespoons granulated sugar, 1 1/2 cups water, 2 tablespoons neutral oil, 1 green onion (thinly sliced, whites and greens separated), Red chilies (optional)","[Instructions] 1) [Preparations] Bring a medium pot of water to a boil. Boil quail eggs for 5 minutes, then transfer to an ice bath to cool. Peel and set aside. Cut pork spare ribs into bite-sized pieces. Blanch in the boiling water for 3 minutes, or until scum rises. Drain and rinse under cold running water until clean. | 2) [Toast aromatics] Clean the pot if reusing. Heat oil over medium-high heat. Add shallots, garlic, and the whites of green onions. Sauté for about 15 seconds until fragrant. | 3) [Cover and braise] Add blanched pork ribs and toss to coat with aromatics. Stir in chicken bouillon, fish sauce, oyster sauce, ground black pepper, caramel cooking syrup, and sugar. Add water, cover, and braise over medium-low heat for 30 minutes. | 4) [Uncover and glaze] Remove the lid and add hard-boiled quail eggs, tossing gently to coat. Cook for about 15 minutes, or until the sauce reduces by half. Turn occasionally for even color. Taste test and add more fish sauce if needed. | 5) [Finish] Garnish with the remaining green onions, extra ground black pepper, and optional chili peppers. Serve hot with steamed rice and a vegetable side dish for a complete meal.",https://i0.wp.com/vickypham.com/wp-content/uploads/2025/09/2025_09_10-Thit-Kho-Trung-Cut-Braised-Pork-Ribs-Quail-Eggs50284-1.jpg?fit=3681%2C3681&ssl=1,side dish,"Asian, Vietnamese","vietnamese caramelized pork ribs, suon ram man trung cut, suon rim, suon rim trung cut, pork ribs with quail eggs, vietnamese braised ribs, vietnamese home cooking, vietnamese pork spare ribs, rice with pork ribs, caramelized pork ribs recipe, braised pork ribs recipe, vietnamese pork ribs recipe, vietnamese pork recipe, vietnamese quail egg recipe",,,0,0,0
Vietnamese Chicken Floss (Chà Bông Gà),"Fluffy and slightly salty, this recipe turns chicken into a long-lasting topping or snack. Sprinkle it over rice, sticky rice, porridge, or enjoy it by the handful. Makes about 3 cups.",https://vickypham.com/blog/vietnamese-chicken-floss-cha-bong-ga/,5m,32m,37m,3 cups,"[Ingredients] 1 lb boneless, skinless chicken breasts, 2 tablespoons fish sauce, 1 teaspoon chicken bouillon powder, 2 teaspoons granulated sugar, 1 teaspoon ground black pepper, 2 tablespoons neutral oil, 1 small shallot (finely diced, about 1/2 cup), 1/4 teaspoon salt (or more to taste at end)","[Instructions] 1) [Poach chicken] Trim any excess fat from the chicken, if needed. Place the chicken in a pot and add just enough water to cover. Bring to a boil, then reduce to a gentle simmer and cook until just done (about 8-10 minutes). | 2) [Shred and season chicken] Transfer chicken to a bowl of a stand mixture with either a paddle or whisk attachment. Add fish sauce (2 tablespoons), chicken bouillon powder (1 teaspoon), sugar (2 teaspoons), and ground black pepper (1 teaspoon). Mix until chicken is shredded and seasonings evenly mix. You can alternatively do the shredding and fluffing by hand when chicken is cool enough to handle. There’s no need for the floss texture at this point. | 3) [Dry chicken] Transfer the seasoned and shredded chicken to a wide non-stick skillet or wok. Add oil (2 tablespoons) and shallot (1/2 cup) and toast until moisture in the shallot is mostly cooked off (about 1 minute). Cook over medium to low heat, stirring constantly to prevent burning. This step can take about 15 minutes. Keep stirring until the chicken is completely dry and lightly browned. | 4) [Make floss] Transfer back to the mixer and mix until you get a fluffy texture (about 5 minutes on medium speed). Taste and add more salt (about 1/4 teaspoon), if needed. | 5) [Enjoy] as snack, topping for rice, porridge or sticky rice, or as a filling for banh mi.",https://i0.wp.com/vickypham.com/wp-content/uploads/2025/07/2025_07_23-Cha-Bong-Ga59214.jpg?fit=3531%2C3531&ssl=1,"side dish, snack","Asian, Vietnamese","vietnamese chicken floss, cha bong ga, shredded chicken topping, dried chicken floss, how to make chicken floss, chicken floss for congee, chicken floss for rice porridge, rice porridge topping, vietnamese meat floss, cha bong recipe, asian chicken floss, chicken floss for rice, how to make vietnamese chicken floss, quick and easy chicken floss recipe",,5.0,1,1,2
Vietnamese Coffee Brownies with Sweetened Condensed Milk,"Vietnamese coffee brownies topped with streaks of sweetened condensed milk. Easy to make and impossible to resist, this recipe includes instructions for a crackly top, fudgy center, or cakey texture. The choice is yours.",https://vickypham.com/blog/vietnamese-coffee-sweetened-milk-brownies/,15m,30m,45m,12 pieces,"[Ingredients] 2 large eggs, 1 cup (218g) granulated white sugar, 2 teaspoons vanilla extract, 3/4 cup (174g/1.5 sticks) unsalted butter, 1/2 teaspoon salt, 1 cup (150g) all-purpose flour, 1/3 cup (30g) unsweetened cocoa powder, 1 pack (16g) G7 Vietnamese instant coffee, Sweetened condensed milk (for drizzle, about 1 tablespoon)","[Instructions] 1) [Preheat oven] to 350°F. Line a 8×6-inch or similar size pan with parchment paper, using a little butter (3/4 cup/174g/1.5 sticks) to help the paper stick to the pan. | 2) [Mix wet ingredients] In a large mixing bowl, whisk the eggs (2), sugar (1 cup/218g), and vanilla extract (2 teaspoons) until frothy. See the notes below for an optional crackly top. Melt the butter in the microwave (about 1 minute). Slowly whisk in the butter mixture. | 3) [Mix dry ingredients] In a medium bowl, sift together the salt (1/2 teaspoon), flour (1 cup/150g), cocoa powder (1/3 cup/30g), and Vietnamese coffee (1 pack/16g) until combined. See notes below for a more cakey texture. Fold flour mixture into the wet mixture until just combined. | 4) [Bake] Pour the batter into the pan, even out the top, and gently tap on counter (with towels underneath recommended) to release air bubbles. Drizzle thin streaks of sweetened condensed milk over the top (avoid large blobs, which can create holes and burn). Bake for about 30 minutes, or until the edges are set. Let cool completely in the pan, then cut into 12 pieces (4×3) and enjoy!",https://i0.wp.com/vickypham.com/wp-content/uploads/2025/09/2025_09_04-Vietnamese-cofffee-brownies504711-2.jpg?fit=3103%2C3103&ssl=1,Dessert,"American, Vietnamese, Fusion","vietnamese coffee brownies, sweetened condensed milk brownies, fudgy vietnamese brownies, crackly top brownies, easy vietnamese dessert, homemade coffee brownies, vietnamese dessert recipe, fudgy brownies recipe, vietnamese sweet treats, coffee flavored brownies, quick vietnamese brownies, rich coffee brownies, simple brownie recipe, vietnamese inspired brownies, condensed milk brownies",,,0,0,0
Winter Melon Tea with Basil Seed (Trà Bí Đao Hột É),A refreshing Vietnamese iced drink made with sweet winter melon tea and basil seeds. This recipe uses a convenient store-bought winter melon tea brick for quick and easy preparation at home.,https://vickypham.com/blog/winter-melon-tea-basil-seeds/,1m,5m,6m,5 servings,"[Ingredients] 1/3 preserved winter melon brick/concentrate (about 165g), 2 quarts water, 1 heaping tablespoon basil seeds (about 15g)","[Instructions] 1) [Make the tea] Divide the brick into thirds. Use a meat cleaver and mallet if the brick is too hard to cut, or shave it from the edges into delicate, quick-dissolving strips. Bring a pot of water to a boil, add about 1/3 of the tea brick, and let it dissolve completely over low heat then turn off heat. | 2) [Add basil seeds] While the mixture is still warm, add the basil seeds. Depending on where you got them, you may want to rinse them first with cold water to remove any dust or debris. | 3) [Chill and serve] Allow to cool to room temperature, then transfer to a pitcher and refrigerate. When ready to serve, pour over ice and enjoy.",https://i0.wp.com/vickypham.com/wp-content/uploads/2025/09/2025_09_21-Wintermelon-Tea-Basil-Seeds505112-1.jpg?fit=3010%2C3010&ssl=1,"Drinks, Desserts","Asian, Vietnamese, Chinese","winter melon tea pulp, trà bí đao, vietnamese winter melon tea, nước bí đao, hột é drink, basil seed tea, vietnamese refreshing drink, nuoc hat e, nuoc bi dao, nuoc hot e, asian ice drinks, asian herbal ice drinks, easy vietnamese drink recipe",,,0,0,0
Vietnamese Savory Square Cake for Lunar New Year (Bánh Chưng),"Get ready for Lunar New Year with this easy-to-follow Bánh Chưng recipe! This recipe includes both stovetop and pressure cooker options, plus a step-by-step wrapping tutorials to make preparation a breeze. This recipe makes four cakes with each cake yielding about 4 servings.",https://vickypham.com/blog/banh-chung/,480m,150m,630m,4 rice cakes,"[Ingredients] Pork Belly, 1½ lbs pork belly (skin-on preferred), ½ teaspoon sea salt, ½ teaspoon granulated sugar, ½ teaspoon fish sauce, ¼ teaspoon ground black pepper, 2 tablespoons shallots (finely minced), ½ teaspoon chicken bouillon powder (optional but recommended), 5 cups sweet rice (also known as glutinous rice), 2 teaspoons sea salt, 2 cups dried split mung beans, 1½ teaspoons sea salt, 16 oz banana leaves (1 frozen package), 4 strings (90 inches in length each), Square or similar size shape mold with a 2-inch height","[Instructions] 1) [Soak rice and beans] Rinse the dried glutinous rice grains in a colander until water runs clear. Transfer to a mixing bowl and cover with water. Do the same for the dried mung beans. Drain the rice and mung beans into separate bowls and season with salt. | 2) [Marinate pork] To remove surface impurities and any unwanted odor, generously rub the pork belly with coarse salt. Rinse thoroughly under running water to remove the salt and pat the pork belly dry with paper towels. Cut into thin slices or 4 slabs that will fit the center of the mold. Season pork belly with salt, sugar, fish sauce, ground black pepper, shallots, and bouillon powder. | 3) [Prep banana leaves (next day)] Thaw the banana leaves if frozen. We will be using 4 sheets of banana leaves per cake, one for each corner. This recipe makes 4 cakes so we will need 16 sheets. Keep extras in case of tearing. The width of the banana leaf is the width of the short side of the mold, plus one of its sides (2 inches). See picture in blog for reference. Cut with scissors to ensure a sharp 90° angle on all corners. Rinse sheets with hot water to clean. Wipe with paper or kitchen towels to dry and remove any white residue. | 4) [Fold banana leaves] For each leaf, refer to folding pictures in the blog to get the edge for the mold. | 5) [Filling] Divide the rice, beans, and pork belly into four. For each cake, start with a thin base of rice, making sure to go all the way to the four corners. Then add a thin layer of mung beans in the center. Do not go all the way to the edge. Add pork on top of the mung beans. Cover pork with mung beans then cover everything with rice, making sure the rice completely goes all the way to the edge. Fold the banana leaves down like you would a present. | 6) [Tying] Put the center of the string across the folds to hold them down. Flip the mold upside down. Remove the mold. Make a loose knot at the center. Turn the knot 90° to change direction and quickly flip the cake. Continue making loose knots and turning the knot 90° until the cake is evenly wrapped with three vertical strings and three horizontal strings. If wrapping fails, just wrap it as best you can with strings and cover the whole thing with foil or saran wrap. See pictures in blog for reference. | 7) [Cooking Option 1 - Stove top] Boil the rice cakes in a large 8-quart stockpot on the stovetop on a medium-low simmer, covered. Make sure they are always submerged in water to ensure even cooking. Use a large ceramic bowl or plate to weigh the cakes down if needed. Stove-top cooking will take about 7 hours. Check the water level occasionally and add water as needed. | 8) [Cooking Option 2 - Pressure cooker] Add the cakes into the inner pot of an 8-quart pressure cooker. Add water to the maximum fill line and pressure cook on high for two hours and 30 minutes. Once done, allow the pressure cooker to depressurize on its own (about one hour). | 9) [Removal] Once cooked, remove the rice cakes and drain dry. Press it under some weights such as a cutting board and a bag of flour on top. This helps to remove excess water and make the top and bottom completely flat. Allow the rice cakes to cool to room temperature. Remove all the strings and banana leaves. Slice into quarters with an oiled knife or thin string before serving. | 10) [Serving] Bánh Chưng can be enjoyed, as is, at room temperature. You can also pan-fry the pieces in a bit of oil for a golden crunchy crust and enjoy it warm.",https://i0.wp.com/vickypham.com/wp-content/uploads/2024/08/ea0f5-2024_02_01eosm59351-edit.jpg?fit=1000%2C1000&ssl=1,"entree, side dish","asian, vietnamese","bánh chưng, banh chung recipe, bánh chưng recipe, banh chung, lunar new year, Vietnamese lunar new year, tet, tết, tet recipes, tết recipes, tet recipes, how to make banh chung, how to wrap banh chung, Vietnamese banh chung recipe, banh chung recipe, how to make Vietnamese banh chung, banana leaf, banana leaves, how to wrap banh chung, authentic Vietnamese banh chung recipe, pork belly, mung beans, how to tie banh chung, Vietnamese savory sticky rice cake, Vietnamese rice cake with pork belly, Vietnamese square rice cake, Vietnamese square rice cake recipe, Vietnamese sticky rice cake, Vietnamese sticky rice cake recipe, lunar new year banh chung recipe, what is banh chung made of, what is the difference between banh tet and banh chung, what is the difference between banh chung and banh u, is banh chung eaten hot or cold, traditional Vietnamese lunar new year cake, traditional Vietnamese lunar new year square cake, traditional Vietnamese savory rice cake with pork belly and mung beans, Vietnamese square sticky rice cake recipe. Vietnamese square sticky rice cake, banh chung tutorial, banh chung guide with pictures, instant pot banh chung, how to make banh chung in instant pot, banh chung stove top, banh chung instant pot, pressure cooker, how to make banh chung in a pressure cooker, pressure cooker banh chung, banh chung pressure cooker, Vietnamese tet rice cake, Vietnamese tet square rice cake",,,0,0,0
Easy Blanched Bok Choy,"Easy and delicious, this blanched bok choy recipe is a great way to eat your veggies. Infused with sesame oil and a touch of salt, it cooks and seasons simultaneously for a perfect, fuss-free side dish.",https://vickypham.com/blog/easy-blanched-bok-choy/,3m,2m,5m,2 serving(s),"[Ingredients] 10 oz bok choy, 2 teaspoons salt, 1 tablespoon sesame oil","[Instructions] 1) [Prepare pot] Fill your stock pot with water – enough to fully submerge the bok choy. Bring the water to a boil over high heat. Add salt and stir to evenly disperse the salt. | 2) [Clean bok choy] While we are waiting for the water to come to a boil, clean the bok choy. Cut off the base of each head so the stems separate easily or just pull apart the leaves. Soak the bok choy in water and remove any dirt. Dirt and sand tend to collect on the bottom part of the stems so give it a good scrubbing. Rinse and set aside. | 3) [Add sesame oil] Once the water is boiling, add sesame oil. Stir the water to ensure the oil is evenly dispersed. | 4) [Blanch bok choy] Add bok choy and blanch for 2 minutes. Make sure to gently push it down into the water for even cooking and seasoning. Watch for the leaves to turn a bright green and become slightly wilted, but still crisp. Avoid overcooking; the bok choy should retain some crunch. Using tongs or a slotted spoon, transfer bok choy to a serving platter. Tilt the platter to drain off any excess water. | 5) [Finish] The bok choy is best served warm, so consider serving it immediately. For an extra touch, sprinkle the top with toasted sesame seeds. If you like it spicy, consider a drizzle of chili oil or a sprinkle of red pepper flakes. Enjoy as is or with rice or noodles. Add proteins such as chicken, fish, tofu, or a fried egg for a more complete meal.",https://i0.wp.com/vickypham.com/wp-content/uploads/2024/08/1992e-2023_12_30eosm58964.jpg?fit=2500%2C2500&ssl=1,side dish,asian,"simple bok choy recipe, blanching vegetables, sesame oil flavor, easy vegan side dishes, healthy green vegetables, quick Asian recipes, minimalist cooking, fresh bok choy dish, nutty sesame aroma, easy bok choy recipe, best and simple bok choy recipe, bok choy side dish, bok choy recipe, sesame oil, salt, quick vegetable side dish, quick bok choy recipe, perfect vegetable side dish, how to blanch bok choy, how to cook bok choy",,,0,0,0
Hawaiian Butter Mochi,"Craving a crowd-pleasing dessert this holiday season that's easy on the effort yet big on flavor? Look no further than this baked Hawaiian mochi! It's a yummy treat – bouncy, not overly sweet, and simply divine.",https://vickypham.com/blog/hawaiian-butter-coconut-baked-mochi/,5m,85m,90m,12 serving(s),"[Ingredients] 2 large eggs, ¾ cup granulated cane sugar, 2 cups coconut milk (see notes below), ¼ cup melted salted butter (and a bit of solid butter to grease pan), 1 teaspoon vanilla extract, 8 oz mochiko flour (sweet glutinous rice flour), ½ teaspoon baking powder (double-acting)","[Instructions] 1) [Preheat] the oven to 350°F. Butter an 8×6-inch baking pan then place parchment paper on the bottom and sides. | 2) [Make the batter] In a large bowl, mix eggs, sugar, coconut milk, melted butter, and vanilla extract until well combined. Mix in sweet rice flour and baking powder. Pour the mix into your prepared pan. | 3) [Bake] for 1 hour and 25 minutes or until top is golden. Allow to cool down completely then lift the whole cake straight out of the pan by using the parchment paper. | 4) [Serve] Cut into 12 squares with a sharp knife and enjoy.",https://i0.wp.com/vickypham.com/wp-content/uploads/2024/08/77892-2023_12_14eos2bm507351.jpg?fit=2500%2C2500&ssl=1,dessert,"hawaiian, japanese","Hawaiian butter mochi, baked mochi recipe, how to make mochi, how to make baked mochi, coconut mochi, butter mochi, coconut mochi recipe, butter mochi recipe, mochi recipe, Hawaiian dessert, coconut milk recipe, sweet rice flour recipe, chewy dessert, easy baking, gluten-free dessert, not-too-sweet Hawaiian butter coconut mochi, best baked mochi recipe, how to make authentic baked mochi",,4.0,3,10,13
House Mayo/Butter (Bơ) for Vietnamese Sandwich Bánh Mì,"No Vietnamese sandwich, or bánh mì, is complete without its rich yellow smear of Vietnamese-style mayo. This recipe makes about ¾ cup mayo.",https://vickypham.com/blog/house-mayo-banh-mi/,5m,5m,5m,¾ cup,"[Ingredients] ½ cup vegetable oil (see notes below), 1 large shallot (peel and slice into wedges), 2 large cloves garlic (peel and lightly smash), 3 egg yolks (room temperature), ¼ teaspoon salt, 1 tablespoon rendered pork/chicken fat (optional)","[Instructions] 1) [Make the shallot/garlic oil] Add shallots and garlic to room temperature oil then heat on medium-high. Once shallots and garlic are golden, strain the oil. Save the fried aromatics for another dish or enjoy them like crunchy potato chips like I do. Allow the oil to cool completely to room temperature before making the mayo. | 2) [Whisk the yolks] until smooth and pale yellow. | 3) [Time to emulsify] Slowly drizzle in the oil. Aim for a thin stream and whisk continuously to incorporate the oil as you go. I like to use a squeeze bottle but you can also use anything with a small spout/lip for easy pouring. You can also scoop spoonful of oil at at time. If using rendered pork/chicken, heat it until melted and pourable, then slowly drizzle it into the mixture while whisking. | 4) [Season] with salt. You can use the mayo immediately for your banh mi or transfer to an airtight container and refrigerate. Use within 3 days for best results.",https://i0.wp.com/vickypham.com/wp-content/uploads/2024/08/988a4-2023_12_18eosm507457.jpg?fit=2500%2C1667&ssl=1,condiment,"asian, vietnamese","Vietnamese mayo, Vietnamese butter, Vietnamese mayo recipe, Vietnamese butter recipe, Vietnamese mayo for banh mi, Vietnamese butter for banh mi, what is in a banh mi, sot bo trung, sốt bơ trứng, what is banh mi mayo made of, bánh mì mayo, bánh mì butter, why is Vietnamese mayo so yellow, what is the difference between Vietnamese mayonnaise and regular mayonnaise, what is the difference between Vietnamese mayo and regular mayo, Vietnamese mayonnaise, how to make Vietnamese mayonnaise, how to make Vietnamese butter for banh mi, how to make Vietnamese butter, what is banh mi sauce made of, easy Vietnamese mayo, easy Vietnamese butter for banh mi, Vietnamese bơ, how to make Vietnamese bơ, how to make Vietnamese-style mayo, how to make Vietnamese-style mayonnaise, house mayo for banh mi sandwich, house mayo for banh mi, house mayo for Vietnamese sandwich, homemade Vietnamese mayo, homemade Vietnames mayonnaise, homemade Vietnamese butter, easy homemade mayo for banh mi",,3.0,2,14,16
Korean-Style Easy Oxtail Radish Soup,"This Korean-style oxtail and radish soup features a rich, collagen-packed broth with tender oxtail bones and thinly-sliced radish. Enjoy with steamed rice, noodles or on its own.",https://vickypham.com/blog/korean-oxtail-radish-soup/,12m,130m,142m,4 serving(s),"[Ingredients] 2 lbs oxtail, 1 tablespoon vegetable oil, 1 yellow onion (peeled), 2 quarts water, 1 small Korean radish or daikon (peeled, quartered, and sliced thin), 3 garlic cloves (about 1 tablespoon minced), 2 teaspoons salt, 2 teaspoons light soy sauce, ½ teaspoon granulated cane sugar (optional), ½ teaspoon MSG (optional), Ground black pepper, Thinly sliced green onions, Sesame oil","[Instructions] 1) [Parboiling and Cleaning Oxtail Bones] Add the beef oxtail bones to a large stock pot with heavy bottom and fill with water to cover. Bring it up to a rolling boil. After 12 minutes, impurities should float to top. Remove the bones and rinse each bone piece well under running water. Discard the water, clean the pot and return to stove. | 2) [Frying: Return the stock pot back to the stove] Wipe it down so there’s no moisture. Heat oil over medium-high heat. Gently add the oxtail pieces and sear each side for 3-4 minutes, turning for even browning. | 3) [Simmer] Add onion and water (2 quarts) to the stock pot and simmer on medium low for two hours, uncovered. Occasionally skim the top to remove further impurities and additional fat. Remove the onions. Add the Korean radish and garlic. Continue to simmer on medium-low for 10 minutes or until radish is tender. | 4) [Season to taste] Add salt, soy sauce, sugar, and MSG, a little at a time to taste. | 5) [Garnish and serve] Divide the broth into four portions and garnish each bowl with green onions, a dash of ground black pepper and a drizzle of sesame oil. Enjoy as is as a comforting bowl of hot bone broth or make it more filling by adding steamed white rice or noodles. I also like to serve it with kimchi on the side.",https://i0.wp.com/vickypham.com/wp-content/uploads/2024/08/bb323-2024_01_11eosm59245.jpg?fit=1000%2C1000&ssl=1,"side dish, entree","asian, korean","sokkoritang, seolleongtang, kkori gomtang, gomtang, gomguk, Korean oxtail and radish soup recipe, Korean oxtail and radish soup, Korean soup recipe, Korean bone broth recipe, bone broth with oxtail, bone broth with oxtail recipe, bone broth recipe, oxtail bone broth, bone broth, oxtail broth, oxtail soup, oxtail soup recipe, oxtail and radish soup recipe, oxtail and radish soup, easy Korean oxtail soup, Korean-style easy oxtail radish soup, Korean-style easy oxtail radish soup recipe, Korean bone broth, how to make Korean bone broth, how to make bone broth, Korean recipes, Korean dishes, Korean soups, easy oxtail soup, how to make easy oxtail soup, Korean radish, soup with oxtail and radish, soup with oxtail and Korean radish, bone broth with oxtail and Korean radish, bone broth with oxtail and daikon, soup with oxtail, soup with daikon, soup with Korean radish, soup recipe with oxtail, soup recipe with Korean radish, what is Korean radish, what is oxtail",,,0,0,0
Vietnamese Lotus Root and Shrimp Salad (Gỏi Ngó Sen Tôm),"Looking for a refreshing side dish for your meal? Try this refreshing and vibrant lotus root and shrimp salad, Visually stunning and deliciously satisfying. You get a savory, sweet, crunchy, spicy, and tangy flavors in every bite.",https://vickypham.com/blog/lotus-root-shrimp-salad/,5m,5m,5m,5 serving(s),"[Ingredients] 16 oz lotus root in brine, 1 lb prawn/shrimp (peeled and deveined), Handful Vietnamese coriander/mint, ¼ cup toasted peanuts, ¼ cup fried shallots, Shrimp chips (bánh phồng tôm), 1 tablespoon fish sauce, 1 tablespoon lemon or lime juice, 1 tablespoon white sugar, 3 small garlic cloves (minced), Red Thai chili peppers (optional, minced)","[Instructions] 1) [Prepare the Lotus Roots and Red Onion] Slice the lotus roots in half lengthwise. Further slice into quarters, if needed. Thinly slice the red onion. Transfer lotus roots and red onions to a mixing bowl. | 2) [Cook the Shrimp] Bring a small pot of water to a boil. Add shrimp until they turn just turn pink, about 2-3 minutes. Remove from pot and slice them in half lengthwise. | 3) [Make the Dressing] Whisk together fish sauce, sugar, lemon or lime juice, garlic, and finely chopped chili (if using) in a bowl. Adjust to taste if needed. It should be a harmonious blend of sour, sweet, salty, and spicy. | 4) [Make the Shrimp Chip (optional)] I only use half of the package. Add 2 inches of vegetable oil to a large skillet and heat to 350°F. Add 3 or 4 chips at a time. Don’t overcrowd the skillet. Fry until it fully expands out flat (about 10 seconds). Flip chips for even cooking. Transfer to a wire rack or a plate lined with paper towels to remove excess oil. | 5) [Combine] In a large mixing bowl, combine lotus roots, red onions, shrimp, and Vietnamese coriander. Toss with the dressing until everything is evenly coated. | 6) [Garnish and serve] Sprinkle with toasted peanuts and fried shallots for an added crunch and extra flavor. Serve with shrimp chips on the side and enjoy this refreshing salad on its own or as a side to other Vietnamese dishes.",https://i0.wp.com/vickypham.com/wp-content/uploads/2024/08/fb8d3-2024_02_05eosm59500.jpg?fit=1000%2C1000&ssl=1,"salad, appetizer","asian, vietnamese","lotus root Salad, Vietnamese cuisine, Vietnamese salad, Vietnamese salad recipe, Vietnamese goi recipe, gỏi ngó sen tôm recipe, gỏi ngó sen, gỏi tôm, goi ngo sen, goi ngo sen tom recipe, goi tom, how to make goi ngo sen, goi tom, easy Vietnamese recipes, authentic vietnamese salad, shrimp salad recipe, healthy Vietnamese dishes, lotus root, lotus rootlets, lotus shoots, shrimp and lotus root salad, lotus rootlets in brine, lotus roots in brine, what is lotus roots, Vietnamese lotus root salad, Vietnamese shrimp salad, how to make Vietnamese lotus root salad, how to make Vietnamese shrimp salad",,5.0,1,2,3
Vietnamese Pickled Mustard Greens (Dưa Cải Chua),"Make your own Vietnamese Pickled Mustard Greens in just 3-4 days. Perfect with Thịt Kho Tàu and a Lunar New Year favorite, this easy recipe brings you the tangy, crispy goodness of homemade pickles without vinegar.",https://vickypham.com/blog/pickled-mustard-greens/,5760m,5m,5765m,10 serving(s),"[Ingredients] 1 large head Chinese mustard greens (about 1-1/2 lbs), 1 tablespoon salt, 1½ quarts water (6 cups), 2 tablespoons salt, 1 tablespoon sugar, 1 small shallot (optional, peel and slice into wedge), 6 red chili peppers (optional), 2 28-oz pickling jars with lids (sterilized with boiling water)","[Instructions] 1) [Prepare the mustard greens] Cut off a thin slice of the root end of the mustard greens and discard. Separate the leaves and wash well with water. Dirt tends to stick on the lower stems. After washing the mustard greens, cut stems and leaves into 1-inch segments. | 2) [Salt] Place the mustard greens in a large bowl, sprinkle with salt (1 tablespoon), and massage gently. Allow it to sit for 30 minutes. | 3) [Make the brine] In the meantime, make the brine. In medium stock pot, bring water to a boil. Turn off heat then add sugar, and remaining salt (2 tablespoons). Mix well. Set aside to cool until warm. | 4) [Rinse] the mustard greens well under cold water to remove all the salt and drain dry. Evenly divide them between two jars. Layer in the sliced shallots and whole chili peppers as you fill the jars. Pour in the warm brine until it completely submerges the vegetables. There will be extra brining liquid. Save it for another pickle recipe or simply discard. Cover the opening of the jar with saran wrap then screw on lid. | 5) [Pickle the mustard greens] Store at room temperature for about 3-4 days. Once the mustard greens have reached your desired sourness level, store them in the refrigerator. It should turn a dull green/yellow color over time with brine remaining clear. They can be kept for up to two months in the fridge. Enjoy with Thịt Kho Tàu, a braised pork belly and egg dish or any other protein dish.",https://i0.wp.com/vickypham.com/wp-content/uploads/2024/08/cba32-2024_02_04eosm59491.jpg?fit=1000%2C1000&ssl=1,side dish,"asian, vietnamese","Vietnamese pickled mustard greens, dưa cải chua, dưa cải, dưa cải chua, dưa chua, or dưa muối, tet food, traditional tet food, Vietnamese lunar new year food, lunar new year food, dua cai, dua cai chua, dua chua, dua muoi, mustard greens, Vietnamese mustard greens, gai choy, cải xanh, cải bẹ xanh, cai xanh, cai be xanh, Vietnamese pickled mustard greens recipe, dưa cải chua homemade, fermented mustard greens, Vietnamese fermentation techniques, traditional Vietnamese side dishes, how to pickle vegetables, Vietnamese Lunar New Year foods, thịt kho tàu side dish, authentic Vietnamese recipes, DIY pickled vegetables, sour vegetables without vinegar, lacto-fermentation process, easy pickling recipes, Chinese mustard greens, leaf mustard, mustard cabbage, vegetable mustard, Indian mustard",,,0,4,4
How to Make Restaurant-Style Beef and Broccoli Stir Fry,"Craving a beef and broccoli dish like your favorite Chinese restaurant? This recipe combines tender beef and crisp broccoli in a savory soy sauce, with a secret velveting hack for extra tenderness. Ready in under 30 minutes!",https://vickypham.com/blog/restaurant-beef-broccoli/,15m,10m,25m,4 serving(s),"[Ingredients] 1 lb beef (see notes below), ½ teaspoon light/regular soy sauce, ½ teaspoon baking soda, 2 tablespoons water, 1 egg, 3 tablespoons corn starch (see notes below), 1 tablespoon granulated sugar, ½ cup water, 3 tablespoons light/regular soy sauce, 3 tablespoons oyster sauce, 1 teaspoon dark soy sauce, 2 tablespoons corn starch (see notes below), 2 tablespoons room temperature water (no hot water), 1½ lbs broccoli florets (see notes below), 1 tablespoon minced fresh garlic, Vegetable oil for frying","[Instructions] 1) [Prepare beef] Trim the beef of excess fat, if any, and cut against the grain into thin bite-size slices. In a bowl, toss together beef, baking soda, and water. Let the mixture sit for 15 minutes to tenderize. Crack the egg into the beef mixture and toss evenly. Add corn starch and toss evenly again. Set aside. | 2) [Make the stir-fry sauce and slurry mixture] In a medium bowl, combine sugar, water, soy sauce, oyster sauce, and dark soy sauce. Set aside. In a small bowl, mix together tapioca starch and room-temperature water until fully dissolved. Set aside. | 3) [Blanch broccoli] In a large wok or skillet, add water (about 1 inch) and heat to a rolling boil. Add broccoli florets and blanch for 2-3 minutes or until they turn bright green and can be pierced with a fork with some resistance. | 4) [Deep fry beef] Empty the water from the skillet. Wipe it down with paper towels to ensure the skillet is completely dry. Add vegetable oil (about ½ inch). Heat on medium-high or 375°F. Add beef slices, one by one to prevent sticking. Fry for 2-3 minutes or until golden brown on all sides then remove from skillet. | 5) [Toast aromatics and combine] Remove oil from the wok. Wipe wok clean with paper towels. Add 1 tablespoon of used oil from the beef. Heat on medium-high then add garlic and fry for 10 seconds. Add stir-fry sauce, broccoli, and beef. Toss until combined and cook for 2 minutes to allow the beef and broccoli to absorb the sauce. | 6) [Add slurry] Re-whisk the slurry sauce until smooth in case it has settled to the bottom then add to the skillet. Toss everything together until combined. Once the sauce thickens, you’re done! Serve beef and broccoli with rice or noodles for a complete meal.",https://i0.wp.com/vickypham.com/wp-content/uploads/2024/08/1450f-eosm5_3350.jpg?fit=2500%2C2500&ssl=1,side dish,"asian, chinese","how to make restaurant beef and broccoli, restaurant-style beef and broccoli, beef, broccoli, beef and broccoli recipe, beef and broccoli, soy sauce, light soy sauce, regular soy sauce, dark soy sauce, garlic, velveting beef, velveting restaurant technique, what is velveting beef, how to velvet meat, how to velvet beef, easy beef and broccoli, easy beef and broccoli recipe, how to make beef tender like the restaurant, restaurant tender beef, beef and broccoli recipe with video, beef and broccoli sauce, what is beef and broccoli sauce, beef and broccoli stir fry recipe, beef stir fry recipe, broccoli stir fry recipe, beef broccoli stir fry, beef and broccoli stir fry, easy beef and broccoli stir fry recipe, Asian stir fry recipe, Asian beef stir fry recipe, stir fry, stir fry recipe, Thịt Bò Xào Bông Cải Xanh, thit bo xao, thit bo xao bong cai xanh, bong cai xanh, Thịt Bò Xào, Bông Cải Xanh",,5.0,1,6,7
Vietnamese Shredded Pork Skin (Bì Heo),"A delicious combination of thin strands of pork skin and marinated pork meat, coated with the signature flavor and aroma of roasted rice powder. Enjoy the nutty flavor and texture of Bi Heo with broken rice dishes (com tam), noodle soups, and spring rolls.",https://vickypham.com/blog/shredded-pork-skin/,10m,15m,25m,4 serving(s),"[Ingredients] 1 lb pork shoulder (see notes below), 2 teaspoons minced shallot, 2 teaspoons minced garlic, 1 teaspoon chicken bouillon powder, 1 teaspoon oyster sauce, 2 teaspoons fish sauce, 1 teaspoon light soy sauce, 1 teaspoon granulated cane sugar, ¼ teaspoon ground black pepper, 7 oz cooked shredded pork skin (1 bag), 1 tablespoon vegetable oil, ½ cup coconut water or plain water, 2 tablespoons fried garlic, 3 tablespoons roasted rice powder (see notes below)","[Instructions] 1) [Marinate Pork] In a small bowl, mix together the pork marinade (shallot, garlic, chicken bouillon powder, oyster sauce, fish sauce, light soy sauce, sugar, and ground black pepper). Adjust to taste if needed then marinate it with the pork for 15 minutes. | 2) [Prepare the Pork Skin] Add a little salt and rub it into the the pork skin. Rinse with cold water. The salt will help to remove any lingering porky smell. Rinse well and drain completely dry. Pat with paper towels to remove any excess moisture if needed. If it’s frozen, you can rinse with warm water to help it separate into individual strands, then rinse again with cold water to firm it up. Cut the pork skin with a pair of kitchen scissors to make the pork skin shorter. This will make it easier to prep and eat. Set aside. | 3) [Cook Pork] Heat oil in a large skillet over medium. Sear the marinated pork until brown on all sides, then add coconut juice or water. Cover and braise on a low simmer for about 10 minutes then uncover and continue braising until liquid has reduced into a glaze that coats the pork. When fork or chopstick can be pierced into the thickest part of the pork easily, meat is done. | 4) [Slice Pork] Once cool enough to handle, slice pork into large, thin pieces, then again across the grain for strips. Slicing it as thin as the pork skin is more aesthetic but not required. Set aside to cool completely. Let cool completely – residual heat can make the skin moisten and cause clumping later. | 5) [Toss it Together] Dust with roasted rice powder and fried garlic. Give it a good toss – and voilà, you’re finished! Transfer bì heo to a serving dish and serve immediately alongside your favorite Vietnamese dishes like broken rice dishes (cơm tấm), noodle soups, or spring rolls.",https://i0.wp.com/vickypham.com/wp-content/uploads/2024/08/0a624-2022_12_14eosm505187-edit.jpg?fit=2281%2C2281&ssl=1,side dish,"asian, vietnamese","Vietnamese shredded pork skin, bi heo, bi, bi heo tuoi, shredded pork skin, cooked pork skin sliced, sliced pork skin, pork skin noodles, bì heo, bì, Vietnamese broken rice side dishes, com tam side dishes, com tam protein choices, Vietnamese broken rice recipes, bì heo recipe, bi heo recipe, how to make Vietnamese bi heo, how to make Vietnamese bi, Bì Heo Tươi, Vietnamese pork skin and pork meat, Vietnamese thinly sliced pork skin and pork meat, pork shoulder, pork loin, boneless pork chop, pork tenderloin, fish sauce, roasted rice powder, bi heo tips and tricks, how to prevent bi from clumping, bi clumping tips, prevent pork skin from clumping, how to prevent pork skin from clumping, pork skin clumping tips, Vietnamese bi recipe, authentic Vietnamese bi recipe, authentic Vietnamese pork skin and meat recipe, Vietnamese bi heo recipe, authentic bi heo recipe, authentic bi recipe",,,0,0,0
Vietnamese Stuffed Bitter Melon Soup (Canh Khổ Qua Nhồi Thịt),One of the traditional dishes served during Vietnamese New Year (Tết) and also a staple in everyday home cooking. Ground pork stuffed bitter melon is simmered in a savory broth and served with fluffy steamed rice and other side dishes for a complete family-style meal.,https://vickypham.com/blog/stuffed-bitter-melon-soup/,5m,30m,35m,5 serving(s),"[Ingredients] ¼ cup dried wood ear mushroom, 1 oz dried bean thread vermicelli noodles, ½ lb ground pork, 2 tablespoons shallot (finely minced), ½ teaspoon chicken bouillon powder, ¼ teaspoon salt, 2 teaspoons fish sauce, 1 teaspoon sugar, ¼ teaspoon ground black pepper, 2 green onions (thinly sliced with whites and greens separated), 2 medium bitter melons (about 10 inches long), 1½ quarts water, 1 teaspoon chicken bouillon powder, 2 teaspoons fish sauce, 1 teaspoons salt, 2 teaspoons sugar, Ground black pepper","[Instructions] 1) [Prepare the dried ingredients] Soak the dried woodear mushroom and dried bean thread vermicelli noodles in lukewarm water for 15 minutes. Drain, rinse thoroughly, and finely chop. | 2) [Make the filling] In a medium bowl, mix ground pork, minced woodear mushrooms, chopped vermicelli, shallot, chicken bouillon powder, salt, fish sauce, sugar, pepper, and the white part of green onions until well combined. | 3) [Stuff the bitter melons] Halve the bitter melon. Use a spoon to scoop out the seeds and white membrane, leaving the base intact. You can cut into smaller chunks if you wish. Fill bitter melon with the pork mixture and roll any leftover filling into small meatballs. | 4) [Cook] In a medium pot, bring water (1-½ quarts) to a boil. Gently add the stuffed melons and meatballs. Reduce heat and simmer for 30 minutes or until the bitter melons are tender and a dull green color. | 5) [Season and garnish] Season soup with chicken bouillon powder, fish sauce, salt, and sugar, adding a little at a time to taste. Garnish with a sprinkle of remaining green onions and a dash of ground black pepper. | 6) [Serve] Enjoy with steamed rice and other protein side dishes for a complete family-style meal.",https://i0.wp.com/vickypham.com/wp-content/uploads/2024/08/2940d-2024_01_17eosm59297.jpg?fit=1000%2C1000&ssl=1,side dish,"asian, vietnamese","Vietnamese canh, Vietnamese bitter melon canh, Vietnamese bitter melon soup, Vietnamese ground pork soup, bitter melon and ground pork soup, Vietnamese stuffed bitter melon soup, stuffed bitter melon soup, ground pork stuffed bitter melon soup, canh kho qua, canh kho qua nhoi thit, Canh Khổ Qua, Canh Khổ Qua Nhồi Thịt, canh thit heo, canh recipe, Vietnamese canh recipe, how to make Vietnamese soup, Vietnamese soup with ground pork, Vietnamese soup with bitter melon, Vietnamese soup with stuffed bitter melon, Vietnamese soup with bitter melon and ground pork, tet recipe, Vietnamese new year tet recipe, stuffed bitter melon soup recipe, bitter melon soup, best way to eat bitter melon, bitter melon recipe, bitter melon, khổ qua, what is bitter melon, Asian bitter melon recipe, Vietnamese bitter melon recipe, Vietnamese ground pork soup recipe, tết recipe, tết food, tết",,,0,11,11
Vietnamese Egg Coffee (Cà Phê Trứng),Forget everything you know about coffee. There's a drink in Vietnam that combines coffee with the unexpected fluffiness of whipped egg yolks.,https://vickypham.com/blog/vietnamese-egg-coffee-ca-phe-trung-1/,5m,5m,5m,1 serving(s),"[Ingredients] 4 tablespoons Vietnamese coffee, ½ cup hot water, 2 pasteurized egg yolks, 1 teaspoon granulated white sugar, 1 tablespoon sweetened condensed milk","[Instructions] 1) [Using a Phin Filter (Traditional Vietnamese Method)] Place the phin filter on top of your cup. Add ground coffee to the phin’s well and pack it down firmly with the accompanying press. Pour a tiny bit of hot water into the well, allowing the grounds to absorb it for 15 seconds, then continue filling the well with hot water. Cover the filter with the accompanying lid (optional). Once the water has fully drained through the filter, remove the phin. Your coffee is ready. | 2) [Using Your Preferred Method] Brew about 2-3 ounces of strong coffee using your preferred method (e.g., espresso machine, drip coffee maker, French press). | 3) [Prepare the Egg Cream] In a small bowl, combine the egg yolks, sugar, and condensed milk. Whisk vigorously using a hand mixer or a whisk until the mixture becomes light, frothy, and has significantly increased in volume. | 4) [Assemble] Gently spoon or pour the frothy egg cream over your brewed coffee. Use strong Vietnamese coffee (robusta or arabica beans) or a dark roast for optimal flavor. Adjust the sugar and condensed milk based on your taste preferences. | 5) [Optional Toppings] For added flavor and presentation, sprinkle cocoa powder or cinnamon on top. | 6) [For a Chilled Version] Let the coffee cool and serve over ice before adding the egg cream. | 7) [Serve] Enjoy your Vietnamese egg coffee warm or chilled!",https://i0.wp.com/vickypham.com/wp-content/uploads/2024/08/b3753-adobestock_209970472-edit.jpg?fit=2500%2C2500&ssl=1,"drink, dessert","asian, vietnamese","egg coffee, egg coffee recipe, Vietnamese egg coffee, Vietnamese egg coffee recipe, cà phê trứng, Hanoi coffee, Vietnamese coffee culture, egg coffee recipe, Hanoi Travel, unique coffee drinks, Vietnamese coffee drink recipe, Vietnamese coffee drink, Vietnamese food blog, What is in Vietnamese egg coffee, ca phe trung, ca phe trung recipe, Hanoi recipes, Hanoi coffee drinks, Hanoi coffee drinks with eggs, egg yolks, sweetened condensed milk, granulated cane sugar, Northern Vietnamese recipes, Northern Vietnamese drinks, Northern Vietnamese drink recipes, Northern Vietnam coffee drink, Hanoi egg coffee recipe, Hanoi egg coffee, whipped egg yolks with coffee, whipped egg yolks with sweetened condensed milk",,5.0,1,9,10
Black Pepper Beef with Noodles and Vegetables Stir Fry,"A delicious combination of vegetables, thick yellow Asian noodles, and tender beef, tossed in a peppery sweet and savory brown sauce. This healthy dinner option is easily customizable and makes excellent leftovers for the next day.",https://vickypham.com/blog/beef-thick-noodles-vegetables-stir-fry/,15m,5m,20m,4 serving(s),"[Ingredients] 1 lb beef sirloin (see notes below), 1 tablespoon light soy sauce, ½ teaspoon baking soda (meat tenderizing hack), 2 tablespoons water, 1 whole egg, 2 tablespoons corn starch, 3 tablespoons light soy sauce, 2 tablespoons dark soy sauce, 2 tablespoons oyster sauce, 2 tablespoons granulated white sugar, 2 tablespoons sesame oil, ¼ cup water, 1 tablespoon corn starch, Vegetable oil for frying, 2 lbs cooked thick yellow Asian noodles, 1 small yellow onion (peel, cut into large wedges), 3 bell peppers (deseed and cut into strips), Freshly ground black pepper","[Instructions] 1) [Prepare the beef] Cut away any large areas of fat. Slice the beef against the grain into ⅛” thick bite-size pieces. In a medium-sized bowl, mix beef with soy sauce, baking soda, water, egg and cornstarch (see notes). Marinate for at least 15 minutes. If using chuck roast, which is a tougher cut of beef, marinate for at least one hour. | 2) [Make the sauce] In a small bowl, mix together sauce ingredients until cornstarch is completely dissolved. | 3) [Prepare the noodles] Begin boiling salted water for the noodles and cook them according to package instructions. | 4) [Deep fry beef] In a large wok, add a generous amount of oil (about ½” high) and heat on medium-high. Drop beef, one slice at a time, into the hot oil and fry for about 2 minutes, making sure to toss for even cooking. Do this in batches if need to prevent overcrowding that could drop the temperature. Transfer beef to plate lined with paper towels to absorb excess oil. Drain oil from the skillet, leaving a thin layer behind in the skillet. Heat the oil on medium-high. Add yellow onion. Sauté until fragrant (about 1 minute). | 5) [Add bell peppers] (or your vegetables of choice) and cook for 1-2 minutes or until softened. Return fried beef to the wok, along with all its juices. | 6) [Add the sauce] Cook until the sauce thickens (about 1 minute). Garnish with freshly crack black pepper. Add as much as you like or until you start coughing uncontrollably.",https://i0.wp.com/vickypham.com/wp-content/uploads/2024/08/e69f3-2023_11_08eosm58472.jpg?fit=2500%2C2500&ssl=1,entree,"asian, chinese","black pepper beef, black pepper beef recipe, black pepper beef noodle recipe, black pepper beef stir fry, black pepper beef stir fry recipe with noodles, noodles stir fry, vegetables stir fry, Chinese stir fry, Asian stir fry, easy stir fry, quick stir fry, healthy stir fry, beef stir fry, noodles, vegetables, sauce, wok, black pepper beef stir fry with chow mein noodles, black pepper beef stir fry with bell peppers, black pepper beef stir fry with oyster sauce, black pepper beef stir fry with soy sauce, black pepper beef stir fry with sesame oil, black pepper beef stir fry with green onions, black pepper beef stir fry with sesame seeds, easy Asian beef stir fry recipe, ground black pepper, onions, bell peppers, chow mein noodles, Shanghai thick yellow noodles, beef stir fry recipe with noodles, easy stir fry noodle recipe, easy beef noodle recipe, easy black pepper beef with noodles recipe",,,0,0,0
How to Cook Pork Blood (Huyết),Learn how to cook congealed pork blood properly with a smooth texture and without the cheese holes. Its unique flavor and texture are perfect additions to complete your favorite Vietnamese dishes.,https://vickypham.com/blog/blood-cake/,0m,60m,60m,4 serving(s),"[Ingredients] 12 oz raw congealed pork blood, 2-inch knob fresh ginger (peel optional; slice thin and smash lightly), 1 small shallot (peel optional; slice thin), 1 stalk green onion (optional), ½ teaspoon salt, ½ teaspoon MSG (optional)","[Instructions] 1) [Prepare pot] Fill a small pot with water about 1-inch high and bring water to a rolling boil. | 2) [Add aromatics] Add sliced ginger, shallots, green onion, salt and MSG. | 3) [Add pork blood] Carefully lower congealed pork blood to the boiling water. Cook for 5 minutes at a rolling boil, turning gently once. Reduce the heat to very low, cover the pot, and simmer on a gently heat for an additional 55 minutes. | 4) [Finish] Once cooled, drain and slice into smaller pieces if preferred. Store in fresh water in an airtight container in the fridge. It will last for about 3 days. To use the blood cake, drain it and simmer it in broth or soup until heated through.",https://i0.wp.com/vickypham.com/wp-content/uploads/2024/08/cc846-2023_11_03eosm507197.jpg?fit=2500%2C2500&ssl=1,prep,"asian, vietnamese, chinese","how to cook pork blood, how to make pork blood cake, how to make blood cake, how to make blood jelly, how to cook blood jelly, how long to cook pork blood, pork blood jelly, pork blood cake, blood cake, how to make blood cake, where to buy pork blood, where to buy pork blood jelly, how to cook pork blood for bun bo hue, how too cook huyet, how to cook huyết, huyết, how to cook tiết, how to cook tiet, how to make blood pudding, how to cook blood, how to make huyet without holes, how to make blood jelly without holes, how to make blood cake without holes, authentic Vietnamese pork blood recipe, how to make Vietnamese blood cake, how to make blood jelly without holes",,,0,2,2
Easy Pan-Fried Soy Sauce Glazed Chicken,"Here is a pan-fried chicken recipe that is easy to make and always delicious. This recipe uses a primarily soy-based sauce, with classic Chinese five spice powder and honey. Serve this with rice or noodles and have yourself a complete and satisfying meal in 20 minutes.",https://vickypham.com/blog/easy-pan-fried-soy-sauce-glazed-chicken/,5m,15m,20m,5 serving(s),"[Ingredients] 2 lbs chicken thighs (about 5, bone-in, skin-on), 1 teaspoon salt, ½ teaspoon ground black pepper, 1 tablespoon light soy sauce, 1 tablespoon oyster sauce, 1 tablespoon honey, 1 tablespoon sesame oil, ½ teaspoon five-spice powder, 1 tablespoon minced fresh garlic, Roasted sesame seeds (optional garnish), Thinly sliced green onions (optional garnish)","[Instructions] 1) [Season chicken and make sauce] Pat the chicken thighs dry with paper towels. This will help to prevent oil splatter when frying and help the chicken to brown more evenly. Season lightly with salt and pepper. In a small bowl, mix together soy sauce, oyster sauce, honey, sesame oil and five spice powder. Set aside. | 2) [Pan fry chicken] Heat a large skillet over medium-high heat. Place the chicken thighs in the skillet, skin-side down. Cook for 5-7 minutes per side, or until the skin is golden brown and the chicken is cooked through. If you are not using skin-on chicken or a leaner cut, coat the bottom of the skillet with a thin layer of high-heat cooking oil, such as vegetable oil, canola oil, peanut oil, or avocado oil. You will have a lot of rendered chicken fat at the bottom of the pan. Feel free to remove for a less fatty version but leave a thin coating in the pan (see notes). | 3) [Add garlic and sauce mixture] Add the garlic to the skillet in the rendered chicken fat. Cook for 15 seconds, or until fragrant and lightly browned. Add the sauce to the skillet and cook for 20 seconds. Toss chicken in the sauce or ladle sauce onto chicken to coat. | 4) [Garnish and serve] Garnish with roasted sesame seeds and green onions (optional). Serve with your rice or noodles and your choice of vegetables for a complete meal.",https://i0.wp.com/vickypham.com/wp-content/uploads/2024/08/74b8b-2023_10_05eosm58040.jpg?fit=2500%2C2500&ssl=1,side dish,"asian, chinese","20 minute dinner with chicken, easy asian chicken recipe, asian chicken recipe, easy asian chicken recipe for dinner, easy asian chicken recipe for bento lunches, easy asian chicken recipe to pack for lunch, easy Chinese soy sauce chicken, soy sauce glazed chicken recipe, soy glazed chicken recipe, chinese chicken recipe, chinese chicken dish, chicken with soy sauce sauce, soy sauce chicken marinade, chinese chicken marinade, soy sauce chicken thighs, soy sauce chicken wings, soy sauce chicken drumsticks, Chinese chicken stir fry, honey soy sauce chicken, garlic soy sauce chicken, green onion soy sauce chicken, sesame oil soy sauce chicken, stir fried soy sauce chicken, pan fried soy sauce chicken, soy sauce, light soy sauce, oyster sauce, chicken thighs, bone in chicken thigh recipe, skin on chicken thigh recipe",,,0,5,5
Vietnamese Opo Squash and Shrimp Soup (Canh Bầu Tôm),"Simple ingredients, quick to cook, and easy to eat, this soup is the perfect comfort food for a busy weeknight. This childhood favorite is ready in 15 minutes. Serve it with steamed white rice for a complete meal.",https://vickypham.com/blog/opo-squash-shrimp-soup/,10m,5m,15m,5 serving(s),"[Ingredients] 2 tablespoons vegetable oil, 1 small shallot (minced), 1 green onion (thinly sliced white part and cut green part into 1-inch segments), 1 large garlic (minced), 1½ quarts water, 1½ lbs opo squash (peel, cut into matchsticks), 1 teaspoon chicken bouillon powder, 1 teaspoon fish sauce, 1 teaspoon sea salt, ⅛ teaspoon ground black pepper (sprinkle), 10 oz shrimp (any size shrimp; peeled and deveined), ¼ teaspoon sea salt, ⅛ teaspoon ground black pepper (sprinkle)","[Instructions] 1) [Toast aromatics] In a medium stockpot, heat oil over medium-high heat. Add shallot, white parts of green onions, and garlic. Sauté until fragrant (about 20 seconds). Add water slowly to the stockpot. | 2) [Prepare shrimp] While waiting for the water to come to a boil, prepare the shrimp. Mince shrimp into a paste with a mortar and pestle, large meat cleaver, or food processor. Season with salt and ground black pepper. | 3) [Add shrimp] When the pot comes to a boil, scoop the shrimp paste into small balls using two spoons and drop them into the hot water. | 4) [Add squash] Immediately add opo squash so that both squash and shrimp cook up at the same time (about 5 minutes). | 5) [Season to taste] Add chicken bouillon powder, fish sauce, and salt. | 6) [Finish] Garnish with a sprinkle of ground black pepper and the remaining green onions.",https://i0.wp.com/vickypham.com/wp-content/uploads/2024/08/b34ad-2023_10_26eosm58291.jpg?fit=2500%2C2500&ssl=1,side dish,"asian, vietnamese","Vietnamese opo squash and shrimp soup, Canh Bầu Tôm, Vietnamese easy soup recipe, Vietnamese quick soup recipe, Vietnamese childhood favorite soup, Vietnamese shrimp soup, Vietnamese opo squash soup, Vietnamese soup, Vietnamese canh recipe, Vietnamese comfort food, steamed white rice, opo soup, opo squash soup, opo soup with shrimp, upo squash soup, upo squash soup with shrimp, Vietnamese home cooking recipe, Vietnamese home cooking soup recipe, minced shrimp and opo squash soup recipe, minced shrimp and upo squash recipe, upo soup,upo soup recipe, Vietnamese shrimp soup recipe, Vietnamese upo soup recipe, traditional Vietnamese canh bau recipe, traditional Vietnamese canh, canh bau tom, canh bau, canh tom, canh bau tom recipe, canh tom recipe, chicken bouillon powder, green onions, fish sauce, shrimp paste, garlic, shallots",,,0,8,8
Moist Pumpkin Spice Cupcakes,"These super moist and delicious pumpkin cupcakes are the perfect treat for a fall holiday party, Halloween, or for a cozy night at home. This recipe yield 12 standard size frosted cupcakes.",https://vickypham.com/blog/pumpkin-spice-cupcakes/,10m,22m,32m,12 serving(s),"[Ingredients] 1 cup all-purpose flour, 2 teaspoons pumpkin pie spice, 1 teaspoon baking powder, ½ teaspoon baking soda, ½ teaspoon salt, 2 whole eggs (straight out of the fridge), ½ cup vegetable oil or canola oil, 1 cup granulated white sugar, 8 oz pumpkin puree (1 cup), 8 tablespoons unsalted butter (4 oz, softened), 1 package cream cheese (8 oz, softened), 2 cups powdered sugar (sifted), ½ teaspoon vanilla extract, 1 teaspoon fresh lemon juice, Ground cinnamon (optional for dusting)",[Instructions] 1) [Cupcakes] | 2) [Frosting],https://i0.wp.com/vickypham.com/wp-content/uploads/2023/10/0d8b3-pumpkin-spice-cupcakes.jpg?fit=2100%2C1500&ssl=1,dessert,american,"pumpkin spice cupcakes, pumpkin spice cupcake recipe, pumpkin cupcakes, fall cupcakes, autumn cupcakes, pumpkin puree, fall baking, cold weather baking, cupcake for Halloween, cupcake recipe for Halloween, dessert, fall treats, autumn treats, Christmas baking, holiday cupcakes, cupcakes for the holidays, pumpkin cupcakes for the holidays, pumpkin cupcake recipe, pumpkin cupcake recipe, pumpkin spice cupcake",,5.0,1,2,3
Thai-style Raw Fish Sashimi Salad with Spicy Fish Sauce Dressing,"This sashimi salad is a flavor explosion to wow any raw fish or sashimi lover. If you are looking for something different than the typical sashimi and soy sauce pairing, give this recipe a try.",https://vickypham.com/blog/raw-fish-salad-spicy-fish-sauce/,15m,15m,15m,2 serving(s),"[Ingredients] 8 oz sushi grade fish or seafood (see notes below), Daikon (peeled and thinly sliced into strips), Lettuce (thinly sliced), Avocado (cubed), Cucumber (thinly sliced into thin strips), Cilantro or green onions (roughly chopped), Microgreens (broccoli sprouts, radish sprouts, etc.), 1 tablespoon fish sauce, 1½ small pods palm sugar (about 26 grams, thinly sliced), 1 tablespoon lime juice, 1 clove garlic (finely minced), 1 red Thai chili pepper (thinly sliced, optional), 1 tablespoon minced fresh cilantro (optional), Crispy salmon skin, Seaweed salad, Masago, Crispy fried noodles, Crispy wonton strips, Sea grapes (see notes below)","[Instructions] 1) [Prepare sashimi] Run sashimi under cold water and then pat it dry. Slice into bite-size rectangular pieces against the grain. Avoid sawing back and forth slicing which can ruin the texture. Set aside. | 2) [Prepare the salad] with your choice of vegetables and top with sashimi. Add optional garnishes for added textures if desired. | 3) [Make the sauce] Mix together fish sauce, palm sugar, lime juice, garlic, chili peppers, and cilantro until sugar has completely dissolved. | 4) [Serve] the salad with sauce on the side for dipping.",https://i0.wp.com/vickypham.com/wp-content/uploads/2024/08/36d74-2023_11_07eosm58342-edit.jpg?fit=2500%2C2500&ssl=1,appetizer,"asian, japanese","raw fish sashimi salad, Asian-inspired raw fish salad, spicy fish sauce dressing, Asian-style raw fish salad, sashimi salad, Asian sashimi salad, Thai sashimi salad, Thai sashimi sauce, Thai-style sashimi salad, Thai-style dressing for sashimi, Thai-style sauce for sashimi, fish sauce for sashimi, fish sauce for raw fish salad",,,0,0,0
Savory Sticky Rice with Chinese Sausage (Xôi Mặn/Lo Mai Fan),"A yummy dish of warm, fragrant sticky rice infused with the savory goodness of Chinese sausage, dried shrimp, and dried shiitake mushrooms. Top with crunchy fried shallots for texture and scallion oil for an aromatic finish.",https://vickypham.com/blog/savory-sticky-rice-recipe-xoi-man/,250m,35m,285m,4 serving(s),"[Ingredients] 3 cups sweet rice, 6 oz Chinese sausage (about 3 sausages, thinly sliced), 10 dried shiitake mushrooms, ⅓ cup dried shrimp, 1 teaspoon salt, 1 tablespoon granulated sugar, 3 tablespoons light soy sauce (see notes below), Scallion oil","[Instructions] 1) [Soak the rice] for 4 hours. Preferably, do this overnight to avoid waiting. After soaking, drain the rice through a colander, rinse a few times until water runs clear then set aside. | 2) [Soak the dried shrimp and dried shiitake mushrooms] in hot water for 20 minutes to rehydrate and soften. Drain both and set aside. Slice the mushrooms. | 3) [Prepare the dried shrimp and Chinese sausage] Heat 1 tablespoon oil in a wok over medium-high. Add dried shrimp, Chinese sausage and black/shiitake mushrooms. Stir fry for about 5 minutes. Add soy sauce and sugar. Toss until evenly seasoned. | 4) [Prepare steamer] Make sure your steamer doesn’t have any large holes that the rice grains will fall through. If it does, cover the bottom with a cheesecloth. Add water to the steamer and bring the water to a boil and then lower to a simmer. | 5) [Steam] Toss the rinsed rice with salt until evenly combined then transfer the rice to the steamer. Steam with a covered lid for 20 minutes. | 6) [Add the stir fried Chinese sausage, mushroom and dried shrimp] mixture to the rice. Toss until evenly combined then steam for 15 more minutes, covered, or until rice is the texture of your liking. | 7) [Finish] You can serve it as is or if you’re feeling fancy, pack it into a small bowl rinsed in warm water and flip it over onto a plate to make cute little rice domes, just like they do at dim sum restaurants. Brush with scallion oil and top with fried shallots (optional) and enjoy.",https://i0.wp.com/vickypham.com/wp-content/uploads/2024/08/1d782-2023_11_30eosm58742.jpg?fit=2500%2C2500&ssl=1,entree,"asian, vietnamese, chinese","xoi man, Vietnamese savory sticky rice, Chinese sausage, scallion oil, fried shallots, Vietnamese sticky rice recipe, Vietnamese savory sticky rice recipe, Chinese sticky rice recipe, Chinese sticky rice with Chinese sausage, soy sauce, Maggi seasoning, Knorr liquid seasoning, black fungus mushroom, dried black fungus, dried shiitake mushroom, dried shrimp, tom kho, xôi mặn, lo mai fan, you fan, nuo mi fan, no mi fan, xoi lap xuong, xoi man lap xuong, Vietnamese sticky rice with Chinese sausage, what is sticky rice called in Vietnamese, xoi, xôi, savory xoi with Chinese sausage, what is the difference between sticky rice and glutinous rice, what is sticky rice, what is glutinous rice, what is short grain rice, best savory sticky rice recipe, best savory sticky rice, Vietnamese sticky rice, Chinese sticky rice",,,0,1,1
Vietnamese Steamed Pork and Egg Meatloaf for Broken Rice (Chả Trứng Hấp Cơm Tấm),"A delicious Vietnamese steamed egg and pork meatloaf to go with a popular broken rice dish, Cơm Tấm.",https://vickypham.com/blog/steamed-egg-meatloaf/,20m,45m,65m,4 serving(s),"[Ingredients] 14 oz ground pork, 7 whole eggs (3 eggs with whites and yolks separated), 10 grams dried woodear mushroom, 1 oz dried bean thread noodles (about 28 grams), ½ cup finely diced yellow onions, 1 tablespoon thinly sliced green onions, 1 tablespoon freshly minced garlic, 1 tablespoon chicken bouillon powder (see notes below), 1 tablespoon fish sauce, 1 tablespoon granulated sugar, 1 teaspoon MSG (optional), 1 teaspoon ground black pepper, Vegetable oil for greasing baking pan, 1 teaspoon sesame oil, ½ teaspoon annatto oil or crab paste oil (optional), Steamer, Parchment paper, Baking pan","[Instructions] 1) [Prepare the dried ingredients and steamer] In a large bowl, add the dried wood ear mushrooms and bean thread noodles. Pour warm water over the ingredients to rehydrate them. This should take about 20 minutes, or even faster if you use hotter water. Once rehydrated, drain and rinse the mushrooms and noodles. Finely mince them into small pieces. While you’re waiting for them to rehydrate, set up and heat up your steamer. | 2) [Make the meat mixture] In a large bowl, mix together ground pork, whole eggs (4), egg whites (3), minced wood ear mushroom, minced bean thread noodles, yellow onion, green onions, garlic, chicken bouillon powder, fish sauce, sugar, MSG (optional), ground black pepper, and sesame oil. You should have a very runny mixture. | 3) [Steam] Line the bottom of a baking pan with parchment for easy removal and grease the sides with oil. Transfer the meatloaf mixture to the pan and gently shake the pan back and forth to even out the top. Steam over high heat for 25 minutes total. At the halfway mark, wipe down the lid to prevent water from dripping onto the meatloaf. To do this, lift the lid open at a 45° angle to allow the water droplets on the underside of the lid to slide off and back into the pot. Make sure that the water doesn’t slide onto the meatloaf. Wipe the lid with a kitchen towel and resume steaming. The middle will puff up a bit once done. Simply use the back of a ladle and press it down to get a flat top. | 4) [Prepare the egg mixture] In a small bowl, beat together the three egg yolks and annatto/crab paste oil (optional) until smooth. Brush the top of the meatloaf with this mixture. | 5) [Resume steaming] Steam for 10 more minutes, or until the yolk is set. Tilt the pan to discard any liquid that has accumulated, then place it back in the steamer (with the lid off and the heat off). The residual heat will help eliminate any excess moisture in the meatloaf (about 10 minutes). | 6) [Finish] To remove the meatloaf, loosen the edges with a knife and flip the meat loaf onto a plate. Remove the parchment paper. To turn it upright again, place another plate on top and flip it back over. Slice the meatloaf into individual portions before serving.",https://i0.wp.com/vickypham.com/wp-content/uploads/2024/08/daf5e-img_8219.jpg?fit=2500%2C2500&ssl=1,side dish,"asian, vietnamese","How to make cha trung hap, Chả Trứng Hấp, cha trung hap, Vietnamese steamed meatloaf recipe, Vietnamese pork and egg meatloaf recipe, Vietnamese steamed egg meatloaf, Vietnamese steamed egg meatloaf recipe, how to make the egg and pork cake for com tam, Vietnamese com tam toppings, Cơm Tấm, com tam toppings, com tam, broken rice dish, broken rice toppings, broken rice side dishes, ground pork, eggs, cha trung thit hap, how to make cha trung, Vietnamese meatloaf, cha trung, Vietnamese steamed egg and pork meatloaf, Vietnamese egg meatloaf, egg meatloaf, com tam egg meatloaf, com tam pork and egg meatloaf, Vietnamese meatloaf, Vietnamese meatloaf recipe for broken rice, Vietnamese meatloaf, authentic cha trung hap, traditional cha trung hap, authentic Vietnamese egg meatloaf for com tam, authentic Vietnamese egg and pork meatloaf for com tam, traditional Vietnamese egg meatloaf with ground pork, traditional Vietnamese egg meatloaf, traditional Vietnamese egg meatloaf recipe, best cha trung hap recipe",,5.0,1,9,10
Vietnamese Beef Stew (Bò Kho),"A traditional Vietnamese beef stew, is made with tender beef, carrots, and aromatic spices in a savory tomato broth. Enjoy it with rice, a baguette, or noodles.",https://vickypham.com/blog/vietnamese-beef-stew-bo-kho/,30m,130m,160m,5 serving(s),"[Ingredients] 3 lbs beef (boneless beef chuck, see notes), 1 teaspoon red curry powder, 1 teaspoon sea salt, 1 tablespoon granulated cane sugar, 1 tablespoon chicken bouillon powder (optional), 1 teaspoon MSG (optional), 2 tablespoons minced garlic, 2 tablespoons minced shallots, 1 lb carrots (3 whole), 2 large stalks fresh lemongrass, 2-inch knob ginger, 2 tablespoons vegetable oil or annatto oil, 2 tablespoons tomato paste, 12 oz coconut soda or juice (1 can), 5 cups water, 1 Chinese cinnamon stick (cassia bark), 3 whole star anise, 1 tablespoon fish sauce, ½ tablespoon light soy sauce, Cilantro, Thai Basil, Lime, salt and pepper dipping sauce","[Instructions] 1) [Prepare beef and aromatics] Cut away excess fat from the beef chuck then slice beef into 1″ to 1-½” cubes. Peel the carrots and cut them into the same size chunks as the beef. Discard the lemongrass leafy tops, if any. Cut the lemongrass stalk into 4″ segments. Smash the stalks with a mallet or something heavy to release their aroma and flavor. Slice the ginger into thick coins and give each coin a gentle smash. | 2) [Marinate] Add beef cubes to a medium bowl and marinate with red curry powder, salt, sugar, chicken bouillon powder, MSG, garlic, and shallots for at least 30 minutes, or overnight in the fridge for better results. | 3) [Pan fry] To the bottom of a large pot with a lid, add oil and heat on medium-high. Add beef. Pan fry until you get color on all sides (about 5 minutes). Clear the center. Add the lemongrass and ginger slices. Pan fry for about one minute. | 4) [Braise] Stir in tomato paste. Add coconut soda, and water. Braise with the lid on for 1-½ hours on low heat. | 5) [Add carrots, cinnamon stick and whole star anise] Continue cooking with a covered lid on a low simmer until carrots are chopstick-tender (about more 30 minutes). If the liquid is evaporating off too much, add a bit more water. Discard the lemongrass, ginger slices, cinnamon stick and star anise. | 6) [Season broth to taste] with a bit of fish sauce and light soy sauce. | 7) [Finish] Garnish with cilantro or Thai basil. Serve with toasted French baguettes or steamed white rice and optional dipping sauce. If making this with rice noodles, add a bit more hot water to the stew to make it soupier. Season the broth with additional fish sauce and soy sauce, if needed.",https://i0.wp.com/vickypham.com/wp-content/uploads/2024/08/01079-2023_11_10eosm58558.jpg?fit=2500%2C2500&ssl=1,entree,"asian, vietnamese","bo kho, bo kho recipe, how to make Vietnamese beef stew, Vietnamese beef stew, beef stew, beef stew recipe, bò kho, lemongrass, Chinese cinnamon, star anise, Vietnamese recipe, Vietnamese dishes, authentic bo kho recipe, bo kho Vietnamese beef stew, traditional Vietnamese beef stew, authentic bo kho, traditional Vietnamese beef stew recipe, authentic Vietnamese beef stew, beef chuck, beef tendon, banana beef, gravy beef, beef cuts for stew, beef stew Vietnamese, beef stew stovetop recipe, beef stew stovetop, beef stew with baguette, French baguette, Vietnamese stew recipes, Vietnamese winter recipes, Vietnamese stews",,5.0,1,28,29
Vietnamese Chayote Squash Soup with Ground Pork (Canh Su Su Nấu Thịt Băm),"A hearty and comforting chayote squash soup, featuring ground pork but feel free to substitute with your ground meat of choice. This quick and easy soup complements steamed rice and other side dishes in a traditional Vietnamese family-style meal.",https://vickypham.com/blog/vietnamese-chayote-squash-soup-ground-pork/,10m,13m,23m,5 serving(s),"[Ingredients] 1 tablespoon vegetable oil or other neutral oil, 2 large cloves garlic (minced), 1 small shallot (minced), 1 1/2 quarts water, 1 1/2 lbs chayote (peel, sliced into matchsticks), 8 oz ground pork or ground meat of choice, 1 teaspoon granulated sugar, 2 teaspoons fish sauce, 2 teaspoons salt, 1 teaspoon MSG (optional), Thinly sliced green onions, Cilantro, Fried shallots, Ground black pepper","[Instructions] 1) [Toast aromatics] In a medium-sized stockpot, heat the oil over medium-high. Add the garlic and shallots. Sauté until fragrant (about 30 seconds). | 2) [Add ground pork] Add ground pork and pan fry with the aromatics for about 3 minutes while breaking it into small chunks. | 3) [Add water] Carefully pour in the water. Be careful of hot oil splatters. Bring the pot to a boil. | 4) [Add chayote] Once the liquid is boiling, reduce the heat to medium-low and add the chayote squash. Simmer for 10 minutes, or until the chayote is tender. | 5) [Season to taste] Season the soup to taste with sugar, fish sauce, sea salt, and MSG (if using). | 6) [Garnish and serve] Ladle the soup into bowls and garnish with chopped cilantro, green onions, fried shallots, and a sprinkle of ground black pepper. Serve with rice and be happy.",https://i0.wp.com/vickypham.com/wp-content/uploads/2024/08/0066e-2023_12_06eosm58883.jpg?fit=2500%2C2500&ssl=1,side dish,"asian, vietnamese","Vietnamese chayote squash soup with ground pork, canh su su nấu thịt băm, canh su su, canh su su nau thit bam, chayote soup, chayote, chayote squash recipe, how to cook chayote, how to make soup with chayote, how to cook chayote, cilantro, green onions, fried shallots, ground meat, ground pork, MSG, what is MSG, Vietnamese soup recipe, how to make Vietnamese soup, how to make soup to eat with rice, how to make Vietnamese canh, canh, how to make canh, how to make canh for rice, Vietnamese home cooking, Vietnamese soup for traditional rice meal, canh nau thit bam, canh nau su su, squash soup, chayote squash soup, Vietnamese soup recipes, Vietnamese comfort food, Vietnamese family recipes, healthy winter squash recipes, Vietnamese ground pork recipes",,5.0,2,4,6
Vietnamese Fried Radish Rice Cakes (Bánh Củ Cải Bột Chiên),"A popular Vietnamese street food and dim sum restaurant item, these little savory rice cakes are pan-fried to crispy perfection and served with a sweet and savory soy dipping sauce.",https://vickypham.com/blog/vietnamese-daikon-rice-cake-eggs/,35m,60m,95m,5 serving(s),"[Ingredients] 20 grams dried shrimp, 1 Chinese sausage, 1 tablespoon vegetable oil (see notes below), 300 grams grated daikon (squeeze out excess water), 100 grams rice flour, 10 grams tapioca starch (see notes below), 300 ml water (room temperature), 1 teaspoon ground white pepper, ½ teaspoon granulated cane sugar, ½ teaspoon MSG (optional), ½ teaspoon salt, Soy dipping sauce, Fish sauce dipping sauce, Thinly sliced green onions, Pickled daikon and carrot","[Instructions] 1) [Prepare the dried ingredients] Soak the dried shrimp in hot water for 10 minutes. Drain and rinse. Chop the dried shrimp and Chinese sausage into small pieces. Add oil (1 tablespoon) to the skillet and heat on medium-high. Add dried shrimp and sauté for about 30 seconds. Add Chinese sausage and sauté for one minute or until you get nice caramelization on the edges of the shrimp and sausage. Transfer the mixture into another bowl and set aside. | 2) [Make the batter] Mix together the batter ingredient in a medium bowl until you get a paste-like consistency. Set aside. | 3) [Pan fry] Combine the batter, daikon, and dried shrimp/Chinese sausage mixture back into the skillet. Pan fry for about 5 minutes to cook off the raw flour taste. | 4) [Steam] Transfer mixture to an oiled pan. I’m using a 10″x5″ loaf pan. Place the pan into a steamer with plenty of water and steam over a medium simmer for 45 minutes. | 5) [Slice] Carefully remove the pan from the steamer and let your rice cake set for about 30 minutes. Once cooled, loosen the sides with a knife and turn it upside down onto a cutting board and slice ½-inch thick square or rectangular pieces. | 6) [Serve] To enjoy, pan-fry the radish cakes by adding a couple tablespoons oil to skillet over medium heat. Fry the cakes on both sides until golden and crispy. If serving with eggs, heat a bit of oil on the other side of the skillet and crack your desired amount of eggs into the oil. Pan fry eggs however you choose. I simply like it over-easy with no additional seasonings. Transfer the eggs and fried rice cakes to a plate. Garnish green onions (optional) and serve with your choice of soy or fish sauce dipping sauce, and a side of pickled daikon and carrot (optional).",https://i0.wp.com/vickypham.com/wp-content/uploads/2024/08/67383-adobestock_493575103.jpg?fit=1404%2C1404&ssl=1,"side dish, appetizer","asian, vietnamese, chinese","banh bot chien, banh cu cai chien, banh cu cai trung chien, Vietnamese rice cake, Vietnamese savory rice cake, Vietnamese daikon rice cake, Vietnamese radish rice cake, Vietnamese rice cake with Chinese sausage, Vietnamese rice cake with daikon, Vietnamese rice cake with radish, Vietnamese rice cake with dried shrimp, soy dipping sauce, fish sauce dipping sauce, nuoc cham, Chinese sausage, dried shrimp, daikon, radish, street food recipe, Vietnamese street food recipe, Vietnamese fried recipe, Vietnamese rice cake recipe, Vietnamese popular street food recipe, bánh củ cải chiên, bánh củ cải, bánh bột chiên, daikon rice cake, radish rice cake, daikon rice cake with eggs, turnip cake, turnip cake recipe, dim sum recipe, dim sum item, dim sum turnip cake, dim sum turnip cake recipe, how to make dim sum turnip cake",,,0,0,0
Vietnamese Sweet and Sour Fish Soup (Canh Chua Ca),"A traditional soup made with your favorite fish, tamarind, tomatoes, and your choice of vegetables, topped with fried garlic and fresh herbs. Serve with steamed rice and side dishes for an authentic Vietnamese family meal.",https://vickypham.com/blog/vietnamese-sour-catfish-soup-canh-chua/,5m,15m,20m,4 serving(s),"[Ingredients] 1 lb fish (catfish and salmon preferred), 2 tablespoons vegetable oil (or other neutral oil of your choice), 5 large garlic cloves (peel and finely mince), 4 cups water, 2 teaspoons fish sauce, 3 tablespoons granulated white sugar, 1 tablespoon tamarind powder (or 20 grams tamarind pulp), 1 tablespoon chicken or mushroom bouillon powder, ½ teaspoon salt, 2 large tomatoes (about ½ lb, slice into thick wedges), 2 cups okra or thinly sliced and peeled elephant ear stems, 1 cup bean sprouts, ¼ cup finely chopped herbs (Thai basil leaves, rice paddy herbs or culantro), Red Thai chili peppers (optional, cut at a diagonal into thin slices)","[Instructions] 1) [Clean the fish] Rinse under cold water, then slice into 1-inch steaks, keeping the backbone and skin attached. | 2) [Prepare the garlic] Heat oil in a medium pot. Add garlic and pan-fry until golden brown, tossing occasionally for even cooking. Remove half of the garlic and set aside for garnish. | 3) [Simmer the broth] Carefully add water to the pot, being cautious of hot oil splatter. Bring to a medium-low simmer. | 4) [Cook the fish] Add the catfish to the simmering pot. Cook for 10 minutes, or until the fish is fully cooked. Remove and discard any scum that floats to the top. | 5) [Season the soup] Add fish sauce, sugar, tamarind powder, bouillon powder, and salt. If using tamarind pulp, strain it through a small sieve directly into the pot, scraping the bottom of the sieve to add the strained pulp. Discard any seeds and fibers. | 6) [Cook the vegetables] Add tomatoes and okra or elephant ear stems, cooking for no more than 2 minutes. Turn off the heat. | 7) [Add bean sprouts] Stir in the bean sprouts; the residual heat will cook them. | 8) [Serve] When ready to serve, top the soup with fresh herbs, optional chili peppers, and the reserved fried garlic. Serve with a small saucer of fish sauce for dipping, alongside steamed rice and ca kho (braised fish) for a complete traditional Vietnamese family-style meal.",https://i0.wp.com/vickypham.com/wp-content/uploads/2024/08/a5172-2023_09_28eosm57895.jpg?fit=2500%2C2500&ssl=1,side dish,"asian, vietnamese","Vietnamese Sweet and Sour Soup, Canh Chua Ca, Canh Chua Recipe, Canh Chua, Vietnamese Sour Soup, Vietnamese Tamarind Soup, Vietnamese Fish Soup",,,0,16,16
Vietnamese Steamed Rice Noodle Sheets/Rolls (Bánh Ướt),"Soft, delicate, and full of flavor, bánh ướt is a Vietnamese street food that you won't want to miss. These thin rice sheets are steamed to perfection and then served with various toppings, such as cucumbers, Vietnamese ham, beansprouts, and a flavorful dipping sauce. This recipe makes 15 rolls/rice sheets.",https://vickypham.com/blog/ban-uot/,35m,30m,65m,3 serving(s),"[Ingredients] 1 cup rice flour, ½ cup tapioca starch, ½ cup potato starch (or same amount of tapioca starch), 4 cups water (room temperature), ½ teaspoon sea salt, Thinly sliced lettuce, Steamed or blanched bean sprouts, Vietnamese ham (Cha Lua; slice thin), Cucumbers (cut into thin strips), Fried shallots and shallot oil, Optional herbs (Thai basil, mint, and Vietnamese coriander rau ram), Vietnamese sweet chili dipping sauce (Nuoc Cham)","[Instructions] 1) [Make the batter] Combine rice flour, tapioca starch, potato starch, salt and water. Mix together until flour and starches have completely dissolved. Let it sit for 30 minutes to bloom. | 2) [Prepare a large tray] by greasing with shallot oil. Set aside. This will be used to place the finished rice rolls. | 3) [Prepare your pot/steamer] Fill a large pot/skillet or a large steamer with about 2 inches of water. If using a large pot/skillet, place a shallow bowl or plate at the bottom of the pot to keep the baking pan from sitting directly in the water. Place the baking pan inside. I’m using a 9-inch round nonstick cake pan. Bring the water to a boil over medium-high heat. | 4) [Pour about ⅓ cup of batter] onto the baking pan and swirl it to form a thin even layer. Cover the pot with a lid and steam for about 2 minutes, or until the batter is translucent and cooked through. | 5) [Remove] the baking pan with tongs or mittens. Use a wooden chopstick to trace the outline of the rice sheet along the edges to loosen them. The wooden chopstick prevents sticking. Use the chopstick to nudge one side of the rice sheet so you can lift it off. I find it too be much easier if you roll it off rather than trying to lift the whole sheet. If you find it too fragile, allow the rice sheet to cool for about 30 seconds to 1 minute. | 6) [Transfer] the Banh Uot to the oiled tray and brush the sheet or rolls with more shallot oil to prevent sticking. | 7) [Repeat the above steps until batter runs out] Once you get the hang of it, you can get multiple trays going at once. | 8) [Assemble] 4-5 rolls or sheets per person. Top with desired vegetables and serve with a small bowl of sauce on the side for pouring or dipping and enjoy.",https://i0.wp.com/vickypham.com/wp-content/uploads/2024/08/3b656-2023_09_17eosm507136.jpg?fit=2500%2C2500&ssl=1,"appetizer, entree","asian, vietnamese","Bánh Ướt, banh uot recipe, Vietnamese steamed rice rolls without fillings, Vietnamese steamed rice rolls without stuffing, Vietnamese steamed rice rolls without pork, Vietnamese rice rolls, Vietnamese steamed rice rolls, how to make Vietnamese rice rolls, how to make Vietnamese steamed rice rolls, Vietnamese rice sheets, how to make Vietnamese steamed rice sheets, banh uot, Vietnamese steamed rice rolls, Vietnamese steamed rice cakes, wet rice noodle rolls, Vietnamese wet cake, plain rice rolls, how to make rice rolls with no stuffing, how to make rice rolls without filling, Vietnamese plain steamed rice rolls, Vietnamese famous food, Vietnamese street food, Vietnamese rice rolls, Vietnamese steamed rice sheets, banh uot with pan, how to steam banh uot at home, how to steam banh uot without steamer, rice flour, regular rice flour, tapioca starch, potato starch, mung bean starch, water, salt, steaming rice roll hack, Vietnamese banh uot, Vietnamese steamed rice rolls recipe, Vietnamese steamed rice sheet recipe, how to make banh uot, how to steam banh uot, banh cuon vs banh uot",,,0,2,2
Easy Chinese-Style Pan-Fried Beef with Carrots and Green Beans,"Looking for a quick and easy weeknight meal? Try this Chinese-style pan-fried marinated beef that can be on the table in just 20 minutes. This stir fry recipe features thinly sliced beef, carrots and green beans.",https://vickypham.com/blog/beef-green-beans-carrots/,5m,15m,20m,4 serving(s),"[Ingredients] 1 lb thinly sliced beef sirloin (see notes), 1 tablespoon light soy sauce, 1 tablespoon dark soy sauce, 1 tablespoon oyster sauce, 1 tablespoon granulated sugar, 1 tablespoon rice vinegar, 1 tablespoon sesame oil, 1 tablespoon minced garlic (fresh or jarred), 2 scallions/green onions (cut into 1-inch segments), 1 tablespoon toasted sesame seeds, ½ small yellow onion (thinly sliced), ½ lb green beans (remove ends), ½ lb thinly sliced carrots, 2 tablespoons vegetable oil","[Instructions] 1) [Prepare beef] Slice the beef against the grain into thin bite-size strips, if it hasn’t already come sliced. In a large bowl, combine light soy sauce, dark soy sauce, oyster sauce, sugar, rice vinegar, sesame oil, garlic, scallions/green onions, and sesame seeds. Taste test at this point and adjust seasonings, if needed. Add beef and mix well to coat the beef with the sauce. You can cook the beef right away, or marinate it in the refrigerator overnight for even more flavor. | 2) [Pan fry aromatics] Heat the vegetable oil in a large skillet or wok over medium-high heat. Add the yellow onion and cook until soften and lightly charred, about 5 minutes. | 3) [Cook beef] Add the marinated beef to the skillet. Cook for about 4 minutes more, or until semi-cooked through. We want to finish cooking it at the same time as the vegetables. | 4) [Add vegetables and finish] To the skillet, add the green beans and carrots. Cook until tender, about 2 minutes more. Serve with steamed rice and enjoy.",https://i0.wp.com/vickypham.com/wp-content/uploads/2024/08/4178a-2023_09_09eosm507121.jpg?fit=2500%2C2500&ssl=1,side dish,"asian, chinese","Chinese pan-fried beef, Chinese pan-fried beef slices, pan-fried marinated beef, Chinese stir-fried beef, pan-fried beef with green beans and carrots, stir-fried beef with green beans and carrots, Chinese beef recipe, easy stir fry recipe, quick and easy Chinese recipe, easy beef recipe, beef with green beans and carrots recipe, Chinese-style beef recipe, soy sauce, light soy sauce, regular soy sauce, garlic, yellow onion, dark soy sauce, oyster sauce, green onions, scallions, toasted sesame seeds, green beans, carrots, easy Asian beef recipe, easy Asian stir fry recipe",,,0,4,4
Northern Vietnam Vermicelli Noodles with Grilled Pork Meatballs (Bun Cha Hanoi),"My favorite Vietnamese dish of all time, this refreshing and light dish is made with rice noodles, charcoal-grilled pork patties, fresh vegetables and Vietnamese herbs. It's served with a sweet chili sauce and pickled vegetables to bring all the wonderful flavors of Vietnam together.",https://vickypham.com/blog/bun-cha-hanoi/,40m,15m,55m,4 serving(s),"[Ingredients] 1½ lbs fatty ground pork (at least 20% fat), 2 tablespoons fish sauce, 2 tablespoons oyster sauce, 3 tablespoons brown sugar, ½ teaspoon ground black pepper, 1 tablespoon roasted rice powder, ½ teaspoon MSG (optional), ¼ cup minced lemongrass, 4 fresh garlic cloves (finely minced), 1 small shallot (finely minced), 2 teaspoons vegetable oil (for coating hands to prevent sticking), Lettuce, Cucumber, Vietnamese herbs, 14 oz dried rice vermicelli noodles (Jiang Xi brand), 2 cups thinly sliced unripe green papaya, 2 teaspoons fine sea salt, 1 tablespoon granulated white sugar, 2 tablespoons white vinegar, 1 cup hot water, ¾ cup granulated sugar, ¾ cup fish sauce, 3 tablespoons lime juice (1 fresh lime), 2 cups coconut soda (Coco Rico), 6 garlic cloves (finely minced), 2 Thai chili peppers (thinly sliced)","[Instructions] 1) [Season pork] In a large mixing bowl, combine ground pork, fish sauce, oyster sauce, brown sugar, ground black pepper, roasted rice powder, MSG, lemongrass, garlic, and shallots. | 2) [Make patties and grill] To prevent the ground pork mixture from sticking to your hands, oil them with vegetable oil. Roll the mixture into 32 small patties. Grill the patties over charcoal fire for a more authentic taste, about 8 minutes per side or until lightly charred. You can also pan-fry the patties on high heat on the stovetop or air-fry them at 350°F, about 5 minutes per side. | 3) [Make the quick pickled papaya] In a medium bowl, combine sliced papaya and salt. Let it sit for 30 minutes. Rinse the salted papaya under cold running water and squeeze out excess water. Drain. Mix with water sugar and vinegar. Set aside. | 4) [Make the dipping sauce/broth] In a large bowl, mix together water and sugar until sugar is completely dissolved. Add fish sauce, lime juice, coconut soda, garlic, and chili peppers. Adjust to taste if needed. | 5) [Cook the noodles] per package instructions. | 6) [Assemble] for each serving. In a small bowl, add pork patties, pickled papaya and cover with dipping sauce/broth. Serve with rice noodles and a platter of vegetables and herbs on the side.",https://i0.wp.com/vickypham.com/wp-content/uploads/2024/08/f563b-2023_08_15eosm506634.jpg?fit=2500%2C2500&ssl=1,entree,"asian, vietnamese","bún chả hanoi, northern vietnamese vermicelli noodles, grilled pork patties, vietnamese cuisine, hanoi food, northern vietnam food, bun cha recipe, bun cha hanoi recipe, bún chả, Vietnamese pork recipe, Vietnamese pork meatballs, Vietnamese pork patties, Vietnamese pork patties recipe, Vietnamese pork paty recipe, how to make bun cha, easy bun cha recipe, easy bun cha, Vietnamese meatballs, authentic bun cha recipe, roasted rice powder, toasted rice powder, oyster sauce, fish sauce, brown sugar, sugar, shallots, garlic, lemongrass, charcoal grilled pork patties, Vietnamese grilled pork patties with rice noodles, Vietnamese grilled pork meatballs with rice noodles, authentic bun cha, northern Vietnamese dish, northern Vietnamese recipes, what is bun cha broth made from, bun cha broth, bun cha sauce, bun cha dipping sauce, how to eat bun cha, how to eat Vietnamese bun cha, what vegetables are in bun cha, what herbs are in bun cha",,5.0,2,16,18
Easy Chinese-Style Soy Sauce Braised Pork Ribs,"A recipe for tender, bite-size pieces of pork ribs coated in a sweet and savory sticky glaze. This simple and hassle-free recipe requires no marinating or complex steps. Just toss all the ingredients together, add a splash of water, and cover to braise.",https://vickypham.com/blog/easy-chinese-style-soy-sauce-braised-pork-ribs/,12m,38m,50m,4 serving(s),"[Ingredients] 1½ lbs pork spare ribs, 1 tablespoon granulated white sugar, 2 tablespoons light soy sauce, 1 tablespoon dark soy sauce, 1 tablespoon Shaoxing cooking wine, 1 tablespoon rice vinegar, 1 cup water, 1 tablespoon minced ginger, 1 tablespoon minced garlic, 1 green onion (thinly sliced)","[Instructions] 1) [Clean pork ribs] Cut your spare ribs into bite size pieces. In a medium pot with a lid, add pork ribs and water to cover. Bring the water to a boil or until scum floats to the top (about 12 minutes). Drain into a colander in the sink and rinse well. | 2) [Season] Wash pot thoroughly and return to stove. Add parboiled ribs, sugar, soy sauce, dark soy sauce, Shaoxing cooking wine, rice vinegar, water (1 cup), ginger, and garlic. | 3) [Simmer] Cover and simmer for 35 minutes, tossing halfway for even cooking. | 4) [Thicken sauce] Remove the lid and continue cooking until sauce has thickened and coats ribs (about 3 minutes). | 5) [Serve] Garnish with thinly sliced green onions and serve with rice or noodles for a complete meal.",https://i0.wp.com/vickypham.com/wp-content/uploads/2024/08/a77b1-2023_06_01eosm505909-edit.jpg?fit=2500%2C2500&ssl=1,side dish,"asian, chinese","Chinese braise recipe, Asian braise recipe, braise meat recipe with soy sauce, braise pork recipe with soy sauce, braise recipe, braise pork rib recipe, easy Chinese recipe pork ribs, easy Asian recipe pork ribs, Chinese braised pork ribs, braised pork ribs, braised soy sauce pork ribs, braised soy pork ribs, light soy sauce, dark soy sauce, pork ribs, ginger, garlic, pork spare ribs, Shaoxing cooking wine, sugar, easy Chinese-style soy sauce braised pork ribs, Asian pork rib recipe, Chinese pork rib recipe, soy sauce rib recipe, soy sauce braised recipe with pork ribs, soy sauce pork recipe",,4.9,8,25,33
Hanoi Fried Fish with Turmeric and Dill (Chả Cá Lã Vọng),"A flavorful fried fish with turmeric and dill, served with rice noodles, peanuts, fresh herbs, vegetables, and a pungent fermented shrimp sauce. A must-try dish from Hanoi's Old Quarter.",https://vickypham.com/blog/hanoi-fried-fish-with-turmeric-dill-cha-ca-la-vong/,10m,10m,20m,4 serving(s),"[Ingredients] 1½ lbs white fish fillets, ½ teaspoon sea salt, 1 teaspoon fish sauce, 1 teaspoon granulated sugar, 1 teaspoon turmeric powder, 1 teaspoon grated galangal or ginger, 2 cloves grated garlic, 2 tablespoon minced shallots, Vegetable oil plus more for deep frying, ½ cup corn starch, 1 bunch fresh dill, 4 green onions (cut into 2 inch segments), 1 small yellow onion (peel and cut into wedges), Medium rice noodles (cook per package instructions), Roasted salted peanuts, Rice paper, Rice crackers, Mắm Tôm dipping sauce","[Instructions] 1) [Prepare the fish] Cut the fillets into 1½ inch pieces and marinate them with salt, fish sauce, sugar, turmeric powder, galangal, garlic, and shallots. Set aside. | 2) [Deep fry] Fill a skillet with 1 inch oil and heat on medium-high. Coat the fillets with corn starch, dust off any excess, and deep fry them until golden brown (about 5 minutes). Remove the fried fillets from the oil and transfer them to a plate lined with paper towels or a wired rack to absorb excess oil. | 3) [Prepare aromatics] Prepare a pan or cast iron skillet with a bit of vegetable oil on the bottom. Add onions and pan fry until lightly browned. Add dill and green onions. Cook for about one minute or until lightly wilted. | 4) [Serve] Add fried fish and garnish with chopped peanuts. Serve with rice noodles, sesame rice crackers, rice paper, and dipping sauce.",https://i0.wp.com/vickypham.com/wp-content/uploads/2024/08/b922b-2023_07_31eosm506357.jpg?fit=2500%2C2500&ssl=1,entree,"asian, vietnamese","fried fish with turmeric powder, Hanoi fried fish recipe, Hanoi famous fried fish, Hanoi famous fried fish recipe, northern Vietnam famous fried fish with turmeric, cha ca la vong, chả cá lã vọng, cha ca la vong recipe, how to make cha ca la vong, Vietnamese fried fish recipe, Vietnamese fried fish with turmeric powder recipe, Vietnamese fried fish with turmeric, rice noodles, mam tom, mắm tôm, mam tom dipping sauce, mắm tôm dipping sauce, Chả Cá Thăng Long, cha ca thang long, Vietnamese fried fish",,,0,5,5
Quick and Easy Beef Pho with Beef Ribs (3 Servings Only),"This streamlined version of the classic beef phở is perfect for a small family or for one person with a few leftovers. Enjoy an authentic taste of the popular Vietnamese beef noodle soup, made from scratch, without the fuss.",https://vickypham.com/blog/quick-beef-stovetop-pho/,0m,120m,120m,3 serving(s),"[Ingredients] 4 lbs meaty beef ribs, 3 quarts water, 3 inch fresh ginger (peel, slice into thick coins, smash lightly), 1 yellow onion (peel and halve), 2 tablespoons granulated cane sugar, 1 tablespoons sea salt, 2 tablespoons fish sauce, 1 teaspoon msg (optional), 2 phở spice tea packets (1 box contains 4 tea bags), 16 oz fresh rice noodles, Green onions, Lime wedges, Red Chili Peppers, Hoisin Sauce, Sriracha Chili Sauce","[Instructions] 1) [Toast aromatics] Heat a medium pot with a heavy-bottom over medium-low heat. No oil is needed. Add onion halves and sliced ginger. Toast until they are browned on both sides, about 6 minutes per side. | 2) [Make the stock] Add water and beef ribs. Bring the pot to a boil, then reduce heat to low, cover and simmer for 1.5 hours. Add spice bags and continue simmering for 30 minutes covered or until the ribs are tender. | 3) [Discard all solids] Remove the beef ribs and set aside as a meaty topping. Remove the spice packets, onions, and ginger. Use a fine mesh spoon to help you skim the impurities and small bone bits that may cloud the broth. If you want a much clearer broth, strain the whole pot through a fine-mesh strainer into a new pot. | 4) [Skim off fat] Beef ribs contain a lot of fat. There will be a thick layer of fat floating on top of the broth. I highly recommend skimming the surface with a large spoon to remove the excess fat. Alternatively, place the whole pot in the fridge. The fat will solidify at the top and appear white in color, which you can then easily remove in large chunks. Just don’t remove all as fat is flavor! | 5) [Season to taste] Add fish sauce, sugar, salt, and MSG. | 6) [Prepare the noodles] Cook the rice noodles per the package instructions. Divide the rice noodles into three regular bowls or four small bowls. Top with beef ribs, hot broth, and garnished with thinly sliced green onions and chili peppers. | 7) [Assemble and finish] To enjoy, squeeze a wedge of lime. Add a little of hoisin and chili sauce into the bowl or serve it on the side as a dipping sauce for the ribs.",https://i0.wp.com/vickypham.com/wp-content/uploads/2024/08/3240a-2023_07_12eosm57078-enhanced-nr-edit.jpg?fit=2500%2C2500&ssl=1,entree,"asian, vietnamese","beef pho, beef phở, how to make pho, how to make beef pho, Vietnamese beef noodle soup, Vietnamese beef pho, phở, phở recipe, beef pho recipe, beef pho for small family, beef pho for 3, beef pho for 2, easy beef pho, quick beef pho, authentic beef pho recipe, traditional beef pho recipe, Vietnamese beef noodle soup, pho bo recipe, easy pho bo recipe, quick pho bo recipe, pho noodle soup, beef broth for pho, pho with beef ribs, beef ribs, beef spare ribs, yellow onion, ginger, star anise, cloves, cinnamon, fish sauce, hoisin sauce, sriracha sauce, chili sauce, green onions, lime wedges, beef stock, Vietnamese beef broth, Vietnamese beef pho broth, Vietnamese beef stock, rice noodles, flat rice noodles, oxtail pho, oxtail pho recipe, pho oxtail, pho recipe with oxtail, easy oxtail pho recipe, oxtail, Vietnamese oxtail pho, pho bo with ribs, pho bo, pho bo with oxtail, Vietnamese oxtail beef noodle soup, Vietnamese beef noodle soup with oxtail, Vietnamese beef noodle soup with ribs, easy oxtail noodle soup",,,0,2,2
Vietnamese Baked Honeycomb Pandan Cake (Bánh Bò Nướng Trứng Rễ Tre Lá Dứa),"A delicious Vietnamese baked honeycomb cake that is light, springy, and airy with a burst of pandan and coconut flavors.",https://vickypham.com/blog/vietnamese-baked-honeycomb-pandan-cake/,40m,60m,100m,6 serving(s),"[Ingredients] 5 large pandan leaves, 100 mL cup water (about ⅓ cup), ¼ tsp pandan extract paste (for additional color), 100 mL coconut milk (about ⅓ cup), 100 mL heavy whipping cream (about ⅓ cup), 8 whole eggs, 280 g granulated white sugar (about 1⅓ cups), 310 g tapioca starch (about 2½ cups), 20 g rice flour (about 3 tablespoons), ½ teaspoon sea salt, 1 tablespoon unsalted melted butter, 2 teaspoons double-acting baking powder","[Instructions] 1) [Make the pandan mixture] Clean the pandan leaves and cut them into small strips. Add the pandan leaves, water, and blend in a food processor or blender until smooth. Strain the mixture and discard the pulp. Add additional water to get ½ cup of pandan juice. Mix juice with pandan extract paste, coconut milk and cream until well combined. Set aside. | 2) [Make the batter mixture] In a large bowl, break the yolks with a whisk and mix lightly. To the eggs, mix together sugar, tapioca starch, rice flour, salt, melted butter, baking powder, and the pandan mixture until well combined. | 3) [Strain to remove lumps] Pour the batter through a fine-mesh strainer into a new mixing bowl to remove any lumps, making sure to scrap the bottom of the strainer. Cover the mixture and let it bloom for at least 30 minutes at room temperature. | 4) [Heat up the baking pan] Preheat the oven to 350°F. Line the bottom of a deep 8 or 9 inch round nonstick cake pan with parchment paper. Bake the pan by itself at 350°F for 15 minutes to make the pan hot. | 5) [Bake] Remove the pan from the oven. Pour the batter into the pan and gently shake it back and forth to even out the top. Bake for 50 minutes to one hour at 350°F, or until a skewer or chopstick inserted in the middle comes out clean. Turn off heat. | 6) [Flip cake] To prevent the cake from collapsing, carefully flip the pan upside down. You might have to use oven-safe objects to put on both sides of the pan to avoid crushing the top. See picture above for reference. I’m using two ramekins. Allow the cake to rest in the closed oven for 20 minutes. | 7) [Finish] Carefully remove the cake from the oven. Run a knife along the inside rim of the cake pan to loosen it up and lift it out. Wait until the cake is completely cooled before slicing. Enjoy the cake on its own or with sweetened coconut sauce, roasted chopped peanuts, and roasted sesame seeds.",https://i0.wp.com/vickypham.com/wp-content/uploads/2024/08/6d021-2023_07_18eosm506075.jpg?fit=2500%2C2500&ssl=1,dessert,"asian, vietnamese","Vietnamese baked honeycomb pandan cake, Bánh Bò Nướng Trứng Rễ Tre Lá Dứa, Vietnamese cake, Vietnamese honeycomb cake, Vietnamese honey comb cake, Vietnamese pandan cake, Vietnamese green pandan cake, Vietnamese green honey comb cake, banh bo, banh bo nuong, banh bo nuong trung, banh bo nuong re tre, banh bo nuong la dua, banh bo recipe, banh bo nuong recipe, green banh bo recipe, pandan honey comb cake, pandan honeycomb cake, pandan, pandan extract, pandan leaves, tapioca starch, rice flour, eggs, Bánh Bò Nướng, Bánh Bò Nướng Trứng, Bánh Bò Nướng Rễ Tre, Bánh Bò Nướng Lá Dứa, coconut milk, cream, Vietnamese honeycomb pandan cake, Vietnamese dessert, pandan dessert recipe, Vietnamese dessert recipe, pandan dessert recipe, Asian dessert with pandan, Asian dessert recipe, how to make banh bo nuong, easy banh bo nuong recipe, no fail banh bo nuong recipe, no fail banh bo nuong, banh bo ingredients, baking powder, banh bo pandan cake, baked banh bo cake, banh bo with eggs recipe, banh bo with eggs, easy honeycomb cake recipe, Vietnamese honeycomb cake recipe, double acting baking powder, honeycomb cake, tips to prevent bo nuong from collapsing, how to prevent banh bo from deflating",,,0,6,6
Vietnamese Beef Noodle Soup (Pho Bo),Enjoy the wonderful flavors of Vietnam's with this traditional beef pho recipe. This Southern-style variation of beef pho features flat rice noodles with tender beef slices in an aromatic and hearty beef broth.,https://vickypham.com/blog/vietnamese-beef-noodle-soup-pho-bo/,30m,150m,180m,8 serving(s),"[Ingredients] 8 lbs beef bones/meat (ox tail, neck bones, knuckles, shank bones, brisket, flank steak), 5 quarts water, 8 large shallots or 2 yellow onions, 3-inch ginger, 1 stick Chinese cinnamon, 2 teaspoons dried cloves, 2 teaspoons dried coriander, 3 dried cardamom, 3 dried star anise, 30 grams rock sugar, 2 tablespoons fish sauce, 1 tablespoon sea salt, 1/2 tablespoon MSG (optional), Any meat from beef bones after making stock, 1 1/2 lbs thinly sliced eye-round beef steak, 11 oz cooked beef balls (Bo Vien), 2 lbs fresh rice noodles, 1/2 white or yellow onion (slice thinly), 1 small bunch cilantro (roughly chop), 5 green onions/scallions (slice thinly), 2 jalapenos (slice thinly), 2 limes (cut into wedges), Culantro, Thai basil, bean sprouts, Hoisin sauce, Sriracha sauce","[Instructions] 1) [Clean the bones] Cleaning the bones will get rid of all the impurities and ensure a clear broth. Bring a large pot of water to a rolling boil. Add beef bones and boil for 8 minutes or until foam float to the top. If using marrow bones, boil for only 3 minutes. Any longer will remove the marrow, which would not be good. Remove the bones from the pot and rinse the bones well under cold running water. Discard the water and clean the pot. | 2) [Roast the aromatics] Peel the shallots and slice the ginger into thick coins. Transfer shallots and ginger to a baking tray and roast in the toaster oven at 400°F for 20 minutes or until lightly charred on the edges. | 3) [Simmer] In the clean pot, add water (5 quarts) and bring to a boil. Add cleaned bones, shallots, and ginger. Cook for 2 hours, uncovered on a low simmer. Occasionally, use a ladle or mesh strainer to skim off any impurities that float to the top and discard. | 4) [Remove solids] Remove all the aromatics and bones from the stock and discard. There may be a good amount of tender meat on the bones so remove the meat from the bones and set aside as a meaty topping before discarding bones. | 5) [Toast the spices and continue simmering] In a small frying pan, dry roast (no oil) the spices for about 30 seconds or until fragrant. Shake them around to prevent burning. Wrap the roasted spices in a cheesecloth or if you are using the pho spice seasoning packet, use the accompanying spice bag. Add to stockpot. Simmer on low for 30 minutes. After 30 minutes, remove the spice packet. | 6) [Season stock] Add rock sugar, fish sauce, salt and MSG (optional). Start with a little at a time and adjust to your taste. Make sure to allow the sugar to completely melt before taste testing. | 7) [Prepare the noodles] Cook rice noodles per package instructions. | 8) [Assemble and serve] Divide noodles evenly between eight bowls. Add your choices of meat with the raw slices of eye-round beef steak on top. Ladle hot broth over the raw beef slices. Top with a bit of white/yellow onions, green onions, and cilantro. Serve with hoisin and sriracha sauce, and a small platter of bean sprouts, Thai basil, jalapenos, lime, and enjoy.",https://i0.wp.com/vickypham.com/wp-content/uploads/2024/08/48f43-2023_06_09eosm506018.jpg?fit=2500%2C2500&ssl=1,entree,Vietnamese,"Vietnamese beef pho recipe, authentic pho recipe, homemade pho broth, traditional pho noodle soup, easy pho recipe, how to make pho, beef noodle soup, Vietnamese noodle soup, pho recipe, pho soup, Vietnamese Beef Pho, Pho Bo, Southern-style Beef Pho, Traditional Beef Pho Recipe, Homemade Pho Broth",,,0,2,2
Vietnamese Sizzling Crispy and Savory Crepes (Bánh Xèo),Make your own Banh Xeo at home! This Vietnamese sizzling crepe recipe is easy to follow and yields 6-8 large crepes. Use premix flour or make the batter from scratch.,https://vickypham.com/blog/vietnamese-sizzling-crepe-pancake-banh-xeo/,45m,60m,105m,4 serving(s),"[Ingredients] 500 grams Hương Xưa Bánh Xèo flour mix, 4¼ cups water (room temperature, see notes), 1⅓ cups rice flour, 1 tablespoon corn starch, 1 teaspoon salt, 1 teaspoon turmeric powder, 1½ cups water (room temperature), 7 fl oz coconut milk, 1 cup sliced green onions (about 4 stalks), 1 lb pork belly, 1 lb shrimp (size 31/35, devein, peel optional), 2 teaspoons chicken or mushroom bouillon powder (divided, see notes), Vegetable oil or other neutral oil, 3 garlic cloves (peel and mince), 1 small shallot (peel and mince), ¾ cup dried split mung beans, 1 teaspoon salt, Lettuce, Vietnamese herbs, 1 lb fresh bean sprouts, 1 small yellow onion (slice into thin wedges), Vietnamese dipping sauce (Nuoc Mam Cham), Vietnamese pickled daikon and carrot (Do Chua)","[Instructions] 1) [Choose to make the batter from premix flour or from scratch] In a large mixing bowl, whisk together the batter ingredients. Set it aside to rest for at least 30 minutes for the batter to bloom. The longer the batter rests, the crispier it will be when fried. | 2) [Clean pork and shrimp (optional but recommended)] To clean the pork and shrimp, rub them with coarse sea salt (about 1 tablespoon). Rinse under cold running water and drain dry. Parboil the pork belly for about 10 minutes to get rid of any foul smell and for easier slicing. Once cooled, slice the pork belly into thin bite-sized pieces, each with a layer of skin, fat, and meat. | 3) [Partially cook and season pork] In a large skillet, heat vegetable oil (about 1 tablespoon) on medium-high. Add half of the minced garlic and shallot. Sauté until fragrant. Add pork belly. Season with 1 teaspoon bouillon powder or ½ teaspoon sea salt. Panfry until mostly cooked (about 5 minutes). Remove from skillet and set aside. | 4) [Partially cook and season the shrimp] Repeat the step above for the shrimp. Add oil, garlic and shallot to skillet. Sauté until fragrant. Add shrimp. Season with 1 teaspoon bouillon powder or ½ teaspoon sea salt. Lightly pan fry to get the aroma onto the shrimp. No need to cook all the way through. Shrimp will finish cooking when making crepes. Set aside. | 5) [Prepare the mung beans] Rinse the dried mung beans in plenty of water until the water runs clear. Transfer the mung beans to a small pot and add enough water to cover the beans by 2 inches. Bring the water to a boil over medium-high heat, then reduce the heat to low and simmer for 20 minutes uncovered, or until the beans are soft but still retain their shape. Stir half way through to prevent mung beans from sticking to the bottom of the pot. Drain and mix with 1 teaspoon sea salt. Set aside. | 6) [Time to fry] To make a crepe, you will need a large (12-inch) nonstick skillet or a well seasoned wok with a lid. Coat skillet with a thin layer of vegetable oil. Add a few slices of onions and pork belly. Pan fry for about one minute. Add shrimp (I added four for each crepe). Ladle in about ¾ cup of batter, then immediately pick up pan and swirl batter around to cover the bottom and sides of skillet until batter is no longer runny. Add mung beans and bean sprouts. Cover skillet with a lid and cook for 3 minutes on medium-high. | 7) [Crisp up the edges] Remove lid. The edges of the crepe should have pulled away from the sides of the skillet. Add a teaspoon of oil to the underside of the crepe. You can use a squeeze bottle or spoon to spread the oil evenly. Continue to cook for about 3 more minutes, uncovered, until the bottom crisps up. | 8) [Serve] Use a large spatula to fold the pancake in half. Slide pancake onto a serving platter. Repeat with the remaining batter and ingredients. Serve with lettuce and your favorite Vietnamese herbs, pickled daikon/carrots, and a side of Vietnamese fish sauce dipping sauce (Nuoc Mam Cham).",https://i0.wp.com/vickypham.com/wp-content/uploads/2024/08/1dfb8-banh-xeo-crepe-6.jpg?fit=2500%2C2280&ssl=1,appetizer,"asian, vietnamese","banh xeo recipe, how to make banh xeo, vietnamese sizzling crepe recipe, vietnamese pancake recipe, banh xeo ingredients, banh xeo step by step, banh xeo tutorial, banh xeo tips, perfect banh xeo recipe, crispy banh xeo recipe, perfect banh xeo, crispy banh xeo, banh xeo premix flour, banh xeo from scratch, how to make banh xeo with store flour, how to make banh xeo from scratch, easy banh xeo recipe, beginner banh xeo recipe, vietnamese sizzling crepe, banh xeo, vietnamese crepe, bánh xèo, how to make bánh xèo, easy bánh xèo recipe, coconut milk, turmeric powder, rice flour, corn starch, wheat starch, pork belly, mung beans, bean sprouts, shrimp, Vietnamese dipping sauce, nuoc cham, nuoc cham recipe, nước chấm, nước chấm recipe",,5.0,1,14,15
Vietnamese Sizzling Steak and Eggs (Bò Né),A delicious and popular Vietnamese steak and egg breakfast. Enjoy with a warm baguette for scooping up every bite.,https://vickypham.com/blog/vietnamese-steak-eggs-bo-ne/,20m,25m,45m,4 serving(s),"[Ingredients] 1 lb beef steak (tenderloin, sirloin, top loin, or flank), 2 tablespoons oyster sauce, 1 teaspoon soy sauce, 2 teaspoon fish sauce, 1 tablespoon dark brown sugar, 2 large garlic cloves (peel and finely chop), 1 teaspoon sesame oil, 4 tablespoons unsalted butter (divided), Yellow onion (peel and cut into thin wedges), 2 large tomatoes (cut into thick wedges), 4 eggs, 4 small Bánh Mì Vietnamese Baguette","[Instructions] 1) [Prepare beef] You can keep the steak whole but I like to cut them into thick slices (about ⅛”) against the grain for easy eating. In a medium bowl, mix together oyster sauce, soy sauce, fish sauce, dark brown sugar, garlic, and sesame oil. Add sliced steak to the marinade and toss to coat. Marinate for at least 15 minutes or overnight in the fridge, covered. | 2) [Cook beef] Heat a single-serving cast-iron pan or skillet over medium-high heat. Add half tablespoon of butter to the pan. Add the onions (¼ portion) to the pan and cook until they are softened and lightly charred, about 5 minutes. Add marinated steak (¼ portion) to the pan and cook for about 5 minutes total, or until it reaches your desired level of doneness if using whole steak. | 3) [Add egg] Once the steak is about done cooking, add half tablespoon of butter to the pan. Crack an egg into the butter and cook to your desired doneness. I like mine sunny side up, with a runny yolk. | 4) [Finish] Add a few slices of tomato wedges to the pan and cook until slightly charred. Garnish with cilantro or green onions. Add pickled vegetables and pate. Serve immediately with a baguette. Repeat three more time as this recipe makes four servings.",https://i0.wp.com/vickypham.com/wp-content/uploads/2024/08/2cbf4-2023_08_05eosm506473-edit.jpg?fit=2500%2C2500&ssl=1,entree,"asian, vietnamese","Bo Ne, Bo Ne recipe, Vietnamese steak, Vietnamese eggs, Vietnamese steak and egg recipe, Vietnamese steak and egg, Bò Né, easy bo ne recipe, easy steak and egg recipe, easy Vietnamese steak and egg recipe, dodging beef, dodging beef recipe, Bò Né Recipe, sizzling steak, sizzling Vietnamese steak and egg recipe, sizzling steak recipe, butter, oyster sauce, soy sauce, garlic, onions, cilantro, green onions, best steak cut for bo ne recipe, sizzling Vietnamese steak and egg, pate, pork pate, bo ne with pate recipe, bo ne pate, tomatoes, pickled vegetables, pickled daikon, pickled carrot, bò né with pâté, bo ne recipe with homemade pate, beef cut, sirloin steak, top loin steak, flank steak, Vietnamese sizzling steak and eggs, Vietnamese popular breakfast, Vietnamese breakfast steak and eggs, popular Vietnamese food, popular Vietnamese breakfast",,5.0,1,4,5
Easy Instant Pot Vietnamese Yogurt (Sữa Chua/Da Ua),"Made with sweetened condensed milk, Vietnamese yogurt is the perfect balance of sweet and tart flavor. It's a childhood favorite that can be enjoyed plain, in an iced drink, or frozen as a popsicle. And now, you can easily make it at home with an Instant Pot.",https://vickypham.com/blog/vietnamese-yogurt/,5m,480m,485m,7 serving(s),"[Ingredients] 2½ cups whole milk, 14 oz can sweetened condensed milk, ½ cup fresh plain yogurt (culture starter)","[Instructions] 1) [Warm up milk] In a medium microwave-safe bowl with a lip (pour spout) preferably, heat the milk in the microwave for about 2 minutes. This warms up the milk to help dissolve the condensed milk evenly in the next step. Do not heat it past 2 minutes in the microwave. Otherwise it might be too hot which will kill the bacteria in the yogurt starter. | 2) [Add Condensed Milk] Add the sweetened condensed milk, using a scraper to get all of it. Whisk until the condensed milk is completely dissolved in the warm milk. | 3) [Add Yogurt Starter] Add the yogurt starter and stir to combine. | 4) [Transfer to Containers] Pour the mixture to small jars and cover with lids. If you do not have lids, use small pieces of saran wrap or foil to cover the top of the jars. Alternatively, you can do it the traditional Vietnamese way: transfer the yogurt to small 5×3-inch food-safe plastic bags. Twist the top of the bag closed to capture an air bubble then tie it shut with a rubber band. | 5) [Set Up the Instant Pot] Add the jars or bags to the Instant Pot. Stack the jars if needed. Carefully fill the Instant Pot with water until it reaches 2/3 up the jars on the bottom layer. Set the Instant Pot to the yogurt setting. If you do not have a yogurt setting, select the Sous Vide cooking method or any other setting that allows you to set the temperature to 110°F. Set the time to 8 hours. | 6) [Chill and Serve] :Once the yogurt is finished cooking, carefully remove it from the Instant Pot. Refrigerate for 4 hours or until completely chilled then enjoy.",https://i0.wp.com/vickypham.com/wp-content/uploads/2024/08/10559-2023_08_24eosm57388-enhanced-nr.jpg?fit=2500%2C2500&ssl=1,dessert,"asian, vietnamese","Vietnamese yogurt recipe, how to make Vietnamese yogurt, how to make da ua, how to make sua chua, authentic da ua recipe, authentic sua chua recipe, sữa chua, sữa chua recipe, Instant Pot Vietnamese yogurt recipe, easy Vietnamese yogurt recipe, easy yogurt recipe, easy Instant Pot yogurt recipe, culture starter, yogurt culture starter, starter culture, yogurt starter culture, whole milk, milk, sweetened condensed milk, condensed milk, sua chua drink recipe, sua chua drink, Sữa Chua Đá, sua chua da, how to make sua chua da, how to make da ua da, how to make da ua da drink, Vietnamese ice drink, refreshing Vietnamese drink, Vietnamese iced drink with yogurt, plain yogurt starter, how to make Vietnamese da ua, how to make Vietnamese sua chua, Instant Pot Vietnamese yogurt recipe, Vietnamese yogurt. Cà Phê Sữa Chua, ca phe sua chua, Vietnamese yogurt coffee, Vietnamese coffee yogurt, Vietnamese yogurt coffee drink, how to make Vietnamese yogurt coffee",,,0,10,10
Easy Bok Choy Stir Fry with Oyster Sauce,"This quick, healthy side dish features blanched bok choy with caramelized onions in savory oyster sauce, ready in under 10 minutes. Perfect for any Asian-inspired meal.",https://vickypham.com/blog/bok-choy-oyster-sauce/,3m,5m,8m,4 serving(s),"[Ingredients] 1 lb bok choy, 1 yellow or white onion, ½ cup water (room temperature or cold), 2 tablespoons oyster sauce, 2 teaspoons tapioca starch, 1 tablespoon vegetable oil","[Instructions] 1) [Prepare bok choy] Cut the bok choy in half lengthwise. Halve it again if it’s too big. Submerge the bok choy in water to clean then rinse thoroughly. Peel the onion and cut it into medium wedges. | 2) [Make sauce] In a small bowl, whisk together the water, oyster sauce, and tapioca starch until smooth. | 3) [Blanch bok choy] Fill a tall pan or wok with plenty of water (about 1-½ quarts) and bring it to a rolling boil. Add bok choy and blanch for 3 minutes, tossing for even cooking. Remove the bok choy from the water and set aside. | 4) [Pan fry aromatics] Drain the pan and wipe dry. Add oil and heat on medium-high. Add the onions and stir-fry them until lightly charred on the outside (about 3 minutes). | 5) [Add sauce and finish] Give the sauce mixture a stir in case the tapioca starch has settled. Pour the sauce into the pan. It should thicken almost immediately. Add the blanched bok choy and toss to combine with the sauce. There’s no need to cook it any further. Serve it with rice or noodles for a complete meal.",https://i0.wp.com/vickypham.com/wp-content/uploads/2024/08/30d66-2023_05_10eosm56770.jpg?fit=2500%2C2500&ssl=1,side dish,"asian, vietnamese, chinese","bok choy recipe, bok choy recipe with oyster sauce, easy bok choy recipe, asian bok choy recipe, asian-style bok choy recipe, oyster sauce recipe, asian stir fry recipe, easy asian stir fry recipe, easy vegetarian stir fry recipe, bok choy, stir fry recipe with bok choy, pak choi, pak choi recipe, pok choi recipe, pok choi, Vietnamese bok choy recipe, bok choy recipe stir fry, pok choy, pak choy, pok choy recipe, pok choy recipe, bok choy onion recipe, bok choy garlic recipe, bok choy recipe with dark sauce, boy choy recipe with brown sauce",,5.0,1,1,2
Central Vietnam Must-Eat Noodle Dish: Mi Quang,A must-try noodle dish from Quang Nam Province. This soup features turmeric rice noodles in a flavorful broth with fresh herbs and vegetables.,https://vickypham.com/blog/central-vietnams-must-eat-noodle-dish-mi-quang/,10m,60m,70m,6 serving(s),"[Ingredients] 3 lbs pork bones (neckbones or leg/marrow bones), 1 lb pork belly, 1 lb large whole shrimp with heads, 2 quarts water, 1 tablespoon sea salt (divided), 1 tablespoon granulated sugar (divided), 1 tablespoon fish sauce (divided), 1 tablespoon paprika (divided, little heat, mainly for color), 1 tablespoon turmeric powder (divided), 3 tablespoons vegetable oil (divided), 1 yellow onion (peeled and quartered), 2 large shallot (peeled and finely chopped), 6 cloves garlic (peeled and finely chopped), 2 10.5-oz bags of Quang Nam yellow rice noodles, Fried shallots, Green onions (sliced thin), Cilantro (sliced thin), Yellow onion (sliced thin), Toasted peanuts, Bean sprouts, Green or red cabbage, Lettuce, Lemons or limes, Sesame rice crackers",[Instructions] 1) [Prepare the Proteins] | 2) [Make the Broth] | 3) [Prepare the Accompaniments] | 4) [Assemble],https://i0.wp.com/vickypham.com/wp-content/uploads/2024/08/e5e0e-2023_04_28eos2bm56728.jpg?fit=1666%2C1666&ssl=1,entree,"asian, vietnamese","mì quảng tôm thịt, mì quảng tôm thịt recipe, how to make mì quảng tôm thịt, mi quang tom thit, mi quang tom thit recipe, how to make mi quang tom thit, mi quang, mi quang recipe, how to make mi quang, Vietnamese yellow noodles, Vietnamese yellow noodle recipe, Vietnamese turmeric noodles, Vietnamese noodle salad, Central Vietnam must eat noodle dish, how to make central Vietnam must eat noodle dish, Vietnamese noodle dish, Vietnamese yellow noodle soup, Vietnamese turmeric noodle soup, popular Vietnamese noodle dish, Vietnamese salad noodle soup, Vietnamese salad, yellow noodle soup, mi quang noodles, yellow mi quang noodles, turmeric mi quang noodles, Vietnamese yellow rice noodles, Vietnamese rice noodle soup recipe, Vietnamese rice noodles, Vietnamese rice noodle soup, Vietnamese yellow rice noodle soup recipe, Vietnamese yellow rice noodles, Vietnamese yellow rice noodle soup, Da nang noodle soup, Quang Nam noodle soup, Quang Nam yellow noodle soup, Quang Nam turmeric noodle soup, turmeric noodle soup with pork and shrimp, yellow noodle soup with pork and shrimp, how to make turmeric noodle with pork and shrimp, turmeric noodle soup with pork and shrimp recipe, turmeric noodles, turmeric rice noodles, Vietnamese yellow rice noodles, pork, shrimp, asian noodle recipe, yellow noodle asian recipe, noodle recipe with pork and shrimp",,,0,7,7
Air Fried Char Siu Chicken Wings (Canh Ga Xa Xiu),"A quick and tasty Chinese barbecue chicken wings recipe using an air fryer. These chicken wings have a sweet and savory sticky glaze outside, and tender and flavorful inside. Enjoy the wonderful flavor of char siu in chicken form!",https://vickypham.com/blog/char-siu-chicken-wings-air-fryer/,65m,20m,85m,4 serving(s),"[Ingredients] 2½ lbs party wings (chicken wings cut into segments without the tip), 3 tablespoons NOH Chinese Barbecue Char Siu Seasoning Mix, ½ teaspoon Chinese Five Spice Powder, ½ teaspoon ground black pepper, ½ teaspoon garlic powder, 1 teaspoon chicken bouillon powder, 1 tablespoon hoisin sauce, 1 tablespoon oyster sauce, 1 tablespoon all-purpose soy sauce, 1 teaspoon sesame oil, 1 tablespoon granulated sugar, 1 teaspoon honey, 1 teaspoon hot water","[Instructions] 1) [Prepare the marinade] In a large bowl, whisk together NOH Char Siu spice packet, Chinese five-spice powder, ground black pepper, garlic powder, chicken powder, hoisin sauce, oyster sauce, soy sauce, sesame oil, and sugar. | 2) [Marinate] Place your chicken wings in a large resealable plastic bag or large mixing bowl and pour the marinade over them, making sure that they are evenly coated. Seal the bag or cover the bowl with plastic wrap and place it in the refrigerator for at least one hour, but preferably overnight. | 3) [Air fry] Preheat your air fryer to 300°F. Air fry the chicken wings for 20 minutes. Flipping halfway. | 4) [Finish with glaze] Prepare the glaze by mixing together honey and water until combined and use a pastry brush to brush onto the chicken wings. Air fry again until you get caramelization and a bit of charring on the outside (about 2-4 minutes).",https://i0.wp.com/vickypham.com/wp-content/uploads/2024/08/5c57c-2023_03_02eosm56467.jpg?fit=2500%2C2500&ssl=1,"side dish, entree","asian, vietnamese, chinese","char siu chicken wings, NOH brand char siu spice packet, Lobo roast red pork seasoning mix, char siu spice mix, char siu spices, char siu chicken recipe, char siu chicken, xa xiu chicken, xa xiu ga, air fryer char siu chicken recipe, air fryer chicken recipe, air fryer char siu, air fryer char siu chicken, easy char siu, what is char siu, what is xa xiu, xá xíu, cha shao, Chinese BBQ chicken recipe, Chinese BBQ chicken, Chinese barbecue chicken, Chinese barbecue chicken recipe, red chicken recipe, red chicken wing recipe, how to make char siu chicken, how to make xa xiu chicken, easy char siew chicken, Chinese BBQ recipe, easy air fryer recipe for chicken, air fryer chicken recipe, air fryer chicken",,,0,2,2
How to Make Crispy Fried Shallots (Hanh Phi),"Add flavor and texture to many Vietnamese dishes. This foolproof recipe ensures perfectly crispy shallots every time, without burning.",https://vickypham.com/blog/how-to-make-crispy-fried-shallots-hanh-phi/,5m,10m,15m,12 serving(s),"[Ingredients] 10 large shallots (peeled), 2 cups vegetable oil","[Instructions] 1) [Slice shallots] Using a food processor with a slicing blade or a mandoline slicer, slice the shallots as evenly and thinly as possible. You can also slice by hand if you don’t have these tools. | 2) [Microwave] Spread shallots evenly on a microwave-safe plate lined with several layers of paper towels. Microwave for 1 minute. Remove from microwave and dab the softened shallots with more paper towels to remove excess moisture. | 3) [Fry] Add oil and shallots to a frying pan (yes, add shallot to room temperature oil). Heat oil to 250°F and lightly fry for 8 minutes or when the majority of the shallots turn light brown. Occasionally stir the shallots for even browning. Note: residual heat will continue to cook the shallots so get them out of the oil before the desired color. | 4) [Storage] Use a slotted spoon or a fine mesh sieve to remove the shallots and transfer them a to plate lined with paper towels or a wire basket for better results. Once cooled, the shallots are ready to use. Store fried shallots in an airtight container at room temperature for up to 8 months. | 5) [Reserve the oil] Strain the oil through a fine-mesh strainer or cheesecloth to remove any last bit of shallots that may have remained. Transfer this aromatic shallot oil to an air tight jar and store it at room temperature. Reserve it for use with dishes that require oil.",https://i0.wp.com/vickypham.com/wp-content/uploads/2024/08/5422c-fried-shallots-hanh-phi2.jpg?fit=2500%2C2500&ssl=1,"prep, condiment","asian, vietnamese","how to make crispy fried shallots, fried shallot recipe, fried shallots, hanh phi, hành phi, fail-proof crispy fried shallots at home, how to make fried shallots at home, crispy fried shallots, crispy onions, how to make crispy onions at home, tips to make crispy fried shallots, why my fried shallots not crispy",,5.0,1,3,4
Vietnamese Chicken Soup with Glass Noodles (Mien Ga),"A comforting noodle soup with silky mung bean noodles in a flavorful chicken broth. Perfect for a cozy, light meal at home.",https://vickypham.com/blog/mien-ga-glass-noodle-chicken-soup/,20m,40m,60m,5 serving(s),"[Ingredients] 3 lbs whole chicken, 8 shallots or 1 large yellow onion, 1 tablespoon coriander seeds, 2-inch fresh ginger, 2 quarts water, ¼ teaspoon turmeric powder, 2 teaspoons salt, 1 teaspoon chicken bouillon powder, 1 teaspoon MSG, 20 grams rock sugar, 1 teaspoon fish sauce, 10 oz dried bean thread mung bean noodles, Fresh cilantro, Fried shallots, Ground black pepper, Lime wedges, Chili peppers","[Instructions] 1) [Roast aromatics and spices] Preheat the toaster oven to broil at 450°F. Peel the outer layer of the shallots or onion. Slice the ginger into thick coins or small chunks (peeling optional). Place shallots/onion and ginger on a baking sheet lined with parchment paper. Place the tray on the highest rack in the toaster oven and broil for 15 minutes. Add the coriander seeds to the tray, if using. Continue to broil for another 3-5 minutes or until the ingredients are aromatic. | 2) [Make the stock] In a large pot with a lid, add chicken, shallots/onions, coriander seeds, ginger, water and all the seasonings (turmeric powder, salt, chicken bouillon powder, MSG, rock sugar and fish sauce). Cook for 30 minutes on a medium-low simmer with a lid slightly off-center to keep from boiling over. Whole chicken will float so make sure to flip it halfway through cooking. | 3) [Strain and season] Transfer the chicken to an ice bath to cool down. This ice bath step is optional for skin-on whole chicken to gelatinize and firm up the skin. Otherwise, remove the chicken and allow it to cool down on its own. Once cool enough to handle, chop the chicken into bite-sized pieces (for those who want to keep the bones) or hand shred the chicken meat (for those who want meat only). Set chicken aside. Remove the aromatics from the broth and discard. Adjust seasonings if needed. | 4) [Cook the noodles] Fill a medium pot with water and bring it to a boil. Drop in the glass noodles and cook for 2 minutes or until the noodles become clear. Drain and rinse well. Set aside. | 5) [Assemble and serve] Add cooked glass noodles to a bowl. Ladle the hot broth over the noodles. Add chicken pieces. Garnish with freshly sliced cilantro, fried shallots, ground black pepper, a squeeze of lime, and chili peppers.",https://i0.wp.com/vickypham.com/wp-content/uploads/2024/08/6fd05-2023_04_23eosm56665.jpg?fit=2500%2C2500&ssl=1,entree,"asian, vietnamese","miến gà recipe, miến gà, how to make mien ga noodle soup, mien ga noodle soup recipe, mien ga noodle soup, Vietnamese chicken noodle soup with glass noodles, Vietnamese chicken noodle with cellophane noodles, Vietnamese chicken noodle would with thin rice noodles, Vietnamese chicken noodle soup with bean thread noodles, Vietnamese chicken noodle soul with thin vermicelli noodles, chicken noodle soup with glass noodles, chicken noodle soup with cellophane noodles, chicken noodle soup with bean thread noodles, chicken noodle soup with thin rice noodles, chicken noodle soup with vermicelli noodles, Asian noodle soup with chicken, Asian-style chicken noodle soup, easy mien ga recipe, Vietnamese glass noodle soup, Vietnamese thin noodle soup, Vietnamese glass noodle chicken soup, Vietnamese thin noodle chicken soup, chicken cellophane noodle soup, chicken glass noodle soup, chicken cellophane noodle soup recipe, chicken glass noodle soup recipe, mien ga recipe, Vietnamese chicken soup with glass noodles, Vietnamese chicken soup with cellophane noodles, Vietnamese chicken soup with bean thread noodles, Vietnamese chicken soup with glass noodle recipe, Vietnamese chicken soup with cellophane noodle recipe, Vietnamese chicken soup with bean thread noodle recipe",,,0,3,3
Vietnamese Grilled or Baked Snakehead Fish (Ca Loc Nuong),"Crispy lemongrass fish topped with peanuts and served with nước chấm. Grill, bake, or air fry it. Enjoy it several wraps: wrapped in rice paper, with rice, or in a noodle bowl.",https://vickypham.com/blog/vietnamese-baked-grilled-fish/,5m,20m,25m,4 serving(s),"[Ingredients] 2 lbs snakehead fish (Cá Lóc), 1 tablespoon neutral or shallot oil, ½ teaspoon sea salt, ¼ teaspoon ground black pepper, 1 large stalk lemongrass (keep the leaves), 1 small shallot (peeling optional), 1 garlic (peeling optional), ¼ cup toasted peanuts (roughly chopped), Scallion oil (mở hành), Dipping Sauce (nước chấm)","[Instructions] 1) [Prepare the fish] Start by using a sharp knife to make shallow cuts on the top of the fish, going all the way down to the backbone. This will help the fish cook faster and make for a visually stunning presentation once it’s done. Rub fish thoroughly with oil, salt and pepper. | 2) [Prepare the aromatics] Bruise the stalks of the lemongrass. Slice the shallots and garlic. Stuff these aromatics into the cavity of the fish. | 3) [Preheat] your grill, oven or air fryer to 400°F. If you’re grilling the fish, brush the grill grates with oil to prevent the fish from sticking. If you’re baking or air frying, line the fish with foil or parchment paper to reduce cleanup. Place the fish with the belly side down. Cook for about 20-25 minutes or until the skin is crispy. There’s no need to flip the fish during cooking when it’s propped up on the belly. | 4) [Serve] When fish is done, brush with scallion oil and top with toasted peanuts. Serve the dipping sauce on the side. Enjoy it wrapped in rice paper, with steamed rice, or in a noodle bowl.",https://i0.wp.com/vickypham.com/wp-content/uploads/2024/08/017aa-2023_04_09eosm505544.jpg?fit=2500%2C1667&ssl=1,"entree, side dish","asian, vietnamese","cá lóc nướng, ca loc nuong, ca loc nuong, cá lóc nướng mỡ hành, ca loc nuong moi hanh, Vietnamese fish recipe, Vietnamese fish, Vietnamese snakehead fish, Vietnamese snakehead fish recipe, ca loc nuong cham nuoc mam, cá lóc nướng chấm nước mắm, ca loc nuong cham nuoc mam, grilled snakehead fish, baked snakehead fish, grilled Vietnamese fish, baked Vietnamese fish, grilled Vietnamese fish recipe, baked Vietnamese fish recipe, Vietnamese grilled fish, Vietnamese baked fish, Vietnamese grilled fish recipe, Vietnamese baked fish recipe, ca loc, cá lóc, Asian fish recipe, Asian baked fish recipe, Asian grilled fish recipe, Asian baked fish recipe, Asian fish recipes easy, Asian fish recipes, Vietnamese grilled fish with lemongrass, lemongrass fish recipe, lemongrass recipe, grilled whole fish recipe, Vietnamese grilled whole fish with lemongrass, Vietnamese grilled whole fish, Vietnamese grilled whole fish recipe, Vietnamese baked whole fish with lemongrass, Vietnamese baked whole fish, Vietnamese baked whole fish recipe, easy grilled fish recipe, easy baked fish recipe, easy Asian grilled fish recipe, easy Asian baked fish recipe, grilled fish with rice paper, fish rice paper rolls, rice paper, lemongrass",,,0,0,0
Vietnamese Chicken Soup with Baby Spinach (Canh Ga Nau Rau),A delicious and light chicken and spinach soup that comes together in less than 20 minutes. Pair with steamed rice for a complete meal.,https://vickypham.com/blog/vietnamese-chicken-soup-american-baby-spinach/,5m,12m,17m,5 serving(s),"[Ingredients] 1 lb bone-in chicken (cut into bite-sized pieces), 8 oz baby spinach, 1 tablespoon vegetable oil, 1 tablespoon minced shallot, 1 tablespoon minced garlic, 1½ quarts water, 1½ teaspoons sea salt, 1½ teaspoon granulated sugar, 1½ teaspoon fish sauce, 1½ teaspoon chicken bouillon powder, ¼ teaspoon ground black pepper (sprinkle)","[Instructions] 1) [Toast aromatics] In a medium pot, add oil and heat on medium-high. Add shallots and garlic. Pan fry until fragrant (about 30 seconds). | 2) [Make the soup] Add chicken and toss the chicken in the aromatics for about one minute. Add water and bring the pot to a low simmer. Cook chicken for about 12 minutes. | 3) [Add spinach] Cook for 1 minute or until spinach is just wilted. | 4) [Season to taste] Add salt, sugar, fish sauce, and bouillon powder. | 5) [Finish] Add a sprinkle of ground black pepper for a wonderful aroma. Serve alongside other side dishes with steamed rice for a complete family-style meal.",https://i0.wp.com/vickypham.com/wp-content/uploads/2024/08/68d96-2023_03_29eosm505473.jpg?fit=2500%2C2500&ssl=1,side dish,"asian, vietnamese","Vietnamese soup, Vietnamese soup recipe, Vietnamese canh, canh recipe, canh, how to make Vietnamese canh, how to make canh, canh recipe with chicken, canh recipe with baby spinach, canh recipe with spinach recipe, quick and easy canh recipe, quick and easy canh, quick and easy Vietnamese soup to eat with rice, Asian chicken recipe, Asian spinach recipe, Vietnamese home cooking soup, Vietnamese home cooking soup recipe, Vietnamese home cooking, classic Vietnamese soup to eat with rice, what is canh, how to eat canh, Asian soup recipe with chicken, Asian soup recipe with baby spinach, quick Vietnamese soup recipe, quick Vietnamese soup, how to make quick Vietnamese soup with chicken, how to make quick Vietnamese soup with spinach",,5.0,1,2,3
Vietnamese Ginger Chicken (Ga Kho Gung),"A classic family favorite featuring bite-sized pieces of bone-in chicken, braised and caramelized with lots of ginger in a sweet and savory fish-sauce-based glaze. Serve it over rice with a side of vegetables for a delicious and satisfying meal.",https://vickypham.com/blog/vietnamese-ginger-chicken-ga-kho-gung/,5m,20m,25m,5 serving(s),"[Ingredients] 1 small whole chicken (about 4 lbs; see notes), 1 tablespoon chicken bouillon powder, 2-1/2 tablespoons granulated cane sugar, 3 tablespoons fish sauce, ¼ teaspoon ground black pepper, 3-inch piece fresh ginger (peel and slice into thin strips; about 1/4 cup), 1 tablespoon minced garlic, 2 tablespoons minced shallots, 2 tablespoons vegetable oil, 2 tablespoons granulated cane sugar, 1 cup coconut soda (or water), 1/4 teaspoon ground black pepper, 2 tablespoons thinly sliced cilantro/green onions, Red chilies (optional)","[Instructions] 1) [Prepare the chicken] Using a sharp meat cleaver, cut the chicken into bite-sized chunks, about 1½ inches in size. Set aside. You don’t need to marinate the chicken but you can marinate for at least 30 minutes or overnight in the fridge for a more flavorful dish. | 2) [Make the caramel sauce (see notes below if you wish to skip this step)] In a large 12-inch skillet with a lid, add oil and sugar. Shake gently to distribute the sugar evenly. Heat on medium-high until the sugar melts and caramelizes to a dark amber/brown color. The sugar is melted past the sweet caramel stage so this will not add more sweetness to the dish. Make sure you don’t burn the sugar or else it will be bitter. | 3) [Add aromatics and chicken] When sugar is a dark brown color but not black, immediately add ginger, garlic, and shallots to the skillet and pan-fry until fragrant (about 30 seconds). Add the chicken and toss evenly with the caramel sauce until the chicken is tinted with a light brown color. Color will darken as it braises. | 4) [Add seasonings] Add chicken bouillon powder, sugar, fish sauce, and ground black pepper (if you haven’t already marinated beforehand). Toss to evenly coat the chicken with the seasonings. | 5) [Add liquid and braise] Add coconut soda. Cover the skillet with the lid and reduce the heat to a low simmer. Let it cook for 10 minutes. Toss halfway for even cooking. After 10 minutes, remove the lid and continue cooking for an additional 10 minutes. You should have some liquid to the dish. Taste and adjust the seasonings if needed. I added a tad more fish sauce and bouillon powder at the end here (about 1/2 tablespoon each). | 6) [Garnish and serve] When ready to serve, sprinkle the top with ground black pepper, green onions or cilantro, and red chilies. Serve with steamed rice and a vegetable side dish for a complete meal.",https://i0.wp.com/vickypham.com/wp-content/uploads/2024/08/63d3c-2023_05_22eosm505876.jpg?fit=2500%2C2500&ssl=1,side dish,"asian, vietnamese","ginger, vietnamese ginger chicken, ga kho gung, how to make ga kho gung, caramelized ginger chicken, ginger chicken, chicken recipe, caramel chicken, ginger chicken recipe, ga kho, how to make Vietnamese ginger chicken, how to make ginger chicken, how to make Asian-style ginger chicken, Asian ginger chicken, Asian ginger chicken recipe, ga kho gung recipe, ga kho gung with no coconut soda, ga kho gung with no coconut juice, easy ginger chicken, easy ginger chicken recipe, Vietnamese caramelized ginger chicken, Vietnamese braised ginger chicken, Vietnamese caramelized chicken, Vietnamese braised chicken, Vietnamese caramelized ginger chicken recipe, Vietnamese braised ginger chicken recipe, Vietnamese caramelized chicken recipe, Vietnamese braised chicken recipe, Vietnamese caramel chicken, Vietnamese caramel chicken recipe, caramel chicken, caramel ginger chicken, caramel chicken recipe, caramel ginger chicken recipe, ga kho recipe, Gà Kho Recipe, Asian ginger recipe, chicken ginger recipe, asian chicken ginger recipe, Vietnamese home cooking, Vietnamese caramelized dishes, Vietnamese braised dishes, Vietnamese kho dishes, Vietnamese chicken recipe, asian chicken recipe, asian ginger recipe",,5.0,2,24,26
Vietnamese Pork and Seafood Noodle Soup (Hu Tieu Mi),"A popular Vietnamese noodle soup with a savory broth from simmered pork or chicken bones, dried shrimp, and squid. Served with various noodles, toppings, and styles, it's the most versatile of all Vietnamese noodle soups.",https://vickypham.com/blog/vietnamese-pork-seafood-noodle-soup-hu-tieu/,30m,120m,150m,5 serving(s),"[Ingredients] 3 lbs pork neckbones, 3 liters water, ¼ cup dried shrimp, 1 small dried squid, 1 small daikon, 1 yellow onion, 1 tablespoon plus 1 teaspoon sea salt, 1 tablespoon chicken bouillon powder, 1 tablespoon plus 2 teaspoons granulated white sugar, 1 teaspoon fish sauce, Chinese BBQ Pork, Boiled whole shrimp, Cooked fish balls, Cooked squid, Cooked pork internal organs like kidneys and liver, Hard-boiled quail eggs, Cooked ground pork, 1 lb dried noodles (egg or rice noodles), 1 bunch garlic chives (cut into 2-inch segments), 1 package bean sprouts, Pickled jalapenos, Fried pork fat, Fried shallots, Green onions, Black pepper","[Instructions] 1) [Blanch the pork bones] This will keep the broth clear. To a large stock pot, add pork bones. Fill the pot with water to cover the bones then bring it to a boil. Boil the bones for about 8 minutes or until foam floats to the top. Place a colander inside the sink. Pour the content of the pot into a colander and rinse the bones with cold water. If you are going to reuse the pot for stock, make sure to clean the pot thoroughly before making broth. | 2) [Prepare the aromatics] Place the yellow onions, dried shrimp, and dried squid on a baking tray and roast them in the toaster oven at 400°F for 20 minutes or until aromatic. Cut the daikons into 2-inch chunks. | 3) [Make the stock] In a stock pot, add blanched bones, dried shrimp, dried squid, yellow onion, and daikon and water. Simmer on low for 2 hours, covered. Occasionally skim the surface of the stock to keep it clear, if needed. | 4) [Strain the stock] Remove all the solids from the broth and discard but keep the pork neck bones as a meaty topping. Season the stock to taste with salt, bouillon powder, sugar, and fish sauce. | 5) [Prepare the accompaniments] Wash and prepare your desired vegetables. Cook the noodles per the package instructions. Prepare any other protein toppings. | 6) [Assemble] Add cooked noodles to a bowl. Add your meaty toppings. Add your vegetables. Ladle in hot broth and garnish with pickled jalapenos, fried pork fat, fried shallots, green onions, and freshly ground black pepper.",https://i0.wp.com/vickypham.com/wp-content/uploads/2024/08/feae9-2023_03_07eosm505458.jpg?fit=2500%2C1671&ssl=1,entree,"asian, vietnamese","Vietnamese pork and seafood noodle soup, Vietnamese pork and seafood clear noodle soup, hu tieu mi, hu tieu, hu tieu recipe, hu tieu mi recipe, how to make hu tieu, hu tieu nam vang, Hủ Tiếu Mì, Hủ Tiếu, hu tieu soup base, how to make hu tieu broth, authentic Vietnamese hu tieu recipe, authentic Vietnamese pork and seafood noodle soup, Vietnamese noodle recipe, Vietnamese popular noodle soup recipe, Vietnamese noodle soup, hu tieu noodle soup, hu tieu noodle soup recipe, hu tieu kho, hu tieu mi kho sauce recipe, hu tieu kho sauce recipe, how to make hu tieu sauce for dry version, how to make hu tieu sauce, hu tieu nam vang kho, hu tieu my tho, hu tieu thap cam, hu tieu mi thap cam, dry hu tieu sauce, dry sauce, hu tieu kho sauce, Hủ Tiếu Khô, Mì Khô, Hủ Tiếu Khô Thập Cẩm, Mì Khô Thập Cẩm",,,0,8,8
Vietnamese Pork Spare Rib Soup with Chayote (Canh Suon Nau Su Su),"This authentic and flavorful Vietnamese soup brings together tender pork ribs and the delicate, naturally sweet taste of chayote squash. A classic light and clear broth to eat with steamed rice in a traditional Vietnamese family-style meal.",https://vickypham.com/blog/vietnamese-pork-spare-rib-soup-with-chayote-canh-suon-nau-su-su/,5m,35m,40m,4 serving(s),"[Ingredients] 1 lb pork spare ribs, 2 medium chayote squash, 1 shallot, 2 garlic cloves, 4-6 green onions, 1 tablespoon vegetable oil, 1-½ quarts water, 2 teaspoons chicken bouillon powder, 1 teaspoon sea salt, 2 teaspoons fish sauce, 1 teaspoon sugar, ¼ teaspoon ground black pepper","[Instructions] 1) [Parboil the pork spare ribs] Bring a medium pot with water to a rolling boil. Add spare ribs and boil for 5 minutes until impurities float to the top. Drain content of pot into a colander placed in the sink. Rinse spare ribs thoroughly under cold running water and drain dry. Clean pot and return to stove. | 2) [Prepare chayote] Peel and cut the chayote into thick matchsticks. Peel and roughly chop the shallot and garlic cloves. Remove the root ends of the green onions and slice into 1-inch segments. | 3) [Pan fry aromatics] In a medium pot, add oil and heat on high. Add whites of green onions, shallots, and garlic. Fry until fragrant (about 30 seconds). | 4) [Add ribs and chayote] Add blanched pork ribs and toss in the aromatics. Add water. Bring the pot to a low simmer and cook for 30 minutes. Skim off the impurities at the top, if needed. Add chayote squash. Cook for an additional 5 minutes or until squash is tender. | 5) [Finish] Season to taste with bouillon powder, salt, fish sauce, and sugar. Garnish with remaining green onions and a sprinkle of ground black pepper.",https://i0.wp.com/vickypham.com/wp-content/uploads/2024/08/00c22-canh-su-chayote-soup1.jpg?fit=1500%2C1500&ssl=1,side dish,"asian, vietnamese","Vietnamese soup, Vietnamese canh, pork rib soup with chayote squash, canh suon nau su su, chayote recipe, pork rib soup recipe, Vietnamese soup recipe, Vietnamese canh recipe, pork spare rib soup, Asian vegetable soup, Asian pork rib soup, chayote soup, canh suon, canh su su, canh sườn nấu su su",,,0,5,5
Vietnamese Steamed Rice Rolls (Banh Cuon),These steamed rice rolls are filled with a delicious pork and mushroom mixture and served with sweet chili dipping sauce. This recipe doesn't require a traditional steamer basket - all you need is a good nonstick frying pan. Also included are instructions for both homemade batter and store-bought flour premix.,https://vickypham.com/blog/vietnamese-steamed-rice-rolls-banh-cuon/,35m,30m,65m,5 serving(s),"[Ingredients] ½ cup dried woodear mushroom, ½ lb ground pork, ½ teaspoon chicken bouillon powder, ½ teaspoon sea salt, ½ teaspoon granulated sugar, ¼ teaspoon ground black pepper, 2 tablespoons vegetable oil or shallot oil (preferred), 3 garlic cloves (peel and mince), 1 small onion (peel and dice), 1 12-oz package Bánh Cuốn flour premix, 4 cups cold water, 1 tablespoon vegetable oil or shallot oil (preferred), 1 cup rice flour, 1 cup tapioca starch (see notes), ½ teaspoon sea salt, 1 tablespoon vegetable oil or shallot oil (preferred), 4 cups cold water, Thinly sliced lettuce, Steamed or blanched bean sprouts, Vietnamese ham (Chả Lụa; slice thin), English cucumbers (cut into thin strips), Fried shallots, Vietnamese sweet chili dipping sauce (Nước Chấm)","[Instructions] 1) [Prepare the filling] In a medium bowl, soak dried woodear mushrooms in warm water until soft (about 30 minutes). Drain and rinse well. Squeeze out excess water then chop finely. To the same bowl, add ground pork, bouillon powder, salt, sugar, and ground black pepper. Mix until combined. | 2) [Cook the filling] Heat up vegetable oil in a large pan over medium-high heat. Add the garlic and onion. Sauté until fragrant (about one minute). Add the ground pork and mushroom mixture. Use a wooden spoon to break up any chunks of ground pork. Continue cooking until the pork is cooked through (about 6 minutes). | 3) [Make the batter] For the batter, add all the ingredients for the batter to a medium bowl and stir until dissolved. Set aside to bloom for at least 30 minutes. | 4) [Pour batter and ""steam""] You will need a 10-inch nonstick skillet with a lid to make the steamed rice rolls. Start by greasing the skillet with vegetable or shallot oil. I like to use a paper towel to rub the oil into the non-stick skillet until none is visible. Heat on medium-high. Pour a small amount of batter (about ⅓ cup) and immediately lift the pan and swirl the batter around until it covers the bottom of the skillet. You want the batter to be as thin as possible. Cover the pan with a lid and let it steam for about 30 seconds. | 5) [Add pork mixture] Remove lid. Add a thin layer of the pork mixture to toward one end of the rice sheet and roll it up using a spatula. Alternatively, if the rice sheet slides off easily, completely flip it onto an oiled sheet pan and make the rolls off the stovetop. | 6) [Repeat the process] until all the batter and filling are gone. | 7) [Finish] Serve the rice rolls with lettuce, bean sprouts, and cucumbers. Top with fried shallots, Vietnamese ham, and serve the sauce on the side. To eat, drizzle the sauce on top, give it a good mix and enjoy.",https://i0.wp.com/vickypham.com/wp-content/uploads/2024/08/0d833-2023_04_12eosm505660.jpg?fit=2500%2C2500&ssl=1,appetizer,"asian, vietnamese","how to make bánh cuốn, how to make banh cuon, Vietnamese steamed rice rolls with ground pork and wood ear mushroom, banh cuon recipe, banh cuon recipe from scratch, banh cuon recipe with flour premix, Vietnamese rice rolls, Vietnamese steamed rice rolls with a frying pan, Vietnamese steamed rice rolls with a skillet, Vietnamese steamed rice rolls without steamer, how to eat banh cuon, banh cuon without steamer, bánh cuốn recipe, Vietnamese pork rice rolls, Vietnamese pork and mushroom rice rolls, Vietnamese pork and wood ear mushroom rice rolls, easy banh cuon recipe, hack to make banh cuon at home without steamer, banh cuon hack without steamer, banh cuon, bánh cuốn",,5.0,1,7,8
Vietnamese Fruit Cocktail (Che Thai),"A Vietnamese fruit cocktail with tropical fruits, jellies, crushed ice, and milk. It's a quick, refreshing dessert drink, perfect for hot summer days.",https://vickypham.com/blog/che-thai/,70m,15m,85m,5 serving(s),"[Ingredients] Jackfruit (20 oz can), Longan (20 oz can), Toddy Palm Seed (20 oz can), 2 cups Half and Half, 1 cup French Vanilla Coffee Creamer, Water chestnut (8 oz can), 2 or 3 drops red gel food coloring, ¼ cup tapioca starch, 2 cups water, 2 teaspoons agar agar powder (Telephone brand), 2-3 drops pandan gel extract (Butterfly brand), 3 tablespoons granulated cane sugar","[Instructions] 1) [Prepare the fruit] Drain the fruit from the cans and slice into thin strips or small pieces. Set aside. | 2) [Prepare the milk mixture] Mix together Half and Half and French Vanilla Coffee Creamer. Set aside. | 3) [Make the red rubies] Drain the water chestnut from the can. Cut into small 3 mm cubes, about 9 small pieces from one water chestnut. Transfer water chestnut to a small bowl. Add 2 to 3 drops of red food gel. Give it a toss until all pieces are evenly colored. Add tapioca starch. Give it another toss until all pieces are evenly coated. Bring a small pot of water (about 1 quarts) to a boil. Add water chestnut. After two minutes, they should float to the top. Immediately transfer the water chestnut into a bowl of iced water. Keep it in a little bit of water so that they don’t stick together. | 4) [Make Pandan and White Jelly] Bring the water to a boil in a saucepan. Mix in the agar agar powder and sugar until dissolved. Remove it from the heat. Divide it evenly between two small molds or bowls. Leave one as is and color the other one green with 2-3 drops of pandan gel extract (Butterfly brand). It will set in one hour at room temperature or faster in the fridge. Cut into small cubes or thin strips. | 5) [Serve] Refrigerate for 2 hours, or add ice before serving. You can mix everything together and serve this in a giant punch bowl so people can serve themselves. Alternatively, ladle them into individual tall glasses to show off the different layers and have your guests add ice and milk.",https://i0.wp.com/vickypham.com/wp-content/uploads/2024/08/e040c-2023_01_18eosm505342.jpg?fit=2500%2C2500&ssl=1,dessert,"asian, vietnamese","chè thái, che thai, Vietnamese dessert, tropical fruits, how to make che thai, Vietnamese fruit cocktail, che thai recipe, how to make Vietnamese fruit cocktail, Vietnamese fruit cocktail recipe, non-diary alternative, coconut milk, half and half, French vanilla coffee creamer, crushed ice, pandan jelly, coconut jelly, canned tropical fruits, longan, jackfruit, toddy palm seed, lychee, Vietnamese cuisine, Vietnamese food, Vietnamese che, Chè Thái Recipe, refreshing Chè Thái, super easy che thai recipe, super easy che thai, popular Vietnamese dessert, Vietnamese iced drink, Vietnamese chè, tub tim krob, Vietnamese version of tub tim krob, red rubies, how to make red rubies for che, water chestnut, red water chestnut, Vietnamese dessert drink, super easy chè thái, How to make a Vietnamese Che Thai Dessert recipe, chè recipe, Vietnamese chè recipes, how to make pandan jelly, how to make agar agar jelly, agar agar",,,0,1,1
Vietnamese Grilled Pork Chop with Lemongrass (Sườn Nướng Sả),"Vietnamese grilled lemongrass pork chops, this pork chop recipe is packed full of flavors with the perfect balance of sweet and savory.",https://vickypham.com/blog/com-tam/,35m,20m,55m,5 serving(s),"[Ingredients] 3 lbs bone-in pork chops, 3 tablespoons fish sauce, 2 tablespoons oyster sauce, 2 tablespoons granulated sugar, 1 tablespoon honey, ½ teaspoon ground black pepper, ¼ cup minced lemongrass, 1 tablespoon finely minced garlic, 2 green onions (thinly sliced; whites/greens separated), 2 tablespoons vegetable oil (divided)","[Instructions] 1) [Marinate pork chops] with fish sauce, oyster sauce, sugar, honey, black pepper, lemongrass, garlic, whites of green onions, and oil (1 tablespoon) for 30 minutes or overnight in the fridge for better results. | 2) [Grill] about 10 minutes per side at medium-high heat or 400°F for thick cuts (over 1 inch in thickness). Grill for 8 minutes per side for thinner cuts. | 3) [Make the scallion/green onion oil] Add greens of green onions and remaining oil (1 tablespoon) in a microwave-safe bowl. Microwave on high for one minute. Set aside. | 4) [Brush with scallion oil] for a beautiful finish and amazing aroma. | 5) [Serve] with steamed rice, a fried egg, thinly sliced cucumbers and tomatoes. Drizzle with soy sauce, Maggi seasoning, or Vietnamese dipping sauce (Nước Chấm).",https://i0.wp.com/vickypham.com/wp-content/uploads/2024/08/a3b94-ct2.jpg?fit=2442%2C2442&ssl=1,side dish,"asian, vietnamese","Vietnamese grilled pork chop with lemongrass, sườn nướng sả, Vietnamese lemongrass pork chop, sườn nướn, suong nuong, suong nuong sa, lemongrass recipe, pork chop recipe, Vietnamese recipe with lemongrass, Vietnamese pork chop recipe with lemongrass, fish sauce, grilled lemongrass pork chop recipe, lemongrass pork chop, Vietnamese cuisine, pork chop marinade, grilled pork chop, Asian pork chop recipe, lemongrass marinade, how to make lemongrass pork chop, pork chop seasoning, pork chop grill recipe, Vietnamese grilled meat, lemongrass pork chop marinade",,,0,0,0
General Tso's Chicken,"Looking for a popular Chinese-American take-out dish that you can quickly whip up at home instead? Well, here you go! This popular recipe features small chunks of tender, deep-fried chicken coated in a sweet and optional spicy sauce.",https://vickypham.com/blog/general-tso-chicken-recipe/,5m,8m,13m,4 serving(s),"[Ingredients] 1 lb chicken thighs (skinless, boneless), 1 egg (beaten), ¼ cup corn starch, ½ cup chicken stock, 1 tablespoon light soy sauce, 2 tablespoons granulated sugar, 1 tablespoon rice vinegar, 1 tablespoon hoisin sauce, 1 tablespoon sesame oil, 1 tablespoon chili paste or sauce of your choice (optional; I like to use Sambal Oelek), 1 tablespoon corn starch, Vegetable oil for frying, 1 teaspoon minced garlic, 1 teaspoon minced ginger, 1 tablespoon toasted white sesame seeds","[Instructions] 1) [Prepare chicken] Slice chicken into 1″ chunks. In a medium bowl, combine egg and chicken pieces until they are evenly coated. Add corn starch and gently toss until evenly coated, as well. | 2) [Make the sauce] In a small bowl, whisk together chicken stock, soy sauce, sugar, rice vinegar, hoisin sauce, sesame oil, chili sauce (optional), and corn starch. Set this mixture aside. | 3) [Deep fry] Add two inches of vegetable oil to a large skillet and heat to 350°F. Deep fry the chicken for about 5 minutes, or until golden brown. Transfer the fried chicken to a wire rack or a plate lined with paper towels to drain off excess oil. | 4) [Toast aromatics] Remove all the vegetable oil from the skillet, leaving about 2 tablespoons. Heat the oil on medium-high and add garlic and ginger. Sauté until fragrant (about 20 seconds). | 5) [Combine] Add sauce and let it bubble and thicken (1-2 minutes). Then add the fried chicken and toss until chicken is evenly coated in the sauce. | 6) [Serve] Transfer the chicken to a serving plate and sprinkle with toasted sesame seeds (optional) for garnish.",https://i0.wp.com/vickypham.com/wp-content/uploads/2024/08/594ad-general-tso-chicken2.jpg?fit=2500%2C3570&ssl=1,"side dish, appetizer","asian, vietnamese, chinese","General Tso’s Chicken Recipe, General Tso’s Chicken, how to make General Tso’s Chicken, General Tso sauce, General Tso batter, Easy General Tso's Chicken Recipe, The Best General Tso's Chicken Recipe, Making General Tso's chicken at home, how to make General Tso’s chicken at home, best ever General Tso chicken recipe, General Tso Chicken Ingredients, authentic General Tso chicken recipe, authentic General Tso chicken, general tso chicken sauce recipe, how to make general tso chicken at home, general tso chicken recipe, general tso chicken, how to make general tso chicken takeout at home, chinese takeout at home recipe, chinese take out recipe",,,0,5,5
Pan-Fried Soy Sauce Noodles (Mi Xao Xi Dau),Here is a quick and easy noodle recipe that is incredibly versatile. Make it a full meal by adding your favorite protein.,https://vickypham.com/blog/hong-kong-style-pan-fried-soy-sauce-noodles/,5m,5m,10m,6 serving(s),"[Ingredients] 15 oz pan fry egg noodles (Wyzen brand), 1 tablespoon sesame oil, 1 tablespoon shaoxing cooking wine (optional), 5 tablespoons light soy sauce, 1 tablespoon dark soy sauce, 1 tablespoon oyster sauce, 1 teaspoon ground black pepper, 1 1/2 tablespoons granulated sugar, 2 tablespoons vegetable oil, 1 small yellow onion (cut into wedges), 1 bag bean sprouts (about 1 lb), 1 bunch garlic chives (about 1 lb; cut into 2-inch pieces)","[Instructions] 1) [Prepare noodles] Fill a large skillet or wok with about 2 quarts of water and bring it to a boil. Add egg noodles (15 oz). Move it around gently with chopsticks to break up the clumps. Cook for 1 minute or per package instructions if you are using a different brand. Drain into a colander and rinse with cold water. Toss with sesame oil (2 tablespoons) and set aside. | 2) [Make the sauce] In a small bowl, mix shaoxing cooking wine, (1 tablespoon), light soy sauce (5 tablespoons), dark soy sauce (1 tablespoon), oyster sauce (1 tablespoon), and ground black pepper (1 teaspoon). Add the sugar (1-1/2 tablespoons) gradually, adjusting to taste. | 3) [Stir fry noodles] Return the skillet or wok back to the stove. Give it a good wipe-down so there’s no moisture. Add vegetable oil (2 tablespoons) and heat on medium-high. Add onions (1 small bulb, cut into wedges) and sauté for about 1 minute or until lightly charred on the outside and fragrant. Add cooked noodles and the soy sauce mixture. Use a pair of chopsticks to aerate the noodles by tossing them high in the air. Cook for about 3 minutes while tossing. | 4) [Add vegetables] Add bean sprouts (about 1 lb) and garlic chives (about 1 lb, cut into 2-inch pieces). It may seem a lot at first but they will wilt down. Cook for about one minute. Plate and serve.",https://i0.wp.com/vickypham.com/wp-content/uploads/2024/08/91778-2022_12_18eosm505218.jpg?fit=2500%2C2500&ssl=1,"side dish, entree","asian, vietnamese, chinese","soy sauce noodles, soy sauce noodle recipe, easy soy sauce noodles, how to make quick and easy soy sauce noodles, mì xào sốt xì dầu, mi xao xi dau, mi xao sot xi dau, mì xào xì dầu, soy sauce noodles with bean sprouts and garlic chives, bean sprouts, garlic chives, egg noodles with bean sprouts and garlic chives",,,0,1,1
Easy Vietnamese Liver Pâté Recipe for Bánh Mì Sandwiches,A livery spread for Vietnamese Banh Mi sandwiches. Make your own pate at home with just a few simple ingredients and take your Banh Mi to the next level. This recipe makes about 2 cups.,https://vickypham.com/blog/pate/,45m,15m,60m,2 cups,"[Ingredients] 1 lb liver (pork, chicken, duck, goose, or beef), 3 large shallots (peel and roughly chop), 3 large garlic cloves (peel and roughly chop), 1 tablespoon oil (vegetable or canola), 3 tablespoons unsalted butter (divided), 1 tablespoon Shaoxing cooking wine, ½ tsp sea salt, ½ tsp ground black pepper, ¼ tsp granulated cane sugar, ⅛ teaspoon Chinese five-spice powder, ⅛ teaspoon MSG (optional), 2 cups whole milk (divided)","[Instructions] 1) [Clean the liver] Remove any connective tissue on the liver then slice it into bite-sized pieces. Rinse well. Soak the liver in 1 cup whole milk for at least 30 minutes then rinse again. This will subdue the strong smell. | 2) [Cook the liver] In a large skillet, heat up oil and 1 tablespoon butter. Add garlic and shallots. Pan fry for one minute. Add liver and pan fry for 10 minutes on medium-low heat. Add wine and cook for one more minute or until most of the liquid has evaporated. Season with salt, pepper, sugar, five-spice powder, and MSG (optional). Add milk to deglaze the pan, making sure to scrap any of the charred bits at the bottom of the skillet but don’t let the milk evaporate off. | 3) [Pour mixture into a blender or food processor] Add another tablespoon of butter and blend until smooth. | 4) [Transfer pate to two 4-inch ramekins or small bowls] Melt the last of the butter in the microwave and pour a very thin layer over the pate in the two ramekins. This will keep the pate from drying out. Cover with plastic wrap and chill in the fridge for 10 minutes or until the butter is set.",https://i0.wp.com/vickypham.com/wp-content/uploads/2024/08/b0231-2023_01_31eosm56088.jpg?fit=2500%2C1403&ssl=1,condiment,"asian, vietnamese","Vietnamese pâté, Vietnamese pâté recipe, how to make Vietnamese pâté, bánh mì pâté, authentic Vietnamese pâté, homemade Vietnamese pâté, best pâté recipe, traditional Vietnamese pâté, easy pâté recipe, pâté for bánh mì, Vietnamese chicken liver pâté, Vietnamese pork liver pâté, French pâté recipe, pâté spread, pâté for sandwiches, Vietnamese appetizer, how to store pâté, pâté ingredients, pâté from scratch, how long does pâté last, liver pâté recipe, classic pâté recipe, Vietnamese sandwich spread, pâté cooking tips, pâté for breakfast, best pâté for bánh mì, pâté dipping sauce, pate, pâté, pâté recipe, pate recipe, how to make pate, how to make pâté, pork liver pate, duck liver pate, chicken liver pate, beef liver pate, how to make pate for banh mi, easy liver pâté recipe for bánh mì, what’s in banh mi, easy pate recipe, easy liver pate recipe, condiment for banh mi, spread for Vietnamese sandwich, what’s in a Vietnamese sandwich, spread for bánh mì, pate spread for banh mi, spread for banh, how to make liver pate, how to make liver pâté, what is pate, what is pâté made of",,,0,5,5
Vietnamese Pork Spare Rib Soup with Opo Squash (Canh Suon Nau Bau),Nothing reminds me more of home than a warm bowl of soup. Here is a classic Vietnamese soup made with short pieces of pork ribs and opo squash. Enjoy with steamed rice for a complete meal.,https://vickypham.com/blog/pork-rib-opo-squash-soup/,10m,34m,44m,5 serving(s),"[Ingredients] 1 lb pork spare ribs (cut into bite-sized pieces), 1 small opo squash (peel and cut into thick matchsticks), 1 tablespoon vegetable oil, 1 shallot (peel and slice thin), 3 garlic cloves (peel and slice thin), 1½ quarts water, 2½ teaspoons chicken bouillon powder, 1½ teaspoons sea salt, 2 teaspoons fish sauce, 1 teaspoon granulated cane sugar, 4 sprigs cilantro (slice thin), ¼ teaspoon ground black pepper","[Instructions] 1) [Toast aromatics] In a medium pot, add oil and heat on high. Add shallots and garlic. Fry until fragrant (about 30 seconds). | 2) [Add pork ribs] and toss in the aromatics. Pan fry for 2 minutes or until nicely caramelized on the outside. Add half of the seasonings directly onto the pork ribs: chicken bouillon powder, salt, fish sauce, and sugar. Toss to coat. | 3) [Add water] Bring the pot to a low simmer and cook for 30 minutes or until pork ribs are chopstick tender. Skim off the impurities at the top. You can also remove the aromatics as they already served their purpose. | 4) [Add squash] Cook for an additional 2 minutes or until squash is tender. Add remaining seasonings to taste. Garnish with cilantro and ground black pepper.",https://i0.wp.com/vickypham.com/wp-content/uploads/2024/08/cb791-1x1canhsuon.jpg?fit=2500%2C2500&ssl=1,side dish,"asian, vietnamese","Vietnamese pork spare rib soup with opo squash, canh suon nau bau, canh recipe, Vietnamese canh recipe, how to make Vietnamese soup, pork rib soup, opo squash, traditional Vietnamese soup with pork ribs, Asian soup with pork ribs, Vietnamese soup with pork, Vietnamese soup with squash, Vietnamese soup with opo squash, opo squash soup, canh bau, canh suon, canh bau nuon, how to make canh bau with pork ribs, Vietnamese opo squash soup, Vietnamese pork rib soup, Vietnamese pork rib soup recipe, Vietnamese opo squash soup recipe, Vietnamese recipes, Vietnamese canh recipes, Vietnamese soup recipes, traditional Vietnamese soup recipes, authentic Vietnamese soup for home cooking, Vietnamese home cooking soup, Vietnamese home cooking",,,0,1,1
Vietnamese Salt and Pepper Crab (Cua Rang Muoi Tieu),"A simple and delicious crab dish: deep-fried crab pieces with a crispy crust, then wok-stir-fried with a colorful mix of aromatics and seasonings.",https://vickypham.com/blog/salt-pepper-crab-cua-rang-muoi/,10m,30m,40m,5 serving(s),"[Ingredients] 3 whole Dungeness crabs, 1 cup tapioca starch or cornstarch, 3 green onions (cut into 1-inch segments with whites and greens separated), 3 garlic cloves (thinly sliced), ½ yellow onion (diced), ½ red bell pepper (for color), 1 jalapeno (optional for a spicy kick; thinly sliced), ½ teaspoon salt, ½ teaspoon ground black pepper, ½ teaspoon MSG (optional), Vegetable oil for deep frying","[Instructions] 1) [Prepare the crab] Clean the crab thoroughly and rinse well. Pull apart the shell from the rest of the body, then separate the crab legs. Make sure to include crab meat at the end of each crab leg. Coat the meaty ends of each crab leg with starch, dust off excess, and set aside. If using the shell too, ensure all the crab “butter” stay within the shell and coat the tomalley in the shell with starch. | 2) [Make the seasoning mix] In a small bowl, combine salt, ground black pepper, and MSG. Set aside. | 3) [Deep fry] Fill a large wok with vegetable oil and heat to 350°F. If you don’t have a thermometer, drop a pinch of starch in the oil. If it sizzles rapidly, then the oil is ready. Deep fry the crab legs, in batches, until they float to the top (about 4 minutes per batch). If using the shell, make sure to deep fry with shell facing up to keep the crab “butter” intact. Push it down into the oil, if needed. Transfer crab to a plate lined with paper towels or a wire rack to remove excess oil. | 4) [Stir fry] Remove oil from the wok, leaving about 2 tablespoons. Toss in the white ends of green onions, garlic, yellow onion, jalapenos, and bell peppers. Stir fry on high heat until blistered (about 1 minute). | 5) [Finish] Add in the deep-fried crab legs. Sprinkle the salt-pepper-MSG mixture over the crab and toss until combined (about 1 minute). Transfer to a serving platter and serve immediately for best results.",https://i0.wp.com/vickypham.com/wp-content/uploads/2024/08/695e1-2023_02_27eosm56434.jpg?fit=2500%2C1728&ssl=1,"side dish, appetizer, entree","asian, vietnamese, chinese","salt and pepper crab, cua rang muoi, salt pepper crab, Vietnamese salt and pepper crab, easy crap recipe, cua rang muối, cua rang muối tiêu, how to make salt and pepper crab, easy crab stir fry recipe, Vietnamese salted crab recipe, Vietnamese salt and pepper crab recipe, salt and pepper crab recipe, Vietnamese seafood recipe, Vietnamese crab recipe, dungeness crab, dungeness crab recipe, Asian crab recipe, Asian seafood recipe, Asian salt and pepper crab recipe, crab leg recipe, salt and pepper Vietnamese recipe, salt and pepper Asian recipe, how to cook salt and pepper crabs, fried salt and pepper crab, salt and pepper crab stir fry",,,0,3,3
Bún Thịt Nướng (Vietnamese Rice Vermicelli Noodle Bowl),"The flavors of Vietnam in a bowl. This refreshing rice noodle dish is topped with juicy grilled pork, shrimp, fried spring rolls, fresh herbs, crunchy vegetables, and a drizzle of sweet and savory sauce.",https://vickypham.com/blog/vermicelli-noodles-with-grilled-pork-and-egg-rolls-bun-thit-nuong-cha-gio/,15m,45m,60m,5 serving(s),"[Ingredients] 1 lb pork shoulder/butt (sliced thin), 8 oz shrimp (peeled and deveined, with tails), 1 large shallot (minced), 2 large garlic cloves (minced), 1 small stalk lemongrass (about 2 tablespoons minced), 2 tablespoons light brown sugar, 2 tablespoons fish sauce, ¼ teaspoon ground black pepper, 14 oz medium dried rice vermicelli noodles, Egg rolls/fried spring rolls, Pickled carrots and daikons (Đồ chua), Lettuce and fresh herbs, English or Persian cucumbers, ¼ cup toasted peanuts (roughly chopped), Scallion oil, Vietnamese Dipping Sauce (nuoc cham)","[Instructions] 1) [Prepare the marinade] Mix shallot, garlic, lemongrass, sugar, fish sauce, and black pepper in a large mixing bowl. Toss in pork and shrimp. Mix until combined. No need to wait to marinate. You can start cooking right away. | 2) [Cook] Either pan-fry the pork and shrimp in a skillet, grill them outside, roast them in the oven, or use your air fryer. You want to cook them on high heat until lightly charred and caramelized on the outside. I’m pan-frying and I’m using a large 12-inch skillet. Coat the bottom of the skillet with a thin layer of vegetable oil (about 1 tablespoon). Add pork and pan fry until caramelized, flipping and turning until caramelized on the outside (about 4 minutes per side). Remove pork and set aside. Do the same with the shrimp. Skillet may not need additional oil. Cook until high heat until caramelized (about 1½ minutes per side). | 3) [Cook the noodles per package instructions] For the JiangXi brand I’m using (picture above), I had to cook them longer than the package instructions. Instead of 6-8 minutes per the cooking instructions on the back, I cooked it for about 10 minutes. To be definitely sure, carefully grab a noodle from the pot and pinch them between your fingers. If it breaks apart with a tiny bit of resistance, it’s good to go. Drain the noodles into a colander in the sink. Rinse well with cold water to prevent them from sticking. | 4) [Prepare the Accompaniments] Wash the lettuce and cucumbers, then slice them into thin strips. Make the scallion oil, make the sauce, and cook your egg rolls. | 5) [Assemble and serve] Top each bowl with rice noodles, pork, and shrimp. Brush noodles, pork, and shrimp with scallion oil. Add herbs, vegetables, and crushed peanuts. Serve with a small bowl of Vietnamese Dipping Sauce on the side. To eat, drizzle the sauce onto the noodles. Give everything a mix and enjoy.",https://i0.wp.com/vickypham.com/wp-content/uploads/2024/08/cea17-2023_02_24eosm56344.jpg?fit=2500%2C2500&ssl=1,entree,"asian, vietnamese","Bún Thịt Nướng, Vietnamese Rice Vermicelli Noodles with Grilled Pork, bun thit nuong recipe, how to make Bun Thit Nuong, Vietnamese noodle salad dish, healthy Vietnamese cuisine, grilled Vietnamese pork recipe, Vietnamese noodles with grilled pork shrimp and egg rolls, Bún Tôm Thịt Nướng Chả Giò, bun tom thit nuong, bun tom thit nuong cha gio, Vietnamese noodles with egg rolls, Vietnamese noodles with grilled pork, Vietnamese noodles with grilled shrimp, Vietnamese grilled shrimp recipe, Vietnamese noodles with egg rolls, Vietnamese noodles with fried spring rolls, Bún Thịt Nướng Recipe, Vietnamese grilled pork and rice noodle recipe, Vietnamese grilled pork and rice noodles, Vietnamese grilled shrimp and noodles, Vietnamese egg rolls spring rolls and rice noodles, Vietnamese rice noodle recipe, Vietnamese rice noodles, healthy rice noodle recipe, grilled pork and shrimp Vietnamese salad, bun thit, Bún Tôm Thịt, Bún Thịt, Asian noodle recipe, Vietnamese popular noodle salad, noodle salad, noodle salad recipe, grilled pork salad, grilled shrimp salad, Asian noodle salad recipe, Asian noodle salad, grilled lemongrass pork salad recipe, grilled lemongrass pork salad, Vietnamese grilled lemongrass pork salad recipe, Vietnamese grilled lemongrass pork salad, Vietnamese famous noodle salad",,5.0,1,5,6
Vietnamese Chicken Porridge (Chao Ga),"A delicious and comforting dish, Vietnamese chicken porridge is typically made for someone who is sick, someone who can't chew (the elderly), someone who is learning to eat solid foods (babies), or simply for someone who wants good food to warm the belly on a cold winter day.",https://vickypham.com/blog/vietnamese-chicken-porridge-chao-ga/,5m,60m,65m,4 serving(s),"[Ingredients] 1 whole free-range chicken (about 3½ lbs), 3 quarts water, 2 large shallots (peel and slice into large wedges), 3 oz ginger (leave unpeel; slice into coins), 1 bunch cilantro, 1 cup jasmine rice, 1 tablespoon sea salt, 1 tablespoon chicken bouillon powder, 1 tablespoon granulated sugar, 1 tablespoon shallot oil (can replace with vegetable oil), ¼ teaspoon turmeric powder, Ground black pepper, Fried shallots, Green onions or cilantro (thinly slice), Vietnamese coriander (Rau Răm), Bean sprouts (Giá), Salt, lime and pepper dipping sauce","[Instructions] 1) [Prepare chicken] Clean the chicken by rubbing it down with a tablespoon of coarse sea salt on the skin and the inside of the chicken. Rinse with water then drain dry. With a knife and a cutting board, remove the toenails from the chicken, if any. Tuck the legs into the chicken cavity as they tend to stick out of the stock pot. Trim off the fatty parts of the chicken and set aside. The chicken fat will be used to toast the rice. | 2) [Prepare the stock] In a large pot, add chicken, shallots, ginger, and cilantro. Add water (3 quarts) and bring the pot to a boil. Reduce the heat to a medium simmer and cook for 30 minutes. Check for doneness by piercing between the joint of the thigh and body. If the liquid is clear and not pink, chicken is done. | 3) [Strain stock and shred chicken] Remove all the aromatics and discard. Transfer the chicken to an ice bath for 3 minutes then remove. This step helps to tighten up the skin but is optional. In a small bowl, mix together shallot oil and turmeric powder. Rub this mixture onto the outside of the chicken. This turmeric oil provides the iconic yellow color with a great aroma. The oil will also keep the chicken from drying out. Hand-shred chicken into thin strips then set aside. | 4) [Prepare and toast the rice] Rinse the rice in a fine-mesh sieve under cold running water until the water runs clear. Drain dry. In a medium pan, add chicken fat and heat on medium-high until you render about 1 tablespoon of chicken oil. You can also use shallot oil if you don’t have enough oil. Add rinsed rice and toss it in the chicken fat. Lightly toast for about 5 minutes. | 5) [Add rice to stock pot] Transfer toasted rice to the stock pot. Discard the chicken fat. Cook the rice for 30 minutes on a medium-low simmer or until the rice has broken down into your desired porridge consistency. Make sure to stir the bottom so that it doesn’t burn. | 6) [Season to taste] Add salt, sugar, and chicken bouillon powder to taste. | 7) [Serve] Ladle porridge into individual bowls. Top with slices of hand-shredded chicken. Garnish the bowl with fried shallots, a dash of freshly ground black pepper, and thinly sliced cilantro/green onions. Serve with a side of Vietnamese coriander (Rau Răm), bean sprouts, and dipping sauce.",https://i0.wp.com/vickypham.com/wp-content/uploads/2024/08/9edfc-2023_01_05eosm55795.jpg?fit=2500%2C1667&ssl=1,entree,"asian, vietnamese","chao ga, Vietnamese rice porridge, congee, jasmine rice, chicken, ginger, green onions, scallions, salt, white pepper, cilantro, Cháo Gà, free range chicken, cháo gà, chao ga recipe, Cháo Gà recipe, how to make chao ga, Vietnamese rice porridge, Vietnamese chicken porridge, Vietnamese porridge recipe, Vietnamese rice porridge recipe, Vietnamese chicken porridge recipe, chicken congee recipe, chicken congee, chicken porridge, chicken porridge recipe, Vietnamese congee recipe, Vietnamese chicken congee recipe, Vietnamese chicken congee, authentic chao ga recipe, traditional chao ga recipe",,5.0,1,11,12
Vietnamese Hollow Donut (Bánh Tiêu),An airy and soft Vietnamese donut with a crispy sesame seed crust and a hollow interior. Enjoy as is or fill with sweet sticky rice for a tasty sweet treat. This recipe makes 5 large donuts.,https://vickypham.com/blog/vietnamese-hollow-donut-banh-tieu/,20m,5m,25m,5 serving(s),"[Ingredients] 1 1/2 cups (180g) all-purpose bleached flour, 1/3 cup (67g) granulated white cane sugar, 1/4 teaspoon salt, 2 teaspoons baking powder, 1/3 cup whole milk, 1/4 cup sesame seeds, 3 cups neutral oil","[Instructions] 1) [Make the dough] In a medium bowl, whisk together the flour, sugar, salt, and baking powder until well combined. Add the milk to the dry ingredients. Use a large spoon or a pair of chopsticks to stir until the mixture begins to clump together. Once the mixture has mostly come together, you can start kneading by hand until it forms a smooth, cohesive dough ball. This process takes about 15 minutes by hand. | 2) [Divide and Coat with Sesame Seeds] Divide the dough evenly into 5 portions. Roll each portion into a ball. Roll each dough ball in a bowl of sesame seeds, pressing gently to ensure the seeds stick and the surface is fully coated. Use a rolling pin to flatten each sesame-covered ball into a thin, round disc about 2–3 mm thick (similar to the thickness of two stacked quarters). The discs should be approximately 5 ½ inches wide. The dough should be very flat. The flatter it is, the better the chances of it puffing up properly when it hits the hot oil. | 3) [Deep fry] Heat oil in a wide skillet or wok over medium heat until it reaches 350°F. If you don’t have a thermometer, test the oil by dipping a wooden chopstick into it; small bubbles should slowly form around the chopstick. Carefully add one or two dough discs to the hot oil, avoiding splashes. Within 3 to 5 seconds, the dough will puff up. Flip the discs frequently—every few seconds using a pair of chopsticks in one hand and a large utensil like a slotted spoon or spatula in the other hand. Each bánh tiêu takes about 1 minute and 30 seconds to fry completely. Remove from oil and transfer to a wire rack. Repeat until all discs are fried. Allow to cool slightly and enjoy warm.",https://i0.wp.com/vickypham.com/wp-content/uploads/2023/01/2024_12_31-Banh-Tieu502294-5.jpg?fit=3556%2C3556&ssl=1,dessert,"asian, vietnamese","banh tieu recipe, banh tieu, bánh tiêu, bánh tiêu recipe, Vietnamese hollow donut, Vietnamese hollow donut with sesame seed crust, sesame seeds, Vietnamese donut recipe, vietnamese hollow donut recipe, Vietnamese donut, Chinese hollow donut, Chinese hollow donut recipe, how to make banh tieu, how to make Vietnamese hollow donut, white sesame seeds, Vietnamese dessert, asian dessert, Chinese dessert, Vietnamese dessert recipe, asian dessert recipe, chinese dessert recipe, banh tieu ingredients, what is banh tieu, what is banh tieu made of",,,0,6,6
"Vietnamese Crab, Shrimp, Pork and Tomato Noodle Soup (Bun Rieu from Scratch)","A delicious and authentic Bún Riêu recipe, all from scratch, with added pork hocks, pork blood, and crab/shrimp meatballs. In this recipe, we are skipping the jarred or canned spiced crab and making it all with fresh crab and shrimp.",https://vickypham.com/blog/bun-rieu-scratch/,30m,75m,105m,6 serving(s),"[Ingredients] 2 lbs pork hock chunks, 10 large shrimp/prawns with heads, 3 tablespoons vegetable oil (divided), 2-inch ginger (leave unpeeled; slice into thick coins), 4 large shallots (peel and slice into thick wedges), 5 garlic cloves (peel and slice), 3 ¾ quarts water, 1 cup fresh crab meat, 3 whole eggs (beaten), 4 large ripe tomatoes (about 1 ½ lbs, cut into large wedges), 1 tablespoon plus ¼ teaspoon sea salt, ¼ teaspoon ground black pepper, 1 tablespoon granulated sugar, 1 tablespoon fish sauce, ½ tablespoon MSG (optional), 1 tablespoon fermented shrimp sauce (mắm ruốc), 6 oz fried tofu cubes, 2 packages 14 oz dried rice noodles (cook per package instructions), Sliced green onions, Sliced yellow onions, Thinly chopped cilantro, Shredded water spinach (Rau Muống/Ong Choy), Thinly sliced green/purple cabbage, Other Vietnamese herbs (perilla, sorrell, mint), Lemon/lime wedges, Blood cake (optional)","[Instructions] 1) [Clean the pork] Fill a 5-quart stock pot half way with water and bring the pot to a boil. Add ginger slices and a third of the sliced shallots. Let the pot simmer for 5 minutes until shallots and ginger release their aroma. Add pork hocks. Blanch for 8 minutes or until impurities (foam) float to the top. Drain the content of the pot into a colander in a sink and rinse well with water. Wash the stock pot thoroughly to reuse. | 2) [Prep the shrimp/prawn] Separate the heads from the body with a gentle twist to keep the head fat intact. Set the shrimp heads aside. Peel and devein the shrimp, then finely chop with a food processor until it turns into a paste. If you don’t have a food processor, you can finely chop with a knife or place it in a Ziploc bag and smash it with something heavy, such as a rolling pin. | 3) [Make the stock] To the bottom of the stock pot from earlier, heat vegetable oil (2 tablespoons) on medium-high. Add half of the remaining shallots and half of the garlic. Pan fry until aromatic (about 15 seconds). Add shrimp heads and toss them with the aromatics. Using a wooden spoon or any other cooking utensil, smash the shrimp heads so that they release the head fat. The head fat will give the broth a beautiful red color, as well as add flavor to the broth. Add water (3-¾ quarts) to the pot and pork hocks. Cook on a low simmer for one hour or until pork hocks can be easily pierced with a chopstick. | 4) [Make the crab and shrimp meatballs (riêu)] Mix fresh crab meat, shrimp paste, and beaten eggs together. Season with ¼ teaspoon sea salt and ¼ teaspoon ground black pepper. Crank up the heat on the stockpot to a rolling boil and gently slide the mixture across the top of the stock. The high heat will quickly cook up the mixture and keep it together in one large sheet. Turn down the heat and continue to cook the stock pot on medium-low. | 5) [Prepare the tomatoes] In a medium-sized skillet, heat up the remaining vegetable oil (1 tablespoon) on medium-high. Add the last of the garlic and shallots. Pan fry until fragrant (about 15 seconds). Add tomatoes and pan fry until it starts to soften. Scoot the crab and shrimp meatballs to one side of the stock pot and to the other side, carefully pour in the tomato mixture. Add fried tofu to the stockpot as well. Let the stock continue to cook on medium-low heat for about 5 minutes for the flavors to meld. | 6) [Season the stock] Add salt, sugar, fish sauce, MSG (optional), and fermented shrimp paste. Break up the shrimp paste with a bit of stock water before adding it to the pot. | 7) [Assemble] To a bowl, add a handful of cooked rice noodles, pork hocks, a few pieces of the crab mixture, fried tofu, and blood cake. Ladle in hot broth. Garnish with a sprinkle of green onions, cilantro, and/or a few slices of yellow onions. Serve with your favorite vegetables, lemons or limes wedges, and additional shrimp paste on the side.",https://i0.wp.com/vickypham.com/wp-content/uploads/2024/08/267d2-eosm5_0046-edit.jpg?fit=2500%2C1403&ssl=1,entree,"asian, vietnamese","vietnamese pork and crab noodle soup, bún riêu cua thịt, bun rieu cua thit, bun rieu cua thit recipe, vietnamese pork and crab noodle soup recipe, vietnamese tomato noodle soup recipe, vietnamese tomato and seafood noodle soup recipe, vietnamese tomato and crab noodle soup recipe, vietnamese tomato and crab noodle recipe, vietnamese tomato and prawn noodle recipe, how to make bun rieu, vietnamese tomato noodle soup, how to make bun rieu without jarred spiced crab, how to make bun rieu without canned spiced crab, how to make bun rieu without jarred spiced shrimp, how to make bun rieu without canned spiced shrimp, how to make bun rieu without jarred spiced prawns, how to make bun rieu without canned spiced prawns, bun rieu recipe, bún riêu recipe, vietnamese crab pork tomato noodle soup, vietnamese crab pork seafood tomato noodle soup, pork broth bun rieu recipe, pork based broth bun rieu recipe, bun rieu with pork spare ribs, bun rieu with pork, vietnamese crab noodle soup, vietnamese crab noodle soup recipe, vietnamese tomato crab noodle soup recipe, vietnamese tomato crab noodle soup, easy bun rieu recipe, authentic bun rieu recipe, the best bun rieu recipe, bun rieu cua, bun rieu cua recipe, tomato and crab noodle soup, vietnamese noodle soups, vietnamese noodle soup recipe, vietnamese noodle soup with tomatoes, vietnamese noodle soup recipe with tomatoes, vietnamese noodle soup with crab, vietnamese noodle soup recipe with crab, vietnamese noodle soup with shrimp, vietnamese noodle soup recipe with shrimp, how to make bun rieu with fresh crab, bun rieu recipe with fresh crab, bun rieu fresh crab, bun rieu with fresh crab meat, vietnamese crab and tomato noodle soup with fresh crab, vietnamese crab and tomato rice noodle soup, vietnamese rice noodle soup with crab and tomatoes, vietnamese bun rieu noodle soup recipe with fresh crab",,,0,2,2
Vietnamese Mustard Green Soup with Shrimp Balls (Canh Cai Be Xanh Nau Tom Bam),An easy and comforting Vietnamese soup side dish of ground shrimp and mustard greens. Cooks up in about 5 minutes. Serve with steamed rice and a protein side dish for a complete meal.,https://vickypham.com/blog/mustard-green-soup-shrimp-balls/,10m,5m,15m,4 serving(s),"[Ingredients] 10 oz large shrimp (size 21-25; about 10), ¼ teaspoon sea salt, ¼ teaspoon granulated sugar, ¼ teaspoon chicken bouillon powder, 2 teaspoons tapioca starch, 2 tablespoons cooking oil, 2 teaspoons minced garlic, 1½ quarts water, 1 teaspoon sea salt, 1 teaspoon fish sauce, 1 teaspoon granulated sugar, 1 teaspoon chicken bouillon powder, 10 oz Chinese mustard greens (cut into bite-size pieces), Ground black pepper","[Instructions] 1) [Prepare shrimp] Mince shrimp into a paste with a mortar and pestle, large meat cleaver, or food processor. Add salt, sugar, bouillon powder, ground black pepper, and tapioca starch. Mix until combined and set aside. Alternatively, if you are feeling lazy, leave shrimp whole, season and leave out tapioca starch. | 2) [Make soup] In a medium stock pot, heat oil on medium-high. Add garlic and sauté until fragrant (a few seconds). Add water slowly to the stock pot. When the pot comes to a boil, scoop shrimp paste into small balls using two spoons then drop it into the hot water. Cook for 3 minutes on a medium-low simmer. Balls will float when they are cooked all the way through. | 3) [Finish] Add mustard green. Cook for 2 minutes. Season soup to taste with salt, fish sauce, sugar, and chicken bouillon powder. Garnish with a sprinkle of ground black pepper and serve.",https://i0.wp.com/vickypham.com/wp-content/uploads/2024/08/9a95a-eosm5_9999_49.jpg?fit=2500%2C1403&ssl=1,side dish,"asian, vietnamese","canh cải bẹ xanh nấu tôm băm, canh cai be xanh nau tom bam, canh cai be xanh nau tom, canh cai be xanh recipe, canh tom recipe, canh cai be xanh nau tom bam recipe, canh cai be xanh nau tom recipe, chinese mustard green, vietnamese mustard green, ground shrimp soup, vietnamese soup with shrimp, vietnamese mustard green soup, how to make mustard green soup, vietnamese mustard green soup recipe, vietnamese mustard green and shrimp recipe, soup with mustard green, soup with shrimp, vietnamese home cooking recipes, vietnamese home cooking recipe, cai be xanh, what is mustard greens, what is chinese mustard greens, what are chinese mustard greens, what are mustard greens, what are vietnamese mustard greens, how to make shrimp balls bouncy, how to make meatballs bouncy, springy shrimp balls, how to make springy shrimp balls, mustard green soup with shrimp balls, mustard green soup with shrimp, mustard green soup with shrimp ball recipe, mustard green soup with shrimp recipe, vietnamese cuisine",,5.0,3,10,13
Easy Poke Bowl,"Once you have quality sushi-grade fish, the rest is easy. Poke bowls are simply an assembly of ingredients. There’s no need to cook. Plus, it’s totally customizable. Add and choose whatever protein and topping you like and you’re set.",https://vickypham.com/blog/poke-bowl/,30m,30m,30m,4 serving(s),"[Ingredients] 1/2 lb cubed sushi-grade fish (I’m using Yellowtail/Hamachi here), 2 teaspoons soy sauce, 1 teaspoon rice vinegar, 2 teaspoons sesame oil, Black or white toasted sesame seeds, Wasabi (optional), 1 small shallot (peeled, sliced thin), 1 green onion (sliced thin), Steamed rice or sushi rice, Furikake (dried rice seasoning), English or Persian cucumbers, Avocado, Mangoes, Edamame (soy beans), Wakame (seaweed salad), Japanese Kewpie Mayo, Sriracha, Nori (roasted seaweed), Tobiko or Masago (fish roe)","[Instructions] 1) [Make the poke] In a medium bowl, combine fish, soy sauce, rice vinegar, sesame oil, sesame seeds, wasabi, shallots and green onions. Toss to mix. | 2) [Assemble bowl] Add rice to individual bowls and sprinkle with furikake (rice seasoning). Add your favorite vegetable toppings. Drizzle kewpie mayo over the top. Add sriracha to make it a spicy mayo. | 3) [Finish] Add a dollop of tobiko (fish roe) and crumbled nori over the top. Serve immediately and enjoy.",https://i0.wp.com/vickypham.com/wp-content/uploads/2024/08/b330f-eosm5_9729.jpg?fit=2500%2C1404&ssl=1,entree,"Asian, japanese, hawaiian","what is poke, poke bowl, poke bowl recipe, how to make poke bowl, poke bowl at home, easy poke bowl recipe, easy to make poke bowl recipe, poke bowl with sriracha mayo, poke bowl with spicy mayo, poke bowl with Japanese kewpie mayo, what is kewpie mayo, poke bowl with hamachi, poke bowl with yellowtail, what is in poke bowl, what is poke bowl sauce, what are poke bowl ingredients, homemade poke bowls, Hawaiian poke recipe, Hawaiian poke, how to make Hawaiian poke, easy poke bowls",,,0,0,0
Crispy Roast Pork Belly with Air Fryer,"A super simple crispy roast pork recipe using an air fryer. No long list of ingredients. No long list of instructions. None of the added work, yet still perfectly puffy and crispy crackling with juicy and tender meat.",https://vickypham.com/blog/super-easy-air-fryer-crispy-pork-belly/,30m,35m,65m,5 serving(s),"[Ingredients] 1 1/2 lbs skin-on pork belly, 3/4 teaspoon sea salt, 1/2 teaspoon granulated sugar, 1/4 teaspoon Chinese five-spice powder, 1/2 teaspoon ground black pepper","[Instructions] 1) [Marinate] Combine salt, sugar, Chinese five-spice powder, and ground pepper in a bowl and rub this mixture onto the pork belly, including the skin. | 2) [Dry out pork skin] Wrap the meat part of the pork belly with foil but keep the skin uncovered. Store in the fridge for 30 minutes or overnight to let the skin dry out completely. | 3) [Air fry] Transfer the foil lined pork belly into the air fryer basket. Wipe the skin dry with paper towels and cook at 375°F for about 35 to 40 minutes. Check on it at the 15 to 20-minute mark. If some areas of skin is not popping, move it around, rotate, prop up the low areas with small pieces of foil. No need for flipping.",https://i0.wp.com/vickypham.com/wp-content/uploads/2024/08/e8847-2022_11_19eosm504951.jpg?fit=2500%2C1407&ssl=1,"side dish, appetizer","asian, chinese","crispy roasted pork belly, crispy roast pork belly, roast pork, roast pork recipe, crispy roasted pork belly recipe, crispy roast pork belly recipe, thịt heo quay, thit heo quay, air fryer pork belly, simple air fryer pork belly recipe, simple air fryer pork belly, air fryer pork belly recipe, simple pork crackling, simple pork crackling recipe, how to make crispy roast pork, crispy roast pork, crispy roast pork recipe, crispy roast pork air fryer recipe, crispy roast pork air fryer, Vietnamese roast pork recipe, Asian roast pork recipe, asian roast pork, Vietnamese roast pork, no-fail roast pork, best roast pork recipe, thit heo quay air fryer, Vietnamese crispy pork belly, thit heo quay recipe, thịt heo quay air fryer, Vietnamese pork belly, Vietnamese roast pork belly",,,0,1,1
"Vietnamese Pork Spare Rib Soup with Potatoes, Carrots and Cauliflower (Canh Suon Khoai Tay Ca Rot Bong Cai Trang)","Simple, delicious, and comforting Vietnamese soup made with easy-to-find and affordable ingredients. It's the perfect soup for cold winter days and for those who feel under the weather. This hearty and filling soup can be eaten on its own or enjoyed as a side dish with steamed rice.",https://vickypham.com/blog/traditional-vietnamese-pork-spareribs-soup-with-potatoes-carrots-and-cauliflower-canh-suon-khoai-tay/,5m,40m,45m,4 servings,"[Ingredients] 1 lb pork spare ribs (cut in-between bones into individual riblets), 1 large carrot (6 oz), 1 large potato (8 oz), Half a head cauliflower (8 oz), 1 tablespoon vegetable oil, 1 small shallot, 3 cloves of garlic, 1½ quarts water, 1 tablespoon fish sauce, ½ teaspoon salt, ½ teaspoon chicken or mushroom bouillon powder, ¼ teaspoon ground black pepper, 2 green onions, ⅛ teaspoon ground black pepper (sprinkle)","[Instructions] 1) [Prepare Ingredients] Peel and mince the garlic and shallots. For the green onions, separate the white parts (to be used in the sauté) from the green parts (to be chopped into bite-size segments for garnish). Peel and cut carrot and potato into bite-size pieces. Break cauliflower into small florets. | 2) [Sauté Aromatics] Heat vegetable oil in a medium-sized pot over high heat. Add the whites of the green onions, shallots, and garlic. Fry until fragrant, about 20 seconds. | 3) [Cook the Pork Ribs] Add the pork ribs to the pot and toss to coat in the aromatics. Pour in water and bring to a gentle simmer. Cook for 30 minutes. | 4) [Skim Impurities] skim off impurities that float to the top for a clearer soup, including the garlic and shallots (they have already released their flavors in the soup). | 5) [Add the Vegetables] Add carrots, potatoes, and cauliflower to the pot. Simmer until the vegetables are tender when pierced with a chopstick (about 10-12 minutes). | 6) [Season the Broth] Add fish sauce, salt, chicken bouillon powder, and black pepper. Adjust seasoning to taste. | 7) [Serve] Garnish with green onion tops and a sprinkle of ground black pepper. Serve hot as a side dish or main course.",https://i0.wp.com/vickypham.com/wp-content/uploads/2024/08/3d13a-2022_10_04eosm504676-edit.jpg?fit=2500%2C1407&ssl=1,side dish,"asian, vietnamese","pork rib soup recipe, pork rib soup, vietnamese pork rib soup, vietnamese pork rib soup recipe, vietnamese canh recipe, vietnamese home cooking recipe, vietnamese canh recipe with pork ribs, vietnamese canh recipe with pork spare ribs, pork rib soup with potatoes carrots and cauliflower, vietnamese soup recipe with cauliflower, vietnamese soup recipe with potatoes, vietnamese soup recipe with carrots, vietnamese pork potato carrot soup, vietnamese pork potato carrot cauliflower soup, viet food, viet recipe, vietnamese pork bone soup, pork bone soup recipe, pork bone soup, pork rib soup with potatoes and carrots, vietnamese pork pork bone soup recipe, pork rib soup vietnamese, vietnamese recipes, vietnamese home cooking, Canh Sườn Khoai Tây Ca Rốt Bông Cải Trắng, canh suon khoay tay ca rot, canh suon, Canh Sườn Khoai Tây Ca Rốt, Canh Sườn, Canh Sườn Bông Cải Trắng, canh suon bong cai trang",,5.0,3,17,20
Vietnamese Braised Coconut Chicken (Gà Rim Nước Dừa),"Need a quick, flavorful chicken dish that’s even better the next day? Try this braised Vietnamese chicken with umami-rich sauce, perfect over steamed rice.",https://vickypham.com/blog/vietnamese-braised-coconut-chicken/,60m,30m,90m,8 serving(s),"[Ingredients] 4 lbs bone-in chicken thighs (about 10 thighs), 1 tablespoon granulated sugar, 1 teaspoon salt, ½ teaspoon ground black pepper, 1 tablespoon chicken bouillon powder, 2 tablespoons vegetable oil, 1 shallot (finely diced), 2 garlic cloves (finely diced), 1 12 fl oz can Coco Ricococonut soda, 2 tablespoons fish sauce","[Instructions] 1) [Marinate chicken] with sugar, salt, chicken bouillon powder, and ground black pepper for at least one hour or overnight in the fridge for better results. For a shorter marinating time, cut the meat away from the bones on the underside so that the chicken is not so thick. | 2) [Pan fry chicken] with a vegetable oil in a large skillet (11-inch wide) until you get a nice brown sear on the top and bottom. This should take about 3 minutes per side on high heat. Fry in batches if needed to prevent overcrowding that would steam the chicken instead. Remove chicken from the skillet and set aside. | 3) [Toast aromatics] To the now empty skillet, add shallots and garlic. Pan-fry until fragrant (about 20 seconds). | 4) [Braise] Add browned chicken and coconut soda. Simmer uncovered for 15 minutes or until liquid has slightly reduced. Season to taste with fish sauce.",https://i0.wp.com/vickypham.com/wp-content/uploads/2024/08/cd5c3-2022_11_23eosm55697.jpg?fit=2500%2C1403&ssl=1,side dish,"asian, vietnamese","Vietnamese braised chicken recipe, Vietnamese braised chicken, Vietnamese chicken recipe, Vietnamese chicken, ga rim nuoc dua, braised chicken with coconut juice, Vietnamese braised chicken with coconut juice, braised chicken recipe, asian braised chicken recipe, how to make ga rim, how to make ga rim nuoc dua, Asian chicken recipe, asian braised chicken, simple Asian chicken recipe, gà rim nước dừa, gà rim, chicken recipe for steamed rice, Asian chicken recipe for steamed rice, Vietnamese braised coconut chicken, Vietnamese braised coconut chicken recipe, Vietnamese coconut caramel chicken recipe, Vietnamese coconut caramel chicken, coconut caramel chicken, coconut caramel chicken recipe",,5.0,1,8,9
Vietnamese Crab and Asparagus Soup (Sup Mang Cua),"A simple, elegant egg-drop soup often served at weddings. It's easy to make at home and perfect for a cold winter day.",https://vickypham.com/blog/vietnamese-crab-asparagus-soup-sup-mang-cua/,5m,15m,20m,5 serving(s),"[Ingredients] 5 cups stock (beef/pork/chicken/vegetable), ½ cup lump crab meat, 10 hardboiled quail eggs, 2 beaten egg whites, 12 oz white or green asparagus (see notes), 3 tablespoons tapioca flour, 4 tablespoons room temperature water, Thinly sliced cilantro or green onions, Ground white pepper (can substitute with ground black pepper), Sesame oil","[Instructions] 1) [Prepare the ingredients] If using white fungus, soak the whole flower in hot water for 10 minutes. Once soften, remove the rough middle section, give it a good rinse a couple of times then chop it up finely and set aside. Wash the asparagus and remove any rough ends. Thinly slice it into concentric circles then set aside. | 2) [Make the soup] In a medium stock pot, heat up your choice of stock. Once it comes to a boil, add cooked crab meat, breaking it to thin strips with your fingers. Reduce heat to a low simmer and cook for 5 minutes. | 3) [Season soup] Add a bit of salt and MSG, if needed. Keep in mind that store-bought stock and some crab meat may already be salty so you may not need to season as much or at all. It’s best to taste-test. If making this with my homemade pork stock, no need for extra seasoning. When making this with my favorite store-bought Korean beef bone soup broth (Jay One brand), which comes slightly seasoned, I use two bags of the stock (17.6 oz each) and add 1 teaspoon sea salt and ½ teaspoon MSG. | 4) [Add eggs] Add hardboiled quail eggs. While gently stirring the pot in one direction, add the beaten eggs in a slow stream to get long strands of cooked eggs. | 5) [Add the tapioca mixture] Cook for 10 more minutes or until broth thickens. | 6) [Add asparagus] Turn off the heat. The residual heat will cook the asparagus. | 7) [Finish] Ladle into small bowls. Garnish with cilantro or green onions, a sprinkle of ground pepper, and a drizzle of sesame oil.",https://i0.wp.com/vickypham.com/wp-content/uploads/2024/08/41b27-1x1crispypork5.jpg?fit=2500%2C2500&ssl=1,"side dish, appetizer","asian, vietnamese, chinese","sup mang cua, sup mang cua recipe, sup cua, sup cua recipe, Vietnamese crab asparagus soup, súp măng cua, Vietnamese crab asparagus soup recipe, Vietnamese crab soup, Asian crab soup recipe, Asian crab soup, Vietnamese egg drop soup with crab, Vietnamese egg drop soup, Vietnamese egg drop soup with crab and asparagus, asian egg drop soup, asian egg drop soup recipe, egg drop soup recipe, egg drop soup recipe for weddings, soup for weddings, soup for anniversaries, soup for special occasions, how to make Vietnamese egg drop soup, how to make Chinese egg drop soup, popular celebratory Vietnamese soup, asparagus soup, crab soup",,,0,7,7
Vietnamese Green Mango Calamari Salad (Goi Xoai Xanh Muc),A delicious and refreshing green mango and calamari salad that's full of contrasting yet complementing Southeast Asian flavors and textures. Enjoy this salad with a classic fish sauce dressing.,https://vickypham.com/blog/vietnamese-green-mango-calamari-salad/,10m,10m,20m,4 serving(s),"[Ingredients] 1 lb calamari, 1 shallot (peeled and thinly sliced), 2-inch ginger (unpeeled and thinly sliced), 2 lbs green mango, Toasted unsalted peanuts (coarsely chopped), Fried shallots, Vietnamese coriander (rau răm), Shrimp chips (bánh phồng tôm), ⅓ cup granulated sugar, ½ cup hot water, ⅓ cup fish sauce, 1½ tablespoons lime juice, ½ cup coconut soda (Coco Rico brand), 2 Thai chili peppers (thinly sliced), 2 large garlic cloves (thinly sliced)","[Instructions] 1) [Clean calamari] Give the calamari a good rinse to remove any fishy smell. Pat dry with paper towels. Cut open calamari with the interior facing up. Score the interior in a crosshatch pattern then cut it into bite-sized pieces. Set aside. | 2) [Cook calamari] Fill a small pot with water, add sliced ginger and shallots, and bring the pot to a boil. Let the aromatics release their fragrance (about 3 minutes) then add calamari. Cook for 2 minutes or until calamari starts to curl. Remove calamari from the pot and set aside. | 3) [Prepare mango] Slice the mango into thin strips with a julienne peeler. | 4) [Make the shrimp chips] I only use half of the package. Add 2 inches of vegetable oil to a large skillet and heat to 350°F. Add 3 or 4 chips at a time. Don’t overcrowd the skillet. Fry until it fully expands out flat (about 10 seconds). Flip chips for even cooking. Transfer to a wire rack or a plate lined with paper towels to remove excess oil. | 5) [Make the fish sauce dressing] In a medium bowl, combine sugar and hot water until sugar dissolves. Add rest of ingredients (fish sauce, lemon/lime juice, coconut soda, chili peppers and garlic). Mix until combined. | 6) [Put everything together] Combine mango, calamari, and Vietnamese coriander leaves in a large bowl. Add a little drizzle of fish sauce dressing (a little at a time to your liking) and toss to combine. Garnish salad with toasted peanuts and fried shallots. Serve with shrimp chips.",https://i0.wp.com/vickypham.com/wp-content/uploads/2024/08/3e31f-20.jpg?fit=2500%2C1403&ssl=1,"side dish, appetizer","asian, vietnamese","goi muc recipe, goi muc, goi xoai muc, green mango calamari salad, green mango calamari salad recipe, gỏi xoài xanh mực, goi xoai xanh muc, goi muc, goi xoai, vietnamese goi recipe, vietnamese salad recipe with seafood, vietnamese salad recipe with green mangoes, vietnamese salad recipe with unripe mangoes, calamari and green mango salad, squid salad, vietnamese squid salad with green mangoes, goi recipe with fish sauce dressing, fish sauce salad dressing, vietnamese fish sauce salad dressing, vietnamese goi salad dressing, vietnamese green mango salad recipe, vietnamese calamari salad recipe, unripe green mangoes, how to eat unripe green mangoes, unripe green mango recipe",,,0,0,0
Vietnamese Savory Mini Pancakes (Banh Khot),"Banh Khot is the bite-size and simpler version of Banh Xeo. Both are wrapped in leafy greens and dipped in a sweet chili sauce. Crispy on the outside and fluffy on the inside, this is a delicious appetizer that's not only fun to make but also fun to say. This recipe makes 14.",https://vickypham.com/blog/vietnamese-mini-savory-pancakes-banh-khot/,20m,35m,55m,14 banh khots,"[Ingredients] 1 cup rice flour, 1 tablespoon corn starch, 1 cup water, 200 mL coconut milk, ½ teaspoon turmeric powder, ½ teaspoon sea salt, 14 large shrimp (peeled and deveined), ¼ teaspoon sea salt, ⅛ teaspoon (pinch) ground black pepper, 2 green onions (thinly sliced), Leafy lettuce and Vietnamese herbs, Neutral oil or shallot oil, Vietnamese sweet chili dipping sauce","[Instructions] 1) [Make the batter] Whisk together all the batter ingredients. Set it aside to “bloom” for at least 20 minutes, but the longer, the better. | 2) [Marinate the shrimp] In a small bowl, marinate shrimp with salt and pepper. Set aside. | 3) [Fry] Heat the banh khot or aebleskiver pan on medium-high. Add a little oil to each well. Fill with batter to the rim. It’s also ok to overflow the well so it spills out. This creates additional crispy edges. Sprinkle green onions, and dried shrimp if using. Cover with a lid and cook for about 8 minutes on medium-low. Low and slow is key. | 4) [Add shrimp] Remove the lid. Add shrimp and top each with more green onions. Drizzle more oil on top of the green onions (this makes “scallion oil”) and around each rim to crisp up the edges. Cover and cook until shrimp is cooked through (about one minute). Remove the lid and cook for about 2 more minutes to your desired crispiness. | 5) [Repeat] with remaining batter and toppings. | 6) [Remove from pan and serve] Use a sharp metal spoon to remove the banh khot. Scrape the outside edges first. It should detach easily and scoop out. Serve with your favorite leafy greens, herbs, and sweet chili sauce.",https://i0.wp.com/vickypham.com/wp-content/uploads/2024/08/34431-eosm50_9482.jpg?fit=2500%2C1407&ssl=1,appetizer,"asian, vietnamese","banh khot recipe, banh khot, bánh khọt, bánh khọt recipe, vietnamese mini savory pancakes, vietnamese mini savory pancake recipe, vietnamese mini savory crepes, vietnamese mini savory crepe recipe, vietnamese mini crepes, vietnamese mini crepe recipe, vietnamese mini pancake recipe, vietnamese mini pancake, how to make banh khot, shrimp and coconut pancake, shrimp and coconut pancake recipe, prawn and coconut pancake, prawn and coconut pancake recipe, vietnamese street food, vietnamese sizzling pancake, vietnamese sizzling pancake recipe, vietnamese sizzling crepe, vietnamese sizzling crepe recipe, crispy and savory mini pancake, crispy and savory mini pancake recipe, vietnamese mini crispy pancake with shrimp, Vietnamese mini crispy pancake with shrimp recipe, banh khot vs banh xeo",,,0,29,29
Vietnamese Lemongrass Roast Chicken (Gà Nướng),"A popular Vietnamese chicken recipe that can be grilled for a smoky flavor or roasted for a quick weeknight dinner. Infused with Chinese five spice, it's perfect with steamed rice or in a classic bánh mì.",https://vickypham.com/blog/vietnamese-roasted-chicken/,65m,35m,100m,9 serving(s),"[Ingredients] 4 lbs chicken thighs, ½ cup oyster sauce, 1 tablespoon all-purpose soy sauce, 1 tablespoon fish sauce, 1 tablespoon honey, 3 tablespoons granulated sugar, 1 tablespoon Shaoxing cooking wine, 1 teaspoon Chinese Five Spice Powder, ½ teaspoon ground black pepper, 2 tablespoons minced fresh garlic, ½ cup minced lemongrass","[Instructions] 1) [Make the marinade] Mix oyster sauce, soy sauce, fish sauce, honey, sugar, cooking wine, five-spice powder, black pepper, garlic, and lemongrass in a bowl. Adjust the quantities to taste. This sauce is sweet and savory, but if you find it too sweet, reduce the amount of sugar to suit your preference. | 2) [Prepare the chicken] For bone-in chicken, use scissors or a knife to cut the meat around the bone so that it lays flat for faster and even cooking. Marinate the chicken with the mixture for at least one hour or overnight in the fridge for best results. | 3) [Roast] Line a roasting pan with foil to reduce cleanup. Place a wire rack on top if you have one. If not, you can place the chicken directly on the foil-lined tray. Arrange the chicken, skin-side down if applicable. For boneless chicken thighs, cook at 400°F for 15 minutes, then flip and cook for another 15 minutes. For bone-in chicken thighs, cook for 20 minutes per side. | 4) [Broil] To get beautiful, crispy, and slightly charred skin, transfer the tray to the highest rack in the oven. Baste with pan drippings on both sides. Switch the oven setting to broil at 550°F (the highest broil setting) and broil for 1-2 minutes per side until you get your desired finish.",https://i0.wp.com/vickypham.com/wp-content/uploads/2024/08/18d38-2023_06_06eosm505960.jpg?fit=2500%2C1406&ssl=1,side dish,"asian, vietnamese","chicken, roast chicken, grilled chicken, roast chicken recipe, asian roast chicken recipe, asian grilled chicken recipe, Bánh Mì Gà, banh mi ga recipe, how to make chicken for banh mi ga, Vietnamese roast chicken recipe, chicken recipe, banh mi ga, chicken sandwich, sweet and savory chicken, oven baked five spice chicken recipe, vietnamese baked five spice chicken recipe, five spice chicken recipe, Vietnamese five spice chicken recipe, five spice chicken, Vietnamese five-spice roast chicken, Vietnamese five-spice baked chicken, Vietnamese five-spice roasted chicken, Vietnamese five-spice grilled chicken, Gà Nướng Ngũ Vị Hương, ga nuong ngu vi huong, ga nuong, five spice chicken with honey, honey five spice chicken, easy Vietnamese chicken recipe, Gà Nướng, asian chicken recipe, asian five spice chicken recipe, what is five spice powder, what is Chinese five spice powder, Vietnamese chicken banh mi ga recipe, easy Asian chicken recipe, easy five spice chicken recipe, Bánh Mì Gà Nướng, vietnamese chicken sandwich, lemongrass, Chinese five spice powder, Vietnamese lemongrass roast chicken, Vietnamese lemongrass roast chicken recipe, cam huong's Chinatown chicken, cam huong chicken, oakland chinatown chicken, cam huong roast chicken, cam huong roast chicken copycat recipe, cam huong copycat recipe, cam huong chicken recipe",,5.0,3,30,33
Vietnamese Scallion Oil (Mo Hanh),"A simple yet delicious Vietnamese garnish of oil and scallions to give the finishing touch to many Vietnamese dishes. Brush them on grilled meats, seafood, vegetables, rice noodles, and many more.",https://vickypham.com/blog/vietnamese-scallion-oil-mo-hanh/,2m,1m,3m,4 serving(s),"[Ingredients] 1 cup thinly sliced scallions/green onions (about 8 large stalks), 2 tablespoons vegetable oil, 1/4 teaspoon sea salt, 1/4 teaspoon granulated sugar","[Instructions] 1) [Option 1: Stove-top method] Heat vegetable oil in a small saucepan on medium-high or until you feel the heat when your hand is placed a few inches above the pan. Turn off heat. Add sliced scallions. Mix in salt and sugar until combined. | 2) [Option 2: Microwave method] Combine sliced scallions, vegetable oil, salt, and sugar in a microwave-safe bowl. Give it a mix then heat on high for 1 minute in the microwave.",https://i0.wp.com/vickypham.com/wp-content/uploads/2024/08/8d5c3-2022_11_08eosm55541.jpg?fit=2500%2C1403&ssl=1,condiment,"asian, vietnamese","Vietnamese scallion oil, Vietnamese green onion oil, oil with green onions, oil with scallions, mo hanh, mo hanh recipe, how to make mo hanh, mỡ hành, mỡ hành recipe, how to make mỡ hành, Vietnamese condiment recipe, Vietnamese condiments, Vietnamese scallion oil garnish recipe, Vietnamese green onion garnish recipe, scallion oil (mo hanh), green onion oil (mo hanh), what is the difference between scallions and green onions, what is the difference between scallions green onions and spring onions, what to do with a lot of green onions, what to do with a lot of scallions, what to do with a lot of spring onions, Vietnamese scallion garnish recipe, scallion oil, green onion oil, Vietnamese scallion oil recipe, Vietnamese scallion oil sauce, Vietnamese scallion oil dipping sauce, how to make scallion oil, best scallion oil, easy scallion oil recipe, how to make scallion oil in microwave, how to make scallion oil on the stove top, scallion oil for grilled meats, scallion oil for rice noodles, how to store scallion oil, Vietnamese scallion oil sauce for grilled dishes, Vietnamese broken rice topping, Com Tam garnish",,5.0,1,7,8
30-Minute Pressure Cooker Vietnamese Chicken Noodle Soup Recipe (Instant Pot Pho Ga),This Instant Pot chicken pho recipe takes only 30 minutes with the help of a pressure cooker. Enjoy a rich and flavorful bowl of authentic Vietnamese chicken noodle soup without slaving away in the kitchen.,https://vickypham.com/blog/instant-pot-pho-ga/,0m,30m,30m,8 serving(s),"[Ingredients] 4 lbs whole chicken, 2 yellow onions (peel outer layer; leave whole), 1 stick Chinese cinnamon, 1 bundle green onions/scallions, 1 bundle cilantro, 4 oz ginger (peel-on; slice into thick coins), 1 tablespoon coriander seeds, 25 grams rock sugar, 1 tablespoon sea salt, 5 tablespoons fish sauce, 1 tablespoon chicken bouillon powder (optional), 1 teaspoon MSG (optional), 2 lbs rice noodles, Green onions, Cilantro, Yellow onion, Fresh red chili peppers or jalapenos, Lemons/limes","[Instructions] 1) [Prepare the Instant Pot] Add chicken, yellow onions, cinnamon, green onion bundle, cilantro bundle, ginger slices, and coriander seeds into an 8-quart Instant Pot pressure cooker. Fill the pot with water to the ⅔ max pressure cooker line. Press Pressure Cook. Change timer to 30 minutes, if needed. Press Start. | 2) [Prepare the garnishes: ] While waiting for the pressure cooker, thinly slice green onions, cilantro, yellow onion, and chili peppers/jalapenos. Cut lemon/lime into wedges. Set aside. | 3) [Quick release] When the pressure cooker is done, press and hold the quick release button until all steam has escaped. You can also lock the quick release button in place so you don’t have to keep holding it down. I like to take the pot outside as it can cause quite a mess. Once the float valve has snapped back in and flushed with the lid, open the lid and carefully remove the chicken. Once cooled, hand shred the chicken into strips. Use a fine-mesh strainer to remove and discard all remaining solids from the stock. | 4) [Add water and season stock: ] Fill the pressure cooker with additional water to the ½ line, if needed. This will make 4 quarts total. Press Saute and change settings to High. While the stock is simmering, season with rock sugar, sea salt, fish sauce, bouillon powder, and MSG. Best practice is to measure out all the seasonings and add a little at a time to your liking. Bouillon powder and MSG are optional but recommended for the best flavor. Keep in mind that broth needs to be really bold in flavor, as added rice noodles will mellow it out. | 5) [Prepare the noodles: ] Cook noodles per package instructions. | 6) [Assemble] To a bowl, add noodles, chicken, and garnishes. Add hot broth over noodles and enjoy.",https://i0.wp.com/vickypham.com/wp-content/uploads/2024/08/13660-eosm5_8661.jpg?fit=2500%2C1403&ssl=1,entree,"asian, vietnamese","instant pot pho, instant pot chicken pho, instant pot recipe, instant pot recipes, instant pot chicken phở, pho recipe, chicken pho recipe, pho ga, pho ga recipe, quick pho ga recipe, easy pho ga recipe, instant pot pho ga, how to make chicken pho in instant pot, pressure cooker pho recipe, pressure cooker chicken pho recipe, pressure cooker recipe, pho pressure cooker recipe, pho ga ingredients, pho garnishes, chicken phở, what is pho ga made of, pho ga ingredients, best chicken pho in instant pot, best chicken pho pressure cooker, authentic pho ga recipe, pho ga spices, vietnamese chicken noodle soup, vietnamese chicken pho, vietnamese chicken noodle soup recipe, best instant pot recipe, best pressure cooker recipe, 30 minute pho ga, quick pho ga",,,0,16,16
Japanese Cucumber Salad (Sunomono),"Lightly tossed in a flavorful soy sauce dressing, this refreshing cucumber salad takes only five minutes to prepare. Enjoy its crisp freshness as a healthy and tasty side dish or an appetizer on its own.",https://vickypham.com/blog/japanese-cucumber-salad/,5m,5m,5m,4 serving(s),"[Ingredients] 1 lb Japanese, Persian or English cucumbers, ½ tablespoon granulated sugar, 1½ tablespoons light soy sauce, 1 tablespoon rice vinegar, ½ tablespoon sesame oil, 1 tablespoon roasted sesame seeds",[Instructions] 1) [Prepare the cucumbers] Trim off the root ends of the cucumber and slice thinly. | 2) [Combine and serve] Combine the sliced cucumbers with remaining ingredients and toss together. Serve immediately.,https://i0.wp.com/vickypham.com/wp-content/uploads/2024/08/d1799-eosm50_8796.jpg?fit=2500%2C1407&ssl=1,"salad, appetizer","asian, japanese","japanese cucumber salad, salad, cucumber salad, sunomono, rice vinegar, soy, soy sauce, soy salad, soy sauce salad, cucumber sunomono, cucumber sunomono recipe, japanese cucumber salad recipe, quick cucumber salad, easy cucumber salad, cucumber side dish, cucumber side dish recipe, salad with rice vinegar, salad with cucumbers, salad with soy sauce, sweet and tangy cucumber salad, sunomono recipe",,,0,0,0
Mongolian Beef Stir Fry with Bell Peppers,No need for takeout. Whip up tender and velvety Mongolian beef at home in 20 minutes! Add bell peppers or any vegetables of your choice. Serve with rice or noodles for a complete meal.,https://vickypham.com/blog/mongolian-beef-bell-peppers/,15m,5m,20m,4 serving(s),"[Ingredients] 1 lb beef (flank, strip, or sirloin steak), 1 tablespoon light soy sauce, ½ teaspoon baking soda, 2 tablespoons water, 1 beaten egg, 2 tablespoons corn starch, Vegetable oil for frying, 1 tablespoon vinegar, 1 tablespoon granulated sugar, 1 tablespoon light soy sauce, 1 tablespoon dark soy sauce, 1 tablespoon sesame oil, 1 tablespoon oyster sauce, 1 small yellow onion (peel, cut into large wedges), 1-inch ginger (peel, cut into thin strips), Dried red chili peppers (optional), 4 green onions (slice into 2” pieces), 2 cloves garlic (peel, thinly slice), 3 bell peppers (deseed and cut into bite-size pieces)","[Instructions] 1) [Prepare beef] Slice the beef against the grain into ⅛” thick bite-size pieces. In a medium bowl, mix beef with soy sauce, baking soda, water, and beaten egg. Leave the corn starch out until you are ready to fry. Let it marinate for at least 10 minutes. | 2) [Make the sauce] In a small bowl, mix together vinegar, sugar, light soy sauce, dark soy sauce, sesame oil, and oyster sauce. | 3) [Cook beef] In a medium skillet or wok, add a generous amount of oil (about ½ inch high ) and heat on medium-high. Excess oil will be removed later. While you are waiting for the oil to reach temperature, add corn starch to the beef and give it a toss with your hands until evenly coated. Drop beef, one slice at a time, into the hot oil and fry for about 2 minutes, making sure to toss for even cooking. Do this in batches to prevent overcrowding that could drop the temperature. Remove beef and transfer to a wire rack or a plate lined with paper towels to drain excess oil. | 4) [Toast aromatics] Drain oil from the skillet, leaving a thin layer behind in the skillet. Heat the oil on medium-high. Add yellow onion, ginger, chili peppers (if using), the root ends of the green onions, and garlic. Sauté until fragrant (about 30 seconds). | 5) [Finish] Add bell peppers, fried beef, and the prepared sauce. Toss until combined. Cook for 2 minutes. Serve with steamed rice or noodles for a complete meal.",https://i0.wp.com/vickypham.com/wp-content/uploads/2024/08/04d5e-eosm50_9999_24.jpg?fit=2500%2C1406&ssl=1,side dish,"asian, vietnamese, chinese","mongolian beef, mongolian beef recipe, beef stir fry, beef stir fry recipe, mongolian beef pf chang, easy mongolian beef, mongolian beef stir fry, szechuan beef, szechuan beef recipe, non spicy szechuan beef recipe, mongolian beef sauce, mongolian beef sauce recipe, how to make mongolian beef, easy mongolian beef recipe, asian beef recipe, beef and bell peppers, beef and bell pepper recipe, mongolian beef vs szechuan beef, mongolian beef pf chang copy cat recipe, 20-minute mongolian beef, 20-minute mongolian beef recipe, how to make tender beef in stir fry, beef stir fry recipe, beef stir fry with bell peppers, asian bell pepper recipe, how to velvet beef, how to tenderize beef",,,0,0,0
Simple Water Spinach and Garlic Stir Fry (Rau Muong Xao Toi),"Tossed in garlic and oyster sauce, this classic Vietnamese vegetable side dish goes wonderfully with steamed rice.",https://vickypham.com/blog/simple-water-spinach-stir-fry/,5m,10m,15m,3 serving(s),"[Ingredients] 3 lbs water spinach, 2 tablespoons vegetable oil, 2 tablespoons freshly minced garlic, 3 tablespoons oyster sauce, 2 teaspoons granulated sugar, 2 teaspoons corn starch","[Instructions] 1) [Prepare the water spinach] Before you unwrap the rubber band and plastic bag that it comes in, trim about 1 inch off the fibrous ends with a knife. One by one, hand snap the water spinach with your fingertips into 5-inch segments or smaller. Separate the stems from the leaves, as they require a bit more cooking, but this is entirely optional. Wash the water spinach thoroughly by soaking them in a large tub of cold water. Make sure to lift the water spinach out of the water each time to leave sand and dirt at the bottom. Repeat if necessary. | 2) [Make the sauce] In a small bowl, mix together oyster sauce, sugar, and cornstarch. Set aside. | 3) [Cook] In a large skillet with a lid, heat oil on medium-high. Add garlic and pan fry until fragrant (about 5 Seconds). Add water spinach stems and pan fry for about 30 Seconds. Add water spinach leaves and a splash of water (about 2 tablespoons). Cover and let it steam for 2 minutes. Avoid overcooking to prevent a slimy texture and dull green color. | 4) [Finish with sauce] Uncover and sauce. Lightly toss water until evenly coated with oyster sauce. Serve immediately for best results.",https://i0.wp.com/vickypham.com/wp-content/uploads/2024/08/5202b-eosm50_9667-edit.jpg?fit=2500%2C1406&ssl=1,side dish,"asian, vietnamese, chinese","water spinach recipe, morning glory recipe, rau muong, on choy, rau muong recipe, on choy recipe, water spinach stir fry recipe, morning glory garlic stir fry, Vietnamese water spinach, Vietnamese water spinach recipe, simple water spinach and garlic stir fry, stir fried water spinach with garlic, stir fried water spinach recipe with garlic, water spinach tossed with garlic recipe, how to make rau muong stir fry, how to make Vietnamese rau muong stir fry, stir-fried water spinach, stir-fried morning glory, stir-fried on choy, rau muong xao toi, rau muống, rau muống xào, rau muống xào tỏi, rau muong xao toi",,5.0,1,3,4
Pompano Fish and Sour Bamboo Soup (Canh Ca Chim Mang Chua),"A light and refreshing fish soup made with delicious white pompano, tomatoes, lemon juice, and sour bamboo for a hint of tartness. This soup nicely accompanies steamed rice in a traditional Vietnamese family meal.",https://vickypham.com/blog/sour-bamboo-pompano-fish-soup/,3m,12m,15m,5 serving(s),"[Ingredients] 1 whole pompano fish (about 1 lb), 1 lb package sour bamboo, 1 teaspoon fish sauce, 1 teaspoon chicken bouillon powder, 1 teaspoon granulated sugar, 1 teaspoon sea salt, ½ teaspoon MSG, 1 quart water, 1 teaspoon fish sauce, 1 teaspoon chicken bouillon powder, 3 teaspoon granulated sugar, 1 teaspoon sea salt, ½ teaspoon MSG, Juice half large lemon or lime, 1 large ripe tomato (cut into wedges), 2 tablespoons vegetable oil, 3 tablespoons minced garlic, Cilantro/basil/rice paddy herbs (thinly slice leaves), Red chili peppers","[Instructions] 1) [Prepare fish and bamboo] Clean the fish thoroughly under cold running water and drain dry. Slice into 1 ½ inch steaks. Set aside in a bowl. Drain sour bamboo from the accompanying liquid, rinse well with hot water and squeeze dry. Set aside in a separate bowl. Season both evenly with divided fish sauce, chicken bouillon powder, sugar, salt, and MSG. Set aside to marinate for 10 minutes. | 2) [Pan fry garlic] In a medium pot, heat vegetable oil on medium-high. Add garlic and fry until golden brown. You can set aside half of the fried garlic as garnish if you wish. | 3) [Lightly fry fish and bamboo] Add marinated fish to the pot. Toss to coat in garlic oil and lightly cook for 30 seconds. Push fish aside then add marinated bamboo. Toss and cook in garlic oil as well for 30 seconds. | 4) [Add the rest and season to taste] Add water and bring it to a low simmer. Cook for 10 minutes on medium-low heat. Use a mesh or small spoon to scoop out any scum that floats to the top. Add tomatoes and cook for 2 minutes. Season soup to taste with fish sauce, chicken bouillon powder, sugar, salt, MSG, and lemon/lime juice. | 5) [Finish] Garnish with fried garlic, cilantro/basil/rice paddy herbs, and chili peppers.",https://i0.wp.com/vickypham.com/wp-content/uploads/2024/08/4f97f-eosm50_9703.jpg?fit=2500%2C1407&ssl=1,side dish,"asian, vietnamese","pompano fish and sour bamboo soup, pompano fish and sour bamboo shoot soup, vietnamese soup recipe, pompano soup, pompano soup recipe, asian pompano soup recipe, sour bamboo shoot, sour bamboo shoot soup, sour bamboo soup recipe, asian sour bamboo shoot recipe, vietnamese sour soup, canh ca chim, canh mang chua, canh ca chim mang chua, canh cá chim măng chua, vietnamese sour soup recipe with fish, vietnamese sour soup recipe with pompano, vietnamese sour soup with bamboo shoots, vietnamese home cooking, vietnamese dishes, authentic vietnamese home cooking recipes, vietnamese food, how to make pompano sour soup with bamboo shoots, hot and sour soup recipe, vietnamese hot and sour soup, canh chua, canh chua ca, canh chua mang, pickled bamboo shoots, pickled bamboo shoot recipe",,,0,0,0
Easy Vietnamese Pan-Fried Spicy Lemongrass Chicken (Ga Chien Sa Ot),"If you are looking for an easy Vietnamese chicken recipe, then look no further. This spicy lemongrass chicken cooks up on the stovetop in under 15 minutes. Flavorful crispy lemongrass chicken that goes wonderfully with steamed rice.",https://vickypham.com/blog/spicy-lemon-grass-chicken-ga-chin-sa-ot/,0m,14m,14m,3 serving(s),"[Ingredients] 1 lb chicken thighs cut into bite-size pieces (skin-in, bone-in preferred), 2 tablespoons fish sauce, 1/2 teaspoon granulated sugar, 2 tablespoons neutral oil, 1 tablespoon minced fresh garlic, 1/4 cup minced lemongrass, 2 tablespoons minced shallots, 2 Thai red chili peppers (sliced thin), Sprinkle ground black pepper, 1 Green onion (optional; sliced thin)","[Instructions] 1) [Pan fry chicken] Heat up oil in a medium wok or skillet on high heat. Add chicken and toss for about 10 minutes or until golden brown on all sides. | 2) [Add aromatics] Push the chicken to the side to clear the center of the skillet. Add garlic, lemongrass, shallots, and chili peppers. Pan fry until fragrant (about 30 seconds) then combine with the chicken. | 3) [Season to taste] Add fish sauce and sugar. Add a little at a time to taste. Continue to cook for another 2-4 minutes until chicken is caramelized. | 4) [Finish] Top with ground black pepper and thinly sliced green onions for a beautiful finish and serve.",https://i0.wp.com/vickypham.com/wp-content/uploads/2024/08/47c82-eosm50_9999_24.jpg?fit=2500%2C1407&ssl=1,side dish,"asian, vietnamese","vietnamese lemongrass chicken, vietnamese lemongrass chicken recipe, chicken recipe, easy chicken recipe, ga chien sa ot, gà chiên sả ớt, ga chien, how to make ga chien sa ot, easy vietnamese pan-fried spicy lemongrass chicken, spicy lemongrass chicken recipe, lemongrass chicken, spicy lemongrass chicken, easy lemongrass chicken, how to eat lemongrass, how to cut lemongrass, what is lemongrass, quick and easy lemongrass chicken, vietnamese lemongrass chicken stir fry, pan fried lemongrass chicken, stovetop lemongrass chicken recipe, stovetop lemongrass chicken, pan fry chicken recipe, pan fry lemongrass chicken, vietnamese lemongrass recipes, lemongrass recipe, spicy chicken recipe, lemongrass chicken with rice recipe, lemongrass chicken with rice, chicken thigh recipes, vietnamese lemongrass chicken thighs, asian stir fry chicken recipe, asian lemongrass chicken recipe, asian lemongrass chicken",,,0,10,10
Vegetarian Yakisoba (Japanese Stir-Fried Noodles),A classic Japanese stir-fried noodle dish in a sweet and savory sauce. This is a vegetarian version with plenty of fresh vegetables. Add fried tofu for additional protein.,https://vickypham.com/blog/vegetarian-yakisoba/,15m,15m,30m,4 serving(s),"[Ingredients] 2 tablespoons ketchup, 2 tablespoons dark soy sauce, 2 tablespoons light soy sauce, 2 tablespoons granulated sugar, ½ teaspoon ground black pepper, 1 teaspoon garlic powder, ¼ teaspoon ground ginger, 1 tablespoon Shaoxing cooking wine (optional), ½ cup vegetable broth or water, 1½ lbs pre-steamed yakisoba noodles (usually in vacuumed-sealed bags), 1 tablespoon sesame oil, ¼ head cabbage, 5 shiitake mushrooms, 3 green onions, 1 red bell pepper, 1 orange bell pepper or 1 small carrot, 1 small yellow onion","[Instructions] 1) [Make the sauce] Whisk together all the ingredients for the sauce. Set it aside. | 2) [Prepare the noodles] Add noodles to a colander and rinse with hot water in the sink to separate the strands. Toss gently with sesame oil to prevent sticking. | 3) [Prepare the vegetables] Cut cabbage into squares. If using carrots, peel and slice into coins or julienne into thin strips. Slice the mushroom. Cut the green onions into 2-inch segments, separating the white and green parts. Cut the bell peppers in half, deseed then cut into squares. Peel the onion or shallot and slice into wedges. | 4) [Cook the Aromatics] Add oil and heat on medium-high. Add yellow onions and whites of green onions. Sauté until fragrant (about 10 seconds). Add vegetables with the denser ones first, such as carrots. Add lighter vegetables last (except remaining green onions). Cook until the vegetables just turn limp, but not cooked all the way through. | 5) [Add noodles and sauce] Add the cooked noodles and prepared sauce and toss to combine. Cook for about 10 minutes on medium-low heat. | 6) [Garnish and serve] Toss in the remaining green onions. The residual heat will cook the green onions. Serve and enjoy.",https://i0.wp.com/vickypham.com/wp-content/uploads/2024/08/b495e-eosm50_9267.jpg?fit=2500%2C1407&ssl=1,entree,"asian, japanese","vegetarian yakisoba recipe, yakisoba recipe, japanese noodle recipe, japanese stir-fried noodle recipe, japanese noodle stir fry recipe, vegetarian yakisoba, yakisoba, japanese noodles, japanese stir-fried noodles, japanese noodle stir fry, vegetable yakisoba, vegetable japanese noodles, vegetarian japanese dish, vegetarian dish, yellow asian noodles,",,,0,0,0
"Vietnamese Jicama, Carrot, Egg and Chinese Sausage Spring Rolls (Bo Bia)","A fresh spring roll made with a rice paper wrapper, filled with thinly sliced eggs, Chinese sausage, jicama, carrots, dried shrimp, and Thai basil leaves.",https://vickypham.com/blog/vietnamese-jicama-and-carrot-spring-rolls-goi-cuon-bo-bia/,20m,30m,50m,5 serving(s),"[Ingredients] ½ cup dried shrimp, 1 large jicama, 1 medium carrot, 4 large shallots, 4 Chinese sausages, 5 whole eggs (beaten), ½ teaspoon sea salt, 1 small bunch Thai basil, 1 pack dried rice paper wrapper, 3 tablespoons vegetable oil (divided), Vietnamese peanut sauce","[Instructions] 1) [Prepare the ingredients] Soak the dried shrimp in hot water for 10 minutes, or until softened, then drain. Peel the jicama and slice it into matchsticks. Peel the carrot and slice at a diagonal for more surface area then slice into matchsticks. Peel and thinly slice the shallots. | 2) [Cook dried shrimp, jicama and carrots] Add about 1 tablespoon of vegetable oil to the skillet. Heat on high. Add sliced shallots and sauté until fragrant (about 20 seconds). Add dried shrimp. Pan fry for another 20 seconds. Add sliced jicama and carrots. Stir evenly and cook for about 15 minutes or until limp. Season with salt then transfer the mixture into a bowl and set aside. Clear the skillet and return to stove. | 3) [Cook the Chinese Sausage] Add water to a large nonstick skillet and boil the Chinese sausage for about 5 minutes. Remove from water and once cooled, thinly slice at a diagonal and set aside. Discard water from the skillet and return it to the stove. | 4) [Cook the eggs] Add about a tablespoon of vegetable oil to the empty skillet and heat on medium-high. Use a pastry brush or tilt the skillet to spread the oil evenly all over the skillet, including the slides. Add half of the beaten eggs. Swirl it around to get a thin layer. Cook for about 30 seconds or until it is no longer runny. Slide the thin sheet of eggs onto a plate and set it aside. Repeat with another tablespoon of vegetable oil and the remaining half of the beaten eggs. Place the two egg sheets on top of each other. Roll them up then thinly slice them into ribbons. Set aside. | 5) [Assemble] Wet your rice paper quickly water then transfer it to a large plate or a clean flat surface. Place a few basil leaves towards the bottom of the moistened rice paper. Next, add the jicama, carrot, and shrimp mixture. Add a few ribbons of egg then a few slices of Chinese sausage. Start rolling everything up from the bottom, tucking and rolling until you get halfway up on the rice paper. Fold in the sides then continue to roll up to seal. See illustrations above. | 6) [Finish] Serve with peanut sauce and enjoy.",https://i0.wp.com/vickypham.com/wp-content/uploads/2024/08/79cef-eosm5_9999_55.jpg?fit=2500%2C1403&ssl=1,appetizer,"asian, vietnamese","bo bia, bo bia recipe, vietnamese spring roll recipe, vietnamese spring roll with chinese sausage recipe, how to make bo bia, spring roll with chinese sausage egg jicama carrot dried shrimp, dried shrimp, salted dried shrimp, jicama, carrot, fresh spring rolls, fresh spring roll recipe, goi cuon bo bia, goi cuon, rice paper roll, vietnamese rice paper recipe, bò bía, bò bía recipe, vietnamese spring roll recipe with chinese sausage, vietnamese spring roll recipe with jicama, vietnamese spring roll recipe with carrot, vietnamese spring roll recipe with eggs, chinese sausage spring rolls, chinese sausage rice paper rolls, rice paper rolls with jicama Chinese sausage egg, peanut sauce for fresh spring rolls, authentic bo bia recipe, authentic spring roll recipe with chinese sausage, how to make vietnamese summer roll, summer rolls with chinese sausage, summer rolls with jicama, popiah, popiah recipe, how to make popiah, how to wrap spring rolls, how to wrap bo bia, how to use rice paper, chinese sausage summer rolls",,,0,1,1
Vietnamese Spicy Beef Noodle Soup (Bun Bo Hue),"Have you tried Central Vietnam’s spicy beef noodle soup? If you love pho (Vietnamese beef noodle soup) and looking for a fiery version, you will like its spicy cousin.",https://vickypham.com/blog/vietnamese-spicy-beef-noodle-soup-bun-bo-hue/,30m,120m,150m,6 serving(s),"[Ingredients] 2 lbs pork knuckles, 1½ lbs boneless beef shank, 1½ lbs boneless pork shank, ½ lb beef tendon, 5 quarts water, 4 stalks lemongrass (tender bottom parts only), 10 shallots or 1 large onion, 1 large chunk ginger, ¼ ripe pineapple or 1 small can of pineapple and all its juices, 1 tablespoon chicken or mushroom bouillon powder, 1½ tablespoons fish sauce, 1½ tablespoons sea salt, 2 tablespoons fermented shrimp paste (mắm ruốc or mắm tôm), 30 grams rock sugar, ½ cup vegetable oil, 1 large shallot (finely diced), 2 stalks lemongrass (finely diced bottom tender stalk only), 3 garlic cloves (finely diced), Fresh chilies (as much as you like), 3 tablespoons Bun Bo Hue seasoning premix, 1 teaspoon fish sauce, 1 teaspoon granulated sugar, 2 lbs package dried extra-large rice vermicelli (usually labeled Bun Bo Hue noodles), 1 stick Vietnamese ham (chả lụa/giò lụa), Pork blood cake, Green onions (thinly sliced), Cilantro (thinly sliced), Lemon/lime wedges, Bean sprouts, Banana blossom (thinly slice), White/purple cabbage (thinly slice), Mint leaves, Shredded water spinach (Rau Muống/Ong Choy)","[Instructions] 1) [Clean the bones and meat] To a large stockpot, add knuckles, boneless shanks and tendon. Add water to cover and bring the pot to a boil. When the pot reaches a rolling boil and impurities float to the top (about 5-7 minutes after boiling), turn off the heat. Place a colander in the sink and drain the contents of the pot into the colander. Thoroughly rinse bones/meat under cold running water and drain dry. Wrap up boneless pork shank into a tight bundle with twine for easier slicing later. | 2) [Prepare the stock] Wash the used pot thoroughly and return it to the stove. Transfer parboiled bones/meat to the pot and fill with 5 quarts of water. Smash the lemongrass stalks and tie them with twine. Peel the shallots/onions and slice the ginger into thick coins. All all to the stockpot. Bring the pot to a boil then lower heat to cook on a low simmer, covered, for 2 hours. Occasionally skim the surface of the stock to keep it clear. | 3) [Check for doneness and prepare meat] After one hour of cooking, pork knuckles should be done first. Check the knuckles for doneness by piercing it with a chopstick. When chopstick pierces through easily without resistance, knuckles are done. Remove and set aside. After 1-½ hours, beef and pork shanks should be done too. Check for doneness by piercing them with a chopstick. If there is no resistance and water runs clear, shanks are done. Remove and set aside with the knuckles. Beef tendons will cook the longest (about 2 hours). Once done, transfer tendon, shanks, and knuckles to the refrigerator to cool. For quicker cooling, place them in an iced bath. Chilling will firm up the meat and make it easier for slicing. Once chilled, cut knuckles into bite-size pieces if they are too big, and thinly sliced the shanks and tendon. Set everything aside as meaty toppings. | 4) [Strain and season stock] Remove all remaining solids (onions/shallots, ginger, lemongrass, and pineapple) from the stockpot. Season stock with chicken stock powder, fish sauce, sea salt, rock sugar, and fermented shrimp paste. Add a little at a time to your liking. For the fermented shrimp paste, it’s best to whisk it together with a bit of stock water to prevent clumps then pour it into the stockpot. | 5) [Make the sate sauce] In a small saucepan, heat up vegetable oil on medium-low heat. Add shallots and lemongrass. Pan fry for 10 seconds or until fragrant. Add garlic, your desired amount of chili peppers, and Bun Bo Hue seasoning packet next. Pan fry for 5 seconds then turn off the heat to prevent burning. If you can’t find Bún Bò Huế seasoning powder, substitute with paprika or similar red pepper powder. Season with fish sauce and sugar. Add sate sauce to the stock. For those with children or anyone who can’t handle spicy food, divide the stock before adding sate sauce, or simply add sate sauce to individual bowls instead. | 6) [Prepare the noodles] Cook the noodles for 20 minutes or until soft (disregard package instructions as I typically find that it’s never long enough). Place a colander in the sink and drain noodles into the colander. Rinse with cold water to prevent sticking. | 7) [Assemble and serve] Place a handful of noodles into a bowl. Add desired amount of sliced boneless shanks, pork knuckles/hocks, sliced Vietnamese ham (Cha Lua/Gio Lua) and pork blood cubes (if using). Ladle in hot broth. Garnish with sliced green onions and cilantro. Serve with a platter of fresh vegetables and lime/lemon wedges. You can also serve with a small bowl of shrimp paste and sate sauce on the side for further individual customizations.",https://i0.wp.com/vickypham.com/wp-content/uploads/2024/08/a4993-eosm50_9635-edit.jpg?fit=2500%2C1407&ssl=1,entree,"asian, vietnamese","bun bo, bun bo recipe, bun bo hue, bun bo hue recipe, bún bò huế, spicy recipes, spicy noodle recipe, noodle soup, vietnamese spicy beef noodle soup recipe, beef, noodle soup, vietnamese spicy beef and pork noodle soup, how to make bun bo, how to make red sauce for bun bo, how to make sate for bun bo, how to make bun bo hue, vietnamese beef and pork spicy noodle soup, what noodles to use for bun bo hue, sate sauce for bun bo hue, authentic bun bo hue recipe, authentic bun bo hue, bun bo hue ingredients, what to eat with bun bo hue, how to make bun bo hue stock",,,0,8,8
Vietnamese Steamed Layer Cake with Pandan and Mung Bean Paste (Banh Da Lon),"A colorful green and yellow Vietnamese steamed layer cake that's semi-sweet, springy, and perfectly chewy. It goes great with tea. Separate the layers one by one for some eating fun! This recipe makes a 9-inch round cake.",https://vickypham.com/blog/vietnamese-steamed-layer-cake/,15m,30m,45m,6 serving(s),"[Ingredients] 100 grams peeled and split dried mung beans, ¼ teaspoon salt, 50 grams tapioca starch, 30 grams rice flour, 400 mL coconut milk, 1 teaspoon vanilla extract, 100 grams granulated sugar, 90 grams fresh pandan leaves, 1 cup water, 125 grams tapioca starch, 125 grams rice flour, 25 grams glutinous rice flour, 100 grams granulated sugar, ¼ teaspoon salt, 400 mL coconut milk, 2 drops pandan gel extract, Vegetable oil",[Instructions] 1) [Make the Yellow Mung Bean Batter] | 2) [Make the Green Pandan Batter] | 3) [Divide the Batter and Steam the Layers],https://i0.wp.com/vickypham.com/wp-content/uploads/2024/08/8c8fe-eosm50_8531.jpg?fit=2500%2C1667&ssl=1,dessert,"asian, vietnamese","banh da lon, bah da lon recipe, vietnamese steamed cake, vietnamese steamed cake recipe, vietnamese steamed layer cake recipe, vietnamese pandan cake with mung bean paste recipe, steamed layer cake recipe, bánh da lợn, vietnamese pandan cake, vietnamese mung bean cake, vietnamese green and yellow layer cake, how to make banh da lon, how to make banh da lon, how to make banh da lon at home",,,0,1,1
Vietnamese Steamed Pork Buns (Banh Bao),"Fluffy steamed buns made with ground pork, quail eggs, woodear mushroom, onions, peas, carrots, and Chinese sausage, Bánh Bao is my favorite for meals on the go. Made with prepackaged flour, this recipe is a great time saver. This recipe makes 12 medium baos.",https://vickypham.com/blog/vietnamese-steamed-pork-buns/,60m,20m,80m,12 serving(s),"[Ingredients] 12 grams dried woodear mushroom, 12 oz ground pork, 1 teaspoon granulated cane sugar, ¼ teaspoon ground black pepper, 2 tablespoons oyster sauce, 1 teaspoon sesame oil (optional), 2 green onions (thinly sliced), ½ cup finely diced yellow onion, ½ cup frozen green peas and carrots, 2 oz Chinese sausage (finely diced), 12 hard-boiled quail eggs, 1 bag TL Bon Con Voi Corp banh bao premix, 1 cup whole milk, ½ cup granulated cane sugar, 1 tablespoon vegetable oil, 1 tablespoon white vinegar (optional), 12 cupcake liners","[Instructions] 1) [Prepare the mushroom] In a medium bowl, hydrate dried wood ear mushroom with 2 cups hot water. Get started on the dough while waiting. | 2) [Make the dough] TL Bon Con Voi Corp brand banh bao flour mix is my go-to banh bao flour mix that never fails. If you are using other brands, follow their package instructions instead. Add flour into the mixing bowl of a stand mixer. Set aside 1 tablespoon of flour for dusting. Mix milk and sugar in a small bowl then add the mixture to the flour. Use a hook attachment and beat on the lowest setting until the dough comes mostly together. Add oil and continue beating until the dough pulls cleanly away from the sides of the bowl. Cover and set aside for 30 minutes. See the notes section below if the dough becomes too sticky. | 3) [Make the filling] Back to the wood ear mushroom. They should be soft by now. Drain, rinse well, squeeze out excess water, then mince finely. In a large bowl, mix together ground pork, sugar, black pepper, oyster sauce, and sesame oil. You may test the flavor of the marinated meat by quickly cooking a small piece in the microwave and adjust to taste if needed. Mix in wood ear mushroom, green onions, yellow onion, frozen peas/carrots, and Chinese sausage until combined. | 4) [Make the filling balls] Divide the ground pork mixture into 12 equal balls. Make an indentation in the middle of each filling ball. Insert a hard-boiled quail egg in the middle. Using the palm of your hands, work the pork filling around the egg to encase it. | 5) [Prepare the steamer] Using a large steamer, fill the basin halfway with water. Add vinegar and bring it to a boil. The acidity of the vinegar will help to keep the baos white. | 6) [Precook the filling balls] Steam the ground pork balls directly on the trays for 5 minutes. This will remove most of the moisture to prevent a soggy bao. Remove the pork filling balls from the steamer and set them aside. | 7) [Wrapping] Dough should be ready for wrapping by now. Divide the dough into 12 equal pieces. Dust your work surface and/or hands with the reserved flour to prevent sticking, particularly the bottom of the wrapper. If you don’t have enough reserved flour, use a bit of self-rising flour (recommended) or all-purpose flour. Roll out the dough into a flat circle, about 5″ in diameter, using a small rolling pin. Place the pork filling ball in the middle and pull up the dough to wrap the filling ball. Make overlapping folds (pleats) at the top and pinch to seal. Place the assembled baos onto cupcake liners. Set them aside, covered. | 8) [Steaming] Transfer assembled baos onto the steamer trays, leaving 1½” room in between for expansion. Steam for 10-12 minutes or until the top of the baos burst open. If you are doing two batches, make sure to wipe down the inside of the lid after the first batch to prevent water droplets from dripping onto the baos. | 9) [Serving] Enjoy them warm from the steamer. For leftovers, allow them to cool completely then individually wrap with plastic wrap and store them in the fridge for up to 3 days. You can also store them in the freezer for up to 8 months. When ready to serve, pop the frozen baos into the microwave or steamer to reheat.",https://i0.wp.com/vickypham.com/wp-content/uploads/2024/08/9e353-2023_01_10eosm505276.jpg?fit=2500%2C2500&ssl=1,"appetizer, entree","asian, vietnamese, chinese","banh bao, banh bao recipe, Vietnamese steamed pork bun recipe, Vietnamese steamed pork buns, Vietnamese steamed pork bun, how to make banh bao, easy banh bao recipe, authentic banh bao recipe, authentic Vietnamese steamed pork bun recipe, what is banh bao flour made of, what is Vietnamese steamed buns made of, what is in banh bao, banh bao ingredients, banh banh recipe with video, authentic banh bao, how to make authentic banh bao, best banh bao recipe, what is banh bao, banh bao vicky pham, how to make fluffy banh bao, bánh bao, how to make bánh bao, bánh bao recipe, easy bánh bao recipe, authentic bánh bao recipe, authentic bánh bao, fluffy bánh bao recipe, the best bánh bao recipe, the best banh bao recipe, cach lam banh bao",,5.0,1,17,18
Vietnamese Fried Sesame Balls with Sweet Mung Bean Filling (Bánh Cam | Bánh Rán),"A crispy, deep-fried Vietnamese glutinous rice ball with a sesame crust and sweet mung bean filling. Crunchy, chewy, and lightly sweet, it's perfect as a snack or quick breakfast treat.",https://vickypham.com/blog/banh-cam-vietnamese-sesame-balls-with-sweet-mung-bean-filling/,10m,60m,70m,12 serving(s),"[Ingredients] 1½ cups dried peeled split mung beans, 1 cup granulated sugar, ¼ teaspoon salt, 1 tablespoon vegetable oil, 1 cup unsweetened shredded coconut, 1 bag glutinous rice flour (16 oz), 3 tablespoons rice flour, ⅓ cup potato starch, 2 teaspoons baking powder, 1½ cups hot water, 1¼ cups granulated sugar, 1 tablespoon vegetable oil and more for deep-frying, 1 cup sesame seeds","[Instructions] 1) [Prepare and cook the mung beans] Rinse the mung beans in a colander until water runs clear. Transfer mung beans to a medium-size pot and add water to cover by 3 inches. Bring the pot to a boil then reduce heat to a low simmer. Partially cover with a lid. Cook for about 1 hour or until you can easily smash a mung bean between your fingers. Once you reach this point, continue to cook on low heat, uncovered, to let the excess water evaporate off. No standing water should be in the pot. | 2) [Make mung bean paste] Add sugar, salt, vegetable oil, and shredded coconut to the mung beans. Mix and mash the mung beans until you get a homogenous paste. Divide the mung bean into 24 golf-size balls (about 1-inch in diameter). | 3) [Prepare the dough] In a large bowl, whisk together glutinous rice flour, regular rice flour, potato starch and baking powder until evenly combined. Add water, sugar, and vegetable oil and kneed until you get a smooth, slightly sticky but manageable, ball of dough. | 4) [Assemble] Divide the dough into 24 balls (a tad bigger than the mung bean filling, about 1-½ inches in diameter). Flatten the dough and place the filling ball in the center. Pull the sides to the top and pinch together the seams. Roll the ball back and forth in the palm of your hands until the seams are no longer visible. Roll the ball in sesame seeds to cover. | 5) [Deep fry] Fill a large wok or pot with 2 inches of vegetable oil and heat the oil until it reaches 350°F. Deep fry in batches if needed. Use a slotted spoon to lower the balls into the oil. Let it sit in the oil for 5 seconds then swoosh them around so that it cooks up round. Cook for 6-8 minutes then transfer them to a wire rack to remove excess oil. Leftovers keep well in the freezer for up to 3 months. To reheat, pop them in the microwave, toaster oven or refry them in oil.",https://i0.wp.com/vickypham.com/wp-content/uploads/2024/08/6faaa-eosm5_7551.jpg?fit=2500%2C2500&ssl=1,dessert,"asian, vietnamese, chinese","sesame balls, chinese fried sesame balls, vietnamese fried sesame balls, sesame fried balls, sesame ball dessert, mung bean filing, sweet mung bean filling, banh cam recipe, banh ran recipe, fried sesame ball recipe, bánh cam, bánh rán, how to make asian fried sesame balls, fried sesame balls with sweet mung bean filling",,,0,24,24
Vietnamese Ground Pork and Chrysanthemum Greens Soup (Canh Tan O/Cai Cuc Nau Thit Bam),A traditional Vietnamese soup with ground pork and Chrysanthemum greens. Serve with steamed rice and other side dishes for a complete Vietnamese family meal.,https://vickypham.com/blog/chrysanthemum-greens-ground-pork-soup/,5m,10m,15m,4 serving(s),"[Ingredients] 2 tablespoons vegetable oil, 3 cloves garlic, 1 small shallot, 1½ quarts water, 10 oz ground pork, 1 lb chrysanthemum greens/Rau Tần Ô/Caỉ Cúc, 1 teaspoon sea salt, 2 teaspoons granulated sugar, 2 teaspoons fish sauce, 1 teaspoon chicken bouillon powder (optional), Sprinkle ground black pepper","[Instructions] 1) [Prepare the ingredients] Peel and finely chop garlic and shallot. Discard any woody stems of the chrysanthemum greens. Snap by hand or cut into bite-size pieces. Set all ingredients aside. | 2) [Pan fry the aromatics] Add vegetable oil to the bottom of a heavy-bottom small pot. Heat on medium-low. Add garlic and shallots. Pan-fry until fragrant (about 5 seconds). | 3) [Ground pork] Add ground pork and toss in the garlic and shallot mixture for 5 seconds. Add water and bring the pot to a low simmer and cook for 8 minutes. Occasionally skim off the foam with a spoon or fine mesh, if needed. | 4) [Season stock] Season to taste with salt, sugar, fish sauce, and chicken bouillon powder. | 5) [Add chrysanthemum greens and serve] Add greens and cook for 1 minute on a rolling boil (high heat). Transfer to a serving bowl and garnish with a sprinkle of ground black pepper.",https://i0.wp.com/vickypham.com/wp-content/uploads/2024/08/a3688-20220318-eosm50_8248.jpg?fit=2500%2C1407&ssl=1,side dish,"asian, vietnamese","vietnamese chrysanthemum greens soup with ground pork, vietnamese cai cuc soup, vietnamese rau tan o soup, vietnamese tan o soup, tan o soup, cai cuc soup, vietnamese soup with ground pork, vietnamese canh recipe, vietnamese recipe, vietnamese soup recipe, asian soup recipe, easy asian soup recipe, vietnamese home cooking recipe, vietnamese soup, how to make vietnamese soup, how to make canh, how to cook canh, vietnamese home cooking, vietnamese ground pork and chrysanthemum greens soup, Canh Tần Ô, Canh Caỉ Cúc Nấu Thịt Băm, canh tan o, canh cai cuc, chrysanthemum greens soup, rau tan o, cai cuc, vietnamese shungiku soup, vietnamese canh tan o recipe, vietnamese canh cai cuc recipe",,,0,6,6
Crispy Fried Spring Roll with Rice Paper Wrapper (Cha Gio),Perfectly fried spring rolls that are a guaranteed crowd-pleaser. And they are made with rice paper that actually fry up crispy! This recipe makes 30 fried spring rolls.,https://vickypham.com/blog/crispy-fried-spring-rolls/,30m,30m,60m,30 egg rolls,"[Ingredients] 1 lb ground pork, ½ oz dried wood ear mushrooms, 2 oz dried bean thread vermicelli/cellophane noodles, 1 green onion (slice thinly), 1 large shallot (peel and dice finely), 1 teaspoon granulated sugar, ¼ teaspoon ground black pepper, 2 teaspoons sesame oil, 1 teaspoon sea salt, 2 tablespoons oyster sauce, 1 teaspoon mushroom or chicken bouillon powder (optional), 1 package netted rice paper wrapper, Vegetable oil for frying, Homemade Vietnamese Fish sauce dipping sauce (Nuoc Mam Cham) or a store-bought sweet chili sauce",[Instructions] 1) [Prepare the Filling] | 2) [Wrapping] | 3) [Frying] | 4) [Serving],https://i0.wp.com/vickypham.com/wp-content/uploads/2024/08/7c2a8-20220321-eos2bm50_8457.jpg?fit=1407%2C1407&ssl=1,appetizer,"asian, vietnamese","egg roll, egg rolls, spring rolls, spring roll, spring roll recipe, egg roll recipe, best egg roll recipe, homemade egg rolls, how to make egg rolls, vietnamese egg roll recipe, vietnamese egg roll, cha gio, pork egg rolls, how to make pork egg rolls, pork egg roll recipe, authentic vietnamese, egg roll recipe, authentic cha gio recipe, cha gio for beginners, how to wrap egg rolls, egg rolls for beginners, fried spring rolls, crispy spring rolls, vietnamese fried spring rolls, vietnamese crispy spring rolls, vietnamese spring roll recipe, authentic spring roll recipe",,,0,8,8
Easy Pan-Fried Teriyaki Salmon,Here is a quick recipe for flaky and juicy pan-fried teriyaki salmon. There's no need to marinate. Pan-fry the fillets until golden brown and add the few ingredients to quickly make a homemade teriyaki sauce right there in the pan. A super simple recipe but guaranteed flavorful.,https://vickypham.com/blog/easy-teriyaki-salmon/,2m,10m,12m,4 serving(s),"[Ingredients] 2 tablespoons vegetable oil, 4 salmon fillets (about 6-oz each), 1 teaspoon freshly minced ginger, 1 teaspoon freshly minced garlic, 2 tablespoons low-sodium soy sauce, 1 tablespoon brown sugar, 1 tablespoon rice vinegar, ¼ cup cold water, 1 teaspoon corn starch, 1 tablespoon thinly sliced scallions (optional), 2 tablespoons roasted sesame seeds (optional)","[Instructions] 1) [Pan fry salmon] In a medium nonstick pan, add oil and heat on medium-low. Add salmon fillets skin-side down. Fry until golden brown (about 5 minutes per side). Cooking time may vary depending on thickness. Remove from pan and set aside. | 2) [Add aromatics and sauce ingredients] To the oiled pan, add garlic and ginger. Pan fry until fragrant (a few seconds). Add soy sauce, rice vinegar, and brown sugar. Give the slurry mixture a quick stir to break up any settled starch then add slurry to the pan. Cook on low-medium heat until thickened (a few seconds). Transfer salmon back to pan and brush the sauce onto the salmon. | 3) [Garnish and serve] Garnish with roasted sesame seeds and sliced green onions (optional). Serve with steamed rice and a side of vegetables for a complete meal.",https://i0.wp.com/vickypham.com/wp-content/uploads/2024/08/906c1-eos-m50_7800.jpg?fit=2500%2C1667&ssl=1,"entree, side dish","asian, japanese","teriyaki sauce recipe, easy teriyaki salmon recipe, salmon recipe, salmon, teriyaki recipe, pan fried salmon, fried salmon, easy fried salmon recipe, simple teriyaki sauce recipe, fish recipe, asian fish recipe, teriyaki salmon recipe, asian recipe, japanese, asian, japanese recipe, easy recipe, easy dinner recipe, easy fish dinner recipe, fish dinner recipe, easy teriyaki pan fried salmon recipe with video tutorial, teriyaki video recipe, how to make teriyaki salmon, salmon teriyaki recipe, teriyaki glaze salmon, salmon teriyaki glaze, teriyaki glazed salmon",,,0,0,0
Garlic and Soy Oven-Roasted Thick Pork Chops,"An oven-roasted recipe that is perfect for thick cuts of bone-in pork chops. Enjoy juicy and tender pork chops with a delicious crust, a perfectly cooked interior, and the amazing Asian flavors of soy sauce and aromatic garlic.",https://vickypham.com/blog/garlic-soy-pork-chops/,5m,20m,25m,5 serving(s),"[Ingredients] 3 lbs bone-in pork chops (at least 1-inch thick), ¼ cup light soy sauce, 2 tablespoons granulated sugar, 1 teaspoon rice vinegar, ¼ teaspoon ground black pepper, 5 garlic cloves (peel and mince)","[Instructions] 1) [Marinate pork chops] In a small bowl, make the marinade by combining soy sauce, sugar, rice vinegar, ground black pepper, and minced garlic. Adjust the seasonings to your liking if needed. Marinate the pork chops for at least one hour; the longer, the better. For best results, marinate overnight in the fridge, covered. | 2) [Prepare the oven] Preheat your oven to 375°F. Line a baking sheet with foil or parchment paper to reduce clean-up. Place the marinated pork chops in a single layer on the sheet. | 3) [Roast] Roast the pork chops for 20 minutes on the upper middle rack, basting with the drippings occasionally to keep them moist. Move the tray to the top rack close to the broiler. Switch to broil on high (500°F) to create your desired crust, which should take about a few seconds to one minute per side.",https://i0.wp.com/vickypham.com/wp-content/uploads/2024/08/bea4a-eos-m50_7314.jpg?fit=2500%2C2500&ssl=1,side dish,"asian, chinese","pork chop, pork chops, pork chop recipe, thick pork chop recipe, bone-in pork chop recipe, soy, garlic, pork chop recipe oven, oven roasted pork chop recipe, pork chop marinade, soy garlic pork chop recipe, easy pork chop recipe, thick cut pork chops, bone-in pork chops recipe, juicy pork chops, tender pork chops, asian flavor pork chops, soy sauce marinade, garlic pork chops, oven-roasted pork chops, broiled pork chops, best pork chops recipe, how to cook thick pork chops, flavorful pork chops, marinated pork chops, pork chops with crust, perfect pork chops",,,0,6,6
Lazy Pan-Fried Lemongrass Pork Ribs with Sweet and Savory Glaze,"Large pieces of sweet and savory pork ribs coated in an umami-packed glaze. This super-simple pork rib recipe has the same great flavor as traditional Vietnamese caramelized pork ribs, but takes fewer steps.",https://vickypham.com/blog/lazy-lemongrass-pork-ribs-fish-sauce-glaze/,2m,40m,42m,4 serving(s),"[Ingredients] 3 lbs pork spare rib slab, 2 tablespoons vegetable oil, 1 large shallot (finely diced), 2 tablespoons minced lemongrass, 3 garlic cloves (finely diced), 3 tablespoons fish sauce, 2 tablespoons brown sugar, 1 cup water, 2 green onions (optional; thinly sliced), Sprinkle ground black pepper (optional)","[Instructions] 1) [Prep the pork ribs] If possible, remove the thin membrane from underneath the slab of pork ribs. If you can get grab a piece of it from the edge, which can be quite slippery, it will pull off easily, usually in one large sheet. Removing this membrane will immediately remove that chewy part of the rib, making it more tender. After removing the membrane, use a sharp knife to cut in-between the bones to separate the ribs into individual long pieces. | 2) [Pan fry ribs] In a large nonstick deep skillet, heat oil on medium-high. Pan-fry the ribs until caramelized and golden brown on all sides (about 7 minutes total). | 3) [Add aromatics] Clear a space in the middle of the skillet and add shallots, minced lemongrass, shallots, and garlic. Sauté for about 15 seconds. | 4) [Add seasoning and braise] Add brown sugar, fish sauce, and water. Toss the ribs in the mixture. Cover and reduce heat to a low simmer and cook for 25 minutes or until the ribs are tender. Add a bit more water if necessary if the liquid is cooking off before ribs are tender. Flip the ribs halfway through to get coated in the sauce. Uncover the skillet. Most of the liquid should have evaporated and reduced to a shiny glaze. If not, continue to simmer uncovered. Keep a watchful eye at this point because the sauce can reduce too much and burn – the very reason a nonstick skillet will save you a lot of headache. | 5) [Garnish and serve] Top with green onions and ground black pepper for a beautiful and aromatic finish. Serve with steamed rice for a complete meal.",https://i0.wp.com/vickypham.com/wp-content/uploads/2024/08/54f63-20220223-eosm50_7650.jpg?fit=2500%2C1667&ssl=1,side dish,"asian, vietnamese","asian-style pork spare ribs, asian-style ribs with fish sauce, caramelized pork ribs, vietnamese caramel pork, vietnamese caramelized pork, pork ribs, sweet caramelized pork, vietnamese caramelized pork with glaze, sweet and savory glaze, fish sauce glaze, caramelized pork ribs with glaze, caramelized pork rib, vietnamese pork rib recipes, pork spare ribs",,5.0,1,4,5
Panda Express Orange Chicken,Bite-size pieces of crispy fried chicken covered in a sweet and tangy orange sauce. The ultimate Chinese orange recipe that is way better than take-out.,https://vickypham.com/blog/panda-express-orange-chicken/,17m,15m,32m,5 serving(s),"[Ingredients] 1½ lbs boneless chicken thighs, 1 tablespoon chicken bouillon powder, ½ teaspoon sea salt, 1 teaspoon ground ginger, 1 teaspoon granulated garlic powder, 1 teaspoon onion powder, ½ teaspoon ground white pepper, 1 teaspoon Shaoxing cooking wine, 1 tablespoon low-sodium soy sauce, Vegetable oil for deep-frying, ⅓ cup all-purpose flour, ⅓ cup corn starch, ½ teaspoon baking powder, ½ teaspoon sea salt, ½ teaspoon ground white pepper, 1 cup orange juice, ½ cup brown sugar (loosely packed), 2 tablespoons rice vinegar, 2 tablespoon low-sodium soy sauce, 1 tablespoon corn starch, Sliced green Onions, Roasted sesame seeds","[Instructions] 1) [Prepare chicken] Cut the chicken into 1-inch cubes. In a medium-size mixing bowl, marinate chicken with bouillon powder, salt, ground ginger, garlic powder, onion powder, ground white pepper, Shaoxing cooking wine, and soy sauce for at least 15 minutes. | 2) [Prepare flour mixture] In another medium bowl, whisk all-purpose flour, corn starch, baking powder, salt, and ground white pepper until combined. Drop a handful of chicken pieces into the flour mixture until each piece is evenly coated. Tap off excess flour and transfer to a plate. | 3) [Deep fry] Heat 3 inches of oil in a heavy-bottomed pot to 350°F degrees or until a piece of flour mixture starts to sizzle but not immediately burn. If the latter, your oil is too hot so turn down the heat. Working in batches, cook chicken pieces at a time and make sure they don’t stick together by tossing them around. Cook for 5 minutes until golden brown. Place chicken on a paper-towel-lined plate or a wire rack to drain off excess oil. | 4) [Make the orange sauce] In a small bowl, whisk together orange juice, sugar, rice vinegar, soy sauce, and corn starch until corn starch is fully dissolved. Add mixture to a large pan, cook for 5 minutes on medium-low heat until the sauce thickens enough to coat the back of a spoon. Toss in fried chicken until all pieces are evenly coated. | 5) [Garnish and serve] Garnish with sliced green onions and a sprinkle of roasted sesame seeds. Serve immediately for best results. If you are planning to have leftovers, keep fried chicken and sauce separate.",https://i0.wp.com/vickypham.com/wp-content/uploads/2024/08/850e9-20220309-eosm50_8045.jpg?fit=2500%2C1667&ssl=1,"side dish, appetizer","asian, chinese, american, fusion","chicken, chicken recipe, asian chicken recipe, orange chicken, orange chicken recipe, asian orange chicken, asian orange chicken recipe, chinese orange chicken, chinese orange chicken recipe, easy orange chicken, easy orange chicken recipe, orange sauce recipe, orange chicken sauce recipe, homemade orange chicken, homemade orange chicken recipe, panda express panda express orange chicken, panda express chicken recipe, panda express copycat recipe chinese takeout recipe, chinese takeout, better than takeout recipe",,,0,1,1
Vietnamese Red Sticky Rice (Xôi Gấc),"A Vietnamese dessert made from steamed glutinous rice, coconut milk, and gac fruit for its orange-red color. Typically served during Lunar New Year celebrations, but you can enjoy it anytime as a sweet treat.",https://vickypham.com/blog/red-sticky-rice/,15m,45m,60m,4 serving(s),"[Ingredients] 1½ lbs sweet/glutinous rice grains, 1 cup unsweetened coconut milk, ⅓ cup granulated white sugar, ½ teaspoon sea salt, ½ cup gac fruit paste, 1 tablespoon toasted sesame seeds, 3 tablespoons granulated sugar, ½ teaspoon sea salt","[Instructions] 1) [Rinse] Rinse the rice grains in a colander until water runs clear then soak for 3 hours in plenty of water. Drain then transfer to a large mixing bowl, | 2) [Season and color] Add salt and gac fruit paste. Mix until all the grains are colored and evenly seasoned. | 3) [Steam] Place colored rice into a large steamer in an even layer. Steam for 30 minutes, on medium low heat, covered. | 4) [Add coconut milk and sugar] Carefully remove the lid and mix in coconut milk and sugar until evenly combined. Continue steaming for an additional 15 minutes. | 5) [Serve] Remove rice from the steamer and decorate with the dried gac seed on top to indicate it was naturally colored (optional). Serve as is or with the topping. To make the topping, simply combine toasted sesame seeds, sugar, and salt in a small bowl. Sprinkle the mixture onto the rice before serving.",https://i0.wp.com/vickypham.com/wp-content/uploads/2024/08/f5136-eos-m5_7225.jpg?fit=2500%2C2500&ssl=1,dessert,"asian, vietnamese","red sticky rice, vietnamese red sticky rice, xoi gac, red sticky rice dessert, gac fruit sticky rice, sweet sticky rice, how to make red sticky rice, vietnamese dessert recipe, xoi gac dessert, coconut milk sticky rice, vietnamese sticky rice with coconut milk",,,0,0,0
Asian Crack Sauce,Sweet and spicy sauce that's good on just about everything. It's so addicting that we simply call it Asian crack sauce.,https://vickypham.com/blog/steak-thai-dipping-sauce/,5m,5m,5m,3 serving(s),"[Ingredients] 1½ tablespoons fish sauce, 1 tablespoon fresh lime juice, 1 or 2 red Thai chili peppers, 1 small shallot, 1 large garlic clove, 1 tablespoon fresh minced cilantro, 2 tablespoons brown sugar (loosely packed)","[Instructions] 1) [Prep the ingredients] Thinly slice the chili peppers. Finely dice the shallots and garlic. | 2) [Mix together] Combine fish sauce, lime juice, Thai chili peppers, shallots, garlic, cilantro, and brown sugar in a small bowl. Mix until combined. Serve with steak, seafood, chicken, and many more.",https://i0.wp.com/vickypham.com/wp-content/uploads/2024/08/e644a-eos-m50_7628.jpg?fit=2500%2C2500&ssl=1,condiment,"asian, thai","steak Thai dipping sauce, Thai steak sauce, nam jim jaew, Thai dipping sauce for steak, Thai chili sauce for steak, spicy Thai steak sauce, easy Thai dipping sauce, Thai steak marinade, Thai sauce recipe, grilled steak with Thai sauce, Thai-style steak sauce, steak dipping sauce recipe, fish sauce, dipping sauce, steak sauce recipe, Asian steak recipe, Asian steak sauce, Thai-style steak sauce, Thai crack sauce, Asian crack sauce recipe",,5.0,2,10,12
Make Hot Pot at Home: Simple Thai-Style Tom Yum Hot Pot,"A a communal meal featuring a simmering broth in the center of the table, with raw and cooked ingredients for guests to cook themselves. It's a fun way to dine with a group and perfect for warming up on a cold day.",https://vickypham.com/blog/thai-hot-pot/,15m,25m,40m,5 serving(s),"[Ingredients] 2 quarts chicken stock or bone broth, 1 quart water, 4 tablespoons Tom Yum paste (can substitute with red curry paste), 1 teaspoon salt, Sliced fresh chili peppers (optional), Thinly sliced/shaved meat (pork, beef, lamb, or chicken), Fish fillets, Whole shrimp, Scallops, Fish cakes, Squid/cuttlefish/calamari, Meat/seafood balls (fish, shrimp, beef or pork), Tofu (fried, soft or firm), White button, shiitake, enoki or king trumpet mushroom, Thinly sliced pumpkin or kabocha squash, Baby corn, Napa cabbage (cut into bite-size pieces), Chrysanthemum Greens (also known as Shingiku, Cai Cuc, Cai Tan O), Baby bok choy, Green onions/scallions (cut into 2-inch segments), 14 oz egg noodles (cook per package instructions), 1 bag thin vermicelli rice noodles (cook per package instructions), Cooked udon noodles, Cooked steamed rice, Hoisin sauce, Chili oil (optional), Soy sauce, Sesame oil, Fresh garlic (finely chop), Green onions (thinly slice), Sliced fresh chili peppers (optional)","[Instructions] 1) [Make the broth] Place a large shallow pot on a portable burner. Add stock/broth, water, and Tom Yum paste. For a spicy kick, add fresh chilies. Bring the mixture to a boil and season to taste with salt. | 2) [Set up the side dishes and eating utensils] Place raw ingredients on separate plates, plenty of cooking utensils such as tongs and ladles around the burner. | 3) [Prepare the diners] Give each guest their own bowl, plate, saucer and chopsticks. Have guests add their favorite ingredients to the pot and cook as they go on medium heat. Thinly sliced meat will cook up in seconds. Bulkier ingredients will require a bit more time. The cooking temperature will occasionally need to be adjusted. Make sure to keep utensils that touch raw meat separate to avoid cross-contamination. | 4) [Dipping sauces] Leave all the sauce ingredients out so guests can make their own dipping sauce. A simple sauce is just hoisin and a bit of chili oil for kick. For the soy dipping sauce, add soy sauce, sesame oil, garlic, green onions and chili peppers together and adjust to taste. | 5) [Noodles/rice] Noodles and/or rice are typically eaten at the end to get full and to finish the broth, which is now very flavorful. Dip the cooked noodles directly into the pot to warm them up. Transfer to a small bowl and ladle in hot pot broth and enjoy.",https://i0.wp.com/vickypham.com/wp-content/uploads/2024/08/fc66c-after-7576.jpg?fit=2500%2C2000&ssl=1,entree,"asian, vietnamese, thai","hot pot, thai-style hot pot, how to make hot pot at home, guide to hot pot at home, cold weather recipe, easy hot pot recipe",,5.0,1,1,2
Vietnamese Coconut Chicken Curry (Cà Ri Gà),"A warm and delicious bowl of tender chicken and potatoes stewed in a rich and creamy yellow coconut curry broth. Enjoy this three ways: ladled over steamed rice, rice noodles, or serve on the side with a toasty baguette to soak up that bold and amazing flavor.",https://vickypham.com/blog/vietnamese-chicken-curry-ca-ri-ga/,20m,40m,60m,6 serving(s),"[Ingredients] 2 lbs chicken (chicken thighs preferred; cut into bite-sized pieces), 1 teaspoon salt, 2 teaspoons chicken bouillon powder, 1 tablespoon granulated sugar, ¼ teaspoon ground black pepper, 1 tablespoon madras yellow curry powder, ¼ cup vegetable oil, 2 tablespoons minced lemongrass, 5 garlic cloves (mince), 1 large shallot (mince), 5 lime/lemon/bay leaves (optional), 3 cups water, 13.5 oz coconut milk, 1 carrot (peel, cut into ½-inch coins), 1 potato (peel, cut twice the size of carrots), ½ yellow onion (slice into wedges), 1 teaspoon salt, 1 tablespoon fish sauce, 1 tablespoon granulated sugar, Cilantro, Green onions, Lemon/limes leaves","[Instructions] 1) [Marinate chicken] Marinate chicken with salt, stock powder, sugar, black pepper, and yellow curry powder for at least 15 minutes. For larger cuts of chicken or drumsticks, marinate at least 2 hours or overnight in the fridge for best results. | 2) [Pan fry aromatics] In a medium skillet or wok with lid, add vegetable oil and heat on medium-high. Add lemongrass, garlic, shallots, and lime/lemon/bay leaves. Sauté for 1-2 minutes until fragrant. | 3) [Add chicken and simmer] Toss marinated chicken in the aromatic mixture until evenly coated. Add water. Cover with a lid and simmer on medium-low for 30 minutes. Stir chicken occasionally in the liquid as needed for even cooking. For larger cuts of chickens, cook for an additional 15 minutes. | 4) [Add coconut milk and other vegetable] Add coconut milk, potatoes, carrots, and onions. Continue to cover the skillet/wok with a lid but leave a small opening to prevent the coconut milk from boiling over. Simmer on medium-low for 10 minutes or until potatoes and carrots are fork-tender. Remove lemon leaves and discard. | 5) [Season stock and serve] Add salt, fish sauce, and sugar. Garnish with thinly sliced cilantro, green onions, or lemon/limes leaves. Serve over a bowl of steamed rice, rice noodles, or on the side of a warm baguette to soak up that amazing flavor.",https://i0.wp.com/vickypham.com/wp-content/uploads/2024/08/0f7ca-20220318-eosm5_8336.jpg?fit=2500%2C1403&ssl=1,"entree, side dish","asian, vietnamese","curry recipe, chicken curry recipe, vietnamese curry recipe, vietnamese chicken curry recipe, ca ri ga recipe, ca ri ga, vietnamese chicken curry, chicken curry, curry chicken, curry chicken recipe, how to make vietnamese chicken curry, how to make chicken curry, how to make ca ri ga, easy curry recipe, easy chicken curry recipe, easy vietnamese chicken curry recipe, coconut curry, coconut chicken curry, coconut chicken curry recipe, quick and easy chicken curry, asian curry recipe, asian curry, asian chicken recipe, asian curry chicken recipe, coconut milk, chicken, best chicken curry recipe, asian stew recipe, asian stew",,5.0,3,57,60
Vietnamese Lemongrass Grilled Beef Spring Rolls (Thịt Bò Nướng Cuốn Bánh Tráng),"A Vietnamese beef spring roll, featuring seared lemongrass-marinated beef, fresh vegetables, and herbs, served with either pungent fermented anchovy sauce or traditional fish sauce.",https://vickypham.com/blog/vietnamese-grilled-lemongrass-beef-bo-nuong-vi/,10m,30m,40m,4 serving(s),"[Ingredients] 2 lbs beef (beef chuck, tenderloin, ribeye, sirloin, or center round), ⅓ cup lemongrass (minced), 4 garlic cloves (peel and finely chop), 1 yellow onion (peel and cut into thin wedges), ¼ cup oyster sauce, 1 tablespoon regular soy sauce, 2 tablespoons granulated sugar, 2 tablespoons orange juice, 1 tablespoon sesame oil, 1 teaspoon red pepper flakes (optional), 1 stick butter (4 oz), 1 package large rice paper, Cucumbers (slice into long strips), Pineapples (slice into long strips), Leafy lettuce and herbs, Vietnamese Fermented Anchovy Dipping Sauce (Mắm Nêm), Vietnamese Fish Sauce Dipping Sauce (Nước Mắm Chấm)","[Instructions] 1) [Marinate beef] In a large mixing bowl, combine lemongrass, garlic, onion, oyster sauce, soy sauce, sugar, orange juice, sesame oil, and optional red pepper flakes. Thinly slice the beef against the grain into bite-size pieces. Add sliced beef to the mixture. Marinate for at least 30 minutes or overnight in the fridge for better results. | 2) [Grill] It is best to cook the beef outside using a portable butane burner and a grill plate. Heat up the griddle and melt a tablespoon of butter at a time. Add a portion of beef and quickly grill for 2-3 minutes. | 3) [Assemble] Lightly wet a sheet of rice paper in a water bowl. Allow about 5 seconds for it to soften. Add grilled beef and your favorite vegetables in the middle of the wet rice paper. Tuck in the sides and roll up to seal. Dip the spring roll in your choice of dipping sauce. Grill as you go for the best results.",https://i0.wp.com/vickypham.com/wp-content/uploads/2024/08/35ddc-eosm50_7426.jpg?fit=2500%2C2500&ssl=1,"side dish, appetizer","asian, vietnamese","goi cuon, gỏi cuốn, goi cuon thit bo, beef, grilling, beef spring rolls, spring rolls, how to make spring rolls, fresh spring rolls, beef spring rolls, fermented fish sauce, fermented anchovy sauce, mam nem, nuoc cham, fresh beef spring rolls with fermented fish sauce, fresh beef spring rolls with dipping sauce, fresh spring roll recipe, how to make spring rolls, how to make vietnamese fresh spring rolls, how to wrap spring rolls, lemongrass beef, vietnamese lemongrass beef, Bò Nướng Vĩ, bo nuong vi",,,0,16,16
Vietnamese Savory Glutinous Rice Cakes with Pork Belly and Mung Beans for Lunar New Year (Banh Tet),The quintessential Vietnamese Lunar New Year food (Tét). This bánh tét recipe makes four 7x3-inch cylindrical cakes with each cake yielding about 5 servings.,https://vickypham.com/blog/banh-tet/,630m,150m,780m,4 medium rice cakes,"[Ingredients] 1 1/2 lbs pork belly (skin-on preferred; slice into 4 strips), 1/2 teaspoon sea salt, 1/2 teaspoon granulated sugar, 1/2 teaspoon fish sauce, 1/4 teaspoon ground black pepper, 2 tablespoons finely minced whites of scallions or shallots, 1/2 teaspoon chicken bouillon powder (optional but recommended), 5 cups sweet rice, 2 teaspoons sea salt, 2 cups dried split mung beans, 1 1/2 teaspoons sea salt, 1 package (16 oz) banana leaves","[Instructions] 1) [Prepare pork belly] To remove surface impurities that may be causing unwanted odor, generously rub the pork belly with coarse salt (about 1 tablespoon). Rinse thoroughly under running water to remove the salt and pat pork belly dry with paper towels. Season pork belly with salt, sugar, fish sauce, ground black pepper, whites of scallions/shallots, and chicken bouillon powder. | 2) [Prepare dried mung beans] Rinse the dried glutinous rice grains in a colander until water runs clear. Transfer to a mixing bowl and add water to cover by 2 inches. Cover the bowl and let it soak overnight on the counter. Repeat the same process for the dried mung beans. Drain both into separate bowls and season with respective amount of salt. | 3) [Prepare the banana leaves] Thaw the banana leaves if frozen. Cut out 12 11×11-inch sheets. We will be using 3 sheets of banana leaves per Bánh Tét. If you have extras, keep them handy in case of tearing. Rinse sheets with hot water to clean. The hot water also makes them more pliable and less prone to tearing. Dry each sheet with paper towels. | 4) [Wrapping] Place one banana leaf with the shiny side down with veins running horizontally. Place another banana leaf on top the same way. Place the last banana leaf with the shiny side up with veins running vertically. This will provide a sturdy structure. Refer to the diagrams above for filling and wrapping instructions. If tying gets too difficult, you can use multiple strings and make simple knots instead. If all fails, just wrap it haphazardly with a bunch of strings as best as you can and cover with foil. | 5) [Stove Top (Cooking Option 1)] Boil Bánh Tét on the stove-top in a large covered stock pot (8 quarts) on a medium-low simmer. Make sure they are always submerged in water to ensure even cooking. Use a large ceramic bowl or plate to weigh the cakes down if needed. Stove-top cooking will take about 7 hours. Check the water level occasionally and add water as needed. | 6) [Pressure Cooker (Cooking Option 2)] Add the cakes into the inner pot of the pressure cooker (8-quarts). Add water to the maximum fill line and pressure cook on high for 2 hours and 30 minutes. Once done, allow the pressure cooker to depressurize on its own (about 30 minutes). | 7) [Remove from pot] Carefully remove Bánh Tét from the hot water and dry with paper towels. Allow them to cool to room temperature. | 8) [Serve] Remove all the banana leaves and slice them into 2-inch coins. Enjoy at room temperature or pan-fry the slices in a bit of oil for a golden crunchy crust. Serve it with Vietnamese Fermented Dried Daikon in Fish Sauce (Dưa Món) for the ultimate taste of Vietnamese Lunar New Year. Bánh Tét will keep well in the fridge for up to one week or freeze for up to 8 months.",https://i0.wp.com/vickypham.com/wp-content/uploads/2024/08/f6bf7-eos-m5_6751.jpg?fit=2500%2C2500&ssl=1,entree,"asian, vietnamese","banh tet, banh tet recipe, bánh tét, bánh tét recipe, how to make banh tet, sticky rice and mung bean cakes, Vietnamese banh tet, Vietnamese banh tet recipe, sticky rice cake for Vietnamese Lunar New Year, tet recipes, tết, what is the difference between banh tet and banh chung, bánh tét recipe, Vietnamese lunar new year, mung bean, pork belly, banana leaves, Vietnamese savory glutinous rice cakes with pork belly and mung beans, Vietnamese rice cake recipes, Vietnamese glutinous rice cakes, glutinous rice, sweet rice, sticky rice cake, savory rice cakes, instant pot banh tet, stovetop banh tet, Vietnamese cylindrical sticky rice cake, banh tet fried",,,0,6,6
Vietnamese Candied Coconut Ribbons for Lunar New Year (Mứt Dừa),"Colorful Vietnamese candied coconut ribbons are a tasty treat often served as a traditional snack during Lunar New Year celebrations (Tet). Here's my version, which is much less sweet than the store-bought variety.",https://vickypham.com/blog/candied-coconut-ribbons/,240m,60m,300m,4 serving(s),"[Ingredients] 1 lb freshly shredded coconut strips (from 2 coconuts), ⅓ cup granulated white sugar, ⅛ teaspoon sea salt (a pinch), 1 packet vanilla sugar (8 grams, optional)","[Instructions] 1) [Season coconut strips] In a large mixing bowl, toss coconut strips with sugar, salt and content of the vanilla packet. Let it sit for four hours. Water will accumulate at the bottom of the bowl. | 2) [Color coconut strips] Divide the coconut and accumulated water into separate bowls for different colors, if any. Lightly color each batch with food coloring. Keep in mind that the color will darken once dried. You can also naturally color the coconut ribbons by blending the following foods and straining the liquid: Pandan leaves for green, purple cabbage for purple, carrots for orange, and red dragon fruit/beets for pink/red, etc. | 3) [Candy the coconut strips] Add coconut and its liquid to a non-stick pan. Do not crowd pan. If you have multiple colors, do each color separately. Turn heat to a medium-low. The coconut strips will first turn transparent as the sugar melts. Then it will turn opaque as it dries. Keep tossing coconut lightly with a pair of chopsticks until they are completely dry (about 10 minutes total). Transfer to a wire rack or large colander to cool to room temperature. Clean pan and repeat with other colors, if any.",https://i0.wp.com/vickypham.com/wp-content/uploads/2024/08/4be54-eos-m5_7145.jpg?fit=2500%2C2500&ssl=1,dessert,"asian, vietnamese","candied coconut ribbons, vietnamese candied coconut, coconut ribbon recipe, sweet coconut strips, vietnamese coconut snack, how to make candied coconut ribbons, traditional vietnamese treats, coconut candy recipe, tet treats, easy coconut candy",,,0,0,0
Vietnamese Fermented Dried Daikon in Fish Sauce (Dưa Món),"This side dish is commonly eaten with banh tet or its square-shaped version, banh chung, during the Vietnamese Lunar New Year celebration (tet). This recipe makes 2 cups, 12 servings.",https://vickypham.com/blog/dried-pickled-daikon-lunar-new-year/,3000m,3000m,3000m,"2 cups, 12 servings","[Ingredients] 1 large daikon (about 2 lbs), 1 tablespoon sea salt, ½ cup fish sauce, ½ cup packed brown sugar, ¼ cup water, 2 garlic cloves (peel and thinly slice), 2 red chili peppers (thinly slice)","[Instructions] 1) [Prepare daikon] Leave the daikon unpeeled but remove any blemishes on the skin with a vegetable peeler or small knife. Cut the daikon into 4-inch chunks then divide the chunks into small wedges. Transfer cut daikon to a large mixing bowl. Add salt and mix until combined. Let the mixture sit for 2 hours until water has pooled to the bottom. Rinse and squeeze the daikon, in batches, to get rid of the salt. | 2) [Dry out daikon] Place the daikon on a wire rack over a baking sheet and set the oven to the lowest temperature, typically 170°F. Dry it out for 2 hours or longer if needed. (see notes below for other options). | 3) [Transfer] dried daikon to a jar with a lid. Add sliced garlic and chili peppers to the jar. | 4) [Make the brining liquid] In a small saucepan, heat up fish sauce, brown sugar and water. As soon as the mixture starts to bubble, remove it from the heat. Cool to room temperature. | 5) [Brine] Seal with a lid and let it brine for 1 day at room temperature then store in the fridge. It’s ready to eat after 1 day, but will taste much better over time. If kept in the fridge, it can last up to 8 months.",https://i0.wp.com/vickypham.com/wp-content/uploads/2024/08/e36a9-eos-m5_7207.jpg?fit=2500%2C2500&ssl=1,"condiment, side dish","asian, vietnamese","Vietnamese fermented daikon, Vietnamese fermented daikon recipe, dưa món, dưa món recipe, dua mon recipe, dua mon, tet recipe, dried daikon, fish sauce brine, chili peppers, garlic, lunar new year side dish, Vietnamese lunar new year, banh tet pairing, crunchy Vietnamese pickles, cruncy Vietnamese fermented vegetables, crunchy Vietnamese daikon, Vietnamese fermented radish, Vietnamese fermentation with fish sauce, Vietnamese brine, Vietnamese brine recipe, how to make dua mon, fermented dried vegetables in fish sauce, fermented daikon in fish sauce, dried daikon in fish sauce recipe, tết recipes, tết side dish recipes, tết dishes, tet recipes, Vietnamese tet dishes, Vietnamese tet recipes, Vietnamese fermented dried daikon, Vietnamese fermented dried daikon, Vietnamese pickled daikon, Vietnamese pickled daikon with fish sauce, Vietnamese pickled vegetable for banh tet, Vietnamese pickled vegetable for banh chung",,5.0,2,2,4
Easy Char Siu / Chinese Barbecue Chicken Recipe with Spice Premix,"If you love Chinese BBQ pork (char siu), you will love this BBQ chicken recipe. This shortcut uses store-bought Chinese barbecue seasoning mix.",https://vickypham.com/blog/easy-char-siu-red-chicken/,80m,45m,125m,5 serving(s),"[Ingredients] 4 lbs chicken thighs (bone-in, skin-on preferred), 4 tablespoons red pork seasoning dry mix, 2 teaspoons chicken bouillon powder, ½ teaspoon ground black pepper, 1 teaspoon garlic powder, 1 teaspoon onion powder, 2 tablespoons oyster sauce, 2 tablespoon soy sauce, 1 tablespoon granulated sugar, 1 tablespoon honey, 2 tablespoons water","[Instructions] 1) [Butterfly the chicken thighs] This will make them lay flat and thin. Start by cutting meat away from the thigh bone (the thickest area). Then turn the knife at an angle to cut the meat horizontally without cutting all the way through. Fold over the flap for more surface area. | 2) [Mix ingredients and coat the chicken] In a large bowl, mix together the rest of the ingredients. Add chicken and toss well, coating all pieces. Cover and refrigerate for at least one hour or overnight for best results. | 3) [Arrange the chicken: ] Cover a large baking sheet or roast pan with foil or parchment paper to reduce clean-up. Place a wire rack or roast pan on top. Lay chicken skin-side down without crowding. | 4) [Bake] At 400°F, bake for 20 minutes. Flip and bake for another 20 minutes. | 5) [Broil] On high, broil for 4-6 minutes to char the skin. For a beautiful shiny finish, brush with pan drippings or scallion oil. | 6) [Serve] Pair with steamed rice and a vegetable side dish for a complete meal.",https://i0.wp.com/vickypham.com/wp-content/uploads/2024/08/18d34-eosm50_5696.jpg?fit=2500%2C2500&ssl=1,entree,"asian, chinese","easy char siu, chinese barbecue chicken, char siu recipe, chinese bbq chicken, barbecue chicken recipe, chinese barbecue seasoning mix, char siu with spice premix, easy bbq chicken recipe, marinated chicken recipe, oven char siu chicken, grilled char siu chicken, chinese barbecue pork alternative, quick char siu recipe, easy chinese barbecue",,,0,2,2
Fermented Shrimp Paste Dipping Sauce for Green Mangoes (Mắm Ruốc Chấm Xoài),"Serve up tart green mangoes with this sweet, salty and spicy dipping sauce for a flavorful Southeast Asian kick.",https://vickypham.com/blog/green-mangoes-shrimp-paste-dipping-sauce/,5m,5m,10m,⅔ cup,"[Ingredients] 2 tablespoons vegetable oil, 1 small shallot (about 3 tablespoons finely dice), 1 small stem lemongrass (tender bottom part only; about 1 tablespoon finely mince), 4 garlic cloves (about 1½ tablespoons finely dice), 3-4 red chili peppers (slice thin), 3 tablespoons fermented shrimp paste, 2 tablespoons water, 4½ tablespoons granulated sugar","[Instructions] 1) [Heat oil and aromatics] In a medium frying pan, heat vegetable oil on high. Add shallots, lemongrass, garlic and chili peppers. Fry until fragrant (about 30 seconds). | 2) [Add shrimp paste and water] Stir together until shrimp paste is fully dissolved. | 3) [Sweeten and mix] Add sugar to taste and mix until combined. Cook for 2-3 minutes on low until mixture thickens to your desired consistency. Sauce will continue to thicken once cooled. | 4) [Serve] Pair with peeled, sliced green mangoes for dipping.",https://i0.wp.com/vickypham.com/wp-content/uploads/2024/08/a0dcd-unnamed-file.jpg?fit=2500%2C2500&ssl=1,"appetizer, condiment","asian, vietnamese","fermented shrimp paste dipping sauce, mắm ruốc chấm xoài, shrimp paste dipping sauce, green mango dipping sauce, sweet salty spicy sauce, southeast asian dipping sauce, umami dipping sauce, tart mangoes recipe, shrimp paste recipe, green mangoes recipe, fruity dipping sauce, spicy shrimp paste sauce, fermented shrimp paste recipe, southeast asian recipes, dipping sauce for mangoes",,,0,1,1
Quick and Easy Vietnamese Instant Pot Beef Noodle Soup (Pho Bo),A quick and easy way to make pho. This Instant Pot pressure cooker pho recipe eliminates a lot of the traditional steps without compromising flavor and authenticity. Enjoy a delicious bowl of pho from scratch in under one hour.,https://vickypham.com/blog/pho-bo-instant-pot/,5m,45m,50m,8 serving(s),"[Ingredients] 6 lbs beef neck bones or your choice of beef bones, 4 oz ginger (no need to peel; slice into coins), 2 yellow onions (peel outer layer; leave whole), 1 packet pho spice tea bag, 25 grams rock sugar, 1 tablespoon sea salt, 4 tablespoons fish sauce, 1 tablespoon chicken bouillon powder (optional), 1 teaspoon MSG (optional), 12 oz eye of round beef steak, 11 oz cooked beef balls, 2 lbs rice noodles, Cilantro, Green onions, Yellow onion, Red chili peppers/jalapenos, Lemons/limes, Thai Basil, Culantro, Hoisin sauce, Sriracha chili sauce","[Instructions] 1) [Prepare bones and meat] Clean beef neck bones with a tablespoon of sea salt. If using eye of round beef steak, do the same thing with a teaspoon of salt. Rinse bones/steak and drain dry. If using eye of round steak, partially freeze then thinly slice and set aside as meat topping. | 2) [Prepare the Instant Pot] Using an 8-Quart Instant Pot pressure cooker, add cleaned bones, ginger, yellow onions and one pho spice packet to an 8-Quart Instant Pot pressure cooker. Fill the inner pot with water to the ⅔ max pressure cooker line. Press Pressure Cook. Change timer to 45 minutes if needed. Press Start. | 3) [Prepare the vegetables] While the pressure cooker is working, prep and cut vegetables. Thinly slice the green onions, cilantro and yellow onion. Cut lemon/lime into wedges and thinly slice chili peppers/jalapenos. | 4) [Quick release] Once pressure cooker is done, press the quick release slowly. Using a fine-mesh skimmer spoon to remove all the impurities that float to the top. Discard ginger and onions. Remove the bones and set aside to cool. Once safe enough to handle, remove the meat from the bones and set aside as a meat topping. At this point, you can strain the entire stock through a large fine-mesh strainer for a clearer broth if desired. | 5) [Add water and season stock] Fill pressure cooker with additional water to ½ line, if needed. This will make 4 quarts total. Press Saute and change setting to High. Season stock with rock sugar, sea salt, fish sauce, bouillon powder and MSG. Bouillon powder and MSG are optional but highly recommended. Season to taste by adding a little at a time. If using pre-cooked beef meatballs, slice in half and add it directly into the simmering broth. | 6) [Prepare noodles] Cook noodles per package instructions. | 7) [Assemble bowls and serve] Transfer cooked noodles to a bowl. Top with neckbone meat and raw beef slices. Add hot broth, particularly over the raw beef slices, if any. Garnish bowl with sliced cilantro, green onions, and yellow onions. Serve with a platter of fresh Thai basil, culantro, chili peppers/jalapenos, and lime/lemon wedges. Have hoisin and sriracha sauce on the side for additional customization and enjoy.",https://i0.wp.com/vickypham.com/wp-content/uploads/2024/08/dd42f-eos2bm50_5872.jpg?fit=2500%2C2500&ssl=1,entree,"asian, vietnamese","instant pot pho, instant pot pho recipe, instant pot pho bo recipe, pho bo recipe, easy pho recipe, easy pho bo recipe, pressure cooker pho recipe, pressure cooker pho bo recipe, pressure cooker pho, how to make pho in instant pot, how to make pho in pressure cooker, beef pho, pressure cooker beef pho, instant pot beef pho, beef pho recipe, easy beef pho recipe, instant pot beef pho recipe, vietnamese beef noodle soup, vietnamese pho recipe, vietnamese beef noodle soup recipe, vietnamese beef pho recipe, instant pot vietnamese beef noodle soup, pressure cooker vietnamese beef noodle soup, beef pho with instant pot, beef pho with pressure cooker, how to cook pho in instant pot, how to cook pho in pressure cooker, instant pot Vietnamese pho, pho noodle soup, authentic pho recipe, quick beef pho, beef pho soup, pho broth recipe, instant pot recipes, traditional pho, healthy beef pho, pho ingredients, pho with beef, instant pot dinner ideas, Phở Bò, Phở, Bò",,5.0,1,7,8
Vietnamese Pickled Daikon and Carrots for Bánh Mì (Đồ Chua),"A Vietnamese sandwich (Banh Mi) is incomplete. This easy recipe adds a sweet, tangy crunch perfect for sandwiches, Vietnamese salads, and grilled meats.",https://vickypham.com/blog/pickled-daikon-carrot-for-banh-mi/,7m,2m,9m,10 serving(s),"[Ingredients] 1½ lbs thinly sliced daikon (1 large daikon), ½ lb thinly sliced carrot (1 medium carrot), 1 tablespoon fine ground sea salt, ½ cup granulated white sugar, ¾ cup hot water, ¾ cup white vinegar","[Instructions] 1) [Prepare the daikon and carrot] Peel the daikon and carrot and cut into matchsticks. | 2) [Salt and jar the daikon and carrot] In a large bowl, toss together daikon, carrot and salt. Let it sit for 1 hour to pull out the water. Discard water. Squeeze out remaining moisture with your hands then transfer to at least a 24 oz jar. | 3) [Make the brine] In a medium size heat proof bowl/cup, dissolve sugar with hot water. Mix in vinegar. Allow the mixture to cool down to room temperature, if needed. Pour liquid into the jar of daikon and carrot and screw on the lid. Leave it at room temperature and it’s ready to eat in one hour. You can also store in the fridge for up to 2 weeks.",https://i0.wp.com/vickypham.com/wp-content/uploads/2024/08/fbf13-eosm50_6091.jpg?fit=2500%2C2500&ssl=1,"condiment, side dish","asian, vietnamese","pickled daikon, pickled carrot, pickled vegetables, do chua, đồ chua, banh mi pickled daikon carrot",,5.0,1,23,24
Vietnamese Pig Feet Soup with Potatoes and Carrots (Canh Giò Heo Khoai Tây Cà Rốt),"A collagen-rich, pork-based Vietnamese soup that's comforting and satisfying. Enjoy it on its own or pair it with steamed rice for a complete meal.",https://vickypham.com/blog/pig-feet-soup-canh-gio-heo/,10m,60m,70m,4 serving(s),"[Ingredients] 2 lbs pork hock chunks, 1 tablespoon coarse sea salt (for cleaning), 2 tablespoons white vinegar (for cleaning), 1 large shallot (peel; roughly slice half for cleaning; finely dice remaining), 1-inch piece ginger (cut into coins and smash; for cleaning), 4 cloves garlic (peel and dice), 2 tablespoons vegetable oil, 1½ quarts water, 12 oz carrot (peel and cut into chunks), 1 lb potatoes (peel and cut into chunks), 2 tablespoons fish sauce, 1 teaspoon fine sea salt, 1 teaspoon chicken bouillon powder or mushroom seasoning powder, ½ teaspoon granulated sugar, 4 green onions (separate whites and greens), 1/8 teaspoon ground black pepper (sprinkle)","[Instructions] 1) [Cleaning] Scrub pork hocks with sea salt then toss in vinegar. Rinse well. Bring a medium-size pot to boil. Add ginger, shallots (half) and pork hocks. Boil until impurities float to the top (about 8 minutes). Remove pork hocks and rinse with cold water. Discard boiling liquid and solids. | 2) [Prepare the stock] In a medium pot, heat oil. Add garlic, whites of green onions and remaining shallots. Pan fry until fragrant (about 30 seconds). Add blanched pork hocks. Toss in the aromatics for about 30 seconds. Add water. Simmer on low for about 45 minutes until pigs feet are soft and gelatinous | 3) [Add vegetables] Add carrots and cook for an additional 5 minutes. Add potatoes and cook for an additional 5 minutes. Avoid overcooking as potatoes will turn to mush. | 4) [Season stock and serve] Season stock to taste with fish sauce, salt, bouillon powder, and sugar. When ready to serve, garnish with scallions and a sprinkle of freshly ground black pepper.",https://i0.wp.com/vickypham.com/wp-content/uploads/2024/08/45905-eos-m50_6258.jpg?fit=2500%2C2500&ssl=1,side dish,"asian, vietnamese","pork hock soup recipe, pig feet soup recipe, canh gio heo, Vietnamese pork hock soup, Vietnamese pig feet soup, pork soup recipe, Vietnamese pork soup, how to make pork hock soup, how to make pig feet soup, traditional Vietnamese soup, pork feet soup, Vietnamese soup with pork, canh gio recipe, Vietnamese broth recipe, collagen-rich soup",,5.0,1,3,4
Spicy Vietnamese Beef Jerky (Khô Bò Sa Tế) (No Food Dehydrator Needed),Delicious spicy Vietnamese beef jerky recipe that anyone can make at home. And you don’t even need a food dehydrator. All you need is your oven. Enjoy it as a snack or add it to Vietnamese salads.,https://vickypham.com/blog/spicy-vietnamese-beef-jerky/,480m,360m,840m,4 serving(s),"[Ingredients] 2 lbs beef sirloin, eye round, or rump roast, ¼ cup minced lemongrass, 10 garlic cloves (finely mince), 1 shallot (about 2 tablespoons, finely minced), 3 tablespoons annatto oil (preferred) or vegetable oil, 1 teaspoon turmeric powder, 1 teaspoon ground black pepper, 1 tablespoon Chinese five spice powder, 1 tablespoon red chili flakes, 2 teaspoons red chili powder, 4 tablespoons granulated sugar, 4 tablespoons fish sauce, 2 tablespoons oyster sauce","[Instructions] 1) [Prepare beef] Slice beef into large sheets of ⅛ to ¼ inch thickness with the grain. Trim off any fat. | 2) [Make the marinade] In a medium bowl, combine all the aromatics and spicy marinade ingredients. Mix until evenly combined. Adjust seasoning to taste at this point, if needed. | 3) [Marinate beef] In a large mixing bowl or large Ziploc bag, combine sliced beef and marinade mixture. Toss until all of the pieces are evenly coated. Cover with plastic wrap or close bag tightly. Marinate in the fridge for 8 hours or longer overnight. Toss the meat or flip the bag half way through marinating to ensure even coating. | 4) [Dehydrate in the oven] Line two baking sheets with aluminum foil or parchment paper for easy clean-up. Place a wire rack over each sheet. Arrange the marinated meats on the wire rack in a single layer. It’s okay to crowd the meat, as it will shrink considerably. But avoid overlapping. Add baking sheets in the center racks of the oven. Turn on the oven to the lowest heat possible, for me it’s 170°F. No need to preheat. Bake for 6 hours, flipping and rotating half way through. Remove from the oven and allow to cool to room temperature. | 5) [Check for doneness] You have jerky when the meat is completely dry to the touch and pulls apart easily along the grain with no moisture. It should look like leather but still tender to the bite. | 6) [Storage] Store jerky in a Ziploc bag or airtight container. Properly dried jerky will keep at room temperature for 2 weeks or in the fridge for up to 4 months (possibly even longer).",https://i0.wp.com/vickypham.com/wp-content/uploads/2024/08/4d0f8-eosm5_6842.jpg?fit=2500%2C2500&ssl=1,appetizer,"asian, vietnamese","spicy Vietnamese beef jerky, homemade Vietnamese beef jerky, easy beef jerky recipe, Vietnamese jerky recipe, how to make beef jerky at home, no dehydrator beef jerky, oven beef jerky recipe, Vietnamese beef snack, spicy beef jerky recipe, Vietnamese beef jerky without dehydrator",,5.0,2,5,7
"15-minute Thai Basil Chicken Stir Fry with Rice, Green Beans and Fried Egg (Pad Krapow Gai)","Stir fry is an easy way to get a delicious, quick meal on the table. This simple Thai stir fry with chicken and basil, or Pad Krapow Gai, can be whipped up in 15 minutes with easy-to-find ingredients. It's a family favorite, and great for meal prep too!",https://vickypham.com/blog/thai-basil-chicken-stir-fry/,9m,6m,15m,4 serving(s),"[Ingredients] 2 tablespoons neutral oil, 2 tablespoons minced garlic, 2 tablespoons minced shallots, 2-3 red thinly sliced chili peppers (optional), 1 lb roughly chopped chicken thigh, 2 tablespoons dark soy sauce, 1 tablespoon oyster sauce, 1 teaspoon fish sauce, 1 tablespoon granulated sugar, ½ lb green beans (trim off ends and cut into bite-size pieces), 1 cup Thai basil leaves or any regular basil leaves","[Instructions] 1) [Heat oil and aromatics] In a wok over high heat, sauté garlic, shallots, and chilies until fragrant (about 30 seconds). | 2) [Add chicken] Stir fry until chicken begins to brown (about 2 minutes). | 3) [Season] Add soy sauce, oyster sauce, fish sauce, and sugar a little at a time to taste. | 4) [Add green beans] Continue to cook 3-5 more minutes until chicken is cooked all the way through. Turn off heat. | 5) [Add basil] Stir in basil leaves until they are wilted and any remaining liquid in the wok has mostly evaporated. | 6) [Serve] Pair with steamed rice and a fried sunny-side egg with crispy and lacey edges. Optional sauce for drizzling on egg: combine fish sauce and sliced chili peppers together in a small bowl.",https://i0.wp.com/vickypham.com/wp-content/uploads/2024/08/21537-eos-m50_6329.jpg?fit=2500%2C2500&ssl=1,entree,"asian, thai","thai stir fry recipe, pad krapow gai, chicken stir fry, quick meal recipes, easy thai recipes, 15 minute meals, basil stir fry, meal prep ideas, simple stir fry, fast dinner recipes, tasty stir fry, quick and easy recipes, family favorite meals, thai chicken recipe, easy weeknight dinners",,,0,4,4
Traditional Vietnamese Tomato Egg Drop Soup (Canh Trứng Cà Chua),"This simple, tasty tomato egg drop soup is a great side dish in a traditional Vietnamese family meal. This popular side dish can be made in about 15 minutes and utilizes two common ingredients: tomatoes and eggs. It's so quick, you'll have time to focus on the other side dishes!",https://vickypham.com/blog/tomato-egg-drop-soup-canh-trung-ca-chua/,5m,10m,15m,4 serving(s),"[Ingredients] 2 tablespoons vegetable oil, 2 tablespoons minced garlic, 3 cups diced tomatoes, 1 quart water (or half amount unsalted stock of your liking and half amount water), 2 teaspoons granulated sugar, 1 teaspoon sea salt, ½ teaspoon chicken bouillon stock powder, ½ teaspoon fish sauce, 2 beaten eggs, ¼ teaspoon ground black pepper, Thinly sliced cilantro or green onions (optional for garnish)","[Instructions] 1) [Fry garlic] Heat up a small pot or wok over medium-high heat. Add minced garlic and stir fry until fragrant (a couple of seconds). | 2) [Add tomatoes] Toss in the chopped tomatoes and stir fry until wilted and the juices are released. | 3) [Make stock and season to taste] Add in water and/or unsalted stock. Bring the mixture to a boil then reduce heat to a low simmer. Season with sugar, salt, bouillon powder and fish sauce. If using salted stock, you may need to reduce the amount of salt to your taste. | 4) [Make egg ribbon] Pour a thin stream of the beaten eggs as you swirl the soup. This is how you get that pretty egg ribbons. The faster you stir, the thinner the ribbons. | 5) [Garnish and serve] Garnish with ground black pepper and cilantro and/or green onions. Serve with steamed rice and a main protein dish for a complete meal.",https://i0.wp.com/vickypham.com/wp-content/uploads/2024/08/9f323-eosm50_5406.jpg?fit=2500%2C2500&ssl=1,side dish,"asian, vietnamese","traditional vietnamese tomato egg drop soup, canh trứng cà chua, vietnamese tomato soup, egg drop soup recipe, quick tomato egg soup, easy vietnamese soup, tomato egg drop soup, vietnamese family meal, simple vietnamese side dish, tomato egg soup, 15 minute soup, vietnamese soup recipe, classic vietnamese soup, quick and easy soup, vietnamese egg drop soup",,,0,2,2
Vietnamese Grilled Beef in Wild Betel / Piper Lolot Leaves (Bò Nướng Lá Lốt),"A popular Vietnamese street food, these flavorful bites feature marinated ground beef wrapped in fragrant wild betel (Piper Lolot) leaves and grilled over charcoal. Often served as part of the traditional ""Beef Seven Ways"" feast, it's a must-try for any fan of authentic Vietnamese cuisine.",https://vickypham.com/blog/vietnamese-grilled-beef-betel-leaves/,35m,5m,40m,3 serving(s),"[Ingredients] 12 oz ground fatty ground beef, 2 tablespoons finely minced shallots, 1 tablespoon finely minced garlic, ¼ teaspoon ground black pepper, ½ teaspoon sugar, 2 teaspoons fish sauce, 1 tablespoon oyster sauce, ½ teaspoon chicken bouillon powder, ¼ teaspoon MSG (optional), 25-30 wild betel/pepper lolot leaves or any of its substitutes","[Instructions] 1) [Prep the leaves] Rinse the leaves thoroughly and pat dry with paper towels. Leave a small piece of stem intact to secure the rolls. Alternatively, use a toothpick for each roll or long skewer to secure a bunch at a time. | 2) [Make the beef filling] In a large bowl, mix together ground beef with shallots, garlic, black pepper, sugar, fish sauce, oyster, chicken bouillon powder, and MSG (optional). | 3) [Fill the leaves] Lay leaf flat with glossy side face down and narrow end at the bottom. Put about 2 tablespoons of filling in the center of the leaf, more or less depending on the size of the leaf. Fold the narrow end over the filling, then carefully roll up. Pierce the stem into the roll to prevent it from unraveling. If the stem is too flimsy, pierce a hole in the roll with a small knife then insert the stem. Lay roll flat with stem-side down. Repeat the process with the remaining leaves and beef mixture. | 4) [Grill or pan-fry] Grill the rolls to get a smokey flavor or pan-fry with a bit of vegetable oil for about 2 minutes per side. | 5) [Serve] Place the rolls in a bowl with thin rice noodles, chopped lettuce, and assorted Vietnamese herbs. Top with roasted peanuts and a Vietnamese fish sauce dipping sauce. For the more adventurous, serve with an alternative Vietnamese fermented anchovy dipping sauce. You can also serve the rolls with rice paper on the side for a more self-assembly dish.",https://i0.wp.com/vickypham.com/wp-content/uploads/2024/08/6c991-eosm50_5603.jpg?fit=2500%2C2500&ssl=1,entree,"asian, vietnamese","vietnamese grilled beef, bò nướng lá lốt, wild betel leaves recipe, piper lolot leaves, grilled beef in betel leaves, vietnamese beef recipe, beef seven ways, rice noodle bowl recipe, vietnamese herbs, roasted peanuts recipe, sweet savory sauce, rice paper meal, marinated ground beef, vietnamese cuisine, vietnamese barbecue, betel leaves recipe",,5.0,1,7,8
Traditional Vietnamese Avocado Shake without a Blender,"An old-school avocado smoothie made without a blender. Simply mash avocados with sugar and condensed milk, then serve with ice for a refreshing, chunky dessert.",https://vickypham.com/blog/avocado-shake-traditional/,7m,7m,7m,2 serving(s),"[Ingredients] 1 ripe avocado, 1 tablespoon sweetened condensed milk, 1 teaspoon granulated sugar (optional), 1 cup ice",[Instructions] 1) [Scoop out avocado] Halve the avocado and take out the pit. Use a spoon to scoop out the flesh and transfer to a glass. | 2) [Sweeten] Add sugar and condensed milk. Smash the avocado well the sugar and condensed milk. | 3) [Serve] Add ice and enjoy!,https://i0.wp.com/vickypham.com/wp-content/uploads/2024/08/f330b-eosm50_3267.jpg?fit=2500%2C2500&ssl=1,dessert,"asian, vietnamese","traditional vietnamese avocado shake, avocado shake recipe, no blender avocado shake, smashed avocado dessert, vietnamese avocado dessert, easy avocado shake, condensed milk avocado shake, refreshing avocado dessert, avocado shake without blender, simple avocado recipe, vietnamese dessert recipe, smashed avocado with sugar, creamy avocado shake, avocado ice dessert, homemade avocado shake",,,0,2,2
Vietnamese Cabbage and Shrimp Soup (Canh Bap Cai Nau Tom),"A light and savory soup with cabbage, carrots, and whole shrimp as my protein of choice. The soup comes together in 20 minutes, making it perfect for a busy weeknight dinner. Eat with another protein side dish for a complete meal with steamed rice.",https://vickypham.com/blog/cabbage-shrimp-soup/,10m,10m,20m,5 serving(s),"[Ingredients] 12 medium-size shrimp (size 21/25), 1 tablespoon sea salt (divided), 1 tablespoon granulated sugar (divided), 1 tablespoon chicken bouillon powder (divided), 1 tablespoon fish sauce (divided), ½ teaspoon ground black pepper (divided), ¼ cup tapioca starch, 1 small cabbage, 1 medium carrot, 3 green onions, 2 tablespoons vegetable oil, 2 tablespoons minced garlic, 1¾ quarts water","[Instructions] 1) [Prepare the shrimp] I like to leave the tail on but that is optional. Tenderize the shrimp by placing a plastic wrap over the shrimp to prevent sticking then gently flatten it with a small rolling pin or anything flat and heavy. Repeat for all shrimp. Season with half of the following: salt, sugar, chicken bouillon powder, fish sauce, and ground black pepper. Dread each shrimp in tapioca starch, dust off excess, and set aside. | 2) [Cut the cabbag] e into bite-size pieces. Peel the carrot and cut it into small 1-inch rounds. Cut green onions into 1-inch segments. Set aside. | 3) [Prepare the soup] In a medium pot, heat up oil on medium-high. Add garlic and the white ends of the green onions. Sauté until garlic is golden (about 10 seconds). Add water to the garlic and oil mixture (be careful of hot oil splatters). Bring water to a boil. | 4) [Add carrots and simmer] on medium-low for 8 minutes or tender carrots are chopstick-tender. Add cabbage and continue to cook for 2 minutes. | 5) [Drop in shrimp one at a time,] and continue to cook until shrimp turn opaque (about 1 minute). | 6) [Season soup] to taste with remaining salt, sugar, chicken bouillon powder, and fish sauce. When ready to serve, garnish with remaining green onions and remaining ground black pepper.",https://i0.wp.com/vickypham.com/wp-content/uploads/2024/08/6966c-eosm50_3805.jpg?fit=2500%2C2500&ssl=1,side dish,"asian, vietnamese","canh bắp cải nấu tôm, canh bap cai, canh tom, canh bắp cải, canh tôm, vietnamese cabbage soup, vietnamese cabbage soup recipe, vietnamese carrot soup, vietnamese carrot soup recipe, vietnamese shrimp soup, vietnamese shrimp soup recipe, vietnamese home cooking recipe, vietnamese cuisine, vietnamese home cooking, cabbage soup, shrimp cabbage carrot soup, traditional vietnamese cabbage soup, traditional vietnamese shrimp soup, vietnamese soup recipe, simple cabbage and shrimp soup recipe, simple cabbage and carrot soup recipe, simple vietnamese soup, vietnamese easy canh recipe, vietnamese canh recipe, vietnamese canh recipe with cabbage, vietnamese canh recipe with shrimp, vietnamese canh recipe with carrot",,,0,2,2
Vietnamese Preserved Lemons and Salty Lemonade (Chanh Muối),"If you have extra lemons or limes, preserve them in a salty brine. Then enjoy a refreshing Vietnamese salty lemonade —perfect for a hot day.",https://vickypham.com/blog/chanh-muoui/,87840m,5m,87845m,30 small or 20 large preserved lemons,"[Ingredients] 30 small lemons or 20 large lemons (about 5 lbs), 1 cup packed salt, 8 cups water, 1 gallon glass jar with airtight plastic lid","[Instructions] 1) [Clean jar] Make sure the glass container and lid are thoroughly cleaned and dry. This will help to prevent mold. If you have a canning jar that can withstand heat, like the one linked above, you can sterilize the inside of the jar and the lid with boiling water. Sterilizing is recommended but not necessary. The Vietnamese don’t sterilize. | 2) [Clean lemons/limes] Scrub the lemons thoroughly to remove any impurities on the peel surface. Any lingering dirt or bacteria may also result in mold over time. Pat dry and stack the lemons snugly into the jar. This will help keep them submerged in the brine. | 3) [Brine] In a medium saucepan, dissolve salt in water over medium-high heat. Set aside to cool. Pour the mixture into the jar, making sure to completely cover the lemons. If the lemons become loose and float out of the brine, put a weight inside the jar. I like to use a ceramic bowl filled with brine water. | 4) [Storage] Seal the jar tightly with a plastic lid. If you have a metal lid, it will likely rust, but you can line the opening of the jar with paper towels or plastic wrap before sealing. Place the jar in a warm spot, such as a window sill, or directly in the sun outside. Ferment for at least two months. The longer, the better. Occasionally check that the lemons are still submerged in the brine, as they will shrink and get dislodged. If you happen to see small white specks of mold, which is actually yeast, growing on the surface, you can simply scoop them out with a large ladle, along with the surrounding water, and discard. After two months, the lemons will become pale in color which is normal. | 5) [Make the Vietnamese salted lemonade (chanh muoi)] Slice one preserved lemon in half. Discard seeds then transfer to a drinking glass. If you have very large lemons, you might want to start with half. Break up the lemon with a spoon or with a cocktail muddler. It should break apart easily. Add one cup ice, 3-4 teaspoons granulated sugar or 2 tablespoons simple syrup (preferred), and a 3/4 cup regular water. You can replace the water with club soda but I prefer regular water for a more traditional drink. Adjust sweetness and saltiness if necessary. If you like it a bit more salty, add a bit of brine water instead of salt.",https://i0.wp.com/vickypham.com/wp-content/uploads/2024/08/90d96-salted-lemon1.jpg?fit=2500%2C2500&ssl=1,condiment,"asian, vietnamese","chanh muoi, Vietnamese salted lemonade, preserved lemons recipe, how to make chanh muoi, Vietnamese fermented lemon drink, salted lemon drink, chanh muoi benefits, Vietnamese preserved lemons, fermented lemonade, traditional Vietnamese drink, homemade chanh muoi, chanh muoi recipe, salted lemon preserve, easy chanh muoi, Vietnamese pickled lemons",,4.5,2,20,22
Air Fried Quails with Five Spice and Butter (Chim Cút Nướng Air Fryer | Ngũ Vị Hương Bơ),"Enjoy the flavors of Vietnamese street food at home with these crispy air-fried quails, marinated in five-spice and finished with a buttery glaze.",https://vickypham.com/blog/crispy-air-fryer-quails-five-spice-butter/,80m,25m,105m,6 serving(s),"[Ingredients] 6 whole quails (cut the backbone so quails lay flat; rinse and pat dry), 1 heaping tablespoon oyster sauce, 2 teaspoons granulated sugar, 1⁄2 teaspoon Chinese Five Spice Powder, 2 teaspoons Shaoxing cooking wine, 1⁄2 teaspoon ground black pepper, 1⁄2 teaspoon garlic powder, 1⁄2 teaspoon onion powder, 4 tablespoons unsalted butter (melted), Lime, pepper, salt dipping sauce, Lettuce, Vietnamese coriander/mint (rau ram), Air Fryer","[Instructions] 1) [Make the marinade] In a small bowl, combine the oyster sauce, sugar, Chinese five spice, cooking wine, ground black pepper, garlic powder and onion powder. Mix well. | 2) [Marinate] Coat the quails with the mixture and marinate for at least one hour or overnight in the fridge for better results. | 3) [Add butter] Right before air frying, coat marinated quails in melted butter. | 4) [Air fry] Prep your air fryer by spraying it with a good layer of cooking oil to prevent sticking. Place the marinated quails into the air fryer basket and air fry for 20-30 minutes at 400°F. Flip half way through. | 5) [Plate (optional)] Transfer quails onto a bed of lettuce or Vietnamese coriander/mint with the side of lemon salt and pepper dipping sauce (optional).",https://i0.wp.com/vickypham.com/wp-content/uploads/2024/08/81db0-eosm50_4602.jpg?fit=1973%2C1973&ssl=1,appetizer,"asian, vietnamese","air fried quails, chim cút nướng air fryer, ngũ vị hương bơ, vietnamese street food, five spice quails, air fryer quails recipe, vietnamese quails recipe, street food snacks, savory quail recipe, vietnamese cheap eats, air fryer street food, crispy quails with five spice, buttered quails recipe, vietnamese air fryer recipes, savory street food",,,0,2,2
Lazy Fried Rice in Rice Cooker Recipe with Chinese Sausage (Cơm Chiên / Cơm Trộn Lạp Xưởng Nồi Cơm Điện),"Life can get busy. The last thing you want to think about is what to eat. My go-to choice for something quick, delicious, and filling is fried rice. Fried rice is typically made with a wok and stovetop, but this recipe can be done in a rice cooker. Easy-peasy!",https://vickypham.com/blog/lazy-fried-rice/,5m,25m,30m,4 serving(s),"[Ingredients] 2 cups dried long grain rice (rinse until water runs clear and drain in a colander), 1 3/4 cups water, 1 tablespoon minced garlic, 1 tablespoon Maggi seasoning, 1/2 teaspoon sea salt, 1 tablespoon chicken or mushroom bouillon powder, 1/4 teaspoon ground black pepper, 1 cup frozen vegetables (peas, carrots and/or corn), 3 Chinese sausages (slice thin), 2 eggs, Rice cooker","[Instructions] 1) [Prepare rice] Add rinsed rice and water to a rice cooker. | 2) [Add seasonings] Add garlic, Maggi seasonings, salt, bouillon powder, and ground black pepper. Stir to mix the seasonings into the rice grains. | 3) [Add protein] Add Chinese sausage slices and crack in two eggs. Press start on the rice cooker. | 4) [Stir and serve] Once the rice cooker finishes, open the lid and stir to combine all the ingredients and serve.",https://i0.wp.com/vickypham.com/wp-content/uploads/2024/08/cfdb3-square.jpg?fit=2000%2C2000&ssl=1,entree,"asian, vietnamese","lazy fried rice recipe, rice cooker fried rice, chinese sausage fried rice, cơm chiên recipe, cơm trộn lạp xưởng, easy fried rice recipe, fried rice in rice cooker, quick fried rice, simple fried rice, rice cooker meal, fried rice with sausage, easy rice cooker recipe, one-pot fried rice, chinese sausage recipe, rice cooker meal ideas",,,0,6,6
Shrimp Fried Rice (Cơm Chiên Tôm),Fried rice is a childhood favorite and a first cooking lesson for many. This shrimp fried rice recipe comes together quickly with leftover ingredients.,https://vickypham.com/blog/shrimp-fried-rice-com-chien-tom/,8m,7m,15m,3 serving(s),"[Ingredients] 4 tablespoons neutral oil (divided), 2 tablespoons minced garlic, 12 oz shrimp (size 21/25; peel and devein), 2 oz frozen peas and carrots, 2 whole eggs (beaten), 1 lb day-old cold rice, ¼ teaspoon ground white pepper, ½ teaspoon granulated white sugar, 1 teaspoon chicken or mushroom bouillon powder, ½ teaspoon sea salt, 1 teaspoon low-sodium soy sauce","[Instructions] 1) [Prepare the shrimp and vegetables] In a large wok, add about 2 tablespoons vegetable oil. Heat on medium high. Toss in shrimp and garlic. Sauté until shrimp is mostly cooked (about 30 seconds). Mix in frozen peas and carrot and cook them for an additional 10 seconds. | 2) [Fry the eggs] Clear the center by pushing all the ingredients to the sides of the wok. Add another 2 tablespoons of vegetable oil to the center. Allow the oil to heat for 15 seconds then add beaten eggs. Scramble the eggs then mix it into the rest of the ingredients. | 3) [Add rice] Add day-old rice. If the rice is clumping up, use the backside of a large ladle to gently smash the rice grains apart. Season rice with ground white pepper, sugar, chicken bouillon powder, salt and soy sauce to taste. Turn up the heat to high and toss vigorously with two large wooden spoons for 2-3 minutes or until combined. Serve immediately for best results.",https://i0.wp.com/vickypham.com/wp-content/uploads/2024/08/07604-eosm5_3601.jpg?fit=2500%2C2500&ssl=1,entree,"asian, vietnamese","shrimp fried rice, cơm chiên tôm, fried rice recipe, shrimp recipe, easy shrimp fried rice, homemade fried rice, quick fried rice, large shrimp recipe, Asian fried rice, leftover rice recipe, 21/25 shrimp, fried rice with shrimp, how to make shrimp fried rice, simple shrimp fried rice, shrimp fried rice recipe",,,0,0,0
Crispy Pan-Fried Red Tilapia Fish Recipe (Cá Diêu Hồng Chiên Giòn),A super easy and delicious fried fish recipe using everyday seasonings from the pantry. Generously rub it down with the seasonings and it goes straight into the wok.,https://vickypham.com/blog/simple-fried-fish/,2m,10m,12m,2 serving(s),"[Ingredients] 1 1/2 lbs whole red tilapia fish (1 large fish or two small ones; can substitute with other white flesh fish), 1 teaspoon ground ginger, 1 teaspoon mushroom or chicken bouillon powder, 1 teaspoon sea salt, 1 teaspoon ground black or white pepper, 1 teaspoon garlic powder, 1 teaspoon onion powder, ¼ cup cornstarch, Vegetable oil","[Instructions] 1) [Prepare the seasoning mixture] Combine ground ginger, bouillon powder, sea salt, ground pepper, garlic powder, and onion powder in a small bowl. Set aside. | 2) [Prepare the fish] Clean the fish by rinsing with water inside and out. Towel dry. With a sharp knife, cut deep diagonal slits on both sides. Rub generously the seasoning mixture into the flesh and slights of the fish then coat the fish with cornstarch. Dust off excess. | 3) [Deep fry and serve] Add vegetable oil to a large pan or wok (about 1 1/2″ high) and heat on medium-high. To test the temperature of the oil, drop a pinch of cornstarch into the oil. If it starts to sizzle, it’s ready to go. Carefully lower the fish, head first, into the oil. Pan fry for 5 minutes per side then transfer to a wire rack or a plate lined with paper towels. Serve immediately for best results.",https://i0.wp.com/vickypham.com/wp-content/uploads/2024/08/b53d8-eosm50_4391.jpg?fit=2500%2C2500&ssl=1,"side dish, entree","asian, vietnamese","asian-style fried fish, fried fish, fish, fish recipe, pan-fried fish, pan-fried, tilapia, red tilapia, crispy fried fish recipe",,5.0,2,8,10
Vietnamese Crispy Salt and Pepper Shrimp with Five Spice (Tôm Rang Muối),"A delicious fried shrimp appetizer that's crispy, flavorful, and best of all, easy to make. This recipe is perfect for a party or holiday appetizer.",https://vickypham.com/blog/simple-salt-pepper-shrimp-tom-chien-muoi-tieu/,5m,5m,10m,2 serving(s),"[Ingredients] 1 lb shrimp (about 12 21/25 size large devein shrimp; head tail optional), ¼ cup corn starch, Vegetable oil (for for deep-frying), ½ teaspoon salt, ¼ teaspoon chicken bouillon powder (see notes), ¼ teaspoon five-spice powder, 1 teaspoon garlic powder, ¼ teaspoon ground black pepper","[Instructions] 1) [Prepare oil] Fill a large wok or skillet 2 inches high with vegetable oil and heat to 375°F. If you don’t have a thermometer, drop a speck of cornstarch or insert a wooden chopstick into the oil. If it sizzles and bubbles around the cornstarch or chopstick, the oil is ready. | 2) [Deep fry] In a medium bowl, toss the shrimp with cornstarch until covered. Dust off any excess cornstarch. Carefully add the floured shrimp to the oil, one at a time to prevent sticking. Cook for 2-3 minutes or until golden brown and crispy. Transfer the shrimp to a wire rack or a plate lined with paper towels to drain off excess oil. Transfer the fried shrimp to a large bowl and set aside. | 3) [Add spice mixture] In a small bowl, combine the salt, chicken bouillon powder, five spice powder, garlic powder, and ground black pepper. Starting with half of the seasoning mixture, sprinkle it over the freshly fried shrimp. Toss to combine. Add more of the seasoning mixture if needed. Serve immediately for best results.",https://i0.wp.com/vickypham.com/wp-content/uploads/2024/08/b41ca-eosm50_4488.jpg?fit=2500%2C2500&ssl=1,"side dish, appetizer","asian, vietnamese, chinese","tôm chiên muối tiêu, tôm rang muối tiêu, tôm chiên, tôm rang, tom chien, tom rang, tom chien muoi, tom chien muoi tieu, tom rang muoi, tom rang muoi tieu, crispy salt and pepper shrimp, Vietnamese salt and pepper shrimp with bouillon powder, Vietnamese salt and pepper shrimp recipe, crispy salt and pepper shrimp recipe, crispy shrimp recipe, shrimp recipe, Asian shrimp recipe, Vietnamese shrimp recipe, fry shrimp recipe, Vietnamese fried shrimp recipe, salt and pepper shrimp, fried salt and pepper shrimp, how to make salt and pepper shrimp, what is salt and pepper shrimp made of, Vietnamese spice mixture for fried shrimp, Vietnamese spice mixture for fried protein, Vietnamese spice mixture for fried food, salt and pepper shrimp with five spice powder, salt and pepper shrimp with five spice, salt and pepper shrimp with Chinese fried spice, easy salt and pepper shrimp recipe, easy salt and pepper shrimp",,,0,0,0
Soy Sauce Whole Roast Chicken (Ga Nuong Xi Dau),An Asian-style rotisserie chicken made with a soy sauce or Maggi seasoning sauce base.,https://vickypham.com/blog/soy-sauce-roasted-chicken/,35m,80m,115m,5 serving(s),"[Ingredients] 1 whole chicken, 4 tablespoons Maggi seasoning sauce or light soy sauce, 3 tablespoons sugar, 1 teaspoon salt, ½ teaspoon Chinese Five Spice Powder, 4 tablespoons shallots (finely minced), 1 tablespoon ginger (finely minced), 1 tablespoon garlic (finely minced)","[Instructions] 1) [Prepare the chicke] n for faster cooking by cutting out the backbone. Save the backbone for future stock. | 2) [Combine] Maggi seasoning/soy sauce, sugar, salt, five spice powder, shallots, ginger, and garlic in a large shallow mixing bowl. Add chicken and marinate for at least 30 minutes or overnight in the fridge for best results. | 3) [Roast] Preheat the oven to 350 F. Line a large baking sheet with foil or parchment paper to reduce cleanup then place a wire rack or roasting pan on top. Lay chicken skin side down and bake for 40 minutes. Flip and repeat for an additional 40 minutes.",https://i0.wp.com/vickypham.com/wp-content/uploads/2024/08/df413-eosm5_3927.jpg?fit=2500%2C2500&ssl=1,"side dish, entree","asian, vietnamese, chinese","soy sauce chicken, soy sauce roasted chicken, oven-baked soy sauce chicken, baked soy sauce chicken, asian chicken recipe, asian soy sauce chicken recipe, maggi seasoning sauce chicken recipe, oven-baked maggi seasoning sauce chicken, baked maggi seasoning sauce chicken, soy sauce recipe, maggi seasoning sauce recipe, ga nuong xi dau, gà nướng xì dầu, ga nuong xi dau, asian-style whole roasted chicken recipe",,,0,4,4
Traditional Vietnamese Fried Lemongrass Pork Ribs with Fish Sauce (Sườn Chiên Sả),"A tender and delicious pan-fried, bite-size pork ribs, marinated in an aromatic lemongrass mixture. Serve on its own as an appetizer or with steamed rice for a full meal.",https://vickypham.com/blog/traditional-pork-ribs-fish-sauce/,80m,15m,95m,4 serving(s),"[Ingredients] 2 lbs pork spare ribs, 2 teaspoons salt (optional for cleaning), 2 teaspoons chicken bouillon powder, 1 teaspoon granulated white sugar, 2 tablespoons fish sauce, ½ teaspoon ground black pepper and a sprinkle as garnish, ½ teaspoon baking soda (meat tenderizer), 3 garlic cloves (about 1 tablespoon minced), 1 stalk lemongrass (about 2 tablespoons minced), 1 small shallot (about 1 tablespoon minced), 2 heaping tablespoons cornstarch, 2 tablespoons vegetable oil, ½ cup water, 1 scallion/green onion (optional; slice thin)","[Instructions] 1) [Cleaning (optional but recommended)] Remove the outer membrane of the pork. It’s typically only on one side. Start off by tearing or cutting a small piece then pull the rest off with your hands. It can get slippery. If so, use a paper towel for a better grip. Clean the pork by giving it a good rub down with salt. This helps get rid of any foul pork smell and surface residue. Rinse the ribs under cold running water to wash off salt then drain or pat dry. | 2) [Cut the pork] Cut in-between the bones into long single rib pieces, then use a sharp meat cleaver/butcher knife to hack each rib into bite-size 2-inch segments. Have confidence in your hacking skill to have clean cuts. Otherwise, you will have small pieces of bone fragments. Be careful of those fingers. | 3) [Marinate] In a medium-size bowl, marinate ribs with bouillon powder, sugar, fish sauce, ground black pepper, baking soda, garlic, and lemongrass for at least 1 hour or overnight in the fridge for best results. | 4) [Fry] In a large 12-skillet with a lid, heat vegetable oil on medium-high. Toss marinated pork ribs with cornstarch until evenly coated. Pan fry spare ribs until golden brown on all sides (about 5 minutes). | 5) [Cover and braise] Add water (½ cup), cover skillet with a lid, and cook for 10 minutes until tender. Remove lid and continue to pan-fry until moisture is gone. | 6) [Garnish and serve] Garnish with sliced green onion/scallion and a sprinkle of freshly cracked black pepper and serve. Serve with rice or noodles for a complete meal.",https://i0.wp.com/vickypham.com/wp-content/uploads/2024/08/1cf86-eosm5_5239.jpg?fit=2500%2C2500&ssl=1,"entree, appetizer","asian, vietnamese","traditional vietnamese fried lemongrass pork ribs, sườn chiên sả, vietnamese pork ribs recipe, lemongrass pork ribs, fish sauce pork ribs, pan-fried pork ribs, vietnamese ribs recipe, lemongrass marinade, vietnamese flavors, pork ribs with fish sauce, aromatic pork ribs, easy vietnamese ribs, vietnamese appetizer, pork ribs with steamed rice, tender pork ribs recipe",,,0,3,3
Vietnamese Chicken Soup with Bamboo Shoots (Canh Gà Nấu Măng),Looking for a soup dish to go with a traditional Vietnamese family meal? Here is warm and comforting chicken soup with crunchy bamboo shoots. A simple and easy recipe to have alongside steamed rice.,https://vickypham.com/blog/vietnamese-chicken-soup-with-bamboo-shoots-canh-ga-nau-mang/,5m,20m,25m,5 serving(s),"[Ingredients] 12 oz chicken thighs cut into bite-sized pieces, 1 lb bamboo shoots (canned or semi-fresh bamboo in vacuumed sealed bags), 2 teaspoons fish sauce, 2 teaspoons sea salt, 2 teaspoons granulated sugar, 2 teaspoons chicken bouillon powder, 5 cups water, 2 tablespoons vegetable oil, 1 tablespoon minced shallots, 1 tablespoon minced garlic, 4 green onions (thinly sliced; whites and greens separated), ⅛ teaspoon (pinch) ground black pepper","[Instructions] 1) [Season chicken] with half the amount of fish sauce, salt, sugar and chicken bouillon powder. | 2) [Prepare bamboo] Discard the liquid from the bag or can. Rinse the bamboo shoots then boil in water for about 5 minutes. Remove from the boiling water and give it a final rinse. Bamboo is now ready for use. In a separate medium bowl, combine bamboo with the remaining seasonings (fish sauce, sea salt, sugar and chicken bouillon powder). Set aside. | 3) [Prepare soup] In a medium pot, heat oil and sauté the shallots, garlic and whites of green onions until fragrant (about 20 seconds). Add in the marinated chicken. Give it a quick toss in the aromatics (about 30 seconds). Add water to the stock pot. Turn up the heat to a boil then reduce heat to a low simmer and cook for 20 minutes. Scoop away any impurities that float to the top. | 4) [Add marinated bamboo shoots] and continue to cook for 10 minutes. | 5) [Finish] Turn off heat and garnish with ground black pepper and remaining green onions.",https://i0.wp.com/vickypham.com/wp-content/uploads/2024/08/1f3e4-eos-m5_2760.jpg?fit=2500%2C2500&ssl=1,side dish,"asian, vietnamese","Vietnamese chicken soup recipe, Vietnamese chicken soup, Vietnamese chicken soup with bamboo shoots, Vietnamese bamboo shoot recipe, canh ga nau mang, canh ga, canh gà nấu măng, Vietnamese canh recipe, Vietnamese soup recipe, traditional Vietnamese canh recipe, how to make canh, how to soup with bamboo shoots, how to prepare bamboo, how to prepare bamboo shoots, Vietnamese side soup recipes, Vietnamese side soup, traditional Vietnamese side soup, Vietnamese soup to eat with rice, Vietnamese side soup to eat with rice, Vietnamese chicken side soup recipe to eat with rice, rice side dishes, soup side dishes for rice",,,0,16,16
Refreshing and Easy Vietnamese Summer Salad with Banana Blossom (Gỏi Bắp Chuối),"A refreshing, easy banana blossom salad with lots of Asian flavors and contrasting textures.",https://vickypham.com/blog/vietnamese-summer-salad-banana-blossom-goi-bap-chuoi/,25m,25m,25m,4 serving(s),"[Ingredients] 1 banana blossom, 1 lemon, Half white or yellow onion, 1 cup Vietnamese coriander leaves (Rau Răm), 1 cup spearmint leaves (Húng Lủi), 1 cup fried shallots, 1 cup toasted crushed peanuts, 1 cup Vietnamese fish sauce dipping sauce (Nước Mắm Chấm)","[Instructions] 1) [Prepare the banana blossom] Remove the first 2 or 3 rough outer leaves of the banana blossom, and slice off the pointy tip. Use a mandolin or one of those large hand-held old school Vietnamese slicers that looks like a vegetable peeler on crack. You can also use a knife but it is not recommended, as the slices will have inconsistent thickness, which will adversely affect texture. Thinly slice the banana blossom, starting from the tip end until you’re dangerously close to slicing yourself on the root end. Transfer sliced banana leaves to a large bowl of water. Squeeze lemon into the water to prevent the banana blossom from darkening and set aside. | 2) [Prepare the onion] Thinly slice the onion using the same method as the banana blossom to keep the thickness consistent. Transfer the onion slices into an iced water bath to remove the strong onion smell and crisp up the texture. Set aside. | 3) [Prepare the Vietnamese coriander and spearmint] Make sure to wash the Vietnamese coriander leaves and spearmint leaves thoroughly, especially if they are fresh from the garden. | 4) [Prepare peanuts] If you don’t already have toasted peanuts on hand, get raw peanuts (without peel) and dry toast them in a pan until golden brown. Set aside to cool and then roughly crush them with a mortar and pestle. You can also put them into a ziploc bag and gently crush them with a rolling pin or anything heavy. You want coarse pieces of peanuts so avoid over crushing. | 5) [Assemble] Drain dry the banana blossom, onion, Vietnamese coriander, and spearmint in a salad spinner. Transfer to a large serving platter. When ready to serve, toss the salad together with the fish sauce salad dressing, a little at a time to your liking. When in doubt, it’s best to under dress the salad. You can always add more dressing later. Finally, top with crushed peanuts and fried shallots. To make the salad more filling, add boiled proteins such as chicken, pork belly and shrimp. You can also add in thin rice noodles to make it a complete meal.",https://i0.wp.com/vickypham.com/wp-content/uploads/2024/08/f3345-eos-m5_4313.jpg?fit=2500%2C2500&ssl=1,side dish,"asian, vietnamese","vietnamese summer salad, banana blossom salad, gỏi bắp chuối, easy vietnamese salad, refreshing salad recipe, asian flavors salad, healthy vietnamese salad, banana blossom recipe, vietnamese salad with peanuts, summer salad with banana blossom, rice noodles salad, vietnamese coriander salad, spearmint salad, easy asian salad, crunchy salad recipe, vietnamese salad dressing, refreshing side salad, banana blossom dish, vietnamese recipe, salad with fried shallots",,,0,0,0
Banana Nut Chocolate Chip Muffins,"Soft, moist, and not-too-sweet, these banana muffins are the perfect way to use up overripe bananas. Add chocolate chips or walnuts if you want, or leave them out for a simple treat. This recipe makes 12 muffins.",https://vickypham.com/blog/banana-bread-recipe/,10m,20m,30m,12 muffins,"[Ingredients] 3 or 4 large fully ripe bananas, 1/2 cup granulated sugar, 1 large egg, 1 teaspoon vanilla extract, 1/4 cup melted unsalted butter (see notes below), 1 1/2 cups all-purpose flour, 2 teaspoons baking powder, 1/2 teaspoon salt, 1 teaspoon pumpkin pie spice or ground cinnamon, 1/3 cup chocolate chips (dark or semi-sweet; optional), 1/3 cup chopped walnuts (optional)","[Instructions] 1) [Preheat] oven to 350°F. | 2) [Make the batter] In a medium mixing bowl, add bananas and smashed thoroughly with a fork or potato masher. Add sugar, egg, vanilla extract, and melted butter. Mix until well combined. Add Add flour, baking powder, salt, cinnamon or pumpkin pie spice. Add chocolate chips and walnuts if using. Mix until just incorporated. | 3) [Bake] Line cupcake or muffin trays with liners. Fill liners 3/4 full with batter. Bake until toothpick inserted in the center comes out clean (about 20 minutes).",https://i0.wp.com/vickypham.com/wp-content/uploads/2015/06/2025_05_29-Banana-Muffin58045-3.jpg?fit=3516%2C3516&ssl=1,"Dessert, Breakfast, Snack","American, Hawaiian","banana nut muffins, banana chocolate chip muffins, banana muffin recipe, easy banana muffins, banana muffins with walnuts, banana muffins with cashew, chocolate chip banana muffins, ripe banana recipe, moist banana muffins, simple banana muffin recipe, kid friendly muffins, no mixer banana muffins, banana chocolate chip muffins, how to make banana nut muffins",,,0,0,0
Beef Cabbage and Carrot Stir Fry (Thịt Bò Xào Bắp Cải Cà Rốt),"A fast, no-fuss beef stir-fry with cabbage and carrots — perfect for busy nights when all you want is something simple and good with rice.",https://vickypham.com/blog/beef-cabbage-carrot-stir-fry/,10m,5m,15m,5 servings,"[Ingredients] 10 oz beef (cut into thin slices against the grain), 1/8 teaspoon baking soda, 1/4 teaspoon sugar, 1/2 teaspoon salt, 1/4 cup water, 1 egg white, 3 tablespoons cornstarch, 1/3 cup water, 2 tablespoons light soy sauce, 2 tablespoons dark soy sauce, 1 teaspoon sugar, 2 tablespoons cornstarch, 3 tablespoons neutral oil, 1 tablespoon minced garlic, 2 green onions (thinly sliced with greens and whites separated), 4 oz carrot (about 1 large, peeled, cut on a bias into slices), 1 lb sliced cabbage (cut into small squares)","[Instructions] 1) [Prepare the beef] In a bowl, mix sliced beef (10 oz) with baking soda (⅛ tsp), sugar (¼ tsp), salt (½ tsp), water (¼ cup), egg white (1), and cornstarch (3 tbsps). | 2) [Make the dark stir fry sauce] In a small bowl, stir together water (⅓ cup), light soy sauce (2 tbsps), dark soy sauce (2 tbsps), sugar (1 tsp), and cornstarch (2 tbsps) until starch is dissolved. Set aside. | 3) [Cook the beef] Heat a large skillet or wok over medium-high heat with oil (3 tbsps). Add the marinated beef in a single layer and pan fry until it’s about 50% done — just starting to brown but still pink in spots. | 4) [Add aromatics and veggies] Add garlic (1 tbsp), whites of green onions (from 2 stalks), and sliced carrot (4 oz). Stir-fry for about 2 minutes to let the carrot soften slightly. | 5) [Add cabbage and sauce] Stir in the cabbage (1 lb) and pour in the stir fry sauce. Toss everything together for another 2–3 minutes until the cabbage wilts and the sauce thickens. | 6) [Finish] Turn off the heat, garnish with the remaining green parts of the green onions, and serve with rice or noodles for a complete meal.",https://i0.wp.com/vickypham.com/wp-content/uploads/2025/06/2025_06_03-Beef-Cabbage-Carrot-Stirfry58155-1.jpg?fit=2851%2C2851&ssl=1,side dish,"Asian, Vietnamese, Chinese","beef and cabbage stir fry, easy beef stir fry, quick cabbage stir fry, asian beef cabbage recipe, beef stir fry with vegetables, chinese beef and cabbage, stir fry with beef and cabbage, easy asian stir fry, simple beef and cabbage dish, homecooked stir fry, how to make beef stir fry, thit bo xao, how to make thit bo xao, cabbage recipe, carrot recipe, easy stir fry asian recipe",,5.0,1,1,2
Chinese White Sugar Sponge Cake (Bánh Bò Người Hoa),"Soft, chewy, and full of honeycomb-like air pockets, these steamed Chinese white rice flour cakes are just like the sweet treats you’d find at dim sum.",https://vickypham.com/blog/chinese-white-sugar-sponge-cake/,120m,25m,145m,5 servings,"[Ingredients] 200g regular rice flour, 100g granulated white sugar, 1 packet vanilla sugar (9g), 1/2 teaspoon salt, 400 ml water (room temperature), 3g instant yeast, 1 tablespoon vegetable oil","[Instructions] 1) [Make the batter] In a medium mixing bowl, combine rice flour (200g), sugar (100g), vanilla sugar (9g), salt (1/2 tsp), and water (400 ml). Whisk until smooth, then strain the mixture through a fine mesh sieve to get rid of any lumps. Add the instant yeast (3g) and stir to combine. | 2) [Let it ferment] Cover the bowl with plastic wrap or a clean kitchen towel and let it sit at room temperature for 2 hours but no longer, or it’ll turn overly sour. The surface should look bubbly, and you’ll notice a light sour aroma. Once it’s fermented, mix in the oil (1 tbsp) and set aside. | 3) [Prepare your steamer] Fill your steamer with water and bring it to a boil. Wrap the steamer lid with a large kitchen towel to catch condensation. Pull the ends of the towel up and tie them around the lid handle. Make sure nothing hangs down that could touch the burner. Alternatively you can also lay a towel nearby and halfway through steaming, carefully lift the lid but keep it level, then transfer it to the towel to wipe off any water droplets that are clinging to the underside. | 4) [Steam the cakes] Transfer the empty cake pan or small bowls into the steamer and let it get hot for about 2 minutes. Then, pour the batter through a strainer into the pan, filling it about three-quarters full. Cover the steamer with the towel-wrapped lid and steam for 25 minutes, or until a toothpick inserted into the center comes out clean. | 5) [Finish] Carefully remove the cake pan or small bowls out of the steamer. Let it cool slightly before removing it from the pan. Slice into wedges and serve warm or at room temperature.",https://i0.wp.com/vickypham.com/wp-content/uploads/2025/05/2025_05_24-Chinese-sugar-sponge-cake503800-4.jpg?fit=3784%2C2937&ssl=1,Dessert,"Asian, Chinese, Vietnamese","chinese white sugar sponge cake, chinese steamed rice cake, dim sum sponge cake, white honeycomb cake, banh bo nguoi hoa, soft chewy steamed cake, how to make chinese sponge cake, asian yeast cake recipe, dim sum dessert recipe, steamed rice flour cake, light and airy sponge cake, chinese dim sum cake, rice flour yeast cake, homemade chinese sugar cake, traditional chinese dessert",,,0,0,0
Easy Filipino Chicken Wing Adobo,"This easy chicken wing adobo recipe is a simple, no-fry version of the classic Filipino dish. Made with soy sauce, vinegar, garlic, and pantry staples, it’s savory, tangy, and perfect with steamed rice. Great for meal prep and weeknight dinners.",https://vickypham.com/blog/easy-chicken-wing-adobo/,30m,30m,60m,5 serving(s),"[Ingredients] 3 lb chicken (any parts cut into bite-sized pieces or wings), 1/4 cup soy sauce (Datu Puti brand preferred), 3 tablespoons vinegar (Datu Puti brand preferred), 3 teaspoon granulated sugar, 1 teaspoon oyster sauce, 1 teaspoon dark soy sauce, 5 large garlic cloves (smashed), 3 bay leaves (see notes below), 1 teaspoon ground black pepper, 3/4 cup water","[Instructions] 1) [Marinate] In a medium pot or tall skillet, combine the chicken (3 lbs), soy sauce (1/4 cup), vinegar (3 tbsps), sugar (3 tsps), oyster sauce (1 tsp), dark soy sauce (1 tsp), garlic (5 large cloves), bay leaves (3 ), ground black pepper (1 tsp), and water (3/4 cup). Toss everything together until the chicken is well coated and marinate for 30 minutes. If using bigger chicken pieces, marinate for one hour. | 2) [Braise] Bring the pot to a boil over medium heat. Once boiling, reduce the heat to a low simmer low and cover. Braise for 20 minutes tossing half way through for even cooking. After 20 minutes, uncover and simmer until the sauce slightly reduces so that you have a bit of sauce at the bottom. For a glaze version, simmer uncovered for a few more minutes. | 3) [Finish] When ready to serve, remove and discard the bay leaves, and garnish with thinly sliced green onion (optional). Serve with steamed rice for a balance and complete meal.",https://i0.wp.com/vickypham.com/wp-content/uploads/2025/05/2025_05_13-Chicken-Wing-Adobo57630-1.jpg?fit=3571%2C3571&ssl=1,side dish,"Asian, Filipino","filipino chicken adobo, easy chicken adobo recipe, chicken adobo with datu puti, soy sauce vinegar chicken, garlic chicken adobo, authentic filipino adobo, how to cook chicken adobo, chicken adobo with oyster sauce, chicken adobo recipe simple, filipino adobo recipe, easy chicken wing adobo recipe, easy chicken wing adobo, chicken wing adobo, filipino adobo with soy sauce and vinegar, no fry adobo, datu puti adobo, how to make chicken adobo",,,0,0,0
Easy Chinese Air Fryer Chicken Wings,"The only soy sauce chicken wing recipe you need. Juicy whole wings, caramelized skin, air-fried for fast cooking and easy cleanup.",https://vickypham.com/blog/easy-chinese-air-fryer-chicken-wings/,60m,14m,74m,4 servings,"[Ingredients] 1 1/2 lbs chicken (about 6 full wings or 12 flats/drumettes), 2 tablespoons light soy sauce, 1 tablespoon oyster sauce, 1 teaspoon Shaoxing cooking wine (optional or can sub with dry sherry), 1 1/2 tablespoons honey (can sub with sugar), 1/4 teaspoon ground white pepper, 1/4 teaspoon ginger powder, 1 teaspoon garlic powder, 1 teaspoon onion powder, 1 teaspoon black vinegar (can sub with rice, cane, or white vinegar), Oil cooking spray","[Instructions] 1) [Clean Chicken Wings] Pat chicken wings (1 ½ lbs) dry with paper towels, or give it a more thorough cleaning by scrubbing it down with an additional 2 teaspoons salt and rinse and drain dry. Make sure to sanitize or clean the sink afterwards so no chicken juice spreads everywhere. | 2) [Marinate the wings] In a small bowl, whisk together light soy sauce (2 tablespoons), oyster sauce (1 tablespoon), cooking wine (1 teaspoon), honey (1 ½ tablespoons), ground white pepper (¼ teaspoon), garlic powder (1 teaspoon), onion powder (1 teaspoon), and black vinegar (1 teaspoon). Adjust to taste if needed. Combine the marinade and chicken wings in a large bowl and toss until evenly coated. Marinate for at least one hour or overnight in the fridge for better results. | 3) [Air fry] Preheat your air fryer to 340°F. Arrange the wings in a single layer in the basket with the flat sides down, tucking the wing tips underneath the thicker pieces so they don’t burn. Spray lightly with cooking spray, then air fry for a total of 14 minutes, flipping halfway through. | 4) [Finish] Serve hot with rice, noodles, or enjoy on their own.",https://i0.wp.com/vickypham.com/wp-content/uploads/2025/07/2025_07_12-soy-sauce-air-fryer-chicken-wings59061-2.jpg?fit=3405%2C3405&ssl=1,"appetizer, side dish","Asian, Chinese","easy soy sauce chicken wings, chinese soy sauce chicken, air fryer chicken wings, whole chicken wings recipe, honey soy wings, oyster sauce chicken wings, black vinegar chicken wings, soy sauce chicken wing recipe, easy soy sauce chicken wing recipe, shoyu chicken wing recipe",,5.0,3,4,7
Silky Chinese Steamed Eggs,"Light, silky, and comforting, this Chinese steamed egg recipe makes a jiggly egg custard that comes together quickly.",https://vickypham.com/blog/silky-chinese-steamed-eggs/,2m,15m,17m,3 servings,"[Ingredients] 3 medium eggs, 1 1/2 cups warm water, 3/4 teaspoon salt, 1/4 teaspoon chicken bouillon powder (optional, see notes below), Thinly sliced green onions, Light soy sauce, liquid seasoning, or Maggi sauce, Sesame oil, Chili oil","[Instructions] 1) [Prepare the steamer] Bring water to a boil then lower the heat to a gentle simmer while you prepare the eggs. | 2) [Make the Egg Mixture] Crack eggs (3) into a shallow, heatproof bowl. Gently beat with chopsticks or a fork. Add water (1-1/2 cups) and season with salt (3/4 teaspoon) or a little chicken bouillon powder (1/4 teaspoon) or its substitutes, if using. Mix well. | 3) [Remove surface bubbles] Use a spoon to push all the bubbles to the edge of the bowl then skim them off. | 4) [Steam] Carefully place the bowl onto the steaming rack. Cover and steam over medium-low heat for about 15 minutes. In the last 2 minutes, sprinkle sliced green onions over the top. To test for doneness: Gently jiggle the bowl. The center should wobble like soft tofu but not look liquid. | 5) [Finish] Using a dish clip, carefully remove the bowl from the steamer. Drizzle with light soy sauce, a few drops of sesame oil, and your favorite chili oil. Serve hot with rice for a full meal, or enjoy on its own as a light snack.",https://i0.wp.com/vickypham.com/wp-content/uploads/2025/05/2025_05_28-Chinese-steamed-egg57948.jpg?fit=3288%2C3288&ssl=1,side dish,"Asian, Chinese","chinese steamed eggs, how to make chinese steamed eggs, steamed egg recipe, chinese egg custard, savory steamed eggs, silky egg custard, chinese egg side dish, easy steamed eggs, homestyle chinese eggs, steamed eggs with pork, steamed eggs with tofu, steamed eggs with chili oil, steamed eggs with green onions, steamed eggs with sesame oil, steamed eggs with soy sauce, chinese steamed eggs recipe, authentic chinese steamed egg recipe, easy chinese recipe, easy asian recipe with eggs, easy asian steamed eggs, easy asian steamed egg recipe",,,0,0,0
Vietnamese Caramelized Pork and Shrimp (Thịt Rim Tôm),A quick and easy Vietnamese classic made with pork and shrimp in a sweet and savory fish sauce glaze. This version uses dark brown sugar as a shortcut instead of the traditional method of caramelizing sugar. Serve with hot steamed rice for a complete meal.,https://vickypham.com/blog/thit-rim-tom-vietnamese-caramelized-pork-shrimp/,5m,14m,19m,4 servings,"[Ingredients] 1 tablespoon neutral oil, 1 lb pork belly or pork shoulder, 1/2 lb whole small shrimp (size 50+ recommended), 2 1/2 tablespoons fish sauce, 1/4 teaspoon MSG (optional), 2 tablespoons dark brown sugar, 2 teaspoons ground black pepper (and a bit more for garnish), 1 green onion (thinly sliced, white and green part separated), 3 garlic cloves (peel and mince, about 1 tablespoon), 1 small shallot (peel and mince, about 2 tablespoons), 1/2 cup water, Thinly sliced red chili peppers (optional)","[Instructions] 1) [Prepare pork and shrimp] Clean the pork (1 lb) and shrimp (1/2 lb) by rubbing it with an additional tablespoon of salt, rinsing thoroughly, and draining dry. Cut the pork into bite-sized strips about 1/4″ thick. If using pork belly, ensure each strip includes layers of skin, meat, and fat. Set pork aside. To devein the shrimp, remove the dark intestinal tract if it’s still there. Use a toothpick to gently lift the vein from the back of the shrimp, sliding the toothpick under the shell to pull it out. Rinse the shrimp again to remove any leftover vein. Set the shrimp aside. | 2) [Pan fry pork] Heat a little oil in a medium skillet over medium-high heat. Add the sliced pork in a single layer and let it cook undisturbed for about 5 minutes, or until the bottom develops a light brown crust. This adds flavor and gives the pork a head start so it finishes cooking at the same time as the shrimp later. | 3) [Add shrimp, seasonings and aromatics] Add shrimp (1/2 lb), fish sauce (2-1/2 tbsps), MSG (1/4 tsp) if using, dark brown sugar (2 tbsps), whites of green onion, garlic (3 minced cloves/1 tbsp) and shallot (1 small bulb/2 tbsps). Mix everything together until fully incorporated and aromatics slightly toasted and fragrant (about 1 minute). | 4) [Braise] Add water (1/2 cup) and let everything simmer on medium-low heat for about 8 minutes, uncovered. Stir occasionally so all the pieces get evenly coated in the sauce. It’s ready when most of the water has cooked off and you’re left with a thick glaze clinging to the pork and shrimp. If the mixture looks too dry or if you prefer more sauce, you can add a little more water. Just don’t add too much. You want a glaze at the end and not broth. | 5) [Finish] Once most or all of the liquid has cooked off, garnish with the remaining green onions, chili peppers, and freshly cracked black pepper. Serve with steamed rice and a side of soup for a complete Vietnamese meal.",https://i0.wp.com/vickypham.com/wp-content/uploads/2019/07/2025_06_12-Thit-Rim-Tom-Pork-Belly-Shrimp-Caramelized58394-1.jpg?fit=3522%2C3522&ssl=1,side dish,"Asian, Vietnamese","tom rim thit, thit rim tom, Vietnamese caramelized shrimp and pork, Vietnamese braised shrimp and pork, tom rang ba chi, tom rang thit heo, thit ba roi rang tom, Vietnamese caramelized shrimp pork belly, Vietnamese caramelized shrimp and pork shoulder, Vietnamese caramelized shrimp and pork butt, Vietnamese braised pork belly and shrimp, Vietnamese shrimp and pork belly recipe, how to make thit kho tom, how to make thit rim tom, how to make thit rang tom",,5.0,2,2,4
Vietnamese Baked Cassava Cake (Bánh Khoai Mì Nướng),"A super easy, gluten-free dessert made with grated cassava, coconut milk, and sweetened condensed milk. Similar to Hawaiian Butter mochi, it's moist, chewy, and full of coconut flavor.",https://vickypham.com/blog/vietnamese-baked-cassava-cake-banh-khoai-mi-nuong/,10m,75m,85m,6 servings,"[Ingredients] 1 lb grated frozen cassava (1 package), 4 oz sweetened coconut flakes (see notes below), 1 egg, 2 teaspoons vanilla extract (see notes below), 4 tablespoons melted salted butter (see notes below), 1/2 teaspoon salt, 1 cup coconut milk, 3/4 cup sweetened condensed milk, 1/4 cup granulated white sugar, 2 tablespoons tapioca starch","[Instructions] 1) [Preheat] your oven to 360°F (182°C). Line the bottom and sides of an 8×8-inch square pan, or a pan of similar size, with parchment paper. | 2) [Mix the batter] In a large bowl, combine grated cassava (unfrozen, 1 lb), sweetened coconut flakes (4 oz), egg (1), vanilla extract (2 teaspoons), melted butter (4 tbsps), salt (1/2 tsp), coconut milk (1 cup), sweetened condensed milk (3/4 cup), sugar (1/4 cup), and tapioca starch (2 tbsps). Stir until well combined. | 3) [Transfer to pan] Pour the batter into the prepared pan. Lightly tap and shake to level the top and remove air bubbles. | 4) [Bake] at 360°F for 1 hour and 15 minutes, or until a toothpick comes out mostly clean and the top is golden. If the top isn’t golden enough, switch to low broil (300°F) for a few minutes. Watch carefully to prevent burning. | 5) [Serve] Let the cake cool in the pan. It might deflate slightly which is normal. Once cooled, slice into squares and serve. Enjoy warm or room temperature.",https://i0.wp.com/vickypham.com/wp-content/uploads/2025/06/2025_06_20-Banh-Khoai-Mi-Nuong-Baked-Cassava-Coconut-Cake503938.jpg?fit=3254%2C3254&ssl=1,"Dessert, Snack","Asian, Vietnamese","vietnamese cassava cake, baked cassava cake, banh mi khoai recipe, banh khoai mi nuong, cassava coconut cake, vietnamese butter mochi alternative, gluten free vietnamese dessert, coconut cassava cake, vietnamese dessert cake, chewy cassava cake, how to make banh khoai mi, baked khoai mi recipe, coconut milk cassava dessert, easy vietnamese dessert",,,0,0,0
Vietnamese Pork Sausage Spring Rolls with Orange Dipping Sauce (Nem Nuong Cuon),"A popular Vietnamese spring rolls filled with grilled pork sausage, crisp veggies, rice noodles, herbs, and a hidden crunch—served with the signature orange dipping sauce.",https://vickypham.com/blog/vietnamese-grilled-baked-pork-sausage-spring-rolls-orange-dipping-sauce-nem-nuong-nha-trang/,45m,25m,70m,8 servings,"[Ingredients] Homemade or store-bought Vietnamese pork sausage (Nem Nuong), Lettuce, Cucumbers (slice into matchsticks), Vietnamese herbs, Rice paper, Eggroll/lumpia wrappers (for deep frying), Rice vermicelli noodles or Banh Hoi, 2 tablespoons cup annatto oil, 2 tablespoon finely minced shallots, 1 tablespoon finely minced garlic, 1/3 cup glutinous/sweet rice (unrinsed), 5 oz fatty ground pork (about 1/2 cup), 3 cups water or unsalted stock, 2 tablespoons fish sauce, 2 teaspoons granulated sugar","[Instructions] 1) [Make the sausage] Make either homemade Vietnamese pork sausage (Nem Nuong) or buy the premade one, available in the frozen aisle of your Asian supermarket. Shape it into a flat sheet, then grill or bake until caramelized on the outside (350°F for 15 minutes, flipping halfway). Slice into long strips, then set aside. | 2) [Prepare the fillings] Cook the rice noodles, wash the vegetables and herbs, and cut the cucumber into thick matchsticks. Set aside. | 3) [Fry the spring roll wrappers] Cut into egg roll or lumpia wrappers into 4 small squares. Roll up and seal with a optional paste (equal part flour and water) or simply press together to keep the roll from unrolling. Deep-fry in batches with seams down until light brown and crispy (350°F for about 2-3 minutes). | 4) [Make the sauce] Heat annatto oil in a skillet over medium-high heat. Add shallots and garlic, and sauté until fragrant, about 1 minute. Stir in glutinous rice and toast for 2 minutes. Add ground pork. Cook for 3 minutes while breaking it up. Pour in water or stock, bring to a boil, then simmer over medium heat for 20 minutes. Season with fish sauce and sugar, a little at a time to taste. Transfer the mixture to a blender or food processor and mix until just smooth. Transfer to individual serving bowls. | 5) [Assemble the rolls] Lightly wet a sheet of rice paper and place it on a flat surface. Fold in one side to create a straight edge. Along that edge, add lettuce and herbs, letting them stick out slightly for presentation. In the center near the bottom, layer a piece of fried egg roll wrapper, some rice noodles, and a strip of pork sausage. Start rolling from the bottom up to the center, fold in other side, then continue rolling to seal. Serve with dipping sauce warm on the side.",https://i0.wp.com/vickypham.com/wp-content/uploads/2019/09/e7f60-118-e1749522782164.jpg?fit=1190%2C1190&ssl=1,appetizer,"Asian, Vietnamese","spring rolls recipe, vietnamese pork sausage spring rolls, orange dipping sauce for nem nuong, homemade nem nuong cuon, how to make vietnamese spring rolls, grilled pork sausage spring rolls, vietnamese orange spring roll sauce, brodard’s special sauce, brodard orange sauce recipe, brodard’s famous orange dipping sauce, nha trang orange dipping sauce, nem nuong sauce recipe, orange nem nuong sauce, brodard’s secret orange sauce recipe, nem nuong orange dipping sauce, nem nuong orange dipping sauce recipe",,,0,6,6
Vietnamese Coconut Coffee (Cà Phê Dừa),"Add a tropical coconut twist to your Vietnamese iced coffee with the help of Lee’s Coffee Concentrate. Quick, easy, and refreshing.",https://vickypham.com/blog/vietnamese-iced-coconut-milk-coffee-ca-phe-dua/,10m,10m,10m,2 tall glasses,"[Ingredients] 4 cups whole ice (divided, half for slush, half for serving), 2 tablespoons sweetened condensed milk, 1/3 cup unsweetened coconut cream (can sub with coconut milk), 2 cups Lee’s Coffee Concentrate","[Instructions] 1) [Make the coconut slush] In a blender, combine ice (2 cups only), sweetened condensed milk (2 tbsps), and coconut cream (1/3 cup). Blend until you get a smooth slush. | 2) [Assemble drinks] Using two tall 16 oz glasses, add 1 cup of ice to each. Pour 1 cup of Lee’s Coffee Concentrate into each glass, then divide the coconut slush evenly and spoon it over the coffee. | 3) [Serve] Stir to mix and enjoy.",https://i0.wp.com/vickypham.com/wp-content/uploads/2025/07/2025_07_11-coconut-vietnamese-coffee58862-2.jpg?fit=3239%2C3239&ssl=1,"Drinks, Desserts","Asian, Vietnamese","vietnamese coconut coffee, ca phe dua, vietnamese iced coconut coffee, lee’s coffee concentrate recipe, vietnamese coconut coffee blender, how to make coconut coffee, vietnamese coffee with coconut milk, coconut coffee with lee’s concentrate, easy vietnamese iced coffee, coconut milk coffee recipe",,,0,0,0
Vietnamese Pickled Mustard Greens and Pork Rib Soup (Canh Cải Chua Sườn),"Pickled mustard greens gone too sour? Turn them into this light, tangy Vietnamese pork rib soup that’s perfect with rice.",https://vickypham.com/blog/vietnamese-pickled-mustard-greens-pork-rib-soup/,5m,35m,40m,5 servings,"[Ingredients] 1 lb pork spare ribs, 2 tablespoons neutral oil (I’m using vegetable oil), 1 tablespoon minced garlic (about 3-4 cloves), 1/4 cup minced shallots, 10 whole cherry tomatoes or 1 medium tomato (cut into thick wedges), 1 quart water, 1 cup pickled mustard greens, 1 cup pickled mustard green brine, 1 tablespoon fish sauce, 2 teaspoons salt, 1 tablespoon chicken bouillon powder, 2 tablespoons granulated sugar, 1 teaspoon ground black pepper and sprinkle more for garnish, Handful thinly sliced cilantro or 1 green onion","[Instructions] 1) [Prepare the pork ribs: ] Separate the ribs by cutting between the bones. If they’re too large, chop them into bite-sized pieces using a meat cleaver. Rub the ribs with additional salt (about 1 teaspoon) to clean the surface, then rinse thoroughly with water and drain well. Set aside. | 2) [Pan-fry the pork ribs] Add oil to a medium pot and heat over medium-high. Add the pork ribs, lightly season with some of the seasonings (the rest will go into the broth later), and cook for about 3 minutes, or until the outside of the pork ribs is lightly caramelized. | 3) [Aromatics] Add chopped shallots and minced garlic to the pot. Stir and cook for about 30 seconds until fragrant. | 4) [Add tomatoes] and pan fry for about 2 minutes. | 5) [Add the pickled mustard greens, water, and brine] Bring everything to a boil—this should take about 7 minutes. Once boiling, lower the heat and let it simmer gently for about 30 minutes, or until the ribs are tender. Skim off any foam on the surface to keep the broth clear. | 6) [Season] with remaining salt, fish sauce, sugar, and chicken bouillon powder. Adjust to your liking, if needed. | 7) [Finish] Transfer the soup to a serving bowl. Sprinkle with freshly cracked black pepper, green onions, cilantro, and/or red chilies. Serve hot with steamed rice and one other protein side dish like for a complete Vietnamese family-style meal.",https://i0.wp.com/vickypham.com/wp-content/uploads/2025/07/2025_07_16-pickled-mustard-green-soup-pork-ribs504203.jpg?fit=3787%2C3787&ssl=1,side dish,"Asian, Vietnamese","vietnamese pickled mustard greens soup, canh cai chua suon, pickled mustard green soup with pork ribs, vietnamese soup with dua chua, how to cook canh cai chua, vietnamese sour mustard greens soup, pork rib soup vietnamese recipe, canh cai chua recipe, dua chua soup, vietnamese mustard greens soup, vietnamese pork rib soup, vietnamese side soup for rice, easy vietnamese soup recipes, traditional vietnamese soups, soup to serve with thit kho",,,0,0,0
Vietnamese Salmon Spring Rolls (Cá Hồi Cuốn Bánh Tráng),"Asian-style marinated salmon wrapped in rice paper with fresh vegetables and herbs. Perfect for a DIY dinner night, a light summer meal, or a refreshing appetizer.",https://vickypham.com/blog/vietnamese-salmon-spring-rolls/,30m,15m,45m,21 spring rolls,"[Ingredients] 1 1/2 lbs salmon, 2 tablespoons oyster sauce, 1/4 teaspoon salt, 1 1/2 teaspoons sugar, 1/4 teaspoon ground black pepper, 1/4 teaspoon ground ginger, 1 tablespoons minced fresh garlic or 1 teaspoon garlic powder, 1 tablespoon sesame oil, Vietnamese scallion oil (use half recipe), 1/4 cup roasted unsalted peanuts, Fried shallots (hành phi), 1 package medium rice noodles or thin noodle sheets (banh hoi), Vietnamese peanut dipping sauce, 1 package round rice paper, Vegetables (lettuce, cucumber, etc), pickles and herbs","[Instructions] 1) [Prepare the salmon] Rinse the salmon (1 1/2 lbs) to remove any fishy smell and pat dry with paper towels. Feel with your hands and pull out any pin bones. Cut into pieces if needed to fit in the air fryer. Set aside. | 2) [Marinate the salmon] In a small bowl, combine oyster sauce (2 tbsps), salt (1/4 tsp), sugar (1 1/2 tsps), ground black pepper (1/4 tsp), ground ginger (1/4 tsp if using), garlic (1 tbsp freshly minced or 1 tsp powder), and sesame oil (1 tbsp). Taste and adjust, if needed. Rub the marinade over the salmon and let it sit for at least 15 minutes or overnight in the fridge. | 3) [Air fry the salmon] Line the air fryer basket with parchment paper, leaving a bit of excess on the sides for easy lifting when the salmon is done. Air fry at 375°F for 15 minutes—no preheating or flipping needed. When done, brush with scallion oil and top with roasted peanuts (1/4 cup) and fried shallots. See notes below for baking/roasting instructions. | 4) [Prepare noodles and veggies] Boil the vermicelli noodles according to package instructions. Drain and rinse under cold water. Wash and dry your herbs and vegetables. Set everything aside. | 5) [Make the dipping sauce] Recipe here. | 6) [Assemble the rolls] Gather all your ingredients nearby for quick assembly. Quickly dip the rice paper in room temperature water, making sure all sides are wet, and immediately lift it out. Transfer the rice paper to a clean surface. Add a piece of salmon first so it can be seen through the rice paper for a more appetizing look. Then add the rest of the ingredients. Roll it up from the bottom, tuck in the sides, then roll tightly. | 7) [Finish: ] Serve with peanut sauce on the side. Top peanut sauce with optional sriracha chili sauce and a sprinkle of roasted peanuts.",https://i0.wp.com/vickypham.com/wp-content/uploads/2025/05/2025_06_26-salmon-spring-rolls58712.jpg?fit=3214%2C3214&ssl=1,appetizer,"Asian, Vietnamese","salmon goi cuon, vietnamese salmon spring rolls, salmon spring rolls, goi cuon ca hoi, how to make salmon goi cuon, fresh vietnamese salmon rolls, rice paper salmon rolls, grilled salmon spring rolls, vietnamese spring rolls with salmon, spring roll dipping sauce",,5.0,2,5,7
Seafood Bird Nest (Mì Xào Giòn Hải Sản),"These fried egg noodles, shaped like a bird’s nest, are golden and crunchy on the outside while soaking up a flavorful sauce. Perfect for topping with stir-fried meats and veggies, it's a showstopper.",https://vickypham.com/blog/crispy-fried-egg-noodles-bird-nest/,40m,15m,55m,5 serving(s),"[Ingredients] 10 shrimp (size 21-25, peel, devein), 10 bite-size pieces calamari/squid/cuttlefish, 10 small scallops, 1/2 teaspoon chicken bouillon powder, 1/2 teaspoon sea salt, 1/8 teaspoon ground black pepper, 1/2 teaspoon garlic powder, 1/4 cup corn starch (reserve until frying), 1/4 cup tapioca starch or corn starch, 2 1/2 cups water, 1 tablespoon granulated sugar, 2 tablespoons low sodium soy sauce, 3 tablespoons oyster sauce, 1 teaspoon sesame oil, 1 teaspoon shaoxing cooking wine, 1/4 teaspoon ground black pepper, Orange vegetables: carrots or orange bell peppers, Green vegetables: Bok choy, snow/sugar snap peas, Yellow vegetables: Baby corn or yellow bell peppers, or yellow squash, Red bell peppers, Mushrooms, 1 lb fresh egg noodles, 1 tablespoon minced garlic, 1 tablespoon diced shallots, 1/2 tablespoon minced ginger, Half yellow onion (peel, cut into thin wedges), ground black pepper, green onions, cilantro","[Instructions] 1) [Prepare the seafood and make the sauce] Clean the shrimp, scallop and squid thoroughly by rinsing them with cold running water and drain dry. Transfer to a medium bowl, and marinate with chicken stock powder, salt, ground black pepper, and garlic powder for at least 15 minutes. Set aside. Combine the sauce ingredients in a small bowl and set aside. | 2) [Prepare and blanch the vegetables] Peel and cut your choice of vegetables into bite-sized pieces. Fill a large wok or deep pot with 4 inches of water and bring it to a rolling boil. Add 1/2 teaspoon of salt and 1 teaspoon of oil. Blanch each type of vegetable for 30 seconds to 1 minute, depending on thickness. Mushrooms do not need to be blanched. | 3) [Deep fry the seafood] Remove water from the wok and heat 4-5 inches of oil to 380°F. Add cornstarch to the seafood that we set aside earlier and mix until combined. Drop the seafood into the hot oil one by one to prevent sticking. Deep fry for 30-45 seconds. Seafood does not need to cook all the way through as it will be stir-fried later. Transfer fried seafood to a plate lined with paper towels or a wire rack to remove excess oil. Set aside. | 4) [Prepare the noodles] Divide the egg noodles into 5 large plates. Spread the noodles into a 5-inch disk. | 5) [Deep fry the noodles] To the wok, make sure oil is at 380°F. Slide the noodles from the plate into the hot oil. It should start to puff up immediately. Deep fry the noodles for 30-45 seconds then transfer to a wire rack to drain excess oil and then onto a large plate. Repeat with remaining noodles. Optional: To make the noodles more bowl-shape, immediately transfer fried noodles onto a large bowl. While the noodles are hot, press the noodles down gently into the bowl with a large ladle. This will create a shallow well. | 6) [Sauté the aromatics] Remove the oil from the wok, leaving about 2 tablespoons. Heat up oil on medium high, then add garlic, shallots, ginger and yellow onion wedges. Sauté until fragrant (about 30 seconds). | 7) [Add sauce] Give the sauce mixture a quick stir to re-dissolve the starch that may have settled. Add the mixture to the wok with the aromatics. Cook on medium-high until the mixture starts to bubble and thickens. | 8) [Add blanched vegetables and fried seafood] Cook for about 3 minutes. Scoop out stir-fried mixture and its sauce among the five noodle “nests.” | 9) [Garnish] Add a dash of ground black pepper, sliced greens and/or cilantro. Serve immediately for the best crunchy texture.",https://i0.wp.com/vickypham.com/wp-content/uploads/2024/08/6a315-untitled-1129.jpg?fit=2500%2C2258&ssl=1,entree,"asian, vietnamese, chinese","seafood bird nest recipe, crispy fried egg noodles with seafood, mi xao gion recipe, seafood egg noodles recipe, crispy egg noodles with shrimp, seafood stir fry with egg noodles, chinese seafood bird nest, vietnamese seafood bird nest, crispy egg noodles with calamari, seafood bird nest with scallops, mi xao gion hai san, seafood and vegetable stir fry, homemade seafood bird nest, crispy egg noodles recipe, seafood bird nest recipe easy, seafood egg noodle stir fry, fried egg noodles with vegetables, high-end seafood noodle dish, seafood bird nest with shrimp, egg noodles seafood recipe",,,0,5,5
Easy Vietnamese Crispy Fried Chicken Wing (Restaurant Copycat - Ga Chien Gion),"This fried chicken recipe is my go-to to quickly satisfy the family without fuss. This recipe uses a ready made batter and seasoning mix that I'm convinced Vietnamese restaurants use as well. Easy, crunchy , and delicious - everything you need in fried chicken.",https://vickypham.com/blog/easy-crispy-fried-chicken-wing-base-recipe-canh-ga-chien-gion/,35m,15m,50m,4 serving(s),"[Ingredients] 2 lbs chicken wings, 1 teaspoon First Street Seasoned Salt (or your choice of seasoning salt), 1 teaspoon chicken bouillon powder, ½ cup Mr. Hung Fried Chicken Batter Mix (or your choice of fried batter mix), ⅓ cup water, Vegetable oil for deep frying","[Instructions] 1) [Marinate chicken wings] with seasoning salt and chicken bouillon powder for 30 minutes. | 2) [Make the batter] In a small bowl, add water to the batter mix, adding gradually to achieve a Ranch dressing consistency. Pour batter onto the chicken and toss to evenly coat. | 3) [Deep-fry] Add about 2 inches of oil to a wide wok or skillet and heat to 350°F. Deep fry chicken for 8-10 minutes, separating pieces with tongs or chopsticks to prevent them from sticking together. Fry in batches to ensure temperature doesn’t drop too much. Transfer fried chicken onto a wire rack or plate lined with paper towels to remove excess oil. Serve immediately for best results.",https://i0.wp.com/vickypham.com/wp-content/uploads/2024/08/8e557-eos-m5_1942.jpg?fit=2500%2C2500&ssl=1,"entree, side dish","asian, vietnamese, chinese","Vietnamese fried chicken recipe, Vietnamese fried chicken wing recipe, easy Vietnamese fried chicken wing copycat recipe, how to make Vietnamese fried chicken wing, Mr Hung Fried Chicken Pepper And Garlic Batter Mix, Mr Hung batter mix, Vietnamese batter mix, crispy Asian fried chicken recipe, Asian fried chicken wing recipe, seasoned salt, chicken, chicken wings, how to make Vietnamese fried chicken, Asian chicken recipe, Vietnamese chicken recipe, Vietnamese fried chicken, chicken bouillon powder, first street seasoned salt, restaurant-style Vietnamese fried chicken wing, fried chicken, Vietnamese fried chicken copycat, Vietnamese fried chicken restaurant copycat, Canh Ga Chien Gion, Ga Chien Gion, Cánh Gà Chiên Giòn, Gà Chiên Giòn",,,0,0,0
Vietnamese Grilled Lemongrass and Five-Spice Pork Chop Recipe (Sườn Nướng),"A sweet and savory Vietnamese grilled pork chops, flavored with lemongrass and five-spice. They're the star of Vietnamese broken rice plates, Cơm Tấm.",https://vickypham.com/blog/five-spice-pork-chops/,67m,8m,75m,5 serving(s),"[Ingredients] 2 lbs bone-in pork chops (flatten thin), 2 tablespoons fish sauce, 2 tablespoons soy sauce, 2 tablespoons granulated sugar, 1 tablespoon chicken or mushroom bouillon powder, 2 teaspoons five-spice powder, 1 teaspoon sesame oil, 2 tablespoons minced lemongrass, 1 tablespoon minced garlic, 1 tablespoon minced shallots, Scallion oil (for garnish, optional)","[Instructions] 1) [Make the marinade] In a large bowl, mix together fish sauce, soy sauce, sugar, bouillon powder, five-spice powder, sesame oil, lemongrass, garlic and shallots. Adjust to taste if needed. | 2) [Marinate pork] Add pork chops and marinate at least 1 hour or overnight in the fridge for best results. | 3) [Cook and garnish] Grill on high heat for 3-5 minutes per side. Brush scallion oil on cooked pork chops for a beautiful finish.",https://i0.wp.com/vickypham.com/wp-content/uploads/2024/08/5f54c-eos-m5_2698.jpg?fit=2499%2C2499&ssl=1,entree,"asian, vietnamese","vietnamese grilled pork chops, sườn nướng recipe, lemongrass pork chops, five-spice pork chops, vietnamese pork chop recipe, grilled pork chops with lemongrass, vietnamese barbecue pork, cơm tấm pork chops, vietnamese grilled meat, easy pork chop recipe, sweet and savory pork chops, grilled pork with five-spice, vietnamese pork marinade, lemongrass marinade pork, grilled pork chop recipe",,5.0,1,3,4
Grilled Salt and Chili Shrimp (Tôm Nướng Muối Ớt),"A flavorful grilled shrimp appetizer marinated in a simple, spicy mix. This skewered shrimp dish is a popular Vietnamese street food that is usually shared with others. Quick to cook and full of flavor, it’s the perfect dish for your next gathering. Charred, flavorful, and delicious!",https://vickypham.com/blog/grilled-shrimp-salt-chili/,90m,3m,93m,35 shrimp skewers,"[Ingredients] 35 large shell-on-tail-on prawns/shrimp, 35 wooden skewers (soak in water for 30 minutes), 3 tablespoons annatto oil, 1 tablespoon sesame oil, 2 tablespoons minced lemongrass, 2 tablespoons minced garlic, 1 tablespoons minced shallot, 2 tablespoons oyster sauce, 2 teaspoons granulated sugar, 5 fresh chili peppers mince finely (optional), 1/4 teaspoon MSG (optional), Salt and lime dipping sauce","[Instructions] 1) [Skewer the shrimp] Insert the skewer, starting at the tail then through the head. | 2) [Mix ingredients and marinate] Combine annatto oil, sesame oil, lemongrass, garlic, shallot, oyster sauce, sugar, chili peppers (optional) and MSG (optional) in a small bowl. Mix until combined. Brush marinade on shrimp skewers and set them aside to marinate for at least one hour or overnight in the fridge for better results. | 3) [Grill] Over high heat, grill shrimp for about one minute per side or until lightly charred. Place on a serving platter and serve with optional dipping sauce.",https://i0.wp.com/vickypham.com/wp-content/uploads/2024/08/683f6-square-thumbnail-template.jpg?fit=2000%2C2000&ssl=1,appetizer,"asian, vietnamese","grilled salt and chili shrimp, tôm nướng muối ớt recipe, vietnamese shrimp appetizer, spicy grilled shrimp, vietnamese street food, shrimp skewers recipe, quick shrimp recipe, flavorful shrimp dish, easy grilled shrimp, charred shrimp recipe, shrimp marinade, vietnamese grilled shrimp, shrimp dipping sauce, sesame oil shrimp, lemongrass shrimp skewers",,,0,0,0
Vietnamese Purple Sweet Sticky Rice (Rice Cooker Recipe),"Here’s a cheat version of Vietnamese sweet coconut purple sticky rice using a rice cooker. There’s no need for overnight soaking and no need for a steamer with the perfect size holes. All you need is what you probably already have, a rice cooker.",https://vickypham.com/blog/magenta-sticky-xoi-la-cam-rice-cooker/,5m,30m,35m,4 serving(s),"[Ingredients] 1 1/2 cups water, 2 oz magenta leaves and stems, 3 cups sweet glutinous rice (not rice cooker cups), 13.5 oz can coconut milk, 1/2 teaspoon sea salt, 1/4 cup granulated sugar, 1 tablespoon roasted white sesame seeds, 3 tablespoons granulated sugar, 1/2 teaspoon salt, 1/2 cup toasted peanuts (roughly chopped; optional), 1 cup unsweetened shredded coconut (optional)","[Instructions] 1) [Make the magenta liquid] In a small pot, add water and magenta leaves and stems. Bring the mixture to a boil and cook on a low simmer for 10 minutes. Strain out leaves/stems and discard. Set aside. If you don’t have fresh magenta leaves, mix 3/4 cup water with 1/2 teaspoon ube extract. | 2) [Wash the rice] Rinse sweet rice in a small colander or sieve until water runs clear. Add washed rice to the inner pot of the rice cooker. | 3) [Prepare the rice] Add 3/4 cup magenta or ube liquid to the rice. Mix in coconut milk and salt until evenly combined. Select the sweet rice option, if available, or plain/regular on the rice cooker and press start. Once the rice is done, gently mix in the sugar into the hot rice. | 4) [Prepare the toppings] To a small bowl, mix together toasted white sesame seeds, salt and sugar until evenly combined. Set aside. | 5) [Serve] When ready to serve, divide the sticky purple rice into individual servings (about 4). Top each serving with the coarsely chopped toasted peanuts, a sprinkle of sesame seed mixture, and grated coconut and enjoy.",https://i0.wp.com/vickypham.com/wp-content/uploads/2024/08/36fac-2022_11_20eosm505042.jpg?fit=2500%2C2500&ssl=1,dessert,"asian, vietnamese","Vietnamese xoi la cam recipe, Vietnamese xoi la cam, how to make xoi la cam, Vietnamese purple sticky rice, Vietnamese purple sticky rice recipe, sweet coconut sticky rice, sweet purple coconut sticky rice, sweet coconut sticky rice recipe, sweet purple coconut sticky rice recipe, sweet coconut purple sticky rice using a rice cooker, Vietnamese xoi la cam with a rice cooker, cheat Vietnamese xoi la cam, magenta sticky rice with rice cooker, magenta sticky rice, Vietnamese magenta sticky rice with rice cooker, Vietnamese magenta sticky rice, how to make magenta sticky rice, how to make Vietnamese magenta sticky rice, xôi lá cẩm, xoi la cam, xôi lá cẩm bằng nồi com dien, xoi la cam noi com dien",,,0,4,4
Sheet Pan Moist And Delicious Banana Bread,This sheet-pan banana bread is a delicious healthy dessert alternative that’s moist and quick to make. Keep the banana bread simple or jazz it up with chocolate chips or walnuts. This recipe can feed many (great for the classroom!) or freeze the leftovers as a grab-and-go breakfast or quick dessert.,https://vickypham.com/blog/sheet-pan-banana-bread/,15m,40m,55m,30 serving(s),"[Ingredients] 6-8 dark speckled bananas, 2 cups granulated sugar, 2 teaspoons baking soda, 1 teaspoon salt, 1/2 cup plain yogurt (sour cream, milk, or buttermilk can be used as substitutions), 4 large eggs (beaten), 2 sticks unsalted melted butter (16 tablespoons), 2 teaspoons vanilla extract, 4 cups all-purpose flour, Half sheet pan (13″x 18″), 1 tablespoon honey, 1 tablespoon hot water","[Instructions] 1) [Preheat oven] Set the oven to 350°F degrees. | 2) [Mix] Combine everything except flour. In a large bowl, mash bananas with a fork or a potato ricer until mostly smooth. Mix in sugar, baking soda, salt, yogurt, eggs, melted butter and vanilla extract until mostly smooth. | 3) [Fold in flour] Fold until combined. No worries if there are small lumps. | 4) [Prepare the sheet pan] Line a half sheet pan (13″x 18″) with parchment paper on the bottom and sides. Fill the pan with batter, making sure you have a level surface. | 5) [Bake] Approximately 40 minutes until a toothpick inserted in the center comes out clean. Allow the banana bread to cool completely before cutting. | 6) [Brush on glaze] (optional but highly recommended): In a small bowl, mix together honey and hot water. Brush on the surface for a beautiful finish.",https://i0.wp.com/vickypham.com/wp-content/uploads/2024/08/95c8e-square.jpg?fit=2000%2C2000&ssl=1,dessert,american,"sheet pan banana bread, moist banana bread recipe, delicious banana bread, easy banana bread recipe, healthy banana bread, sheet pan dessert, quick banana bread, banana bread with chocolate chips, banana bread with walnuts, banana bread for breakfast, freeze banana bread, banana bread recipe for a crowd, simple banana bread recipe, sheet pan baked goods, banana bread for classroom",,5.0,2,2,4
Simple Spicy Korean Stir-Fried Rice Cakes (Tteokbokki),"Chewy rice cakes in a sweet, spicy, and savory thick red sauce. This is a simplified recipe that doesn’t require anchovy broth. Less ingredients but the same great flavors. Enjoy this Korean comfort food in less than 15 minutes. Fighting!",https://vickypham.com/blog/spicy-korean-rice-cakes-tteokbokki/,6m,9m,15m,3 serving(s),"[Ingredients] 4 cups cylindrical Korean rice cakes, 3 sheets fish cakes (cut into bite-size pieces), 4 cups water, 1/3 cup Korean red pepper paste (gochujang), 1 tablespoon Korean red pepper flakes (gochugaru), 1 tablespoon granulated sugar, 1 tablespoon soy sauce, 3 scallions (cut into 2-inch pieces), Roasted sesame seeds for garnish (optional)","[Instructions] 1) [Defrost rice cakes if needed] If rice cakes are frozen, rinse with water to thaw and separate any clumps then set aside. It’s OK if rice cakes are still semi-frozen. They will thaw quickly in the broth. | 2) [Make the broth] Add water to a medium pan or wok. Mix in red pepper paste, red pepper flakes, soy sauce and sugar, making sure to smash the red pepper paste so that it’s fully dissolved. Bring the mixture to a medium simmer. | 3) [Add rice cakes and fish cakes] Add rice cakes and fish cakes to the broth until rice cake softens and the broth thickens (about 8-10 minutes). Stir frequently to prevent clumping and burning at the bottom. | 4) [Finish and serve] Turn off heat when broth reaches the desired thickness. If broth gets too thick, add a bit more water and stir to dissolve. When ready to serve, add scallions and sesame seeds to garnish.",https://i0.wp.com/vickypham.com/wp-content/uploads/2024/08/549db-pinterest-template-2000x3000-1.jpg?fit=2000%2C2000&ssl=1,"side dish, appetizer","asian, korean","simple spicy korean stir-fried rice cakes, tteokbokki recipe, korean comfort food, spicy rice cakes, chewy rice cakes, easy tteokbokki recipe, korean stir-fry, quick korean recipe, rice cake recipe, tteokbokki without anchovy broth, korean street food, red pepper paste recipe, savory rice cakes, how to make tteokbokki, korean rice cake recipe",,,0,3,3
"Thai-Style Chili, Lime, Garlic and Cilantro Dipping Sauce for Seafood (Nước Chấm Hải Sản Kiểu Thái)",A Thai-style dipping sauces that pairs perfectly with seafood. It takes no more than 5 minutes and requires no cooking.,https://vickypham.com/blog/thai-style-chili-lime-garlic-cilantro-dipping-sauce-seafood/,5m,5m,5m,1 1/2 cups,"[Ingredients] 1/4 cup hot water, 1/4 cup granulated sugar, 1/4 cup fish sauce, 1/4 cup lime juice, 4 garlic cloves (chop finely or use a garlic press), 1/4 cup finely minced fresh cilantro, 2 chili peppers (optional; finely mince)","[Instructions] 1) [Mix hot water and sugar] In a small bowl, mix together until sugar dissolves. | 2) [Add the other ingredients] Add fish sauce, lime juice, garlic, cilantro and chili peppers. Mix well and serve immediately. If prepping in advance, do not add garlic, cilantro and chili peppers until you are ready to serve.",https://i0.wp.com/vickypham.com/wp-content/uploads/2024/08/a105c-cilantro-seafood-sauce.jpg?fit=2500%2C2148&ssl=1,condiment,"asian, thai","thai chili lime garlic cilantro dipping sauce, thai seafood dipping sauce, nước chấm hải sản kiểu thái recipe, thai dipping sauce for seafood, chili lime garlic sauce, thai-style dipping sauce, seafood dipping sauce recipe, thai sauce with cilantro, fish sauce dipping sauce, thai chili garlic sauce, lime garlic cilantro sauce, thai seafood sauce recipe, thai dipping sauce for shrimp, easy thai dipping sauce, homemade thai seafood sauce, thai-style chili lime sauce, dipping sauce with garlic and cilantro, thai seafood dipping sauce recipe, thai dipping sauce with fish sauce, thai-style garlic lime chili sauce",,,0,2,2
Vietnamese Braised Pork Belly and Eggs with Coca Cola / Coke Soda (Thịt Kho Tàu Coca Cola),"A beloved Vietnamese dish of braised pork belly and eggs. This version uses Coca-Cola to add sweetness, flavor, and rich color to the caramelized pork and eggs. It’s a simple twist that delivers the same delicious, traditional results.",https://vickypham.com/blog/thit-kho-tau-coca-cola-coke-soda/,70m,90m,160m,5 serving(s),"[Ingredients] 2 lbs skin-on pork belly, 1 shallot (peel and mince finely), 3 cloves garlic (peel and mince finely), 4 tablespoons fish sauce, 1 tablespoon granulated sugar, 2 tablespoons chicken bouillon powder, 1 can Coca Cola (12 fl oz; 1.5 cups), 4.5 cups water, 8 peeled hard boiled eggs, 1/4 teaspoon ground black pepper","[Instructions] 1) [Slice pork and marinate] Cut pork belly into 1.5 inch cubes. In a large pot or claypot (we will be using the same pot to marinate and cook with), marinate pork belly with minced shallot, minced garlic, fish sauce, sugar and chicken bouillon powder for at least one hour or overnight in the fridge for best results. | 2) [Sauté] In a medium pot over medium-high heat, sauté pork belly until the shallots and garlic in the marinade are fragrant (1-2 minutes). | 3) [Add water and Coca Cola] Simmer on low for one hour, rotating pork belly once in a while to soak up the liquid. | 4) [Add hard boiled eggs] Make sure to push eggs down into the liquid. Continue cooking on a low simmer for 30 minutes or until pork belly is chopstick tender. Rotate pork belly and eggs as necessary to soak up the marinade and also soak up the color of the soda. | 5) [Serve] Sprinkle ground black pepper before serving. Pair with steamed rice, sliced cucumbers, sliced tomatoes, and/or pickled side dishes.",https://i0.wp.com/vickypham.com/wp-content/uploads/2024/08/f648d-eos-m50_2181.jpg?fit=2500%2C2500&ssl=1,entree,"asian, vietnamese","vietnamese braised pork belly, vietnamese pork belly recipe, thit kho tau recipe, braised pork belly with coca cola, coke braised pork belly, vietnamese pork and eggs, pork belly with coke, braised pork belly with soda, vietnamese cooking, thit kho tau coca cola, pork belly recipe with coke, caramelized pork belly, vietnamese dish with eggs, easy vietnamese pork recipe, pork belly simmered in coca cola, traditional vietnamese pork belly, pork belly with cola, braised pork with soda, vietnamese pork belly and eggs, pork belly recipe for tet, pork belly simmered in coke, vietnamese tet recipe",,,0,7,7
Vietnamese Pickled Bean Sprouts with Garlic Chives (Dưa Giá),"Add a tangy crunch to your meals with Vietnamese pickled bean sprouts and garlic chives. This easy recipe for Dưa Giá offers a refreshing, zesty side that's perfect for balancing out rich dishes or as a tasty topping for other dishes.",https://vickypham.com/blog/vietnamese-pickled-bean-sprouts-garlic-chives-dua-gia/,1440m,1440m,1440m,4 cups,"[Ingredients] 1 lb/16 oz mung bean sprouts, Handful garlic chives (about 2 oz), 3 red chili peppers (optional), 1 small carrot (optional), 2 cups warm water, 1/2 cup white granulated sugar, 1 teaspoon salt, 1 cup white vinegar","[Instructions] 1) [Prepare veggies] Wash the vegetables thoroughly and drain dry. Pick up off any loose stringy ends of the bean sprouts and discard. Cut the garlic chives into 1.5-inch segments. Slice the chili peppers. Transfer everything to a large mixing bowl and set aside. | 2) [Make the brine] In a large bowl, mix together water, sugar, salt, and vinegar until completely dissolved. | 3) [Add brine to the vegetables] Toss until evenly coated and set aside for 30 minutes to wilt for easier handling. | 4) [Pickle] Transfer vegetables to a container with a lid. Pour brine over the vegetables, making sure it completely covers the vegetables. If needed, put weights on the vegetables to keep them submerged. I like to use a small ziplock bag with a bit of water. If using a ziploc bag with water, make sure that the bag is sealed tight to prevent water from leaking into the container. Cover the container with a lid and store in the fridge. The vegetables are ready to eat in one day. Pickled bean sprouts can keep in the fridge for up to three weeks.",https://i0.wp.com/vickypham.com/wp-content/uploads/2024/08/826ee-ssds.jpg?fit=2500%2C2500&ssl=1,side dish,"asian, vietnamese","vietnamese pickled bean sprouts, pickled bean sprouts recipe, vietnamese dưa giá, pickled vegetables with garlic chives, vietnamese side dishes, pickled bean sprouts with garlic chives, how to pickle bean sprouts, easy vietnamese pickled vegetables, pickled bean sprouts for tet, garlic chives pickled recipe, vietnamese pickling recipe, homemade pickled bean sprouts, bean sprouts recipe with garlic chives, vietnamese pickled vegetables, pickled bean sprouts for lunar new year, pickled bean sprouts recipe, quick pickled bean sprouts, vinegar pickled bean sprouts, pickling bean sprouts, vietnamese pickle recipe",,,0,0,0
Vietnamese Sweet Potato / Yam Leaves Soup with Dried Shrimp (Canh Rau Khoai Lang Nấu Tôm Khô),Here is a quick soup recipe with yam leaves and dried salted shrimp for a traditional Vietnamese home-cooked family-style meal.,https://vickypham.com/blog/yam-sweet-potato-leaves-soup-dried-shrimp/,15m,12m,27m,3 serving(s),"[Ingredients] 1 tablespoon vegetable oil, 2 garlic cloves (peel and mince), 1/2 cup dried salted shrimp (soften with hot water for 15 minutes; rinse and drain), 1 liter water, 8 oz sweet potato leaves/tender stems, 1 teaspoon salt, 1 teaspoon chicken bouillon powder, 1 teaspoon granulated sugar, 1/4 teaspoon MSG (optional), 1/8 teaspoon ground black pepper","[Instructions] 1) [Sauté] Heat vegetable oil on medium high in a pot. Add garlic and dried shrimp. Sauté until fragrant (10-20 seconds). | 2) [Add water] Bring the pot to a boil. Reduce heat to a low simmer and cook for 10 minutes. Occasionally skim off any foam that floats to the top if needed. | 3) [Add sweet potato/yam leaves] Cook for 2-3 minutes. | 4) [Season stock] Add salt, stock powder, sugar and MSG. | 5) [Serve] Transfer to a serving bowl and garnish with ground black pepper.",https://i0.wp.com/vickypham.com/wp-content/uploads/2024/08/e5f72-eos-m50_1777.jpg?fit=2500%2C2500&ssl=1,side dish,"asian, vietnamese","vietnamese sweet potato leaves soup, sweet potato leaves soup recipe, canh rau khoai lang recipe, yam leaves soup with dried shrimp, vietnamese yam leaves soup, dried shrimp soup recipe, vietnamese soup with sweet potato leaves, sweet potato leaves soup vietnamese style, canh rau khoai lang nấu tôm khô, vietnamese dried shrimp soup, sweet potato leaf soup, easy vietnamese soup recipe, savory vietnamese soup, vietnamese soup with dried shrimp, sweet potato yam leaves recipe, vietnamese vegetable soup, cooking with sweet potato leaves, how to make vietnamese sweet potato leaves soup, vietnamese canh recipe, sweet potato leaf soup with shrimp",,5.0,1,2,3
Carrot and Cabbage Egg Rolls (Chả Giò Chiên Cà Rốt Bắp Cải),"A popular appetizer made with marinated pork, onions, mushrooms, and noodles, wrapped in rice paper and fried until crispy. This version is more veggie-focused, featuring plenty of carrots and cabbage.",https://vickypham.com/blog/carrot-cabbage-egg-rolls/,45m,5m,50m,40 egg rolls,"[Ingredients] 1 lb ground pork, 1 cup dried Woodear mushrooms (rehydrate in water for 30 minutes or until soften then finely mince), 4 oz dried bean thread vermicelli/cellophane noodles (~1 cup, rehydrate in water 30 minutes or until soft, then finely mince), 2 green onions (trim off ends and slice thinly), 1 small yellow onion (peel and finely dice), 1 teaspoon granulated white sugar, 1/4 teaspoon black pepper, 2 teaspoons sesame oil, 1 teaspoon salt, 3 tablespoons oyster sauce, 1 teaspoon chicken bouillon powder, 1 medium carrot (peel and thinly shred), 1 small cabbage (thinly shred), Menlo All Purpose Wrappers or TYJ Spring Roll Pastry Wrappers (40 sheets), 1 beaten egg yolk (to seal egg rolls), Vegetable oil for frying, Vietnamese Fish sauce dipping sauce (Nuoc Mam Cham)","[Instructions] 1) [Make the pork mixture] In a large bowl, combine ground pork, mushroom, bean thread noodles, green onions and yellow onion. Marinate mixture with sugar, black pepper, sesame oil, salt, oyster sauce and chicken bouillon powder. Set aside. | 2) [Blanch the vegetables] In a large skillet, bring 1/2 cup water to a boil. Add and cook for 30 seconds to 1 minute. Add cabbage and toss around until cabbage is limp and moisture has all evaporated. Drain excess water (if any) by pouring the carrot and cabbage through a colander. Add to the ground pork mixture. | 3) [Wrapping] Thaw out the egg roll wrappers if frozen. Separate into individual sheets by pulling them apart slowly. Lay the wrapper in a diamond shape in front of you. Fold the bottom corner of the wrapper up to the center of the wrapper. Add about 1/3 cup filling on the folded corner. Fold the two sides over then roll upward, neatly tucking everything in. Dab top corner with the beaten egg to seal. | 4) [Deep fry] In a wok or tall skillet, heat vegetable oil to 325°F. Fry in small batches for around 5 minutes until egg rolls are golden brown. Transfer to a wire rack to drain off excess oil. | 5) [Serve] You can enjoy the eggrolls by themselves or wrapped with lettuce and assorted Vietnamese herbs. Serve with Vietnamese fish sauce dipping sauce (Nuoc Mam Cham). Leftover uncooked egg rolls can be frozen and deep-fried straight from the freezer. Frozen egg rolls take about 10 minutes to cook.",https://i0.wp.com/vickypham.com/wp-content/uploads/2024/08/5cac9-034.00_00_00_59.still001.jpg?fit=1080%2C1080&ssl=1,appetizer,"asian, vietnamese","carrot and cabbage egg rolls, chả giò chiên cà rốt bắp cải, vietnamese egg rolls recipe, vegetable egg rolls, deep fried egg rolls, easy appetizer recipe, homemade egg rolls, crispy egg rolls, nuoc mam cham dipping sauce, asian appetizers, frozen egg rolls, veggie egg rolls, vietnamese veggie egg rolls",,,0,0,0
Chinese Takeout Recipe: Honey Walnut Shrimp (Tôm Chiên Giòn Mật Ong),"A widely popular Chinese-American takeout dish. It's crunchy succulent shrimp dressed in a creamy honey-mayo sauce, topped with caramelized walnuts.",https://vickypham.com/blog/chinese-takeout-recipe-honey-walnut-shrimp/,15m,5m,20m,3 serving(s),"[Ingredients] 1 lb medium shrimp (size 21-25; peeled and deveined), 1/4 teaspoon sea salt, 1/8 ground black or white pepper, 1/2 cup walnut halves, 1/4 cup water, 1/2 cup granulated white sugar, 1 tablespoon light corn syrup, 4 egg whites, 1/3 cup cornstarch, Oil for deep-frying, 3 tablespoons mayonnaise, 1 tablespoon honey, 1 tablespoon sweetened condensed milk","[Instructions] 1) [Marinate shrimp] with salt and ground black/white pepper. Set aside for 15 minutes. | 2) [Make the candied walnuts] Heat up a small frying pan on medium high. Add walnuts and gently toss until roasted on all sides (30 seconds to 1 minute). Transfer toasted walnuts to a small bowl. | 3) [Make the syrup] in the now empty pan. Add water, sugar and corn syrup. Mix until combined then heat on high until mixture is completely dissolved. Once the mixture starts to turn color around the edges of the pan, add walnuts and toss evenly. Transfer walnuts individually to parchment paper, leaving spaces in between each walnut halve to prevent sticking. | 4) [Batter] Whisk egg whites and cornstarch until corn starch is completely dissolved in a bowl. Add marinated shrimp and gently toss until coated. | 5) [Deep fry] In a medium pot, heat up oil to 350°F. Drop in the battered shrimp one at a time to prevent sticking. Once cooked (about 1-2 minutes), transfer shrimp to a plate lined with paper towels or a wire rack to remove excess oil. | 6) [Make the sauce] Whisk together mayonnaise, honey and condensed milk. Add fried shrimp and candied walnuts. Toss until evenly coated with the mixture. | 7) [Serve] Transfer to a serving dish and serve immediately for best results.",https://i0.wp.com/vickypham.com/wp-content/uploads/2024/08/f3175-honeywalnutshrimpwm-1.jpg?fit=2500%2C2500&ssl=1,"side dish, appetizer","asian, vietnamese, chinese","honey walnut shrimp recipe, Chinese takeout honey walnut shrimp, crispy shrimp with honey sauce, walnut shrimp with sweet glaze, Chinese walnut shrimp, easy honey walnut shrimp, homemade honey walnut shrimp, restaurant-style honey walnut shrimp, Chinese honey shrimp, honey walnut shrimp with mayo sauce, honey shrimp stir-fry, honey walnut shrimp copycat recipe, Asian shrimp recipes",,,0,0,0
Vietnamese Roast Chicken with Five Spice and Honey (Gà Nướng Ngũ Vị Hương Mật Ong),"This sweet and savory five-spice chicken is versatile and delicious. Grill, air fry, or bake. Serve with rice, noodles, or in a banh mi sandwich.",https://vickypham.com/blog/vietnamese-baked-chicken-thighs-five-spice-honey/,70m,40m,110m,12 serving(s),"[Ingredients] 12 chicken thighs (bone-in, skin-on preferred), ½ cup oyster sauce, 2 tablespoons light soy sauce, ⅓ cup honey, 1 teaspoon Chinese Five Spice Powder, ½ teaspoon ground black pepper, 2 tablespoons minced garlic, 2 tablespoons minced shallots, 1 tablespoon Shaoxing cooking wine","[Instructions] 1) [Prepare the Chicken Thighs] Cut the bone away from the meat just enough so that the chicken thighs lay flat and thin, but keep the bone attached. This will ensure even and quicker cooking without burning the honey in the marinade. | 2) [Marinate] In a large mixing bowl, combine oyster sauce, soy sauce, honey, five-spice powder, ground black pepper, garlic, shallot, and cooking wine. Add the chicken thighs and coat them generously. Cover with plastic wrap and marinate for at least one hour or overnight in the fridge for better results. | 3) [Prepare the Baking Sheet] Line a baking sheet with foil or parchment paper to reduce cleanup. | 4) [Roast the Chicken] Place the chicken thighs skin-side down on a wire rack or roasting pan and cook at 400°F for 20 minutes. Flip and cook for another 20 minutes, until the internal temperature reaches 165°F. Baste with pan drippings for a beautiful shiny finish. | 5) [Serve] Enjoy the chicken with steamed rice, vermicelli noodles, or in a Vietnamese bánh mì sandwich.",https://i0.wp.com/vickypham.com/wp-content/uploads/2024/08/590f1-chicken2-8984.jpg?fit=2500%2C2500&ssl=1,side dish,"asian, vietnamese","vietnamese roast chicken, vietnamese chicken recipe, five spice chicken, honey chicken, vietnamese honey chicken, roast chicken recipe, vietnamese marinade, easy vietnamese chicken, baked chicken thighs, roast chicken thighs, vietnamese five spice chicken, ga nuong, com ga nuong, gà nướng, vietnamese baked chicken, oyster sauce, soy sauce, vietnamese roast chicken recipe, vietnamese roast chicken with five spice recipe",,,0,3,3
Vietnamese Green Mango Sweet and Savory Dipping Sauce (Nước Mắm Chấm Xoài),"A sweet, savory, umami-packed dipping sauce for unripe sour green mangoes.",https://vickypham.com/blog/vietnamese-green-mango-sweet-savory-dipping-sauce/,4m,4m,8m,3 serving(s),"[Ingredients] 1/4 cup vegetable oil, 2 shallots (peel and thinly slice), 4 garlic cloves (peel and thinly slice), 1/4 cup granulated sugar, 1 cup water (divided), 4 tablespoons fish sauce, 2 tablespoons salted dried shrimp (rinse and finely mince), 2 Thai red chili peppers (mince)","[Instructions] 1) [Pan fry aromatics] In a small saucepan, heat vegetable oil on medium low. Add shallot and fry until lightly brown (1-2 minutes). Add garlic and fry until brown. Drain fried shallot and garlic in a strainer and set aside. | 2) [Add remaining ingredients] Remove shallot/garlic oil from the saucepan and reserve it for another use. To the now empty saucepan, add sugar and 1/2 cup water. Heat sugar mixture on medium high until sugar starts to caramelize and turn color. Add fish sauce, fried shallot, fried garlic and chili peppers. Heat the mixture until it starts to thicken. Add remaining 1/2 cup water. Cook for additional 30 seconds to 1 minute until mixture is a syrupy consistency. | 3) [Serve] With unripe green mangoes and the dipping sauce on the side.",https://i0.wp.com/vickypham.com/wp-content/uploads/2024/08/a9e14-mango3.jpg?fit=2500%2C2500&ssl=1,condiment,"asian, vietnamese","vietnamese green mango dipping sauce, nước mắm chấm xoài, sweet savory dipping sauce, unripe green mango recipe, fish sauce recipe, umami dipping sauce, southeast asian flavors, fried shallots sauce, fried garlic sauce, salted shrimp sauce, chili pepper sauce, easy dipping sauce recipe, mango sauce recipe, authentic vietnamese sauce",,,0,4,4
Vietnamese Pickled Red Chili Peppers With Garlic (Ớt Ngâm Giấm Tỏi),"This quick pickled chili pepper recipe delivers milder heat with a sweet and sour kick, perfect as a side condiment for soups, noodles, and stir-fries.",https://vickypham.com/blog/vietnamese-pickled-red-chili-peppers-garlic/,5m,2m,7m,1/2 cup,"[Ingredients] 150g chili peppers (about a large handful), 2 large garlic cloves, 1/4 cup water, 1/4 cup white vinegar, 1 tablespoon granulated sugar, 1/4 teaspoon sea salt","[Instructions] 1) [Prepare the garlic and chili peppers] Peel the garlic and remove the stems from the chili peppers. Wash, rinse, and dry them thoroughly. You can leave the garlic and chili peppers whole, slice them thinly, or blend them in a food processor for a coarse paste. If you prefer less heat, thinly slice the chili peppers and shake out the excess seeds in a colander. Transfer the garlic and chili peppers to a small heatproof jar with an airtight lid, then set aside. | 2) [Make the brine] In a microwave-safe bowl, combine vinegar, sugar and salt. Heat on high in the microwave for two minutes. Pour the hot brine into the jar, just enough to cover. You may have some leftover brine which you can save or discard. The hot mixture will blanch the chilies, making it vibrant red. Allow the mixture to cool then cover with a lid. | 3) [Storage] Let it ferment on the counter for at least a day before use. It should last at room temperature for 5 days or transfer to the fridge for longer storage (about 4 months).",https://i0.wp.com/vickypham.com/wp-content/uploads/2024/08/21a92-ot-3281of129.jpg?fit=2500%2C2500&ssl=1,Condiment,"Asian, Vietnamese, Chinese","pickled red chili peppers, ớt ngâm giấm tỏi, vietnamese chili peppers recipe, quick pickled chilies, garlic pickled peppers, easy condiment recipe, homemade chili paste, sweet and sour pickles, spicy pickled vegetables, how to pickle peppers, fridge pickles, pickled peppers, versatile side condiment, asian pickled recipes",,,0,2,2
Vietnamese Kabocha Pumpkin Soup with Minced Shrimp (Canh Bi Do Nau Tom Bam),"A simple Vietnamese kabocha squash soup with minced shrimp, perfect for fall and winter. Serve with steamed rice for a complete meal.",https://vickypham.com/blog/vietnamese-pumpkin-soup-with-minced-shrimp/,15m,15m,30m,6 serving(s),"[Ingredients] 10 large shrimp (size 21-25; peel, devein; finely mince into paste), 3 green onions/scallions (thinly slice; separate whites/greens), 4 large cloves garlic (peel, mince, finely dice; divided), 1/2 teaspoon salt, 1/2 teaspoon granulated sugar, 1/2 teaspoon chicken bouillon powder or mushroom seasoning powder, 1/4 teaspoon ground black pepper, 2 tablespoons neutral oil, 1 1/2 lbs kabocha squash cut into 1-inch cubes (about one small whole kabocha squash), 1 1/2 quarts water or unsalted vegetable/bone stock, 1 teaspoon salt, 1 teaspoon granulated sugar, 1 teaspoon chicken bouillon powder or mushroom seasoning powder, 1 teaspoon fish sauce","[Instructions] 1) [Marinate the Shrimp Paste] In a medium bowl, mix shrimp paste with whites of green onions, half of garlic, salt, sugar, bouillon powder, and ground black pepper. Set aside to marinate for at least 15 minutes. | 2) [Sauté the Aromatics] In a medium-size stock pot, heat oil on medium-high. Add remaining garlic and sauté until fragrant (a few seconds). | 3) [Start the Soup Base] Add water/unsalted stock slowly to the stock pot. Be careful of hot oil splatters. Bring the pot to a boil. | 4) [Cook the Kabocha Squash] Add cubed kabocha squash and cook on a low simmer for 10 minutes. | 5) [Add the Shrimp] Scoop shrimp paste into small balls and drop directly into the pot. Continue to cook for 5 more minutes on a low simmer or until kabocha squash is chopstick-tender. | 6) [Season] Season to taste with salt, sugar, chicken/mushroom bouillon powder and fish sauce. | 7) [Garnish and Serve] When ready to serve, garnish soup with green part of green onions and a sprinkle of ground black pepper.",https://i0.wp.com/vickypham.com/wp-content/uploads/2024/08/b9d19-untitled-0644.jpg?fit=2500%2C2500&ssl=1,side dish,"Asian, Vietnamese","Vietnamese pumpkin soup, Vietnamese kabocha squash soup, Vietnamese kabocha squash soup with shrimp, Vietnamese kabocha squash soup with ground shrimp, kabocha soup recipe, Asian kabocha soup recipe, kabocha soup with shrimp, pumpkin soup with shrimp recipe, Asian pumpkin soup recipe with shrimp, canh bi do nau tom bam, canh bi do nau tom, canh bi do, Vietnamese canh recipe, Vietnamese soup recipe, Vietnamese kabocha soup, Vietnamese kabocha soup recipe, Vietnamese ground shrimp recipe, Vietnamese soups, canh bi recipe, pumpkin soup recipe with shrimp, pumpkin soup recipe, Vietnamese shrimp recipe, pumpkin soup with ground shrimp",,5.0,1,14,15
Vietnamese Chili Sauce (Ớt Sa Tế),"Vietnamese sate sauce is a spicy, flavorful mix of garlic, lemongrass, and shallots. Perfect for noodle soups, stir-fries, or marinades, it adds an instant kick of Southeast Asian flavors.",https://vickypham.com/blog/vietnamese-sate-sauce/,5m,5m,10m,3/4 cup,"[Ingredients] 1/4 cup chili peppers, 3 shallots (peel; leave whole), 4 stalks lemongrass (only use the bottom tender white/light green ends; thinly slice crosswise), 6 garlic cloves (peel; leave whole), 1/2 cup vegetable oil, 1 tablespoon Korean red pepper powder Gochugaru (you can also use ground paprika or cayenne), 1 teaspoon sea salt, 2 teaspoons fish sauce, 3 teaspoons sugar, 1 teaspoon MSG (optional)","[Instructions] 1) [Chop] Add chili peppers, shallots, sliced lemongrass, and garlic cloves in a food processor. Chop coarsely. You can alternatively, chop everything by hand. | 2) [Pan fry aromatics] In a medium-size saucepan, heat up vegetable oil. Add chopped chili peppers, shallot, lemongrass, garlic mixture. Fry until on medium-low heat for 5 minutes. Stir continuously to prevent burning. | 3) [Add spice] Add red pepper powder and season to taste with salt, fish sauce and MSG. | 4) [Storage] Transfer to an air-tight container and keep in the fridge. Sate will last for 3 to 4 months in the fridge.",https://i0.wp.com/vickypham.com/wp-content/uploads/2024/08/96823-untitled-0187.jpg?fit=2500%2C2500&ssl=1,condiment,"asian, vietnamese","vietnamese sate sauce, chili oil recipe, garlic lemongrass sauce, spicy condiment, homemade sate sauce, southeast asian flavors, noodle soup sauce, stir fry sauce, marinade for grilled meats, how to make sate sauce, easy sauce recipe, shallots and garlic sauce, food processor sauce, flavorful dipping sauce",,,0,9,9
Vietnamese Sweet and Sour Tamarind Soup with Salmon (Canh Chua Cá Hồi),"A quick and easy Vietnamese sweet and sour soup with salmon, taro stems, enoki mushrooms, and tomatoes in a tamarind broth. Topped with crispy garlic and Thai basil, it’s ready in under 30 minutes.",https://vickypham.com/blog/vietnamese-sour-tamarind-soup-salmon-canh-chua-ca-hoi/,15m,15m,30m,4 serving(s),"[Ingredients] 12 oz salmon fillet, 1 tablespoon fish sauce, 2 tablespoons vegetable oil, 2 tablespoons minced garlic, 5 cups water or unsalted vegetable/chicken stock, 1 tablespoon tamarind powder, 2 tablespoons chicken bouillon powder, 4 tablespoons granulated sugar, 1/2 teaspoon salt, 10 oz tomatoes (cut into halves or quarters), 7 oz Indian taro stems (remove outer fiber and slice thin at a diagonal), 5 oz enoki mushroom (remove stems and break apart into small pieces) or bean sprouts, 1 cup Thai Basil leaves (slice thinly), Chili peppers (slice thinly)","[Instructions] 1) [Marinate] Coat salmon fillets with fish sauce for at least 15 minutes. Set aside. | 2) [Fry garlic] Heat up vegetable oil in a medium pot on medium-high. Add garlic and sauté until golden brown. Remove half from the pot and set aside as garnish. | 3) [Add water or unsalted stock] Be careful as water and oil will splatter. Bring the pot to a boil. | 4) [Add salmon: C] ook for 15 minutes on a low simmer. | 5) [Season soup] Add tamarind powder, chicken stock powder, sugar, and salt. | 6) [Add vegetables] Add tomatoes, Indian taro stems, enoki mushroom, and bean sprouts. When the mixture comes to a boil, immediately turn off heat. | 7) [Serve] Transfer to a serving bowl and garnish with basil, chili peppers, and reserved fried garlic.",https://i0.wp.com/vickypham.com/wp-content/uploads/2024/08/66d74-untitled-0144-2.jpg?fit=2500%2C2500&ssl=1,side dish,"asian, vietnamese","vietnamese sweet and sour soup, canh chua cá hồi, tamarind soup recipe, salmon soup recipe, quick and easy soup, flavorful tamarind broth, enoki mushroom soup, indian taro stems, healthy soup recipe, bold flavors soup, crispy fried garlic, thai basil soup, 30 minute meals, vietnamese cuisine",,,0,0,0
Fresh Vietnamese Spring Rolls (Gỏi Cuốn),"A refreshing appetizer made up of shrimp, pork, vermicelli noodles, and an assortment of vegetables rolled in rice paper. Pair with creamy peanut sauce for the perfect combination.",https://vickypham.com/blog/vietnamese-spring-rolls-goi-cuon/,30m,30m,60m,5 serving(s),"[Ingredients] 2 lbs shrimp (peeled and deveined), 1 lb pork belly (substitute with pork shoulder for a leaner version), 14 oz thin rice vermicelli, Leafy lettuce and fresh herbs, Vietnamese peanut dipping sauce, 12 oz dried rice paper","[Instructions] 1) [Prepare the shrimp] To a medium pot, add water. Bring the pot to a boil. Add shrimp and cook until they turn color (about 3 minutes). Remove from pot and slice in half along the backside. Set aside. | 2) [Prepare the pork belly] Read notes below if pork belly has an odor. Add pork belly to the same pot that was was for shrimp. Cook for 30 minutes or until chopstick-tender. Remove pork, rinse, and pat dry. Once cooled, slice thinly and set aside. | 3) [Prepare the noodles] Cook rice noodles per package instructions. Drain, rinse with cold water, and set aside. | 4) [Assemble the rolls and serve] Wet the rice paper quickly and shake off excess water. The rice paper will only take 10 seconds to become pliable. On bottom end of the rice paper, add a bed of noodles, vegetables of your choice, and a few slices of pork belly slices. Add 2-3 shrimp, facing down, on the top half of the rice paper. Fold in the sides. Roll everything up from the bottom, tightly tucking and rolling to seal. Serve with Vietnamese peanut sauce lettuce and favorite herbs.",https://i0.wp.com/vickypham.com/wp-content/uploads/2024/08/f67fd-img_9264.jpg?fit=2500%2C2500&ssl=1,appetizer,"asian, vietnamese","spring rolls, spring roll recipe, fresh spring roll recipe, spring rolls, Vietnamese spring roll recipe, summer rolls, Vietnamese summer roll recipe, Vietnamese fresh summer roll recipe, goi cuon, gỏi cuốn, asian salad rice paper roll, rice paper roll, Vietnamese rice paper roll, Vietnamese fresh rice paper roll, Vietnamese spring roll with peanut sauce, peanut sauce recipe, Vietnamese creamy peanut sauce recipe, goi cuon peanut sauce, how to make goi cuon peanut dipping sauce, peanut dipping sauce, fresh spring roll, Vietnamese fresh spring roll, fresh Vietnamese spring rolls with video, how to make fresh Vietnamese spring rolls, Vietnamese spring roll sauce, Vietnamese spring roll recipe pork, Vietnamese spring roll recipe shrimp, Vietnamese summer roll recipe pork, Vietnamese summer roll recipe shrimp, Vietnamese spring roll sauce recipe, Vietnamese spring roll peanut sauce recipe, Vietnamese spring roll peanut sauce, how to make dipping sauce for Vietnamese spring rolls, Vietnamese spring rolls with pork belly and shrimp, Vietnamese spring rolls with pork and shrimp, goi cuon recipe, goi cuon tom thit, gỏi cuốn, gỏi cuốn tôm thịt gỏi cuốn tôm, gỏi cuốn thịt",,,0,10,10
Vietnamese Steamed Whole Chicken with Turmeric and Coriander (Gà Hấp Bột Nghệ Rau Răm),"This steamed chicken recipe is great when you have an abundance of overgrown Vietnamese coriander (rau ram). It’s a whole chicken infused with the amazing aroma of one of the best Vietnamese herbs. Steam it for 45 minutes and serve with a simple lemon, salt, and pepper dipping sauce.",https://vickypham.com/blog/vietnamese-steamed-whole-chicken-turmeric-coriander/,45m,45m,90m,4 serving(s),"[Ingredients] 1 whole chicken, 1 tablespoon sea salt, 1 tablespoon granulated white sugar, 2 tablespoons chicken bouillon powder, 1/4 teaspoon turmeric powder, 3 cloves garlic (peel), 1 yellow onion (peel), Vietnamese coriander/mint leaves (rau ram), Lime, salt and pepper dipping sauce, Large steamer","[Instructions] 1) [Butterfly chicken] This makes it lay flat for faster cooking. | 2) [Mix seasonings] Combine salt (remaining 1 tablespoon), sugar, and chicken/mushroom bouillon stock powder in a small bowl. Mix well. | 3) [Coat chicken] Rub chicken all over with seasoning mixture. Marinate for at least 30 minutes or overnight in the fridge covered for better results. | 4) [Add turmeric] Rub turmeric powder on the outside of your chicken to give it a beautiful color. | 5) [Prepare the steamer] Add water to the bottom of your steamer and heat up the steamer. Once you get good steam going, add a bed of Vietnamese coriander (reserve the other half for garnish if desired), onion and garlic. Lay chicken on top of vegetables with the open side facing down. Steam with a lid for about 45 minutes. To test for doneness, pierce a chopstick at the thigh joint. If the chopstick goes in smoothly and water runs clear, chicken is done. | 6) [Make the dipping sauce] In a small bowl, juice the lime. Add salt and pepper to taste. | 7) [Serve] Garnish chicken with remaining coriander and serve dipping sauce on the side.",https://i0.wp.com/vickypham.com/wp-content/uploads/2024/08/2f460-untitled-0351.jpg?fit=2500%2C2500&ssl=1,entree,"asian, vietnamese","vietnamese steamed whole chicken, turmeric chicken recipe, coriander chicken recipe, gà hấp bột nghệ rau răm, steamed chicken with herbs, whole chicken recipe, vietnamese coriander, easy chicken recipe, healthy chicken dish, butterfly chicken, dipping sauce for chicken, how to steam chicken, flavorful chicken recipes, vietnamese cuisine",,,0,2,2
Vietnamese Three Color Dessert (Che Suong Sa Hat Luu / Che Ba Mau),"A popular Vietnamese dessert similar to Chè Ba Màu, made with sweetened beans, jellies, coconut milk, and crushed ice. Instead of red kidney beans, I use faux pomegranate seeds, making it technically Chè Sương Sa Hạt Lựu.",https://vickypham.com/blog/vietnamese-three-color-dessert/,15m,30m,45m,5 serving(s),"[Ingredients] ½ cup dried split mung bean (wash and rinse until water runs clear), 2 tablespoons granulated sugar, ¼ teaspoon sea salt, 6 oz package Golden Coins agar agar powder, 8 cups water, 1 teaspoon pandan extract, 2 8-oz cans whole water chestnut (drain and rinse; cut into small pomegranate-size cubes), ⅓ cup tapioca starch, 3 drops red food coloring gel, 1 cup water, 1 cup brown sugar, Coconut Sauce for Vietnamese Dessert, Crushed ice","[Instructions] 1) [Prepare the mung beans] Add mung beans to a small pot. Add water to cover by 1½ inches. Cook until softened on medium-low heat, uncovered (about 20 minutes). We want the mung beans to retain its shape so avoid overcooking. Drain mung beans through a sieve and discard water. Transfer to a bowl and mix mung beans with sugar and salt while still hot. Set aside. | 2) [Make the pandan agar-agar jelly] In a small saucepan, bring water to a boil. Add agar agar powder and mix until fully dissolved. Continue to cook for 1-2 minutes. Turn off heat and mix in pandan extract. Pour mixture into a square mold. Allow the mixture to cool off then transfer to the fridge to chill for 3 hours. Once chilled, remove the jelly from the mold by loosening up the sides with a knife. Gently slice into thin strips and set aside. You may also use a mandoline slicer for quicker cutting. Note: This particular agar agar brand has both agar agar powder and sugar combined so no need for additional sugar. | 3) [Make the faux pomegranate seeds] To a medium-size saucepan, bring about 2 quarts of water to a boil. Prepare an ice bath and set aside. In the meantime, add chopped water chestnut to a large bowl and add red food coloring. Toss until evenly covered. Add tapioca starch and toss evenly. Transfer coated water chestnut to a sieve or colander to remove excess starch. Add water chestnuts to the boiling water and let it cook for 2-3 minutes until they all float to the top and the tapioca starch turns translucent (clear; not white). Using a slotted spoon or seive, transfer water chestnut to the ice bath for 2 minutes then transfer to a bowl and set aside. | 4) [Make the simple syrup] Add water and sugar to a small saucepan and heat on medium high. Once mixture comes to a boil, turn off heat and set aside. | 5) [Assemble and serve] Divide the mung beans, agar-agar jelly and faux pomegranate seeds into 5 tall glasses, layering each ingredient each time. Add a tablespoon of simple syrup (more or less depending on your taste), about ½ cup crushed ice and 2-3 tablespoons of coconut sauce. Serve and enjoy.",https://i0.wp.com/vickypham.com/wp-content/uploads/2024/08/170fc-che4.jpg?fit=2500%2C2500&ssl=1,dessert,"asian, vietnamese","vietnamese three color dessert, vietnamese three color drink, vietnamese iced drink, vietnamese recipe, vietnamese cuisine, pandan jelly, faux pomegranate seeds, mung bean, sweet mung bean paste, vietnamese che recipe, che, suong sa hat luu, che ba mau, chè sương sa hạt lựu, chè ba màu, asian three color dessert, southeast asian dessert, southeast asian drinks for summer, refreshing summer drinks, refreshing iced drinks, vietnamese chè, vietnamese che, what is che ba mau made of, what is che in vietnamese, vietnamese rainbow dessert, rainbow dessert recipe, che suong sa, che hat luu, vietnamese summer drinks, vietnamese summer drink recipes",,5.0,1,5,6
Vietnamese Vanilla Sponge Cake (Bánh Bông Lan),"A light, fluffy Vietnamese sponge cake made with eggs, flour, sugar, and vanilla. Its soufflé-like texture resembles a blooming orchid, and it's less sweet than Western cakes.",https://vickypham.com/blog/vietnamese-vanilla-sponge-cake-banh-bong-lan/,25m,25m,50m,1 10-inch cake,"[Ingredients] 5 large eggs (separate yolks and whites and bring to room temperature), 1/2 cup granulated white sugar, 1 teaspoon vanilla paste, 1/4 cup whole milk, 1/4 cup vegetable oil, 1 cup all-purpose flour, 1-1/2 teaspoons baking powder, 1/4 teaspoon salt, 1/4 teaspoon cream of tartar, Powdered sugar (optional; for dusting)","[Instructions] 1) [Preheat] Set oven to 350°F. | 2) [Whisk and combine] Whisk together egg yolks, sugar and vanilla. Add oil and milk and whisk until combined. | 3) [Sift dry ingredients] Sift together the flour, baking powder and salt. Add flour mixture to the egg mixture. Mix until all batter is evenly incorporated. Set aside. | 4) [Make the meringue] Use either a hand mixer or stand mixer with a whisk attachment to whip the egg whites and cream of tartar. Start on the medium low setting then gradually increase speed until egg whites become frothy. Continue whisking until you get stiff peaks. | 5) [Add meringue a third at a time to the batter] Incorporate the meringue slowly with a folding motion. Avoid overmixing as that will deflate the meringue. | 6) [Prepare the pan] Coat a 10-inch cake pan with a non-stick baking spray and cover bottom and sides with parchment paper. | 7) [Add batter] Pour batter into pan and even out the top. Give the pan a gentle drop to release any air bubbles. Place the pan into a larger pan that will function as a water bath. Fill the water bath pan 1-inch with water and bake for 25-30 minutes. | 8) [Check for doneness] Insert a long skewer into the center of the cake. When it comes out clean, cake is done. Turn off the oven and open the oven door to allow the cake to cool down gradually. Otherwise, cake will deflate rapidly. | 9) [Remove cake and serve] Once cooled, gently tilt the cake pan to its side to release the cake. Peel off the parchment paper around the cake and the bottom. Transfer cake to a serving platter and lightly dust with powdered sugar (optional).",https://i0.wp.com/vickypham.com/wp-content/uploads/2020/07/5a244-bambonglan-2-watermark.jpg?fit=2500%2C2500&ssl=1,dessert,"asian, vietnamese","vietnamese vanilla sponge cake, bánh bông lan, banh bong lan, french influenced cake, light fluffy cake, orchid cake, sponge cake recipe, whipped egg whites cake, vietnamese dessert, easy cake recipe, how to make bánh bông lan, fluffy sponge cake, vanilla cake recipe, not overly sweet cake",,5.0,1,17,18
Crispy Salt and Pepper Beef (Thịt Bò Chiên Muối Tiêu),A flavorful and crispy deep-fried Asian-style beef dish that's ready in under 20 minutes.,https://vickypham.com/blog/crispy-salt-pepper-beef/,15m,4m,19m,4 serving(s),"[Ingredients] 1 lb beef sirloin (slice into thin strips against the grain), ¾ teaspoon sea salt (divided), ½ teaspoon ground black pepper (divided), ¼ teaspoon Chinese five-spice powder, ¼ teaspoon baking soda, ¼ cup corn starch, 2 egg whites, Vegetable oil for deep frying","[Instructions] 1) [Prepare the beef] In a large bowl, marinate beef strips with salt (½ teaspoon), ground black pepper (¼ teaspoon), Chinese five-spice powder, and baking soda for at least 10 minutes. | 2) [Make batter] In a separate bowl, beat egg whites and corn starch until there are no longer clumps. Add egg white mixture to the marinated beef. Gently toss until evenly coated. | 3) [Deep-fry] the battered beef strips in batches for 2 minutes each batch or until golden brown. Transfer to a wire rack or plate lined with paper towels to remove excess oil. | 4) [Finish] Add cooked beef to a large mixing bowl and toss evenly with remaining salt and pepper. Serve immediately for best results.",https://i0.wp.com/vickypham.com/wp-content/uploads/2024/08/c80cb-saltpepperbeef2wm.jpg?fit=2500%2C2500&ssl=1,side dish,"asian, vietnamese, chinese","crispy salt and pepper beef, salt and pepper beef, crispy salt and pepper beef recipe, salt and pepper beef recipe, how to make crispy salt and pepper beef, salt and pepper crispy beef, thit bo chien muoi tieu, thit bo chien, Chinese salt and pepper beef, how to make Chinese salt and pepper beef, beef recipe, Asian beef recipe, Asian beef, the best crispy salt and pepper beef, salt and pepper beef Chinese, salt and pepper beef Vietnamese",,,0,0,0
Pad Thai (Hủ Tiếu/Phở Xào Thái Lan),"Pho is to Vietnam what Pad Thai is to Thailand—a popular street food and restaurant favorite. This stir-fried noodle dish, tossed in tangy tamarind sauce, delivers the perfect mix of sweet, savory, and sour, offering a flavorful taste of Thai cuisine.",https://vickypham.com/blog/easy-pad-thai-recipe/,30m,5m,35m,4 serving(s),"[Ingredients] 1 package dried flat rice noodles (soak in warm water for 30 minutes, drain and rinse), 12 oz bean sprouts, 4 stems garlic chives (cut into 1 inch segments), 2 eggs (beaten), 1 lb protein (chicken, pork, shrimp, fried and/or fried tofu), 1 teaspoon salt, 1 teaspoon ground black pepper, 3 garlic cloves (peel and mince finely), 4 tablespoons vegetable oil (divided), 1/3 cup roasted unsalted peanuts (coarsely chopped), 1 lime (cut into wedges), 2 oz tamarind seedless tamarind pulp, 1 cup hot water, 1/4 cup fish sauce, 1/3 cup brown sugar or palm sugar","[Instructions] 1) [Make the sauce] In a small bowl, combine hot water and tamarind pulp for 15 minutes. Strain mixture through a sieve and discard pulp. To the tamarind liquid, season with fish sauce and sugar. Set aside. | 2) [Prepare the proteins] Season your desired protein with salt and pepper. In a large wok or skillet, heat 2 tablespoons vegetable oil and pan fry the chicken, shrimp or tofu until golden brown on all sides. Remove proteins from the wok and set aside. | 3) [Prepare the noodles] To the now empty wok, heat up another 2 tablespoons vegetable oil. Add garlic and sauté until fragrant. Add in noodles and tamarind sauce. Toss noodles until evenly coated and and al dente. | 4) [Add eggs] Push noodles to the side or make an empty area in the middle of the wok, add eggs and scrambled. Toss eggs with the noodles. | 5) [Add vegetables and proteins back to the pan] Add bean sprouts, chives and cooked proteins. Toss until evenly coated. | 6) [Finish] Transfer to a serving platter, garnish with toasted peanuts and lime wedges.",https://i0.wp.com/vickypham.com/wp-content/uploads/2024/08/61c27-011.jpg?fit=2500%2C2500&ssl=1,entree,"asian, thai","easy pad thai recipe, homemade pad thai, authentic pad thai, quick pad thai, Thai stir-fried noodles, pad thai with shrimp, pad thai sauce, best pad thai recipe, Thai noodles recipe, pad thai without tamarind, simple pad thai recipe",,,0,4,4
How to Make Candied Strawberries (Foolproof Recipe),Fresh strawberries coated in a thin hard candy shell. Working with sugar to make candy is tricky. Achieve that hard candy shell the first time with this foolproof recipe.,https://vickypham.com/blog/how-to-make-candied-strawberries/,5m,20m,25m,3 serving(s),"[Ingredients] 1 lb fresh strawberries, Wooden skewers or toothpicks, 2 cups granulated white sugar, ½ cup water, ¼ cup light corn syrup","[Instructions] 1) [Prepare strawberries] Wash strawberries or your favorite fruit. Pat dry with paper towels. Pierce each strawberry with a wooden skewer or toothpick so they sit at the end of the stick for easy dipping. No more than three on a wooden skewer or one on a toothpick. Set aside. | 2) [Make the syrup] In a small saucepan, add sugar, water, and light corn syrup. Give it a mix until evenly combined. Heat on medium-high until the mixture reaches 305°F (hard crack) on a thermometer. | 3) [Dip] Acting quickly, dip strawberries into the syrup, one stick at a time. Tilt the pot at a slight angle so the syrup can pool to one side for easier dipping. You can also spoon the mixture over the fruit. Allow any excess syrup to drip off then transfer to parchment paper or a silicone mat. Allow spacing between the strawberries to prevent sticking. Strawberries should start to harden immediately and completely harden within 3 minutes. Best to enjoy them immediately or within 4 hours, as they will liquefy over time.",https://i0.wp.com/vickypham.com/wp-content/uploads/2024/08/d5e6c-candiedstrawberry1wm.jpg?fit=2500%2C2500&ssl=1,dessert,"asian, chinese, american","how to make candied strawberry, foolproof recipe, candied strawberry recipe, strawberry, how to candy fruit, candied strawberry, easy candied strawberries, how to make candied strawberries, how to make candied strawberry without thermometer, how to make candied strawberries with corn syrup, how to make candied strawberries without corn syrup, how to make candied strawberries with thermometer, tanghulu, Chinese candied fruit, Chinese candied strawberry, Chinese candied strawberries, candied strawberries recipe, candied strawberry recipe, why won’t my candied strawberries harden, temperature for candy fruit, temperature for candied strawberries, temperature for candied strawberry, how to make candied strawberry, what is tanghulu, tanghulu recipe, how to make tanghulu, foolproof tanghulu, foolproof tanghulu recipe, easy tanghulu recipe, foolproof tanghulu recipe",,,0,10,10
How to Make Sushi Rice in a Rice Cooker,"Follow these simple steps to create perfectly fluffy and fragrant sushi rice, ideal for all your sushi-making adventures. This recipe makes about 4 cups of cooked rice, perfect for about 6 servings of sushi.",https://vickypham.com/blog/how-to-make-sushi-rice-in-a-rice-cooker/,2m,50m,52m,6 serving(s),"[Ingredients] 1 1/2 cups sushi rice (or 2 rice cooker cups), 2 cups water, 3 tablespoons rice vinegar, 1 tablespoon granulated sugar, 1/2 teaspoon sea salt","[Instructions] 1) [Rinse the Rice] Place the rice in a fine mesh strainer and rinse under running water until the water runs clear. Alternatively, you can put the rice directly in the rice cooker bowl, add water, swirl the rice around, and tilt the bowl to drain the water. Repeat until the water is clear. | 2) [Prepare the Vinegar Mixture] In a microwave-safe bowl, add rice vinegar, sugar, and salt. Heat the mixture in the microwave for 30 seconds, or until sugar has dissolved. Note that the salt may not fully dissolve. You can alternatively do this on the stovetop in a small saucepan until sugar dissolves. | 3) [Season the Cooked Rice] Once rice is cooked, pour the vinegar mixture over the rice. Using a rice paddle, incorporate the mixture into the rice with a slicing motion to prevent breaking the grains. | 4) [Cool the Rice] Allow the rice to cool slightly before using it for sushi. Keep a large bowl of water nearby to wet your hands while handling the rice. This will prevent the rice from sticking to your hands.",https://i0.wp.com/vickypham.com/wp-content/uploads/2024/08/bf6ed-riced-wm.jpg?fit=2500%2C2500&ssl=1,side dish,"asian, japanese","how to cook sushi rice in a rice cooker, rice cooker sushi rice, how to make sushi rice, sushi rice recipe, perfect sushi rice, perfect sushi rice recipe, how to make sushi rice for sushi recipes, easy sushi rice recipe, easy rice cooker sushi rice, easy sushi rice, how to make easy sushi rice, rice cooker",,5.0,1,2,3
Easy Pan-Fried Tofu and Eggs (Đậu Hũ Trứng Chiên),"It’s a great source of protein without all the fuss. If you are new to tofu, this is the recipe to convert you. To make it more scrumptious, I serve mine with a sweet and savory soy dipping sauce.",https://vickypham.com/blog/pan-fried-tofu-egg-dau-hu-trung-chien/,5m,10m,15m,4 serving(s),"[Ingredients] 1 package firm tofu (16 oz), 1 1/2 teaspoons sea salt (divided), 1/2 teaspoon ground black pepper (divided), 2 eggs, 1 teaspoon sesame oil, 1 scallion (slice thinly; separate whites and greens), 3 tablespoons vegetable oil, Soy dipping sauce","[Instructions] 1) [Drain tofu] Wrap tofu in paper towels and gently press together to remove excess moisture. Cut tofu into 12 small cubes (4×3). | 2) [Season tofu] cubes with 1 teaspoon salt and half of ground pepper. | 3) [Prepare the eggs: ] In a small bowl, crack two eggs. Add remaining salt and pepper, sesame oil and whites of scallion oil. Mix until combined. Dip tofu into egg mixture and set aside. | 4) [Fry: ] Heat vegetable oil on medium high. Add tofu. Pour in any remaining egg mixture. Fry until golden brown and repeat until golden brown on all sides. | 5) [Serve] Transfer to a serving platter and garnish with green parts of scallion. Serve with soy dipping sauce.",https://i0.wp.com/vickypham.com/wp-content/uploads/2024/08/b8d43-004.00_04_37_25.still003.jpg?fit=1080%2C1080&ssl=1,"side dish, appetizer",asian,"pan-fried tofu, egg tofu recipe, Vietnamese tofu recipe, Dau Hu Trung Chien, tofu with egg, tofu egg dish, crispy tofu with egg, easy tofu recipes, vegetarian tofu recipe, Vietnamese pan-fried tofu, tofu egg stir-fry",,,0,4,4
Roasted Vietnamese Chicken with Lemon Leaves (Gà Nướng Lá Chanh),"Roasted chicken marinated in lemongrass, garlic, shallots, and lemon leaves, served with a zesty spicy lemon dipping sauce.",https://vickypham.com/blog/roasted-chicken-lemon-leaves/,10m,50m,60m,4 serving(s),"[Ingredients] 1 small whole chicken (butterflied with backbone removed), 1 stalk lemongrass (bottom half only, slice thin), 5 large lemon/lime leaves (slice into thin strips), 1 large shallot (peel), 5 large garlic cloves (peel), 2 teaspoons granulated sugar, 2 teaspoons chicken bouillon powder, 2 teaspoons sea salt, 1 teaspoon sea salt, 1/2 teaspoon MSG, 4 tablespoons lemon/lime juice, Red chili peppers (mince)","[Instructions] 1) [In a food processor, ] chop up lemongrass, lime/lemon leaves, shallot, garlic, sugar, chicken bouillon powder and salt until combined. | 2) [Marinate chicke] n liberally with mixture. | 3) [Roast chicken: ] Preheat the oven to 425°F. Line a large baking sheet with parchment paper or a wire rack. Roast chicken with skin side down for 25 minutes. Flip. Roast for additional 25 minutes until golden brown. | 4) [Make the dipping sauce] Combine salt, MSG, lemon/lime juice and chili peppers. Mix until combined. Serve on the side with chicken.",https://i0.wp.com/vickypham.com/wp-content/uploads/2024/08/756d0-ganuonglachang.jpg?fit=2500%2C2500&ssl=1,side dish,"asian, vietnamese","roasted chicken with lemon leaves, Vietnamese roasted chicken, lemon leaf chicken recipe, Vietnamese chicken recipe, crispy roasted chicken, Vietnamese roasted chicken marinade, roast chicken with herbs, chicken with lemon leaves recipe",,,0,6,6
Simple Vietnamese Stir Fry Sauce (Nước Sốt Xào),Here’s a simple dark stir fry sauce recipe perfect for using up leftover vegetables. Just mix with your favorite veggies to make those veggies into a wonderful side dish.,https://vickypham.com/blog/simple-stir-fry-sauce/,5m,5m,5m,1/3 cup,"[Ingredients] 2 tablespoons cold water, 1 tablespoon tapioca starch or corn starch, 2 tablespoons oyster sauce, 1/2 tablespoon granulated sugar, 1/2 tablespoon sesame oil (optional)","[Instructions] 1) [Make the slurry] In a small bowl, mix cold water and starch until completely dissolved. | 2) [Add the rest] Add oyster sauce, sugar and sesame oil. When ready to use in a stir-fry, give it a final mix as starch will settle at the bottom.",https://i0.wp.com/vickypham.com/wp-content/uploads/2024/08/11978-stirfrysauce1281of129.jpg?fit=2500%2C2500&ssl=1,condiment,"asian, vietnamese, chinese","simple stir fry sauce, easy stir fry sauce recipe, homemade stir fry sauce, quick stir fry sauce, savory stir fry sauce, stir fry sauce with soy sauce, stir fry sauce with garlic, basic stir fry sauce, versatile stir fry sauce, how to make stir fry sauce, dark stir fry sauce, stir fry sauce with oyster sauce",,5.0,1,3,4
Vietnamese Caramelized Baby Shrimp (Tép Rim / Tép Ram),"Short on time? Try Vietnamese caramelized baby shrimp (Tép Rim or Tép Ram) for a sweet, salty, and umami-rich side dish that pairs perfectly with steamed rice.",https://vickypham.com/blog/vietnamese-caramelized-sweet-savory-baby-shrimp-tep-rim-tep-ram/,0m,10m,10m,4 serving(s),"[Ingredients] 1 lb small shrimp (size 70-90, shell and tail-on), 1½ teaspoons sugar, ¼ teaspoon ground black pepper, 2 teaspoons fish sauce, 1 teaspoon chicken bouillon powder, 2 tablespoons oil (see notes below), 1 tablespoon minced garlic (about 3 large cloves), 2 tablespoons minced shallot (about 1 small head), Thinly sliced green onions (optional for garnish)","[Instructions] 1) [Rinse Shrimp] Rinse the shrimp with 1 teaspoon of coarse salt (optional) and drain well. | 2) [Marinate the Shrimp] In a bowl, combine the shrimp, sugar, ground black pepper, fish sauce, and chicken bouillon powder. | 3) [Sauté Aromatics] Heat oil in a pan over medium heat. Add minced garlic and shallots. Sauté until fragrant, about 30 seconds. | 4) [Cook and Caramelize Shrimp] Add the marinated shrimp and its marinade to the pan. Cook for about 10 minutes, or until the shrimp shells are caramelized and all the liquid has evaporated. Adjust seasonings, if needed, at this point. | 5) [Finish and Serve] Garnish with thinly sliced green onions (optional) and serve with steamed rice for a complete meal.",https://i0.wp.com/vickypham.com/wp-content/uploads/2024/08/ce9c6-shrimp2-wm.jpg?fit=2500%2C2500&ssl=1,side dish,"asian, vietnamese","vietnamese caramelized shrimp, tep rim, vietnamese shrimp recipe, caramelized baby shrimp, quick shrimp recipes, vietnamese cooking, easy vietnamese recipes, shrimp with fish sauce, how to cook vietnamese shrimp, shrimp stir fry, caramelized shrimp with shallots, garlic shrimp vietnamese, tép Rim, rép Ram, tep rim, tep ram, tom rim, tôm rim, Vietnamese braised shrimp, fish sauce, shallots, garlic, Vietnamese caramel shrimp",,,0,4,4
Vietnamese Fish Soup with Pickled Mustard Green (Canh Cá Nấu Dưa Chua),Missing the taste of home? Try this easy sweet and sour fish soup with pickled mustard greens. No marinating needed—just toss everything in one pot and enjoy!,https://vickypham.com/blog/vietnamese-fish-soup-with-pickled-mustard-green/,10m,20m,30m,4 serving(s),"[Ingredients] 2 tablespoons vegetable oil, 3 cloves garlic (peel and mince), 1 shallot (peel and mince), 2 quarts water, 1 lb fish (in this recipe, I’m using a one yellow pomfret; cut into steaks), 10.5 oz vacuumed sealed package pickled mustard green (reserve pickling liquid; cut into bite-size pieces), 6 large cherry tomatoes (optional), 5 teaspoons sugar, 1 teaspoon salt, 2 teaspoons fish sauce, 2 teaspoons chicken bouillon powder","[Instructions] 1) [Toast aromatics] In a medium pot, heat up vegetable oil on medium high. Add garlic and shallot. Sauté until fragrant (about 15 seconds). | 2) [Prepare soup] Slowly add water. Be careful of hot oil splatter. Turn heat to high to quickly bring water to a boil. Add fish and cook for 15 minutes on a low simmer. Skim off impurities that float to the top as needed. | 3) [Add Vegetables] Add pickled green mustard, including all its pickling liquid and tomatoes. Continue to cook for an additional 5 minutes. | 4) [Season the Soup] Stir in sugar, salt, fish sauce, and chicken bouillon powder. Adjust the seasoning to your taste, ensuring a balance of savory, tangy, and slightly sweet flavors. | 5) [Serve] Ladle the soup into a large bowl and enjoy it family style, paired with steamed rice.",https://i0.wp.com/vickypham.com/wp-content/uploads/2024/08/2a0a7-tomrimcanhduachua4wm-1.jpg?fit=2500%2C2500&ssl=1,side dish,"asian, vietnamese","Vietnamese fish soup, canh ca dua chua, sweet and sour fish soup, pickled mustard green soup, Vietnamese pickled mustard green soup, easy Vietnamese fish soup, authentic Vietnamese fish soup, Vietnamese sour fish soup, simple fish soup recipe, pickled mustard greens recipe, Vietnamese sour soup, fish soup with pickled mustard greens, traditional Vietnamese soup recipe",,,0,2,2
Vietnamese Fried Fish with Fish Sauce (Cá Chiên Nước Mắm),"This dish features crispy fried fish topped with a sweet and savory fish sauce glaze, delivering vibrant Vietnamese flavor in under 15 minutes.",https://vickypham.com/blog/vietnamese-fried-fish-with-fish-sauce/,5m,15m,20m,6 serving(s),"[Ingredients] 2 1/2 lbs fish fillets, 1/4 cup corn starch, 1/4 cup vegetable oil, 2 tablespoons minced garlic, 2 tablespoons minced ginger, 2 tablespoons minced shallot, 1/4 cup fish sauce, 1/4 cup granulated sugar, Juice of 1 whole lemon/lime (about 2 tablespoons)","[Instructions] 1) [Toss fish filets in corn starch] and dust off excess. | 2) [Fry] In a large skillet, add vegetable oil and heat on medium high. In batches, fry the filets until golden brown on all sides (about 15 minutes total). Transfer the fried fish to a large platter and set aside. | 3) [Make the sauce] Remove most of the oil from the skillet, leaving about a thin layer. Heat on medium high. Toss in garlic, ginger and shallot. Sauté until fragrant. Add fish sauce, sugar, and lemon juice. Heat until mixture starts to bubble (about 30 seconds) then turn off heat. Toss in fried fish and evenly coat them with sauce. | 4) [Serve] Transfer fish to a platter and serve immediately for best results.",https://i0.wp.com/vickypham.com/wp-content/uploads/2024/08/121e2-cachiennuocmam4.jpg?fit=2500%2C2500&ssl=1,side dish,"asian, vietnamese","Vietnamese fried fish, fish sauce, Ca Chien Nuoc Mam, crispy fried fish, savory fish sauce glaze, quick Vietnamese dinner, easy fish recipe, Vietnamese fish recipe, fried fish with fish sauce, Vietnamese fish dish, fried fish with fish sauce, fish filets with fish sauce recipe",,,0,0,0
Vietnamese Grass Jelly and Milk Dessert (Sửa Sương Sáo),Refreshing ice-cold drink with milk and sweetened grass jelly cubes.,https://vickypham.com/blog/vietnamese-grass-jelly-and-milk-dessert-drink/,5m,5m,5m,1 serving(s),"[Ingredients] 1/2 cup cubed grass jelly, 2-3 tablespoons simple brown sugar syrup (equal part water and brown sugar; bring to a boil then cool), 1/2 cup ice cubes, 1/2 cup choice of milk","[Instructions] 1) [Assemble the Drink] In a tall glass, add grass jelly and your desired amount of simple syrup. For a sweeter drink, use about 3 tablespoons. | 2) [Add Ice and Milk] Fill the glass with ice cubes and top with milk. | 3) [Serve] Stir gently if desired and serve immediately. Enjoy!",https://i0.wp.com/vickypham.com/wp-content/uploads/2024/08/9626c-suongsaosua2.jpg?fit=2500%2C2500&ssl=1,"dessert, drink","asian, vietnamese, chinese","Vietnamese grass jelly, milk dessert, grass jelly drink, Vietnamese sweet drink, grass jelly recipe, Vietnamese dessert, milk and jelly, grass jelly and milk, Asian milk dessert, refreshing dessert drink",,,0,0,0
Vietnamese Luffa Gourd Soup with Ground Pork (Canh Mướp Thịt Băm),"Try this quick and satisfying Vietnamese soup made with ground pork and young luffa gourd. This simple, comforting dish cooks quickly and pairs perfectly with steamed rice.",https://vickypham.com/blog/vietnamese-luffa-gourd-soup-ground-pork/,5m,20m,25m,5 serving(s),"[Ingredients] 1 tablespoon vegetable oil, 1 shallot (peel and mince), 2 garlic cloves (peel and mince), 8 oz ground pork, 1 1/2 quarts water or stock, 2 teaspoons fish sauce, 1 teaspoon sea salt, 1 teaspoon chicken or vegetable bouillon stock powder, 1 teaspoon sugar, 1 large luffa (about 2 lbs; peel and slice into small chunks), 1/4 teaspoon ground black pepper, 2 green onions (slice thin)","[Instructions] 1) [Toast aromatics] In a medium pot, heat oil on medium high. Add shallot and garlic and sauté until fragrant (about 15 seconds). Add ground pork and sauté to combine with aromatics (about 5 minutes). | 2) [Add water/stock] and bring pot to a boil then reduce heat to low simmer. Cook for 10 minutes. Occasionally skim off the foam at the top as needed. | 3) [Season stock] with fish sauce, sea salt, bouillon powder and sugar. | 4) [Add sliced luffa gourd] Cook for 5 minutes or until gourds are soft and tender. | 5) [Garnish and Serve] Garnish with ground black pepper and green onions when you are ready to serve.",https://i0.wp.com/vickypham.com/wp-content/uploads/2024/08/df296-thumbnail.jpg?fit=2500%2C2500&ssl=1,side dish,"asian, vietnamese","Vietnamese luffa gourd soup, luffa gourd soup recipe, ground pork soup, Vietnamese ground pork soup, luffa gourd recipes, Vietnamese soup, luffa gourd dish, easy luffa gourd soup, canh muop, canh thit bam",,,0,2,2
Balut - Hột Vịt Lộn (How to Cook and Eat),"Fertilized duck eggs, known as Hột Vịt Lộn in Vietnam and Balut in the Philippines, are a delicacy enjoyed in Southeast Asia. They are boiled and eaten similarly to hard-boiled eggs but contain a partially developed duck embryo.",https://vickypham.com/blog/fertilized-duck-eggs-hot-vit-lon/,5m,35m,40m,Varies,"[Ingredients] Fertilized duck eggs (Hot Vit Lon / Balut), Water (enough to cover the eggs), Salt and pepper, to taste, Vietnamese Coriander (Rau Ram), for serving","[Instructions] 1) [Hard-Boil the Eggs] Place the eggs in a pot and cover with water. Bring to a boil for about 35 minutes to ensure the eggs are thoroughly cooked. | 2) [Prepare the Eggs for Serving] Make sure to prop the egg onto something so that the widest part of the egg is upright. I use these egg cups, but you can also cut up an egg carton for DIY egg holders. Crack the widest end of the egg with the back of a small spoon. Gently peel back the shell (not too much or else the soup will run out) and membrane with your fingers. | 3) [Season] Season the top with a bit of salt and pepper (optional). In the Philippines, they also like to add a bit of vinegar or a squeeze of lime. | 4) [Eat and Enjoy] Take a sip of the flavorful broth at the top. It tastes like chicken soup but 100x better. Then use the spoon to scoop out the solids, baby duck and all. In Vietnam, we chase the richness of the embryo and egg yolk with peppery Vietnamese Coriander (Rau Ram). At the bottom of the egg is a white albumen. It is edible but I usually discard it since it’s too hard and rubbery.",https://i0.wp.com/vickypham.com/wp-content/uploads/2024/08/b46af-002.jpg?fit=2500%2C2500&ssl=1,Appetizer,"Vietnamese, Filipino","fertilized duck eggs, hột vịt lộn, balut, Southeast Asian delicacy, Vietnamese food, Filipino food, hard-boiled eggs, duck embryo, adventurous eating, traditional Vietnamese, street food, Vietnamese coriander, rau ram, cooking fertilized eggs, unique foods, Fear Factor food, Vietnamese market, how to eat balut, street delicacies",,,0,1,1
Vietnamese Five-Spice Fried Chicken Wings (Cánh Gà Chiên Ngũ Vị Hương),Looking for a dish to bring to a party ? Try this incredibly delicious five-spice fried chicken recipe. It's easy to prepare and cooks quickly. Whip up a batch and be a hero.,https://vickypham.com/blog/five-spice-fried-chicken-wings/,60m,20m,80m,4 serving(s),"[Ingredients] 2 lbs chicken wings, 1 teaspoon sea salt, 1 teaspoon sugar, 2 teaspoons chicken bouillon powder, ¼ teaspoon ground black pepper, ½ teaspoon five-spice powder, 1 egg (beaten), ½ cup corn starch, Vegetable oil (for frying)","[Instructions] 1) [Marinate] In a large bowl, marinate chicken wings with salt, sugar, chicken bouillon powder, ground black pepper, and five-spice powder for at least one hour. For better results, marinate overnight in the fridge. | 2) [Prepare oil] In a large skillet, pour vegetable oil until it’s 1 inch high and heat it to 375°F or until a drop of corn starch starts to sizzle in the oil. | 3) [Lightly batter] Add beaten egg to the chicken mixture and toss until evenly coated. Then add corn starch and toss until the chicken is lightly battered. | 4) [Deep fry] Carefully lower chicken wings into the hot oil. Do this in batches to prevent overcrowding. Fry for about 10 minutes per batch. Transfer to a paper towel-lined plate or wire rack to drain off excess oil and serve.",https://i0.wp.com/vickypham.com/wp-content/uploads/2024/08/50e6b-056.jpg?fit=2500%2C2500&ssl=1,"side dish, appetizer","asian, vietnamese, chinese","Vietnamese fried chicken, Vietnamese fried chicken wing recipe, Vietnamese chicken wing recipe, Vietnamese fried chicken recipe, Vietnamese five spice fried chicken, Vietnamese fried chicken with five spice powder, Chinese five spice powder, five spice powder, Asian chicken wing recipe, Asian chicken recipe, chicken wings, chicken wing, chicken bouillon powder, asian recipe, chicken recipe, easy chicken wing recipe, easy Asian chicken wing recipe, popular Asian recipe, Vietnamese fried chicken recipe, Vietnamese chicken seasoning, how to make Vietnamese fried chicken, how to make Vietnamese fried chicken wings, gà chiên ngũ vị hương, ga chien, ga chien gion, cánh gà chiên ngũ vị hương, canh ga chien gion",,,0,8,8
Garlic Butter Shrimp (Tôm Xào Bơ Tỏi),A simple garlic butter shrimp recipe. It's quick to make and a definite crowd-pleaser.,https://vickypham.com/blog/garlic-butter-shrimp-tom-xao-bo-toi/,0m,5m,5m,3 serving(s),"[Ingredients] 1 lb shrimp (size 21/25 or larger), 1 stick unsalted butter (8 tablespoons), 1 head garlic (chop), 1/4 teaspoon Old Bay Seasoning, 1/4 teaspoon Cajun Seasoning, 1 1/2 teaspoons Lemon Pepper Seasoning, 2 teaspoons ground cayenne red pepper, 2 teaspoons granulated sugar","[Instructions] 1) [Melt Butter] In a large skillet with a lid, melt butter over medium heat. | 2) [Add Seasonings] Stir in the garlic, Old Bay Seasoning, Cajun Seasoning, Lemon Pepper Seasoning, paprika, and sugar. Mix well to combine. | 3) [Cook the Shrimp] Add the shrimp to the skillet, tossing until evenly coated in the buttery seasoning mixture. Cover the skillet with the lid to retain moisture and cook the shrimp faster without burning the garlic. Simmer on low heat for about 5 minutes or until the shrimp are cooked through and opaque. | 4) [Serve] Serve immediately with steamed rice.",https://i0.wp.com/vickypham.com/wp-content/uploads/2024/08/369c6-002.jpg?fit=2500%2C2500&ssl=1,"side dish, appetizer","asian, fusion, american","garlic butter shrimp, Vietnamese garlic butter shrimp, tom xao bo toi, easy garlic butter shrimp recipe, shrimp stir fry recipe, Vietnamese shrimp recipe, garlic shrimp recipe, butter shrimp recipe, quick shrimp recipe, shrimp with garlic butter sauce, seafood stir fry, Vietnamese seafood recipe, Vietnamese stir fry shrimp, shrimp with butter and garlic, how to make garlic butter shrimp",,,0,0,0
How to Make Vietnamese Coconut Pandan Waffles (Bánh Kẹp Lá Dứa),"Fragrant coconut pandan waffles, infused with the sweet aroma of pandan and the creamy richness of coconut,. Crispy on the outside and chewy on the inside.",https://vickypham.com/blog/how-to-make-vietnamese-coconut-pandan-waffles-banh-kep-la-dua/,5m,12m,17m,4 large waffles,"[Ingredients] 3/4 cup all-purpose flour, 3/4 cup rice flour, 1/2 cup tapioca starch, 1 tablespoon baking powder, 2 whole eggs, 3/4 cup granulated sugar, 1 can coconut milk (13.5 oz), 1/4 cup melted unsalted butter, 1 teaspoon pandan flavoring","[Instructions] 1) [Sift] together all-purpose flour, rice flour, tapioca starch and baking powder in a large mixing. | 2) [Whisk] together eggs and sugar until evenly combined in another bowl. Add coconut milk, melted butter and pandan flavoring. Mix well. | 3) [Combine] dry ingredients and wet ingredients. Mix together until the batter becomes mostly smooth. Small lumps are ok. | 4) [Preheat] waffle iron. Ladle 1 1/4 cups batter onto the preheated waffle iron. Cook for about 3 minutes or until waffle maker indicates ready. Serve immediately for best results.",https://i0.wp.com/vickypham.com/wp-content/uploads/2024/08/8e3fa-013.jpg?fit=2500%2C2500&ssl=1,dessert,"asian, vietnamese","Vietnamese coconut pandan waffles recipe, Bánh Kẹp Lá Dứa, pandan waffles, coconut waffles, Vietnamese breakfast recipes, how to make pandan waffles, coconut pandan dessert, unique waffle recipes, Vietnamese cuisine, pandan flavored treats",,,0,5,5
Periwinkle Escargot with Sweet and Sour Tamarind Sauce (Ốc Xào Me),"A Vietnamese street food favorite. Periwinkle sea snails tossed in a tangy, savory-sweet tamarind sauce make. Easy to make and full of flavor.",https://vickypham.com/blog/periwinkle-sea-snails-tamarind-sauce/,15m,5m,20m,3 serving(s),"[Ingredients] 1 1/2 lbs periwinkle sea snails/escargot, 1/2 cup hot water, 2 oz tamarind seedless tamarind pulp, 4 tablespoons vegetable oil, 10 large garlic cloves (peel and mince finely), 1 tablespoon fish sauce, 1 tablespoon granulated sugar, 1 teaspoon MSG (optional), Vietnamese coriander (optional)","[Instructions] 1) [Clean the periwinkle] Gently scrub the shell and soak in water for 10 minutes. Rinse well and drain dry. | 2) [Prepare the tamarind pulp] In a small bowl, combine hot water and tamarind pulp and let it soak for 15 minutes. Strain mixture through a sieve and discard pulp. Set tamarind liquid aside. | 3) [Make fried garlic] In a large skillet, heat up a large skillet with vegetable oil. Add garlic and fry until golden brown. Remove fried garlic and set aside. Remove all oil except a thin layer. | 4) [Make the sauce] Add tamarind juice and season with sugar, fish sauce and MSG (optional). | 5) [Add periwinkles and toss with sauce] Cook for 3 minutes until the sauce is bubbly and thickened. | 6) [Finish] Transfer to a serving platter. Garnish with fried garlic and Vietnamese coriander.",https://i0.wp.com/vickypham.com/wp-content/uploads/2024/08/a36a5-155.jpg?fit=2500%2C2500&ssl=1,"side dish, appetizer","asian, vietnamese","periwinkle sea snails recipe, tamarind sauce, seafood recipe, Vietnamese seafood dish, tamarind seafood, how to cook periwinkle snails, flavorful sea snail recipes, Vietnamese cuisine, unique seafood dishes, snails in tamarind sauce, Vietnamese oc recipe, Vietnamese snails in tamarind sauce recipe",,,0,0,0
Quick and Easy Vietnamese Caramelized Ground Pork Rice Bowls,A quick and delicious caramelized ground pork recipe served with fresh vegetables and rice for an easy meal.,https://vickypham.com/blog/quick-easy-vietnamese-caramelized-ground-pork-rice-bowls/,2m,8m,10m,5 serving(s),"[Ingredients] 1 lb ground pork (may substitute with other ground meat such as chicken, turkey or beef), 1 tablespoon neutral oil (coconut oil recommended), 1/2 yellow/white onion (dice; about 1/2 cup), 2 garlic cloves (mince), 3 tablespoons dark brown sugar, 1/8 teaspoon ground black pepper, 2 tablespoons fish sauce, 2 teaspoons chicken or mushroom bouillon powder, 1 green onion (optional; slice thin), Steamed rice, Sliced vegetables (tomatoes, cucumbers, lettuce, kimchi, and/or other pickled vegetables)","[Instructions] 1) [Sauté aromatics] Using a large skillet, heat up vegetable oil on medium high. Add diced onion and cook for 2 minutes. Add garlic and sauté for 30 seconds. | 2) [Add ground pork] Cook the pork while breaking it up with a wooden spoon until all liquids are gone (about 3 minutes). | 3) [Season to taste] Add sugar, ground black pepper, fish sauce and bouillon powder. Continue to stir and cook until pork is caramelized (about 3 more minutes). | 4) [Finish and Serve] Garnish with sliced green onions and serve with steamed rice and vegetables of your choice for a complete meal.",https://i0.wp.com/vickypham.com/wp-content/uploads/2024/08/cfecd-021-edit.jpg?fit=2500%2C2500&ssl=1,entree,"asian, vietnamese","Vietnamese caramelized pork, caramelized ground pork, rice bowl recipe, quick Vietnamese dinner, easy pork rice bowl, Vietnamese ground pork recipe, Vietnamese rice bowls, sweet and savory pork, Asian pork bowls, Vietnamese comfort food",,5.0,2,8,10
Seafood Boil with Red Spicy Garlic Butter Dipping Sauce,"A seafood boil to please a crowd. Serve with a red spicy garlic butter sauce with added Southeast Asian flavors from Thai red curry paste. Enjoy the amazing aroma of ginger, galangal, and kaffir lime leaves. Plus, it’s fiery red so make sure to wear a bib!",https://vickypham.com/blog/seafood-boil-spicy-red-garlic-butter-dipping-sauce/,0m,5m,5m,8 serving(s),"[Ingredients] 4 sticks unsalted butter (1 lb/16 oz), 2 heads garlic (about 10 large cloves; peel and finely chop), 1 teaspoon Old Bay seasoning, 1 teaspoon Cajun seasoning, 2 teaspoons lemon pepper seasoning, 2 tablespoons ground cayenne pepper (if not available, substitute with paprika or chili powder), 2 tablespoons granulated sugar, 1/4 cup Thai red curry paste, 3 sausage links, 3 ears of corn, 2 lbs lobster claws, 2 lbs King crab legs, 2 lbs shrimp","[Instructions] 1) [Make the sauce] In a large skillet, melt butter on medium-low heat. Add garlic, Old Bay seasoning, Cajun seasoning, lemon pepper seasoning, cayenne pepper, sugar and red curry paste. Stir until combined. | 2) [Serve] Mix with steamed seafood or serve sauce on the side.",https://i0.wp.com/vickypham.com/wp-content/uploads/2024/08/3c3bf-009-edit.jpg?fit=2500%2C2500&ssl=1,condiment,"asian, vietnamese, fusion, american","seafood boil, seafood red sauce, seafood dipping sauce, asian style seafood dipping sauce, best seafood dipping sauce, red seafood sauce, spicy garlic butter sauce for seafood, thai-style seafood dipping sauce, seafood garlic sauce, spicy seafood garlic butter sauce, seafood boil sauce, asian garlic butter lemon sauce, thai garlic butter lemon sauce, spicy sauce for seafood boil, seafood sauce with thai red curry paste, thai red curry paste, thai curry seafood sauce",,,0,2,2
Vietnamese Fried Fish with Soy Sauce (Cá Chiên Xì Dầu),"A simple Vietnamese-style fried fish with a sweet and savory soy glaze. Crispy, flavorful, and perfect with hot rice and fresh cucumbers for a quick, delicious meal.",https://vickypham.com/blog/vietnamese-fried-fish-soy-sauce-ca-chien-xi-dau/,30m,15m,45m,5 serving(s),"[Ingredients] 2 whole red tilapia fish or any fish of your choice (1 lb each), 1 teaspoon sea salt, 1/2 teaspoon ground black pepper, 1/4 teaspoon MSG, 1/3 cup corn starch, 2 tablespoons soy sauce, 1 tablespoon fish sauce, 2 tablespoons granulated sugar, 1 tablespoon oyster sauce, 1/4 cup water, 2 tablespoons vegetable oil, 2 garlic cloves (peel; finely mince), 1 knob ginger (peel; finely mince), Green Onions, Cilantro","[Instructions] 1) [Prepare the fish] Cut deep slits into the body of the fish for quicker cooking. In a small bowl, mix together salt, ground black pepper, and MSG until combined. Rub seasoning all over fish, including the inside. Marinate at least 30 minutes or overnight in the fridge for best results. | 2) [Deep fry] In a wide skillet, fill oil 1-inch high and heat on medium-high to 350°F or a drop of corn starch sizzles gently. Add fish and fry for about 6 minutes each side. Remove from oil and drain on a wire rack. | 3) [Make the sauce] In a small bowl, combine soy sauce, fish sauce, sugar, oyster sauce and water and mix until dissolved. Set aside. In a small saucepan, heat 2 tablespoons vegetable oil (use oil from frying fish). Add garlic and ginger. Sauté until fragrant and lightly brown. Add in sauce mixture and heat until bubbling. Immediately turn off the heat. | 4) [Finish] Transfer fish to a large platter and pour the soy sauce glaze over the fish. Alternatively, pour the soy sauce glaze on the bottom of the platter and serve the fish over the glaze or serve the sauce in a bowl on the side to maintain the fish crispiness. Garnish with sliced green onions or cilantro. Serve with sliced cucumbers and steamed rice for a complete meal.",https://i0.wp.com/vickypham.com/wp-content/uploads/2024/08/a7a00-115.jpg?fit=2500%2C2500&ssl=1,side dish,"asian, vietnamese, chinese","Vietnamese fried fish recipe, Ca Chien Xi Dau, fried fish in soy sauce, Vietnamese fish recipes, crispy fried fish, savory fish dish, Vietnamese cuisine, easy fried fish recipe, soy sauce fish, Vietnamese dinner ideas",,5.0,1,4,5
Vietnamese Malabar Spinach and Ground Beef Soup (Canh Mồng Tơi Nấu Thịt Bò Bằm),A warm and comforting side soup of malabar spinach and beef. Serve with steamed rice for a complete meal.,https://vickypham.com/blog/vietnamese-malabar-spinach-ground-beef-soup-canh-mong-toi-nau-thit-bam/,10m,10m,20m,6 serving(s),"[Ingredients] 10 oz ground beef, 1/2 teaspoon sea salt, 1/2 teaspoon granulated sugar, 1 teaspoon chicken or mushroom bouillon powder, 1/4 teaspoon ground black pepper, 1 teaspoon fish sauce, 1 tablespoon vegetable oil, 3 cloves garlic (mince), 1 3/4 quarts water, 1 teaspoon sea salt, 1 teaspoon fish sauce, 1 teaspoon chicken or mushroom bouillon powder, 1 teaspoon granulated sugar, 1 1/2 lbs malabar spinach (remove woody stems if any and cut into bite-size pieces), 1/4 teaspoon ground black pepper","[Instructions] 1) [Prepare beef] Marinate ground beef with salt, sugar, chicken/mushroom bouillon powder, black pepper and fish sauce for 10 minutes. | 2) [Toast garlic] In a medium stock pot, heat vegetable oil on medium high. Add garlic and sauté until fragrant (about 10 seconds). | 3) [Prepare broth] Add ground beef and stir to mix with garlic. Cook for one minute. Add water and bring the pot to a boil. Reduce heat to low simmer. Skim off any impurities that float to the top. Continue to cook for 5 minutes. | 4) [Season to taste] Add salt, fish sauce, chicken/mushroom bouillon powder and sugar. Add malabar spinach and cook until tender (5 minutes). | 5) [Finish] Sprinkle the top of soup with black pepper and serve with steamed rice and a protein side dish (see below) for a complete and traditional Vietnamese meal.",https://i0.wp.com/vickypham.com/wp-content/uploads/2024/08/ef895-117.jpg?fit=2500%2C2500&ssl=1,side dish,"asian, vietnamese","Vietnamese spinach soup, Canh Mồng Tơi Nấu Thịt Băm, Malabar spinach soup, ground beef soup, Vietnamese beef soup, easy Vietnamese soup, healthy Vietnamese recipes, quick soup recipes, Vietnamese vegetable soup, traditional Vietnamese soup recipes",,,0,4,4
Vietnamese Pork Meatballs Soup with Winter Melon (Canh Mọc Nấu Bí Đao),"A quick pork meatball soup with winter melon (bi dao), a gourd that adds cucumber-like texture and sweetness. Enjoy this comforting side dish with steamed rice, perfect for cold winter days.",https://vickypham.com/blog/vietnamese-pork-meatballs-soup-with-winter-melon-canh-moc-nau-bi-dao/,10m,12m,22m,6 serving(s),"[Ingredients] 1 lb fatty ground pork (chill in freezer until semi-frozen such that you can break apart into big chunks by hand), 3 tablespoons granulated sugar, 1/2 teaspoon salt, 2 tablespoons fish sauce, 1/4 teaspoon ground black pepper, 3 garlic cloves (peel; leave whole), 3 tablespoons vegetable oil, 2 tablespoons tapioca starch, 4 tablespoons cold water, 1 teaspoon Alsa baking powder, Food processor, 2 quarts water, 1 lb winter melon (peel, remove core if not tender and cut into chunks or slice thin), 1 tablespoon granulated sugar, 2 tablespoons fish sauce, 2 teaspoons salt, 4 green onions/scallions (remove end; cut into 2-inch segments), 1/4 teaspoon ground black pepper","[Instructions] 1) [Prepare pork] Break apart ground pork into small chunks and add to a high-power food processor. Add sugar, salt, fish sauce, black pepper, garlic cloves and oil. Blend for 5 minutes on the highest setting. | 2) [Prepare slurry] In a small bowl, mix together tapioca starch and water until dissolved. Add baking powder to the slurry. Add slurry to pork and blend on high again for another 5 minutes. Pork should be a light pink paste. Set aside. | 3) [Prepare broth] In a large pot, heat water (2 quarts) on high. Once you reach a rolling boil, form golf-ball size meatballs from the pork paste and drop them into the boiling water. Lower heat to gentle simmer and cook for 8 minutes. | 4) [Add winter melon] Cook the melon for about 4 minutes until tender. Avoid overcooking as melon will break apart into many pieces. | 5) [Finish] Season soup with sugar, fish sauce and sea salt Turn off heat and garnish with scallions and black pepper before serving.",https://i0.wp.com/vickypham.com/wp-content/uploads/2024/08/bd5af-chickenstockpowder2.jpg?fit=2500%2C2500&ssl=1,side dish,"asian, vietnamese","Vietnamese pork meatball soup, Canh Moc Nau Bi Dao, winter melon soup, Vietnamese soup recipe, pork meatball soup, Vietnamese comfort food, healthy Vietnamese soup, how to cook winter melon, easy soup recipes, traditional Vietnamese dishes",,,0,3,3
Vietnamese Rice Paper Salad (Bánh Tráng Trộn),What Andrew Zimmern describes as “Vietnam in a bag.” This street food is what I like to call a hodge-podge salad. It includes leftover ingredients and condiments to transform unwanted broken rice paper into an unorthodox salad of amazing textures and flavors.,https://vickypham.com/blog/vietnamese-rice-paper-salad-banh-trang-tron/,15m,15m,30m,4 servings,"[Ingredients] 100g tamarind pulp or 30g tamarind concentrate, 2 tablespoons vegetable oil, 6 garlic cloves (peel and finely mince), 2 tablespoons fish sauce, 3 tablespoons granulated sugar, 1/2 teaspoon MSG (optional), 1 tablespoon red pepper flakes (optional), 1/4 cup vegetable oil, 200g dried squid, 100g dried shrimp, 100g beef jerky, 6 oz dried rice paper (cut into thin strips), Vietnamese chili oil (sate), Vietnamese scallion oil (mo hanh), 1 green mango (peel and cut into thin strips), 10 hard boiled quail eggs, Fried shallots (hanh phi), 1/4 cup unsalted roasted peanuts (coarsely chopped), 2 cups Vietnamese coriander leaves (rau ram)","[Instructions] 1) [Make the tamarind sauce] If using tamarind pulp, soak in 2 cups hot water for 15 minutes then strain through a fine sieve; discard pulp. In a small sauce pan, heat oil on medium high. Add garlic and sauté until fragrant (about 15 seconds). Add tamarind, fish sauce, sugar, MSG and red pepper flakes. Mix until combined. Cook on low simmer for 1 minutes. Pour into a small bowl and set aside. | 2) [Prepare the dried proteins] To a medium skillet, add vegetable oil and heat on medium high. Add the squid to the hot oil and fry for 30 seconds. It will curl up so use chopsticks or a wooden spoon to push down the sides to prevent curling and even frying. Flip and quickly fry the other side for another 30 seconds. Remove from oil. Once cooled, hand shred the squid into long strips and set aside. In the same oil, add the remaining dried salted shrimp. Pan fry for about 1 minute. Remove from oil and set aside. For the beef jerky, hand shred into thin strips and set aside. | 3) [Assemble] Place rice paper in a large bowl. Add tamarind sauce, chili oil and scallion oil. Toss rice paper evenly so the rice paper soaks up all the sauces. It will appear dry at first, but it will soften. Add proteins (beef jerky, dried squid, and dried shrimp), green mango, and hard boiled eggs. Give it a quick mix. Garnish with fried shallots, peanuts and Vietnamese coriander.",https://i0.wp.com/vickypham.com/wp-content/uploads/2024/08/2146d-160.jpg?fit=2500%2C2500&ssl=1,"side dish, appetizer","asian, vietnamese","Vietnamese rice paper salad, banh trang tron, how to make banh trang tron, Vietnamese street food, rice paper salad recipe, banh trang tron recipe, easy rice paper salad, Vietnamese salad recipe, rice paper salad ingredients, banh trang tron toppings",,,0,0,0
Vietnamese Simple Deep-Fried Shrimp (Tôm Chiên Giòn),"A simple Vietnamese deep-fried shrimp appetizer. Tail-on shrimp is marinated then coated in tapioca starch then fried for a light, crispy crust.",https://vickypham.com/blog/vietnamese-simple-deep-fried-shrimp-tom-chien-gion/,15m,6m,21m,2 serving(s),"[Ingredients] 1 lb shrimp (peel and devein), 1 teaspoon salt, 1 teaspoon chicken or mushroom bouillon powder, 1/4 teaspoon ground black pepper, 1/2 cup tapioca starch, Vegetable oil for deep-frying","[Instructions] 1) [Marinate the Shrimp] In a bowl, season the shrimp with salt, bouillon powder, and black pepper. Mix well and let marinate for at least 15 minutes to enhance the flavor. | 2) [Coat with Starch] Toss the marinated shrimp with tapioca starch, ensuring each piece is evenly coated. | 3) [Deep-Fry the Shrimp] Heat oil in a deep fryer or large pot to 375°F (190°C). Fry the shrimp in small batches for about 3 minutes, or until golden brown and crispy. | 4) [Drain and Serve] Remove the shrimp from the oil and drain on a wire rack to maintain crispiness. Serve immediately for the best results.",https://i0.wp.com/vickypham.com/wp-content/uploads/2024/08/96640-037.jpg?fit=2500%2C2500&ssl=1,"side dish, appetizer","asian, vietnamese","Vietnamese fried shrimp, Tôm Chiên Giòn, crispy fried shrimp, deep-fried shrimp recipe, Vietnamese seafood recipes, crunchy shrimp, fried shrimp appetizer, easy shrimp recipe, Vietnamese crispy shrimp, golden fried shrimp, Asian shrimp recipes",,,0,0,0
BBQ Pork Asparagus Fried Rice (Com Chien Xa Xiu Mang Tay),"This fried rice recipe is great if you have leftover Chinese barbecue pork. It's quick and easy, the perfect recipe for a busy weeknight.",https://vickypham.com/blog/bbq-pork-fried-rice-asparagus-com-chien-xa-xiu-mang-tay/,5m,10m,15m,5 serving(s),"[Ingredients] 3 tablespoons vegetable oil, 3 cloves garlic (peel and mince), 3 eggs (beaten), 2 cups chopped cooked BBQ Pork (Thit Xa Xiu/Char Siu), 2-3 cups finely sliced asparagus, 2 lbs day-old rice, 1 tablespoon chicken or mushroom bouillon powder, 1 tablespoon garlic powder, 2 teaspoons salt, 1 teaspoon granulated white sugar, 1/4 teaspoon ground black pepper, 2 green onions (optional; slice thin)","[Instructions] 1) [Fry garlic] In a large wok, heat up the vegetable oil on medium high. Swirl oil around so that it coats all the way up to the sides of the wok. Add garlic and stir until fragrant but not brown (about 15 seconds). | 2) [Cook eggs] Add eggs and swirl the liquid eggs up to sides of the oiled wok. Push edges of the eggs into the center to allow any liquid egg to run into the now empty areas of the wok. When the eggs look mostly cooked and still slightly wet, break the eggs into small pieces with a wooden spoon. | 3) [Add chopped Chinese BBQ Pork, asparagus and rice] Toss to combine. | 4) [Season rice] Add mushroom/chicken bouillon powder, garlic powder, salt, sugar and ground black pepper. Toss everything together until combined. Top with green onions (optional) and serve.",https://i0.wp.com/vickypham.com/wp-content/uploads/2024/08/88629-137.jpg?fit=2500%2C2500&ssl=1,side dish,"asian, vietnamese, chinese","BBQ pork fried rice, BBQ pork fried rice recipe, com chien xa xiu, fried rice with asparagus, leftover BBQ pork recipes, Vietnamese BBQ pork fried rice, easy fried rice recipe, pork fried rice Vietnamese style, stir-fried asparagus and rice, Asian fried rice with pork, quick pork fried rice recipe",,,0,3,3
Easy Vietnamese Scrambled Eggs with Green Onions (Trung Chien Hanh La),"Vietnamese-style scrambled eggs, seasoned with fish sauce (the salt of the East), a touch of sugar for balance and green onions for freshness. Fluffy, flavorful, and easy to make—perfect for a lazy meal.",https://vickypham.com/blog/easy-vietnamese-scrambled-eggs/,1m,4m,5m,4 serving(s),"[Ingredients] 4 eggs, 1/2 teaspoon granulated white sugar, 1 teaspoon fish sauce, 1/8 teaspoon ground black pepper, 1 green onion (slice thinly), 1 tablespoon unsalted butter (can substitute with vegetable oil)","[Instructions] 1) [Whisk] together eggs, sugar, fish sauce, ground black pepper and green onions in a medium bowl. | 2) [Heat the butter] (or oil) on medium high in a medium non-stick skillet. Swirl butter around until it completely melted, coating all the bottom and sides. | 3) [Cook] Add the whisked eggs to the skillet and tilt it to spread the eggs into a thin layer, reaching the sides. Let the eggs cook for 15-30 seconds. Then, use a wooden spoon or chopsticks to push the edges of the eggs toward the center, letting the runny mixture fill the empty spots. Repeat this until all the raw egg has moved to the center. When there’s no more runny egg and the top is slightly wet, turn off the heat and let the residual heat finish cooking. Serve immediately with bread or steamed white rice.",https://i0.wp.com/vickypham.com/wp-content/uploads/2024/08/78eb9-098.jpg?fit=2500%2C2500&ssl=1,side dish,"asian, vietnamese, southeast asian","Asian-style scrambled eggs, Southeast Asian style scrambled eggs, Vietnamese scrambled eggs, Vietnamese egg recipe, easy Vietnamese recipes, scrambled eggs with fish sauce, Asian scrambled eggs, quick Vietnamese breakfast, traditional Vietnamese recipes, Vietnamese-style eggs, simple Vietnamese dish, authentic Vietnamese eggs",,,0,1,1
Eggplant with Shrimp and Garlic Sauce (Ca Tim Xao Tom),"A quick stir-fry of eggplant and shrimp in a sweet, savory garlic sauce. Serve with rice for a simple, balanced meal.",https://vickypham.com/blog/eggplant-with-shrimp-and-garlic-sauce/,5m,10m,15m,4 serving(s),"[Ingredients] 1 lb shrimp (peel and devein), 1/2 teaspoon salt, 1/4 teaspoon black pepper, 2 tablespoons granulated white sugar, 2 tablespoons light soy sauce, 2 tablespoons oyster sauce, 1 teaspoon sesame oil, 1 teaspoon tapioca starch dissolve with 1 tablespoon cold water, 2 tablespoons vegetable oil, 3 garlic cloves (peel and mince), 2 green onions (slice thin; separate whites and greens), Red pepper flakes (optional for heat), 2 lbs Chinese eggplants (2 large Chinese eggplants; cut into 1-inch half-circles), 1 cup water","[Instructions] 1) [Season shrimp] with salt and pepper. Set aside. | 2) [Make the sauce: ] In a small bowl, mix together sugar, soy sauce, oyster sauce, sesame oil and slurry (tapioca starch and water) until completely dissolved. Set aside. | 3) [Pan fry aromatics] Heat vegetable oil in a large skillet on medium high (use one with a lid). Add garlic, white of green onions and red chili flakes (optional for heat). Sauté until fragrant (around 20 seconds). | 4) [Add shrimp] and cook until they just turn opaque (white and pink). Remove shrimp from skillet and set aside. | 5) [Add eggplant] and water to the now empty skillet. Cover with lid and simmer on low for about 5 minutes until fork tender. There should not be much or any water left in the skillet once eggplants are done. | 6) [Combine] Toss in the cooked shrimp and add the sauce. Cook on low until sauce thickens (1-2 minutes). Garnish with green part of the green onions. Serve with steamed rice for a complete meal.",https://i0.wp.com/vickypham.com/wp-content/uploads/2024/08/9435a-030.jpg?fit=1000%2C1000&ssl=1,side dish,"asian, vietnamese","eggplant with shrimp and garlic sauce, Vietnamese eggplant recipe, shrimp stir-fry with eggplant, easy shrimp and eggplant recipe, garlic shrimp stir-fry, quick Vietnamese dinner, shrimp and garlic sauce, Vietnamese shrimp recipe, garlic eggplant stir-fry, eggplant and seafood stir-fry",,,0,8,8
Simple No Cook Soy Dipping Sauce (Nuoc Cham Xi Dau),"A simple soy dipping sauce recipe that requires no cooking. It pairs nicely with pot stickers (dumplings), wontons, blanched vegetables and steamed/fried fish.",https://vickypham.com/blog/simple-no-cook-soy-dipping-sauce-nuoc-cham-xi-dau/,5m,5m,5m,1 1/2 cups,"[Ingredients] 1/4 cup rice wine vinegar, 1/2 cup granulated white sugar, 3/4 cup all-purpose soy sauce, 1 teaspoon sesame oil, 1 teaspoon garlic powder, 1 red Thai chili pepper (slice thin; optional)","[Instructions] 1) [Mix] together vinegar, sugar, soy sauce, garlic powder and red chili pepper. | 2) [Serve] immediately or store in an airtight container in the fridge.",https://i0.wp.com/vickypham.com/wp-content/uploads/2024/08/9dc2c-039.jpg?fit=2500%2C2500&ssl=1,condiment,asian,"soy dipping sauce, no-cook dipping sauce, Nuoc Cham Xi Dau, Vietnamese soy sauce dip, soy sauce recipe, easy dipping sauce, Vietnamese condiment, soy sauce for spring rolls, soy sauce for dumplings, vegan soy sauce dip, Vietnamese no-cook sauce, quick soy sauce recipe",,,0,0,0
Steamed Chicken with Vietnamese Coriander (Ga Hap Rau Ram),"A tasty Vietnamese steamed chicken recipe with coriander (Rau Ram), served with a lemon-salt-pepper dipping sauce — perfect for sharing with friends over a glass of beer.",https://vickypham.com/blog/steamed-chicken-with-vietnamese-coriander-ga-hap-rau-ram/,30m,30m,60m,4 serving(s),"[Ingredients] 1 whole chicken (free-range preferred, cut into small piece), 1 tablespoon sea salt, 1 tablespoon granulated white sugar, 2 tablespoons chicken or mushroom bouillon powder, 3 cloves garlic (peel chop finely), 1 small shallot (peel chop finely), 1 bunch Vietnamese coriander/mint leaves (rau ram), Lime, salt and pepper dipping sauce (muoi tieu chanh)","[Instructions] 1) [Marinate] In a small bowl, mix together salt, sugar, bouillon stock powder, garlic and shallot. Marinate chicken pieces with seasoning mixture for at least 15 minutes or overnight in fridge for better results. | 2) [Steam] Prepare your steamer and bring it to a rolling boil (about 10 minutes). Place marinated chicken on a shallow heat-proof bowl that will fit your steamer. Make sure to lay the chicken in a single layer. Place half of your Vietnamese coriander on top of the chicken then steam for about 30 minutes. Remove from the steamer carefully. | 3) [Finish] Serve with fresh coriander, dipping sauce and enjoy.",https://i0.wp.com/vickypham.com/wp-content/uploads/2024/08/043b9-073.jpg?fit=2500%2C2500&ssl=1,"side dish, appetizer","asian, vietnamese","steamed chicken with coriander, Ga Hap Rau Ram, Vietnamese steamed chicken recipe, Vietnamese coriander chicken, easy Vietnamese chicken recipe, chicken with rau ram, Vietnamese herb chicken, healthy Vietnamese chicken dish, chicken with lemon dipping sauce, quick Vietnamese chicken recipe, Vietnamese coriander, chicken with vietnamese coriander, Vietnamese chicken with rau ram",,,0,2,2
Vietnamese Chayote Squash Soup with Minced Shrimp (Canh Su Su Nau Tom Bam),Chayote and minced shrimp is a classic combination. Here's a quick Vietnamese side soup to pair with steamed rice.,https://vickypham.com/blog/vietnamese-chayote-squash-soup-with-shrimp/,15m,7m,22m,6 serving(s),"[Ingredients] 1 1/2 lbs chayote squash (about 2 whole squash, slice into thick match sticks), 10 oz shrimp (peel, devein and mince into paste), 2 tablespoons fish sauce, 2 tablespoons chicken or mushroom bouillon powder, 1 tablespoon granulated white sugar, 1 teaspoon sea salt, 1/2 teaspoon baking soda, 1/8 teaspoon ground black pepper, 1 tablespoon vegetable oil, 2 green onions (slice thinly; separate whites and greens), 1 shallot (peel and mince), 3 garlic cloves (peel and mince), 2 quarts water","[Instructions] 1) [Marinate] shrimp with fish sauce, chicken/mushroom bouillon stock powder, sugar, salt, baking soda, ground black pepper and the green part of green onions/scallions for 15 minutes. | 2) [Toast aromatics: ] In a medium stock pot, add oil and heat on high. Add shallot and garlic. Sauté until fragrant and lightly brown (30 seconds). | 3) [Add water] (be careful of oil splatter) and chayote. Bring pot to a boil then reduce heat to a low simmer and cook until chayote is fork tender (about 7 minutes). | 4) [Scoop minced shrimp,] a tablespoon at a time, and drop them into the pot like dumplings. Make sure to get all the marinade into the pot. When shrimp floats to the top, turn off heat. Soup is ready.",https://i0.wp.com/vickypham.com/wp-content/uploads/2024/08/f4dad-147.jpg?fit=2500%2C2500&ssl=1,side dish,"asian, vietnamese","Vietnamese chayote squash soup, chayote squash soup with shrimp, canh su su, Vietnamese shrimp soup recipe, chayote squash recipe, easy Vietnamese soups, healthy Vietnamese soup recipes, Vietnamese squash soup recipe, quick shrimp soup, chayote soup",,,0,8,8
Vietnamese Chicken and Bamboo Noodle Soup (Bun Mang Ga),Craving a soul-warming bowl of noodle soup? Try this noodle soup with rice vermicelli in a bamboo and chicken infused broth.,https://vickypham.com/blog/vietnamese-chicken-and-bamboo-noodle-soup-bun-mang-ga/,15m,60m,75m,6 serving(s),"[Ingredients] 1 lb bamboo shoots (boil and rinse until water runs clear and repeat; shred by hand along the grain then cut into bite-size pieces), 2 tablespoons vegetable oil, 5 cloves garlic (peel and mince), 1/4 teaspoon granulated sugar, 1/4 teaspoon sea salt, 1/4 teaspoon chicken bouillon powder, 1 whole chicken, 1 tablespoon coarse salt (for cleaning chicken), 5 quarts water, 5 oz ginger (unpeeled; cut into thick slices), 20 grams rock sugar, 2 tablespoons sea salt, 2 tablespoons chicken bouillon powder, 2 tablespoons fish sauce, 1 lb dried rice vermicelli noodles, Green onions (slice thin), Cilantro (roughly chop), Shredded white or purple cabbage, Lime/lemon wedges","[Instructions] 1) [Prepare the bamboo shoots] In a large skillet or wok, add vegetable oil and heat on medium high. Add garlic and saute until fragrant. Add shredded bamboo. Season bamboo with sugar, salt and chicken stock powder. Toss evenly and set aside. | 2) [Clean the chicken (optional)] Rub tablespoon salt all over the skin and the insides. The abrasive action of the salt will remove the foul poultry smell and scrub the surface clean. Rinse chicken and drain dry. | 3) [Cook] In a large stock pot, bring 5 quarts water to a boil. Add chicken and ginger. Simmer on medium low and occasionally skim off any foam that rises to the top. After 30 minutes, test doneness of chicken then remove to prevent overcooking. Remove chicken from the stock and set aside to cool. Remove and discard ginger pieces. Add sautéed bamboo to the stock pot and simmer on medium low for 30 minutes. Season stock pot with rock sugar, salt, chicken stock powder and fish sauce. | 4) [Chop] Once chicken has cooled, chop into bite-sized pieces with a large cleaver. Set aside. | 5) [Cook noodles] per package instructions. | 6) [Serve] Add noodles, chicken and bamboo to a bowl. Ladle in hot broth and garnish bowl with green onions, cilantro and lime/lemon wedge.",https://i0.wp.com/vickypham.com/wp-content/uploads/2024/08/fcab5-055.jpg?fit=2500%2C2500&ssl=1,entree,"asian, vietnamese","Vietnamese chicken noodle soup, Bún Măng Gà, chicken and bamboo soup, bamboo noodle soup, Vietnamese soup recipe, Vietnamese chicken soup, noodle soup with bamboo, Vietnamese noodle dishes, traditional Vietnamese soup, easy Vietnamese chicken recipes",,,0,4,4
Vietnamese Crispy Roasted Chicken (Ga Roti),"Oven-roasted tender and flavorful, soy-marinated chicken. Serve with steamed rice, lettuce, pickled vegetables, sliced tomatoes, and cucumbers for a complete meal.",https://vickypham.com/blog/vietnamese-crispy-roasted-chicken-ga-roti/,65m,65m,130m,5 serving(s),"[Ingredients] 5 chicken leg quarters, 3 tablespoons Maggi Seasoning, 3 tablespoons granulated sugar, 1 teaspoon sea salt, ½ teaspoon Chinese Five Spice Powder, 1 shallot (finely diced), 3 garlic cloves (finely diced), 1 tablespoon ginger (finely diced)","[Instructions] 1) [Marinate chicken] In a large mixing bowl, combine Maggi Seasoning, sugar, salt, five-spice seasoning powder, shallot, garlic, and ginger. Add chicken and marinate for at least 30 minutes or overnight in the fridge for best results. | 2) [Roast] Preheat oven to 425 °F. Line a large baking sheet with foil or parchment paper to reduce cleanup then place a wire rack on top. Lay chicken skin side down with spacing in between and bake for 30 minutes. Flip and repeat for additional 30 minutes. | 3) [Crisp up skin] Change the oven setting to broil at 400°F. Broil until you get the desired caramelization and crispiness on the skin (about 2-5 minutes).",https://i0.wp.com/vickypham.com/wp-content/uploads/2024/08/d360f-153.jpg?fit=2500%2C2500&ssl=1,side dish,"asian, vietnamese","crispy chicken recipe, chicken, Vietnamese crispy roasted chicken, ga roti recipe, aà rô ti",,,0,10,10
"Vietnamese Seafood Lime, Salt and Pepper Dipping Sauce (Muoi Tieu Chanh)",A traditional and simple Vietnamese dipping sauce for steamed seafood.,https://vickypham.com/blog/vietnamese-seafood-lime-salt-pepper-dipping-sauce-muoi-tieu-chanh/,2m,2m,2m,1 serving(s),"[Ingredients] 2 to 3 teaspoons lime juice, ½ teaspoon sea salt, ¼ teaspoon ground black pepper, ⅛ teaspoon MSG (pinch; optional)","[Instructions] 1) [Mix Ingredients] Combine all the ingredients in a small bowl. | 2) [Serve for Customization] For a more elegant presentation, place salt and pepper in a sauce bowl along with fresh lime/lemon wedges so that the diner can add as much as they prefer.",https://i0.wp.com/vickypham.com/wp-content/uploads/2024/08/1a59a-1x1-1.jpg?fit=2500%2C2500&ssl=1,condiment,"asian, vietnamese","vietnamese seafood lime salt and pepper dipping sauce, vietnamese seafood dipping sauce, salt and pepper dipping sauce for seafood, lime salt and pepper dipping sauce, vietnamese easy seafood sauce, msg seafood sauce, salt pepper seafood sauce, vietnamese salt pepper dipping sauce, vietnamese salt pepper seafood sauce, easy seafood sauce, easy asian seafood sauce, seafood sauce, seafood dipping sauce recipe",,,0,0,0
Vietnamese Sweet and Sour Catfish Soup with Celery (Canh Chua Cá Bông Lau Nấu Cần Tây),A popular variation of a Vietnamese sweet and sour soup with celery. Enjoy with steamed rice and other side dishes for a complete meal.,https://vickypham.com/blog/vietnamese-sweet-sour-catfish-soup-celery-canh-chua-ca-bong-lau-nau-can-tay/,4m,16m,20m,4 serving(s),"[Ingredients] 1 lb catfish (I typically use a whole catfish head and 1-2 catfish steaks), 1 3/4 quarts water, 2 tablespoons fish sauce, 1 tablespoon chicken bouillon powder, 3 tablespoons granulated sugar, 3 oz tamarind pulp (dissolve in 1/3 cup hot water, strain and discard pulp), 1 teaspoon salt, 1 lb tomatoes (quarter), 1 lb celery (remove outside fibers and slice thinly at a diagonal), 2 tablespoons vegetable oil, 6 garlic cloves (mince), 1 cup Thai basil leaves, 2 Thai chili pepper (optional; slice thin)","[Instructions] 1) [Toast aromatics] At the bottom of medium stock pot, heat up vegetable oil. Add garlic and fry until golden (about 30 seconds). Remove garlic and set aside. | 2) [Add catfish] and toss in aromatic garlic oil. Add water. Bring the pot it to a boil then reduce heat to a low simmer. Cook for 10 minutes. Occasionally, use a mesh or small spoon to scoop out any impurities (foam) that float to the top. | 3) [Season] with fish sauce, chicken bouillon powder, sugar, strained tamarind pulp and salt. | 4) [Add celery] and cook for 4 minutes (celery needs more cooking time than tomatoes). Add tomatoes. Cook for 2 minutes then turn off heat. | 5) [Garnish] with basil, chili pepper and fried garlic.",https://i0.wp.com/vickypham.com/wp-content/uploads/2024/08/b07e4-028.jpg?fit=2500%2C2500&ssl=1,side dish,"asian, vietnamese","Vietnamese catfish soup, Canh Chua Cá, sweet and sour soup, Vietnamese sour soup, catfish soup recipe, Canh Chua Cá Bông Lau, Vietnamese fish soup, tangy fish soup, Vietnamese celery soup, traditional Vietnamese soup recipes",,,0,2,2
Vietnamese Turmeric and Lemongrass Fried Fish Fillets (Ca Chien Sa Nghe),A quick and easy fried fish fillet with lemongrass and turmeric. Lightly coated with corn starch and pan-fried to crispy perfection.,https://vickypham.com/blog/vietnamese-turmeric-lemongrass-fried-fish-fillets-ca-chien-sa-nghe/,15m,8m,23m,4 serving(s),"[Ingredients] 1 1/2 lbs fish fillets (cod, bass tilapia or any other white fish), 1 teaspoon sea salt, 1 teaspoon fish sauce, 1 teaspoon granulated white sugar, 1/4 teaspoon ground black pepper, 1 teaspoon turmeric powder, 1/4 cup finely minced lemongrass, 3 garlic cloves (minced), 2 tablespoons vegetable oil (a little more for pan frying), 1/2 cup corn starch","[Instructions] 1) [Marinate] In a small bowl, mix together salt, fish sauce, sugar, ground black pepper, turmeric powder, lemongrass, garlic and vegetable oil (2 tablespoons). Marinate fillets with mixture for at least 15 minutes or overnight in the fridge. | 2) [Flour the fish] When ready to fry, lightly dust fillets with corn starch. Tap off excess. | 3) [Pan fry] Using a large non-stick skillet, add a thin layer of oil and heat on medium-high. Add fish fillets and pan-fry for 2 minutes per side. You may have to fry in two batches depending on the size of your skillet. Transfer fried fillet to a wire rack to drain excess oil. Serve immediately with rice or noodles for a complete meal.",https://i0.wp.com/vickypham.com/wp-content/uploads/2024/08/9b06f-105.jpg?fit=2500%2C2500&ssl=1,side dish,"asian, vietnamese","Vietnamese turmeric fish, lemongrass fried fish, ca chien sa nghe, Vietnamese fried fish recipe, turmeric lemongrass fish, Vietnamese fish dish, easy fried fish recipe, Asian fish recipes, Vietnamese seafood recipe, turmeric fish fillet recipe",,5.0,2,9,11
Beef and Broccoli Stir Fry (Thit Bo Xao Bong Cai Xanh),"A quick stir fry with thinly sliced beef sirloin, broccoli florets and carrots, coated in a thick sweet and savory sauce. Enjoy with steamed rice for a complete meal.",https://vickypham.com/blog/beef-broccoli-stir-fry-thit-bo-bong-cai-xanh/,5m,10m,15m,5 serving(s),"[Ingredients] 1½ lbs beef sirloin, 3 tablespoons all-purpose soy sauce, 1 tablespoon oyster sauce, 1 tablespoon granulated cane sugar, 1 teaspoon sesame oil, ½ teaspoon ground black or white pepper, 1 cup chicken stock or water, 1 tablespoon all-purpose soy sauce, 1 tablespoon granulated cane sugar, 1 tablespoon Shaoxing cooking wine (optional), 1 tablespoon corn starch, ½ cup water, 2 lbs broccoli florets, 1 small carrot (optional for color; peel and slice thinly at a diagonal), 2 tablespoons vegetable oil, 3 garlic cloves (mince finely)","[Instructions] 1) [Prepare the beef] Slice beef against the grain into ¼” thickness. Transfer to a large bowl and season with soy sauce, oyster sauce, sugar, sesame oil, and ground black/white pepper. Set aside. | 2) [Make the sauce] In a small bowl, combine chicken stock/water, soy sauce, sugar, cooking wine and corn starch. Mix with a fork until corn starch is completely dissolved. Set aside. | 3) [Steam the vegetables] In a large wok or skillet with a lid, add water, broccoli and carrots. Heat on medium-high and cover with a lid to allow the vegetables to “steam” with the small amount of water until fork tender (about 4 minutes). Remove vegetables and set aside. | 4) [Fry beef] Wipe any remaining moisture in the wok. Add vegetable oil and heat on medium high. Add garlic and marinated beef. Pan fry until beef is cooked all the way through (about 4 minutes). | 5) [Combine and serve] Add stir-fry sauce and simmer on low until thicken. Add steamed broccoli and carrots. Toss until combined. Serve with steamed rice for a complete meal.",https://i0.wp.com/vickypham.com/wp-content/uploads/2024/08/c406a-005-1.jpg?fit=2500%2C2500&ssl=1,side dish,"asian, vietnamese, chinese","simple beef and broccoli stir fry, thịt bò xào bông cải xanh, Vietnamese beef and broccoli, easy beef stir fry recipe, cách làm thịt bò xào, stir fried beef with broccoli, quick beef stir fry, thịt bò xào, Vietnamese stir fry, bò xào bông cải xanh, healthy beef stir fry, beef and broccoli Vietnamese recipe, authentic thịt bò xào, classic beef stir fry",,,0,0,0
Vietnamese Grilled Corn with Scallion Oil (Bắp Nướng Mỡ Hành),"Turn ordinary corn on the cob into a flavorful dish with this easy Vietnamese corn recipe. Make a Vietnamese street food favorite for your next summer BBQ, especially when corn and scallions are in season.",https://vickypham.com/blog/grilled-corn-with-scallion-oil-bap-nuong-mo-hanh/,32m,30m,62m,6 serving(s),"[Ingredients] 4 corn on the cobs, 1 cup thinly sliced scallions/green onions, ⅓ cup vegetable oil (or your choice of neutral oil), ¼ teaspoon sea salt, ¼ teaspoon granulated sugar","[Instructions] 1) [Pull back the corn husks] to remove the silk, then pull the husks back up over the corn. Soak the corn in water for 30 minutes to prevent the husks from catching fire on the grill. | 2) [Preheat the grill to 400°F] Grill the corn for about 30 minutes, rotating occasionally to ensure even cooking. | 3) [Make the scallion/green onion oil] using either the microwave or stovetop method. | 4) [Stovetop method] . Heat the oil in a small saucepan over medium-high heat. Add the scallions, salt, and sugar. Cook for 10 seconds, then immediately turn off the heat. | 5) [Brush] the grilled corn generously with the scallion oil and enjoy.",https://i0.wp.com/vickypham.com/wp-content/uploads/2024/08/8634d-025-1.jpg?fit=2500%2C2500&ssl=1,side dish,"asian, vietnamese","bap nuong mo hanh, grilled corn with scallion oil, Vietnamese street food corn, Vietnamese grilled corn recipe, how to make bap nuong, grilled corn recipe, corn on the cob with green onion oil, summer BBQ corn, Vietnamese BBQ recipes, easy grilled corn, how to make scallion oil, bắp nướng mỡ hành, công thức bắp nướng, hướng dẫn làm bắp nướng, corn with green onion oil, grilled corn Vietnamese style",,,0,1,1
Mooncake with Sweet Lotus Paste (Banh Trung Thu Nhan Hat Sen),Celebrate the Mid-Autumn Festival with homemade mooncakes filled with sweet lotus paste—at a fraction of the store price! All it costs is a little patience.,https://vickypham.com/blog/moon-cake-with-sweet-lotus-paste-banh-trung-thu-nhan-hat-sen/,330m,52m,382m,Makes 10 standard-size mooncakes,"[Ingredients] 200g dried lotus seeds (without skin and core removed; wash and presoak overnight, at least 4 hours), Water as needed, 80g granulated white sugar, 90g neutral oil, 3 tablespoons honey, 1/2 teaspoon salt, 130g all-purpose flour plus 1/4 cup for dusting, 25g neutral oil, 100g honey mixed with 2 tablespoons water, 1 egg yolk, 1 tablespoon water, Blender (Vitamix) or food processor, Kitchen scale, Mooncake mold, Small spray bottle with water, Pastry brush","[Instructions] 1) [Make the Lotus Seed Paste Filling Balls] Rinse the presoaked lotus seeds and place them in a medium pot. Add water to cover the seeds by 1 inch. Simmer on low, uncovered, for about 30 minutes or until the seeds are softened. Transfer the lotus seeds to a blender or food processor and blend on high until smooth. If the blender stalls, add just enough water (no more than 1/3 cup) to keep it moving. A Vitamix blender with a plunger is ideal for achieving a very smooth paste without needing too much water. Once the mixture is completely smooth, transfer the paste to a medium frying pan. Heat on low, stirring continuously, until you achieve a dry paste with a play-doh or soft clay texture. Shape the paste into 10 balls of equal weight, using a kitchen scale for accuracy. Cover with plastic wrap and set aside. | 2) [Make the Mooncake Wrapper] In a medium mixing bowl, combine flour, vegetable oil, and the honey-water mixture until smooth. Use a kitchen scale to divide the wrapper dough into 10 equal balls. Cover with plastic wrap to prevent drying out. | 3) [Assemble] Take one portion of wrapper dough and flatten it into a round wrapper using the palm of your hand. Place a filling ball in the center and gently push the wrapper up around the filling until it is completely enclosed. Repeat with remaining wrapper dough and filling balls. | 4) [Stamp the Mooncakes] Prepare a large baking sheet with parchment paper and set aside. Lightly dust the mooncake mold to prevent sticking. Place the wrapped filling ball into the mold and dust the exposed bottom lightly. Press down on the plunger of the mold and slowly release the mooncake onto the baking sheet without moving it, to preserve the stamped pattern. Spray a very light mist of water on the mooncake surfaces to prevent cracking. Avoid excessive water, as it can ruin the stamped pattern. Repeat the process for the rest. | 5) [Bake] Preheat the oven to 350°F. Place the baking sheet in the oven and bake for 7 minutes at 350°F to set the shape. | 6) [Egg Wash] In a small bowl, whisk together the egg yolk and water until smooth, ensuring there are no clumps. After the initial 7 minutes, remove the mooncakes from the oven and apply a very light coat of egg wash (top and sides). A heavy application will ruin the pattern, so use a light touch. Return the mooncakes to the oven and bake for an additional 15 minutes, or until golden brown. Avoid overbaking, as the interior is already cooked and may dry out. | 7) [Finish] Allow the mooncakes to cool completely to develop a shiny finish. Once the surface appears oily and shiny, the mooncakes are ready to be packaged for gift-giving or enjoyed immediately.",https://i0.wp.com/vickypham.com/wp-content/uploads/2024/08/967f7-104-1.jpg?fit=2500%2C2500&ssl=1,dessert,"asian, vietnamese","Vietnamese mooncake recipe, Bánh Trung Thu Nhân Hạt Sen, sweet lotus paste mooncake, Mid-Autumn Festival recipe, homemade mooncake with lotus seed paste, traditional Vietnamese mooncake, mooncake filling recipe, how to make mooncakes, authentic Vietnamese desserts, Vietnamese mooncake filling, Asian festival desserts, banh trung thu, banh trung thu hat sen",,5.0,1,5,6
Quick Cucumber Kimchi,"A quick Korean cucumber kimchi recipe that’s spicy, sweet and tangy. It’s the perfect vegetable side dish for a bit of crunch and heat.",https://vickypham.com/blog/quick-cucumber-kimchi/,30m,30m,30m,2 servings,"[Ingredients] 1 lb Persian or English cucumbers, 1/2 tablespoon salt, 1/2 tablespoon light soy sauce, 1 tablespoon sesame oil, 1 1/2 tablespoons granulated sugar, 1 tablespoon Korean red pepper flakes, 2 garlic cloves (peel and mince), 1 tablespoon rice vinegar","[Instructions] 1) [Wash the cucumbers] thoroughly, trim the ends, and slice thinly. Thickness is up to preference. | 2) [Salt the cucumbers] In a medium bowl, toss the cucumber slices with salt until evenly coated. Set aside for at least 30 minutes. Lightly squeeze the cucumbers to remove most of the water, but do not rinse. | 3) [For the sauce] In a small bowl, mix together soy sauce, sesame oil, sugar, Korean red pepper flakes, garlic, and rice vinegar. Taste and adjust seasoning if needed. | 4) [Pour] the sauce over the cucumbers and toss until evenly coated. | 5) [Finish] Serve immediately, or refrigerate to chill slightly.",https://i0.wp.com/vickypham.com/wp-content/uploads/2024/08/3f340-cucumber2bkimchi2.jpg?fit=2500%2C2500&ssl=1,side dish,"asian, korean","quick cucumber kimchi, cucumber kimchi recipe, easy kimchi recipe, Korean cucumber kimchi, spicy cucumber kimchi, quick Korean side dish, homemade cucumber kimchi, cucumber kimchi without fermentation, crunchy cucumber kimchi",,,0,1,1
Vietnamese/Chinese Barbecue Pork (Thit Xa Xiu/Char Siu),"A sweet, sticky BBQ pork found all over Chinatown. Perfect for sandwiches, noodle soups, stir-fries, or over steamed rice, its versatility makes it a must to double or triple the recipe at home!",https://vickypham.com/blog/vietnamese-barbecue-pork-thit-xa-xiu/,65m,80m,145m,5 serving(s),"[Ingredients] 3 lbs pork shoulder/butt, 3 tablespoons Red Pork Seasoning Mix, ½ teaspoon Chinese Five Spice Powder, ½ teaspoon ground black or white pepper, ½ teaspoon garlic powder, 1 teaspoon chicken or mushroom bouillon powder, 1 tablespoon hoisin sauce, 1 tablespoon oyster sauce, 1 tablespoon all-purpose soy sauce, 1 teaspoon sesame oil, 1 tablespoon granulated sugar, 1 teaspoon honey, 1 teaspoon hot water","[Instructions] 1) [Marinate pork] Cut the pork into long strips about 2 inches wide. Make sure strips are uniform for evening cooking. In a small bowl, mix together red pork seasoning mix, five-spice powder, black/white pepper, garlic powder, chicken/mushroom bouillon powder, hoisin sauce, oyster sauce, soy sauce, sesame oil, and sugar until you get a smooth paste. Slather the mixture evenly on the pork strips and marinate for at least one hour or overnight in the fridge for better results. | 2) [Roast] Preheat oven to 400°F. Place the pork on a wire rack with a pan underneath to catch the drippings. Roast for 30 minutes. Flip the pork and roast for another 30 minutes. | 3) [Prepare glaze] Combine honey and hot water in a small bowl until completely dissolved. Slather the honey glaze onto the pork with a brush. Place it back into the oven and turn the heat up to 450°F. Bake for 10 minutes on each side to get a nice caramelized crust.",https://i0.wp.com/vickypham.com/wp-content/uploads/2024/08/18c87-xaxiu3.jpg?fit=2500%2C1667&ssl=1,side dish,"asian, vietnamese, chinese","vietnamese pork recipe, vietnamese BBQ pork recipe, thit xa xiu recipe, char siu recipe, chinese BBQ pork recipe, xa xiu, char siu, red roast pork recipe, red pork, pork, pork roast, red pork, xá xíu, xa xiu powder, xa xiu vietnamese",,5.0,1,25,26
Vietnamese Fermented Shrimp Sauce (Mam Tom),This Vietnamese fermented shrimp sauce (Mam Tom) is the traditional dipping sauce for Hanoi Fried Fish with Turmeric and Dill (Cha Ca La Vong).,https://vickypham.com/blog/vietnamese-fermented-shrimp-sauce-mam-tom/,5m,5m,5m,3/4 cup,"[Ingredients] 2 tablespoons fermented shrimp paste (mam tom), 2 tablespoons granulated sugar, 2 tablespoons fresh lime or lemon juice (about 1 small lemon/lime), 1 tablespoon water, 1 teaspoon MSG (optional but highly recommended), 4 cloves garlic (peel and mince), Chili peppers (slice thin)","[Instructions] 1) [Prepare the Sauce] In a small bowl, combine shrimp paste, sugar, lemon or lime juice, and MSG. Stir until the sugar and MSG are fully dissolved. | 2) [Add Garlic] Mix in the minced garlic until well incorporated. | 3) [Garnish and Serve] Top the sauce with sliced chili peppers for garnish.",https://i0.wp.com/vickypham.com/wp-content/uploads/2024/08/dffcc-mamtomshrimppaste1.jpg?fit=2500%2C2500&ssl=1,Dipping Sauce,Vietnamese,"Vietnamese shrimp sauce, mam tom, fermented shrimp paste, Vietnamese dipping sauce, shrimp paste recipe, traditional Vietnamese sauce, cha ca dipping sauce, mam tom recipe, fermented shrimp sauce, Vietnamese condiment, no-cook sauce, umami shrimp sauce, fish sauce alternative, authentic Vietnamese recipes",,,0,1,1
Vietnamese Fish Sauce Fried Chicken Wings (Cánh Gà Chiên Nước Mắm),"Crispy Fried chicken wing with a fine outer crust, tossed in a sweet fish sauce glaze. For those who are absolutely terrified of the smell of fish sauce, this is the perfect recipe to baby step your way into the magical world of Vietnamese and Southeast Asian cuisine.",https://vickypham.com/blog/vietnamese-fried-chicken-with-fish-sauce-ga-chien-nuoc-mam/,35m,30m,65m,5 serving(s),"[Ingredients] 3 lbs chicken wings, 1 teaspoon garlic powder, 1 teaspoon salt, 1/2 teaspoon ground black pepper, 1 teaspoon chicken bouillon powder, Vegetable oil for deep frying, 1 cup corn starch, 2 tablespoons fish sauce, 4 tablespoons granulated sugar, 2 tablespoons lemon juice, 2 tablespoons water","[Instructions] 1) [Prepare chicken] Marinate chicken with garlic powder, salt, ground black pepper, and chicken bouillon powder for at least 30 minutes. Coat marinated chicken wings with cornstarch. Tap off excess. | 2) [Fry chicken] Heat vegetable oil in a large tall skillet to 350°F. If you don’t have a thermometer, drop a bit of cornstarch into the oil. If it starts to sizzle without burning quickly, oil is ready. Deep fry chicken wings in batches, about 8 minutes per batch or until golden brown. Transfer chicken to a wire rack to drain off excess oil. | 3) [Make the glaze] In a small saucepan make the fish sauce glaze: heat fish sauce, sugar, lemon juice, and water until sugar is fully dissolved and the mixture comes to a small boil. Turn off the heat and allow the sauce to cool to slightly thicken. Toss chicken and sauce (a little at a time to your liking) in a large mixing bowl. Transfer chicken to a platter and serve immediately.",https://i0.wp.com/vickypham.com/wp-content/uploads/2024/08/c37fe-055-1.jpg?fit=2500%2C2500&ssl=1,"side dish, appetizer","asian, vietnamese","fish sauce fried chicken, Vietnamese fried chicken recipe, fish sauce, ga chien nuoc mam, Vietnamese fish sauce fried chicken wings, Vietnamese fish sauce chicken wings, fish sauce chicken wings, how to make Vietnamese fish sauce chicken wings, Vietnamese fish sauce wings, Vietnamese fish sauce chicken wing recipe, cánh gà chiên nước mắm, fried chicken with fish sauce, Vietnamese fried chicken wings with fish sauce, Asian fried chicken recipe, Asian fried chicken, Asian fried chicken recipe with fish sauce, cánh gà chiên, nước mắm, canh ga chien nuoc mam, gà chiên nước mắm, ga chien nuoc mam",,,0,11,11
Vietnamese Coconut Pandan Waffles (Banh Kep La Dua),"Crispy outside, soft inside—these vibrant Vietnamese pandan waffles are a quick street food favorite. Made easy with pancake mix, enjoy a tasty treat in no time.",https://vickypham.com/blog/vietnamese-pandan-waffles-banh-kep-la-dua/,5m,9m,14m,About 6 medium waffles,"[Ingredients] 2 cups premix pancake flour, 1 egg, 1 1/2 cups coconut milk, 2 tablespoons vegetable oil plus additional 1 tablespoon for greasing waffle iron, 1/3 cup granulated white sugar, 1/2 teaspoon pandan extract, 1/4 cup unsweetened shredded coconuts (optional)","[Instructions] 1) [Make the batter] In a large bowl, mix together premix pancake flour, egg, coconut milk, vegetable oil, sugar and pandan extract until smooth. Mix in shredded coconuts (optional) until combined. | 2) [Preheat and grease] waffle iron with vegetable oil. | 3) [Cook] Ladle about 1/3 to 1/2 cup batter onto the preheated waffle iron. Close lid and cook until little to no steam rise from the waffle iron (about 2-3 minutes).",https://i0.wp.com/vickypham.com/wp-content/uploads/2024/08/edb67-059-1.jpg?fit=2500%2C2500&ssl=1,dessert,"asian, american, vietnamese","vietnamese pandan waffles, pandan waffles recipe, banh kep la dua, pandan waffle recipe, vietnamese waffles, pandan coconut waffles, green waffles, pandan dessert, crispy pandan waffles, easy pandan waffles recipe, pandan waffles with pancake premix, quick pandan and coconut waffles, banh kep easy recipe, bank kep with pancake premix",,,0,12,12
"Vietnamese Iced Dessert Drink with Seaweed, Lotus Seeds, Jujubes, Longans and Pearl Barley (Che Sam Bo Luong)","A refreshing Vietnamese iced dessert drink made with red jujubes, seaweed, longans, lotus seeds, and pearl barley. Scoop the ingredients into a glass and top with ice for a perfect summer treat.",https://vickypham.com/blog/vietnamese-refreshing-iced-drinkdessert-with-seaweed-lotus-longan-and-mung-bean-che-sam-bo-luong/,245m,30m,275m,10 serving(s),"[Ingredients] 5 oz dried lotus seeds (Hat Sen), 5 oz dried pearl barley (Bo Bo), 2 cups thinly sliced dried seaweed/kelp (Rong Bien), 5 oz dried longans (Nhan Nhuc), 2 cups dried red jujubes/dates (Tao Do), 14 cups water (divided), 1½ cups brown sugar, palm sugar or rock sugar","[Instructions] 1) [Prepare the dried ingredients] Hydrate the lotus seeds and pearl barley in separate bowls for about 4 hours. Hydrate the seaweed/kelp, dried longan, and jujubes/dates in separate bowls for about one hour. For the dried longan, we will save the liquid so make sure to use at least 4 cups of water. Once the dried ingredients are hydrated, strain, rinse, and drain dry. | 2) [Boil seaweed and pearl barley] Bring a medium pot of water to a boil and blanch the seaweed/kelp for 3-5 minutes. Remove the seaweed/kelp with a strainer. Add the pearl barley to the pot and cook until softened. Remove and set aside. Discard all the used boiled liquid from the pot. | 3) [Boil water and add lotus seeds] Add 10 cups of fresh water to the pot along with the 4 cups of presoaking liquid from the dried longans. Bring the pot to a boil, then cook the lotus seeds on a low simmer until softened, about 20 minutes. | 4) [Combine] Add the jujubes/dates to the pot with the lotus seeds and cook for 5 minutes. Then return all other cooked ingredients (pearl barley and seaweed/kelp) and the presoaked longans. | 5) [Sweeten and storage] Add sugar, a bit at a time, to your liking. Store the drink in the refrigerator. When ready to serve, scoop the mixture into tall glasses. Top with crushed ice and enjoy.",https://i0.wp.com/vickypham.com/wp-content/uploads/2024/08/d83c4-010-1.jpg?fit=2500%2C2500&ssl=1,"drink, dessert","asian, vietnamese","Vietnamese iced dessert, che sam bo luong, how to make che sam bo luong, Chè Sâm Bổ Lượng, refreshing Vietnamese drink, seaweed dessert drink, lotus seeds dessert, jujube drink, longan dessert, pearl barley drink, healthy Vietnamese dessert, traditional Vietnamese sweet soup, cooling summer dessert, Vietnamese herbal dessert, Vietnamese herbal drink, authentic Vietnamese drink, Chè Sâm Bổ Lượng recipe, Vietnamese dessert with seaweed lotus seeds, Asian iced dessert drink, Vietnamese herbal dessert drink",,,0,1,1
Vietnamese Shrimp in Roe Sauce (Tom Kho Tau Gach Do),"A delicious traditional home-cooked recipe with large shrimp or prawns. It’s a sweet and savory dish that pairs wonderfully with steamed rice. The best part of this dish is that everything, from start to finish, takes about 30 minutes.",https://vickypham.com/blog/vietnamese-sauteed-prawns-roe-tomalley-sauce-tom-kho-tau-gach-do/,15m,5m,20m,4 servings,"[Ingredients] 2 lbs prawns/large shrimp with heads (about 30), 2 teaspoons chicken bouillon powder or mushroom seasoning powder, 2 tablespoons granulated sugar, 3 tablespoons fish sauce, 4 green onions/scallions (slice; separate whites and greens), 4 garlic cloves (peel and mince), 2 shallots (peel and mince), 2 tablespoons annatto oil (can substitute with neutral oil), 1/4 cup coconut soda (can substitute with water), 1/4 teaspoon ground black pepper","[Instructions] 1) [Prepare the prawn/shrimp] Peel the body of the prawns or large shrimp and devein. Trim off the pointy spear at the top of the head, and clip off the eyes, whiskers, and little legs along the underside of the prawn. I like to keep the tail and head; however, you can remove both the heads and tails if preferred. If removing heads, scoop out the head fat and transfer it to a small bowl. | 2) [Marinate] the prawns with bouillon powder, sugar, fish sauce, the whites of the scallions, half of the minced garlic, and half of the minced shallot. Marinate for at least 15 minutes. | 3) [Pan fry aromatics] In a large skillet with a lid, heat oil on medium-high. Add the remaining shallot and garlic and sauté until fragrant (about 20 seconds). | 4) [Add the marinated prawns] and all their liquid. Add water or coconut soda and use a spoon to press down on the head to release the head fat into the sauce. If not using heads, simply add the head fat here and mix it into the sauce. Cover the skillet with a lid and cook the prawns until they turn opaque and pink (about 5 minutes). | 5) [Finish] Transfer to a serving plate and garnish with the reserved green part of the scallions and ground black pepper. Serve with steamed rice for a complete meal.",https://i0.wp.com/vickypham.com/wp-content/uploads/2024/08/8861f-003-1.jpg?fit=2500%2C2500&ssl=1,side dish,"asian, vietnamese","Vietnamese sautéed prawns, Vietnamese sautéed large shrimp, Vietnamese prawns in roe sauce, Vietnamese large shrimp in roe sauce, tom kho tau gach do, tôm kho tàu gạch đỏ, sautéed prawns in roe sauce, sautéed large shrimp in roe sauce, quick Vietnamese prawn recipe, quick Vietnamese large shrimp recipe, Vietnamese prawn head fat recipe, Vietnamese shrimp recipe, how to cook tom kho tau, Vietnamese seafood recipe, Vietnamese shrimp recipe, Vietnamese prawn recipe, large shrimp recipe with fish sauce, cooking with prawn head fat, easy Vietnamese dinner",,,0,4,4
Vietnamese Sweet and Sour Tamarind Fish Soup with Elephant Ear Taro (Canh Chua Ca Nau Bac Ha),A classic Vietnamese home cooking dish of sweet and sour fish soup and elephant ear taro. Pair with other side dishes and steamed rice for a traditional Vietnamese family-style meal.,https://vickypham.com/blog/vietnamese-sweet-sour-tamarind-fish-soup-elephant-ear-taro-canh-chua-ca-bac-ha/,15m,20m,35m,4 serving(s),"[Ingredients] 1 lb fish steaks (salmon, bass, catfish or milk fish preferred; wash with a bit of salt and drain dry), 1 quart water, 2-3 tablespoons vegetable oil, 4 large cloves garlic (peel and mince), 12 grams seedless tamarind pulp, 1 tablespoon fish sauce, 1 tablespoon chicken or mushroom stock powder, 1 teaspoon fine sea salt, 2 1/2 tablespoons granulated sugar, 1 lb elephant ear taro stalk (remove fibrous outside membrane and slice thin), 2 to 3 large tomatoes (cut into wedges) or a handful of whole cherry tomatoes, A handful of chopped cilantro, Thai Basil or Rice Paddy Herbs (optional for garnish), Thai chili peppers (optional; slice thin)","[Instructions] 1) [Cook Fish] At a bottom of a medium-size non-stick pot, add vegetable oil and pan fry garlic until golden brown. Transfer garlic (leave oil) to a small bowl and set aside. To the pot with garlic oil, pan fry fish steaks until fragrant (10 seconds per side). Add 1 quart water to the pot bring it to a boil then reduce to a low simmer and cook for 15 minutes. | 2) [Prepare Tamarind Liquid] Place tamarind pulp into a small bowl and ladle in about a cup of hot water from the stock pot. Dissolve tamarind pulp by pushing on it with a small spoon. Sieve the pulp through a fine-mesh strainer. Discard pulp and transfer tamarind liquid into the pot. | 3) [Season the Broth] Season fish stock with fish sauce, chicken/mushroom stock powder, sea salt and sugar. The broth should be really bold in flavor at this point. It will mellow out once vegetables are added. | 4) [Add Vegetables] Add in elephant ear taro and tomatoes and immediately turn off heat. Residual heat will cook the vegetables. | 5) [Serve] When ready to serve, garnish with chopped cilantro, Thai basil or rice paddy herb, and fried garlic. Add sliced chili peppers for spiciness.",https://i0.wp.com/vickypham.com/wp-content/uploads/2024/08/304b4-canhchuatomrim4.jpg?fit=2007%2C2007&ssl=1,Soup,Vietnamese,"Vietnamese sweet and sour soup, canh chua, tamarind fish soup, elephant ear taro, bac ha, Vietnamese soup recipe, Vietnamese fish soup, sweet and sour soup, Asian soup recipe, Vietnamese home cooking, authentic Vietnamese recipes, fish soup with tamarind, taro stalk soup, Vietnamese family meal, canh chua ca",,,0,1,1
Vietnamese Tofu and Garlic Chive Soup with Ground Pork (Canh Dau Hu He Nau Thit Bam),A very simple soup that takes no more than 15 minutes to make. Serve as a side soup in Vietnamese home cooking.,https://vickypham.com/blog/vietnamese-tofu-and-garlic-chive-soup-canh-dau-hu-he/,5m,10m,15m,4 serving(s),"[Ingredients] 1/2 lb ground pork, 1 tablespoon chicken stock powder, 1 teaspoon granulated white sugar, 1/2 teaspoon salt, 1/4 teaspoon ground black pepper, 2 teaspoons vegetable oil, 2 garlic cloves (peel and dice), 1 shallot (peel and dice), 1 32-oz carton chicken stock, 1/2 teaspoon fish sauce, 1/2 teaspoon MSG (optional), 1 package soft tofu (drain then cut into small squares), 1 bunch garlic chives (remove woody ends and cut into 2-inch pieces)","[Instructions] 1) [Season the Pork] Season ground pork with chicken stock powder, sugar, salt and black pepper. | 2) [Cook the Aromatics and Pork] To the bottom of a small pot, heat vegetable oil on medium high heat and fry garlic and shallot until fragrant. Add ground pork and fry for about 5 minutes, breaking up the pork into small pieces with a wooden spoon. | 3) [Add Stock] Add chicken stock to pot and bring to a boil. | 4) [Season the Broth] Season stock with fish sauce and MSG (optional). | 5) [Cook the Tofu] Add tofu and cook on medium heat for 10 minutes. | 6) [Finish with Garlic Chives] Add garlic chives then immediately turn off heat. Serve soup as a side dish to steamed white rice and your favorite Vietnamese meat dish for a complete meal.",https://i0.wp.com/vickypham.com/wp-content/uploads/2024/08/95bce-canh2bdau2bhu2bhe2b4.jpg?fit=2500%2C2500&ssl=1,Soup,Vietnamese,"Vietnamese tofu soup, garlic chive soup, canh dau hu he, Vietnamese ground pork soup, Vietnamese tofu and pork soup, easy Vietnamese soup, traditional Vietnamese soup, tofu garlic chive soup, Vietnamese family meal, canh recipes",,,0,7,7
Easy Crispy Fried Calamari (Muc Chien Gion),"Deep-fried to crispy, golden perfection and served with lemon wedges, marinara sauce, or aioli, these make a wonderful appetizer.",https://vickypham.com/blog/easy-crispy-fried-calamari-muc-chien-gion/,10m,10m,20m,4 serving(s),"[Ingredients] 2.5 lbs calamari (rings and tentacles), 1 tablespoon granulated garlic (or garlic powder), 1 tablespoon onion powder, 1/2 teaspoon ground cayenne pepper, 1/2 teaspoon ground black pepper, 2 teaspoons fine sea salt, 1 cup cornstarch, Vegetable oil for deep-frying, 1/2 cup mayonnaise, 1 tablespoon sriracha sauce, 1 teaspoon fresh lemon or lime juice","[Instructions] 1) [Season the Squid] In a large mixing bowl, combine calamari with granulated garlic, onion powder, cayenne pepper, black pepper, and sea salt. Mix well to coat evenly. | 2) [Coat with Cornstarch] Add cornstarch to the seasoned squid and toss until all pieces are well-coated. | 3) [Heat the Oil] In a wide pan or wok, heat about 3 inches of vegetable oil to 400°F over medium heat. | 4) [Fry the Calamari] Fry the squid in small batches to prevent overcrowding, turning as needed. Cook for about 2-3 minutes, or until golden and crispy. Use a slotted spoon to transfer to a wire rack or paper towel-lined plate to drain excess oil. | 5) [Make the Spicy Aioli] In a small bowl, mix mayonnaise, sriracha, and lemon or lime juice until smooth. | 6) [Serve] Serve the fried calamari immediately with lemon wedges and spicy aioli on the side.",https://i0.wp.com/vickypham.com/wp-content/uploads/2024/08/36852-fried2bcalamari2bsquid2b5.jpg?fit=1819%2C1506&ssl=1,"Appetizer, Snack","Vietnamese, Asian Fusion","fried calamari, crispy calamari, mực chiên giòn, calamari with aioli, deep-fried squid, Vietnamese fried squid, easy fried calamari, calamari rings recipe, calamari tentacles recipe, crispy squid recipe, Vietnamese calamari, mực chiên, mực chiên dòn, calamari in Vietnamese, Vietnamese fried calamari, Asian fried calamari, bamu style calamari, bún mực",,,0,3,3
Quick Kid-Friendly Vietnamese Pan-Fried Ground Pork Patties,Simple pan-fried Vietnamese pork patties that are perfect for kids. No bones. No toughness. Nothing but tender meat with great Asian flavors.,https://vickypham.com/blog/kid-friendly-vietnamese-pan-fried-grilled-pork-patties/,5m,10m,15m,4 serving(s),"[Ingredients] 1 lb fatty ground pork, 2 teaspoons granulated sugar, 2 tablespoons oyster sauce, ¼ teaspoon ground black pepper, 1 shallot (minced), 4 large garlic cloves (minced), 1 teaspoon sesame oil, 2 tablespoons vegetable oil","[Instructions] 1) [Prepare the pork] Season ground pork with sugar, oyster sauce, ground black pepper, shallot, garlic and sesame oil. Divide the pork into 10 even patties. | 2) [Pan fry] Coat the bottom of a large skillet with vegetable oil. Pan-fry pork patties for 4 minutes on each side. Patties might puff up so gently flatten them with a spatula for even cooking if needed. Serve with steamed rice, fresh cucumbers, or other vegetables for a complete meal.",https://i0.wp.com/vickypham.com/wp-content/uploads/2024/08/9f7b9-groundporkpatties4.jpg?fit=2500%2C2500&ssl=1,side dish,"asian, vietnamese","Asian-style pork patties, kid-friendly meat, Vietnamese-style pork patties for kids, kid-friendly Vietnamese pan-fried ground pork patties, pork patties, pork recipe, pork recipes for kids, kid-friendly pork recipe, Vietnamese recipe for kids, Vietnamese meat recipe for kids",,5.0,2,14,16
Korean BBQ: Easy Beef and Pork Belly Bulgogi Marinade,"Perfect for a quick and flavorful Korean BBQ, this pork and beef bulgogi marinade uses a delicious store-bought Korean BBQ sauce as the base, with a few extra ingredients to liven it up. Use either galbi/kalbi or bulgogi sauces.",https://vickypham.com/blog/korean-bbq-easy-beef-pork-belly-bulgogi-marinade/,30m,4m,34m,4 serving(s),"[Ingredients] 1 lb meat (thinly sliced beef or pork belly/pork shoulder), 1 cup store-bought Korean BBQ sauce (CJ or Wang brands), 2 teaspoons sesame oil, 2 green onions (thinly sliced)","[Instructions] 1) [Mix] together Korean BBQ sauce, sesame oil, and chopped green onions. Adjust to taste if needed. If it’s too sweet, add a little light soy sauce. | 2) [Add the meat and marinate] for at least 30 minutes, or overnight in the fridge for better results. | 3) [Grill] Thinly sliced meat requires about 2 minutes of grilling per side. For bone-in meat, add an additional 2 minutes per side.",https://i0.wp.com/vickypham.com/wp-content/uploads/2024/08/db70f-020-3.jpg?fit=2048%2C1988&ssl=1,side dish,"asian, korean","Korean BBQ beef, pork belly bulgogi, easy bulgogi marinade, Korean BBQ marinade, bulgogi recipe, Korean beef BBQ, Korean BBQ pork belly, beef bulgogi marinade, Korean BBQ at home, Korean bulgogi sauce, simple bulgogi recipe, Korean BBQ beef marinade",,,0,1,1
Singapore-Style Chili Crab,"Chili crab is a Singaporean seafood dish. It is stir-fried crab with ginger, garlic, shallots and chilies in a thick sweet and savory egg and tomato sauce. Despite its name, the dish is not very spicy.",https://vickypham.com/blog/singapore-style-chili-crab/,20m,20m,40m,3 serving(s),"[Ingredients] 2-3 lbs whole lobster/crabs, 2 tablespoons vegetable oil, 3-6 fresh chili peppers (slice thin), 1 thumb-size piece ginger (peel and chop finely), 1 large shallot (peel and finely chop), 1 whole head garlic (about 8 cloves), 1 cup water, 1 tablespoon soybean paste, 2 tablespoons granulated white sugar, 4 tablespoons tomato sauce, 1 teaspoon salt, 1 tablespoon tapioca starch, 2 tablespoons cold water, 2 eggs (beaten), 2 tablespoons chopped cilantro/green onions (optional)","[Instructions] 1) [Clean the Seafood] When working with any seafood, make sure to clean it properly to get rid of the strong fishy smell. Get into all the nooks and cranny with a small brush and rinse several times. Cut crab or lobster into bite-size pieces. If there’s any roe, scoop it out and set aside. The roe would be a great addition to the sauce mixture below if preferred. | 2) [Cook the Aromatics] In a large wok with a lid, heat up vegetable oil on medium high. Add all the aromatics in once (chili peppers, ginger, shallot and garlic) and sauté until fragrant (about 1-2 minutes). | 3) [Prepare the Sauce] To the wok, add water, soybean paste, sugar, tomato sauce and salt. Add roe here if there’s any. Mix until combined. | 4) [Cook the Seafood] Add crab/lobster. Cover the wok with a lid and simmer on medium-high for 10 minutes. Occasionally toss to cover lobster/crab in sauce. | 5) [Thicken the Sauce] After 10 minutes, remove lid. In a small bowl, mix together tapioca starch with cold water until completely dissolved. Add this slurry mixture to the wok and simmer on medium-high without lid until sauce thickens. | 6) [Finish with Eggs] Add beaten eggs and cook for 2-3 more minutes. | 7) [Serve] Transfer crab/lobster to a large serving platter and garnish with chopped cilantro or green onions (optional). Serve by itself or with steamed rice or steamed buns for a full meal.",https://i0.wp.com/vickypham.com/wp-content/uploads/2024/08/fe347-chilicrab.jpg?fit=2500%2C2918&ssl=1,entree,Singaporean,"chili crab singapore recipe, singapore chilli crab recipe, chili chili crab crab, chili crab, chili crab in singapore, chili crab ingredients, chili crab recipe, chili crab recipe singapore, chili crab singapore, chili crabs, Singapore chili crab, chili crab with lobster, Singapore-style chili lobster, seafood in tomato sauce, Singaporean seafood dish, spicy seafood stir-fry, lobster with chili sauce, Asian seafood recipe, easy chili crab, authentic Singapore chili crab",,,0,5,5
Spicy Korean Squid and Fried Tofu Stir Fry with Gochujang,"Here is a super tasty and spicy stir-fry sauce made up of a Korean chili paste condiment known as gochujang. Gochujang is a Korean fermented red chili paste, mixed with soybeans, glutinous rice powder and salt. It has a spicy and sweet flavor that goes great with stir-fries, soups, marinades and stews.",https://vickypham.com/blog/spicy-korean-squid-and-fried-tofu-stir-fry-with-gochujang/,10m,10m,20m,4 serving(s),"[Ingredients] 1/2 lb fried tofu cubes, 1 lb frozen precooked and scored squid (thaw out in lukewarm water), 1/4 cup gochujang (Korean hot pepper paste), 2 tablespoons soy sauce, 2 tablespoons sugar (can substitute with honey or mirin), 1 tablespoon sesame oil, 2 tablespoons chicken stock or water, 2 tablespoons vegetable oil, 2 tablespoons minced garlic, 3 stalks green onions (remove roots, cut into 1 inch pieces)","[Instructions] 1) [Prepare the Sauce] Mix together the sauce ingredients in a small bowl and set aside. | 2) [Heat Oil and Sauté Garlic] Preheat wok with 2 tablespoons vegetable oil over high heat. Add minced garlic and sauté until fragrant (about 5 seconds). | 3) [Stir-Fry Ingredients] Add fried tofu, squid and stir-fry sauce. Stirring continuously until the sauce is thickened and ingredients are covered in sauce. | 4) [Garnish and Serve] Garnish with green onions and serve with steamed rice for a complete meal.",https://i0.wp.com/vickypham.com/wp-content/uploads/2024/08/8bc19-015.jpg?fit=1536%2C2048&ssl=1,"Main Dish, Seafood","Korean, Asian","spicy squid stir fry, Korean squid and tofu, gochujang stir fry, spicy Korean seafood recipe, fried tofu stir fry, Korean squid recipe, easy Korean stir fry, tofu and squid recipe, Korean chili paste stir fry, gochujang squid, squid and tofu recipe, gochujang, gochujang calamari, gochujang squid recipe, gochujang stir fry, gochujang stir fry sauce, gochujang stir fry sauce recipe, Korean calamari recipe",,,0,0,0
Vietnamese Banh Canh Noodles from Scratch (Cach Lam Soi Banh Canh),"Banh Canh are thick, chewy Vietnamese noodles made from tapioca or a tapioca-rice flour mix, similar to udon. Here's how to make it from scratch at home.",https://vickypham.com/blog/vietnamese-banh-canh-noodles-from-scratch-cach-lam-soi-banh-canh/,10m,15m,25m,Serves 4,"[Ingredients] 1 3/4 cups regular rice flour, 2 cups tapioca starch (can substitute with potato starch), 1/4 teaspoon sea salt, 1 1/2 cups boiling water, 2 tablespoons vegetable oil","[Instructions] 1) [Mix the dry ingredients] Either by hand or with stand mixer with a paddle attachment, mix together rice flour, tapioca flour and salt until combined. | 2) [Add boiling water and oil] Start with 1 cup boiling water, add to the flour mixture along with vegetable oil. Mix until combined. Continue to add remaining 1/2 cup water as needed until you get a stretchy and soft texture (similar to kids’ play slime). If the batter comes together cleanly from the sides of the bowl into a smooth dough (like play-doh), the batter is too dry and will be difficult to press through the potato ricer/spaetzle. Add more water in that case. | 3) [Shape and Cook the Noodles] In batches, press batter through the potato ricer/spaetzle. Once noodles float to the top, transfer with a slotted spoon into cold water.",https://i0.wp.com/vickypham.com/wp-content/uploads/2024/08/71635-045-4.jpg?fit=1883%2C2048&ssl=1,Soup,Vietnamese,"banh canh noodles, Vietnamese thick noodles, homemade banh canh, tapioca noodles, rice flour noodles, Vietnamese udon, noodle recipe",,,0,0,0
Vietnamese Chayote and Dried Shrimp Omelette (Trung Chien Su Su Tom Kho),"When the fridge is running empty or I just don’t feel like cooking, it’s an omelette with all the fixings to the rescue. This is a quick recipe of a Vietnamese-style omelet with dried salted shrimp and chayote squash. Protein and vegetables … all in one pan.",https://vickypham.com/blog/vietnamese-chayote-and-dried-shrimp-omelette-trung-chien-su-su-tom-kho/,10m,5m,15m,3 serving(s),"[Ingredients] 3 eggs, 1/2 teaspoon ground black pepper, 1 teaspoon fish sauce, 1 teaspoon granulated sugar, 2 tablespoons vegetable oil, 2 garlic cloves (peel and mince), 1/2 cup small dried salted shrimp (soak in water for 10 minutes, drain and rinse), 2 small chayote (peel, remove core, cut into matchsticks), 1 green onion/scallion (remove end, slice thinly)","[Instructions] 1) [Prepare Egg Mixture] In a small bowl, whisk together the eggs, black pepper, fish sauce, and sugar until well combined. Set aside. | 2) [Sauté Aromatics and Shrimp] In a large non-stick skillet, heat vegetable oil over medium-high heat. Add garlic and salted shrimp, sautéing until fragrant and lightly browned, about 1-2 minutes. | 3) [Cook Chayote] Add the chayote to the skillet. Cook for 4-6 minutes, stirring occasionally, until softened. | 4) [Add Eggs] Evenly pour the egg mixture over the chayote. Lower the heat to low and cook until the eggs are completely set, about 2-3 minutes. | 5) [Garnish and Serve] Sprinkle sliced green onions over the top. Serve hot with steamed rice.",https://i0.wp.com/vickypham.com/wp-content/uploads/2024/08/c98f1-trungchiensusutomkho2.jpg?fit=2500%2C1666&ssl=1,Eggs,Vietnamese,"Vietnamese chayote omelette, Vietnamese omelette, Vietnamese omelete, Trung Chien Su Su Tom Kho, chayote recipes, Vietnamese dried shrimp omelette, Vietnamese omelette recipe, chayote and egg recipe, quick Vietnamese meals, chayote squash omelette, Vietnamese breakfast recipes, Vietnamese home cooking",,,0,1,1
Vietnamese Five Spice Baked Chicken Wings (Canh Ga Nuong),"Seasoned with aromatic five-spice powder and baked to crispy perfection, these sweet and savory chicken wings are the perfect appetizers for a crowd.",https://vickypham.com/blog/vietnamese-five-spice-baked-chicken-wings-canh-ga-nuong/,30m,20m,50m,8 serving(s),"[Ingredients] 7 lbs chicken wings, 2 teaspoons Chinese Five Spice Powder, 1/2 cup oyster sauce, 1/4 cup granulated sugar, 1/2 teaspoon ground black pepper, 2 tablespoons garlic powder, 1 tablespoon Chinese cooking wine, 1 tablespoon light soy sauce, 1 tablespoon fish sauce","[Instructions] 1) [Mix together all the marinade ingredients] five spice powder, oyster sauce, sugar, white pepper, garlic powder, cooking wine, soy sauce and fish sauce in a small bowl. | 2) [Combine chicken wings and marinade] Marinate for at least 30 minutes or overnight in fridge for best results. | 3) [Bake] Preheat oven to 450°. Line two large sheet pan with parchment paper or foil to reduce cleanup. Place marinated chicken evenly the pans. Bake for 15-20 minutes. Flip and bake for another 15-20 minutes.",https://i0.wp.com/vickypham.com/wp-content/uploads/2024/08/eac88-chickeninstagram.jpg?fit=2500%2C2500&ssl=1,"side dish, appetizer","asian, vietnamese","Asian party food recipe, Vietnamese party food recipe, Vietnamese five-spice chicken wings, how to make Asian style chicken wings for a party, baked chicken wings recipe, canh ga nuong recipe, Vietnamese chicken wings, five-spice wings, crispy baked wings, easy Vietnamese recipes, Vietnamese baked chicken wings, oven-baked wings, chicken wing marinade, best Vietnamese wings recipe, Asian chicken wings",,,0,4,4
Vietnamese Kabocha Squash Soup with Pork Meatballs (Canh Bi Do Nau Moc),"A traditional soup side dish of kabocha squash and tender pork meatballs. These Vietnamese pork meatballs are soft with a springy texture. When paired with kabocha in a side soup, it’s simple good eating with no fuss. Eat with steamed rice for a complete meal.",https://vickypham.com/blog/vietnamese-kabocha-squash-soup-with-pork-meatballs-canh-bi-do-nau-moc/,20m,40m,60m,8 Servings,"[Ingredients] 2 liters water, 1 kabocha squash (core removed, peeled, cut into bite-size pieces), 1 tablespoon granulated white sugar, 2 tablespoons fish sauce, 2 teaspoons fine sea salt, 1 teaspoon MSG (optional), 4 green onions/scallions (ends removed, cut into 2-inch segments), 1/4 teaspoon ground black pepper, 1 lb ground pork (80% lean/20% fat, semi-frozen for ease of blending), 3 tablespoons granulated white sugar, 1/2 teaspoon fine sea salt, 2 tablespoons fish sauce, 1/4 teaspoon ground black pepper, 3 garlic cloves (whole), 3 tablespoons vegetable oil, 5-6 ice cubes, 2 teaspoons Alsa baking powder, 2 tablespoons tapioca starch dissolved in 4 tablespoons cold water","[Instructions] 1) [Prepare the pork paste] Break apart ground pork into small chunks and add to food processor. Add sugar, salt, fish sauce, black pepper, garlic cloves, oil and ice cubes. Blend on high for 7-10 minutes. Detach bowl (with blade) and place in freezer to chill for 30 minutes. After 30 minutes, remove from freezer. Add baking powder and tapioca starch slurry. Blend on high for 5-8 more minutes until you have the paste similar to play-doh texture. Set aside. | 2) [Cook the kabocha squash] In a large pot, heat water (2 liters) on high. Once you reach a rolling boil, add kabocha squash. Lower heat to gentle simmer and cook for 8-10 minutes or until kabocha squash can be pierced with fork with a bit of resistance. | 3) [Form and cook meatballs] Using two spoons, scoop and shape pork paste into balls and drop them directly into the soup pot. Cook for 4-6 minutes or until meat balls float to the top. | 4) [Season the soup] Season with sugar, fish sauce, chicken stock powder, sea salt and MSG. | 5) [Garnish and serve] Turn off the heat and garnish the soup with scallions and a sprinkle of black pepper.",https://i0.wp.com/vickypham.com/wp-content/uploads/2024/08/13fd7-kabochaporkmeatballs1.jpg?fit=2500%2C2500&ssl=1,Soup,Vietnamese,"Vietnamese kabocha squash soup, Canh bi do nau moc, Vietnamese soup with pork meatballs, Pork meatball soup recipe, Kabocha squash soup Vietnamese, Easy Vietnamese soup, Squash soup with pork meatballs, Kabocha soup recipe, Canh recipe Vietnamese, Vietnamese family-style soup",,,0,0,0
Vietnamese Homemade Pork Stock/Broth (Nuoc Leo Suon Heo),"In Vietnamese home cooking, bones are cleaned before making stock to keep it clear. This is done by rubbing with salt and rinsing or by parboiling in salted water to remove impurities and ensure a clear, prized stock.",https://vickypham.com/blog/easy-vietnamese-homemade-pork-stock-nuoc-leo-suon-heo/,15m,90m,105m,~7 cups,"[Ingredients] 2 lbs pork bones (neckbones, marrow bones and/or spareribs), 1 teaspoon fine sea salt, 3 liters water, 10 oz daikon (peel and slice into small chunks), 10 oz yellow onion (peel; leave whole), 1 tablespoon white granulated sugar, 1 tablespoon fine sea salt, 1 tablespoon chicken bouillon powder, 1/2 teaspoon MSG (optional)","[Instructions] 1) [Prepare the Bones] To a large stock pot, add pork bones, salt (1 teaspoon) and water to cover. Cover pot and bring it to a boil. Once it comes to a rolling boil and impurities appear at the top, turn off heat. | 2) [Clean the Bones] Place a large colander in a sink and strain the content of pot into the colander, discarding all the dirty water. Wash bones throughly with cold running water. Rinse and drain dry. Set aside. | 3) [Prepare the Broth Base] Clean the stock pot and fill it with water (3 liters) and return to stove. Bring the pot to a boil then add the cleaned bones, daikon and yellow onion. Simmer on low for 1-1/2 hours, uncovered. Occasionally, skim the surface of any foam/bubbles that float to the top. | 4) [Strain and Season] Strain out solids. To make a tasty bone broth, season stock with sugar, sea salt, stock powder and MSG (optional). Serve with the bones (don’t discard; lots of tender meats there) and optionally garnish with green onions and/or cilantro for a beautiful finish.",https://i0.wp.com/vickypham.com/wp-content/uploads/2024/08/4569d-porkstock2nowatermark.jpg?fit=2500%2C1667&ssl=1,"Base Recipe, Soup",Vietnamese,"Vietnamese pork stock, nước lèo sườn heo, clear pork broth, Vietnamese bone broth, pork stock recipe, Vietnamese soup base, pork broth for noodles, Vietnamese noodle soup broth, homemade pork stock, clear soup stock",,5.0,1,1,2
Hanoi-Style Beef Noodle Soup with Wok-Seared Steak and Fried Garlic (Pho Tai Lan),"Pho Tai Lan is a type of Northern-style beef noodle soup where instead of raw slices of beef topping the bowl, it is thin slices of beef and lots of garlic wok-fried in beef fat (tallow). As you can imagine, this extra step adds a whole new level of of flavor to an already very flavorful noodle soup.",https://vickypham.com/blog/hanoi-style-beef-noodle-soup-wok-seared-steak-fried-garlic-pho-tai-lan/,30m,3m,33m,6 serving(s),"[Ingredients] 3 lbs beef bones (ox tail, neck bones and/or shanks), 6 liters water, 1 tablespoon salt (for cleaning bones), 8 large shallots (about 15 oz; roast whole in oven at 350°F for 40 minutes, allow to cool then peel), 4 oz ginger (roast in oven at 350°F for 40 minutes; allow to cool then slice into thick slices with peel-on), 1 stick Asian cinnamon (about 15 grams), 2 teaspoons dried cloves, 2 teaspoons dried coriander seeds, 3 dried cardamom pods, 3 dried star anise, 150 grams rock sugar, 1/2 tablespoon MSG, 2 tablespoons fish sauce, 1 tablespoon salt, 1 tablespoon chicken bouillon powder, Any meat from beef bones after making stock (particularly ox tail), 1 1/2 lbs thinly sliced eye-round beef steak, 1 11-oz bag cooked beef balls (Bo Vien), 1 head garlic (peel and chop using a garlic press), Vegetable oil for frying, 2 lbs fresh rice noodles (soak in cold water for 30 minutes to remove excess starch), 1 small medium white/yellow onion (slice thinly), 1 small bunch cilantro (roughly chop), 5 green onions/scallions (slice thinly), 3 jalapenos (slice thinly), 3 limes (cut into wedges), Hoisin sauce, Sriracha sauce","[Instructions] 1) [Clean the Beef Bones] Cleaning the bones will rid of all the impurities and ensure a clear broth. To clean the bones, bring a large pot of water with 1 tablespoon salt to a rolling boil. Add beef bones and parboil for 3-5 minutes until you see a lot of impurities/foam float to the top. Place a colander in the sink and drain bones into the colander, discarding all the dirty water. Give bones a gentle scrubbing. Rinse and drain dry. | 2) [Prepare the Broth Base] Clean the pot and return it to stove. Add cleaned bones, 6 liters water, roasted shallots and ginger and bring pot to a boil then reduce heat to a low simmer. Cook for 2 hours, uncovered. Occasionally, use a ladle to scum off the impurities that float to the top. | 3) [Remove Solids] Remove bones, ginger and shallot from stock and discard. There may be good amount of tender meat on the bones (particularly ox tail) so remove the meat from the bones and set aside as a meaty topping before discarding. | 4) [Toast and Add Spices] In a small frying pan, dry toast the dried spices until fragrant (30 seconds to 1 minute). Shake the pan to prevent burning. Wrap the toasted spices in a cheesecloth or use a spice ball and add to pot. Simmer on low for 30 minutes then remove spices from pot. | 5) [Season the Broth] Season stock with rock sugar, MSG, fish sauce, chicken stock powder, and salt. | 6) [Prepare Individual Bowls] When ready to serve, prepare a serving at a time. Bring a small pot of water to a boil and blanch a large handful of rice noodles for a few seconds. Transfer noodles to a serving bowl. In a small frying pan, heat up vegetable oil and fry a bit of garlic until golden brown and quickly toss in a few beef slices (no need to cook beef the way through). Add garlic and beef to bowl. Ladle in hot broth over beef slices. Garnish bowl with a bit of white/yellow onions, green onions, and chopped cilantro. Serve noodle soup with a side of bean sprouts, Thai basil, jalapeno slices, lime wedges, Hoisin and Sriracha sauce.",https://i0.wp.com/vickypham.com/wp-content/uploads/2024/08/91054-pho1.jpg?fit=2500%2C2500&ssl=1,Main Dish,Vietnamese,"Pho Tai Lan, Hanoi-style pho, wok-seared beef pho, Northern Vietnamese beef noodle soup, Vietnamese garlic beef pho",,,0,4,4
Bún Thang (Vietnamese Chicken Noodle Soup),"An elegant and mild Northern Vietnamese chicken noodle soup topped with thinly sliced chicken, ham, and egg, making it a kid favorite.",https://vickypham.com/blog/northern-vietnam-hanoi-noodle-soup-pork-chicken-shrimp-bun-thang/,30m,40m,70m,6 servings,"[Ingredients] 2 small yellow onions (or 8 shallots), 2-inch piece fresh ginger (about 2 oz), 4 chicken thighs (bone-in recommended), 4 quarts water, Dried salted shrimp (about 50 grams), 10 small dried shiitake mushrooms, 4 eggs, 1 teaspoon fish sauce, 1 tablespoon vegetable oil, Vietnamese ham (Gio Lua/Cha Lua; thinly sliced), 1 lb dried rice vermicelli (Bun), 15 grams rock sugar (or 1 teaspoon granulated sugar), 2 tablespoons salt, 2 tablespoons fish sauce, 1 tablespoon chicken bouillon powder or mushroom seasoning powder, 1 teaspoon MSG (optional), 4 sprigs green onions (slice thin), Vietnamese coriander (Rau Ram; slice thin), Fried shallots, 2 limes/lemons (slice into wedges), Fermented shrimp paste","[Instructions] 1) [Prepare Aromatics & Dried Ingredients] Peel the outer layer of the yellow onions and cut in half. Slice the ginger into thick coins. Place everything on parchment paper or foil for easier cleanup, then roast in a toaster oven or air fryer at 400°F for 15 minutes, or until lightly charred. Soak the dried shiitake mushrooms in hot water for 30 minutes or until softened. Drain, squeeze dry and thinly slice. | 2) [Prepare the Stock] Bring 4 quarts of water to a boil in a large pot. Wash the chicken if desired (I always do with a bit of salt scrub and rinse), then add it to the pot. Add the roasted aromatics (onions and ginger), dried shrimp and sliced shiitakes. Cook for 40 minutes on a low simmer, uncovered. Occasionally skim off any foam or impurities that rise to the top. | 3) [Shred Chicken and Season Stock] Remove chicken from the pot. Once it’s cool enough to handle, shred or cut it into thin strips. Set aside. Remove the aromatics from the stock and discard. Leave everything else and use them as a tasty toppings. Season the stock with salt, rock sugar, fish sauce, and MSG (optional), adding a little at a time to taste. | 4) [Make the Eggs] Crack the eggs into a small bowl, season with fish sauce, and whisk well. In a large non-stick skillet, heat a bit of vegetable oil and pour in half of the egg mixture. Swirl the eggs around the pan to create a thin layer, cooking for about 30 seconds. Transfer the egg crepe to a plate and repeat with the remaining egg mixture. Stack the egg crepes, roll them up, and slice them into thin strips. Set aside as a topping. | 5) [Cook the noodles] according to the package instructions. Drain them in a colander and rinse with water, then let them dry. | 6) [Assemble & Serve] Place a handful of cooked rice vermicelli noodles in the bottom of each bowl. Arrange the toppings in separate piles around the bowl: chicken, shiitake mushrooms, egg ribbons, and Vietnamese ham. Ladle hot broth over the noodles, then garnish with sliced green onions, Vietnamese coriander, and fried shallots. Serve with a side of fermented shrimp paste and lime wedges.",https://i0.wp.com/vickypham.com/wp-content/uploads/2024/10/bun-thang-hanoi-chicken-noodle-soup-5-watermark.jpg?fit=3167%2C3167&ssl=1,entree,"asian, vietnamese","bun thang, bún thang, bun thang hanoi, bun thang recipe, hanoi chicken noodle soup, northern vietnam noodle soup, vietnamese noodle soup, northern vietnamese food, vietnamese chicken soup, bun thang recipe, cha lua bun thang, authentic bun thang recipe, easy vietnamese noodle soup, kid-friendly Vietnamese noodle soup, Vietnamese noodle soup for kids",,,0,3,3
Thai Iced Tea (Tra Sua Thai),A must-try refreshing iced drink when visiting Thailand or Thai restaurants. Thai Iced Tea is known for its vibrant orange color and its unique blend of robust brewed black tea and creamy condensed milk.,https://vickypham.com/blog/thai-iced-tea-tra-sua/,10m,5m,15m,7 servings,"[Ingredients] 7 cups hot water, 7 heaping tablespoons Thai tea leaves, 1/2 cup sweetened condensed milk, 1/2 cup granulated white sugar, 3 1/2 cups fresh or evaporated milk, Ice cubes","[Instructions] 1) [Steep tea] Bring 7 cups of water to a boil. Add Thai tea leaves. Mix well. Turn off heat and allow the tea to steep for 10 minutes. | 2) [Strain] Pour the pot of tea through a fine mesh or cheesecloth directly into a pitcher, discarding the tea leaves. | 3) [Sweeten] Add sweetened condensed milk and sugar. Refrigerate until chilled. | 4) [Serve with milk] Divide tea into 7 servings into tall glasses. For each serving, add 1/2 cup to 1 cup ice and slowly pour 1/2 cup milk over top for a layering effect.",https://i0.wp.com/vickypham.com/wp-content/uploads/2024/08/48396-thaitea2-2.jpg?fit=2500%2C2912&ssl=1,drink,"Asian, Thai","Thai iced tea, how to make authentic Thai iced tea, cha yen, how to make cha yen, Thai iced tea recipe, cha yen recipe, how to make Thai iced tea at home, orange black tea for Thai iced tea, black tea, sweetened condensed milk, evaporated milk, milk, sugar",,,0,0,0
Vietnamese Braised and Caramelized Catfish (Ca Kho),"Nothing reminds me more of traditional Vietnamese home cooking than caramelized catfish. Gently braised in fish sauce and coconut juice, this classic sweet and savory side dish is the taste of home.",https://vickypham.com/blog/vietnamese-caramelized-catfish-ca-kho-to/,30m,20m,50m,4 serving(s),"[Ingredients] 3 lbs whole catfish, 4 tablespoons fish sauce, 1 tablespoon granulated sugar, 2 tablespoons vegetable oil, 1 tablespoon granulated sugar, 1 shallot (minced), 3 garlic cloves (minced), ½ can Coco Rico coconut soda (6 oz), 1 green onion (slice thinly), ¼ teaspoon ground black pepper","[Instructions] 1) [Prepare the catfish] Slice the catfish into 1½ inch thick steaks. Save the head for sweet and sour catfish soup. Marinate the steaks with fish sauce and sugar for at least 30 minutes. | 2) [Make the caramel sauce] In a clay pot or skillet, heat vegetable oil on medium-high. Sprinkle a thin layer of sugar (1 tablespoon) onto the oil and heat until the sugar caramelizes to an amber color. Immediately, add shallot and garlic and sauté until fragrant (about 15 seconds). | 3) [Cook] Add marinated catfish and all its marinade liquid, if any, into the skillet. Flip catfish on all sides to evenly coat with aromatics and caramel sauce (color will darken while braising). Add coconut soda and gently cook on a low simmer for a total of 20 minutes, partially covered. At the halfway mark, flip the catfish so that the top gets a chance to absorb the braising liquid. If you find that the fish its too delicate to flip, spoon braising liquid over the catfish instead. | 4) [Garnish and serve] Top with green onions and black pepper when ready to serve.",https://i0.wp.com/vickypham.com/wp-content/uploads/2024/08/1bb36-cakho216x9.jpg?fit=2500%2C1667&ssl=1,side dish,"asian, vietnamese","vietnamese caramelized fish, vietnamese caramelized fish recipe, vietnamese caramelized catfish, vietnamese caramelized catfish recipe, ca kho recipe, ca kho to recipe, ca kho, vietnamese caramel fish recipe, vietnamese braised catfish, vietnamese braised catfish recipe, vietnamese catfish recipe, braised catfish recipe, braised catfish, vietnamese braised fish, vietnamese braised fish recipe, caramelized catfish, ca kho to catfish, Cá Kho Tộ, Cá Kho, braised catfish in fish sauce, caramelized catfish in fish sauce, caramel sauce for fish, how to make ca kho",,4.0,4,18,22
Vietnamese Green Seafood Sauce with Condensed Milk (Muoi Ot Xanh Sua Dac Cham Hai San),"A creamy, refreshing, and spicy sauce for seafood and grilled meats, this popular Vietnamese green sauce is made primarily with green chili peppers and sweetened condensed milk. This recipe makes about one cup.",https://vickypham.com/blog/vietnamese-green-seafood-sauce-muoi-ot-xanh-cham-hai-san/,5m,5m,5m,1 cup,"[Ingredients] 5 Thai green chili peppers, 1 green bell pepper or another less spicy green pepper, 3 lime leaves, 2 limes, ¾ teaspoon salt, 3 tablespoons sweetened condensed milk, ¼ teaspoon MSG (optional)","[Instructions] 1) [Prep the ingredients] Slice the green chili peppers lengthwise and remove the seeds. Cut the bell peppers in half, discard the stem tops, and remove the seeds and roughly chop. Remove the thick spines from the lime leaves, if any. Slice the leaves into thin strips. | 2) [Combine and serve] Add the green chilies, bell peppers, lime leaves, juice of lime, salt, sweetened condensed milk, and MSG to a food processor and blend until smooth. Serve and enjoy with your choice of cooked seafood and grilled meats.",https://i0.wp.com/vickypham.com/wp-content/uploads/2024/08/30a59-seafood2bgreen2bsauce2b1.jpg?fit=2500%2C2500&ssl=1,condiment,"asian, vietnamese","Vietnamese green sauce condensed milk, Vietnamese green seafood sauce, seafood sauce, sweetened condensed milk, condensed milk, green sauce with sweetened condensed milk, Vietnamese green sauce with condensed milk, Vietnamese green seafood sauce recipe, Vietnamese green seafood sauce with sweetened condensed milk recipe, seafood sauce recipe with sweetened condensed milk, muoi ot xanh sua dac cham hai san, muoi ot xanh sua dac, muối ớt xanh sữa đặc, muối ớt xanh, sữa đặc, muoi ot xanh, sua dac",,,0,7,7
Vietnamese Grilled Scallops with Cheese (So Diep Nuong Pho Mai),"Cheese on grilled scallops might sound strange, but it’s surprisingly delicious! Get a taste of Vietnam's street food scenes with these cheesy scallops.",https://vickypham.com/blog/vietnamese-grilled-scallops-with-cheese-so-diep-nuong-pho-mai/,10m,5m,15m,12 scallops,"[Ingredients] 12 large scallops on the half shell, Scallion Oil (Mỡ Hành), 2 wedges Original Laughing Cow Cheese, 2-3 tablespoons hot water Toppings: Toasted peanuts (coarsely chopped), Fried pork fat (Tép Mỡ) (optional), Vietnamese fish sauce dipping sauce (Nước Mắm Chấm)","[Instructions] 1) [Prepare the Cheese Spread] In a small bowl, whisk together the Laughing Cow Cheese and water until smooth and creamy. | 2) [Brush the Scallops] Brush each scallop with scallion oil and add a dollop of the cheese spread on top. | 3) [Grill the Scallops] Place the scallops on a preheated grill and cook for 2-3 minutes, or until the cheese is melted and lightly toasted. | 4) [Add Garnishes] Sprinkle the scallops with toasted peanuts and fried pork fat for texture. Drizzle with Vietnamese fish sauce dipping sauce for added flavor. | 5) [Serve] Serve hot and enjoy the savory, creamy, and crunchy combination.",https://i0.wp.com/vickypham.com/wp-content/uploads/2024/08/80b65-061.jpg?fit=2500%2C2500&ssl=1,Appetizer,Vietnamese,"Vietnamese grilled scallops, sò điệp nướng phô mai, grilled scallops with cheese, scallion oil scallops, Vietnamese seafood appetizer, Laughing Cow cheese recipes, Vietnamese fish sauce dipping sauce, scallops recipe, grilled seafood dish, quick Vietnamese appetizer",,,0,1,1
Vietnamese Mustard Green Soup with Pork Spare Ribs (Canh Cai Be Xanh Nau Suon Heo),A traditional Vietnamese soup side dish with pork ribs and mustard greens. Pair with steamed rice for a complete meal.,https://vickypham.com/blog/vietnamese-mustard-green-soup-canh-cai-be-xanh/,15m,45m,60m,5 serving(s),"[Ingredients] 3/4 lb pork spare ribs (cut into bite-size pieces), 2 teaspoons salt (half for cleaning), 1 teaspoon chicken bouillon powder, 1 teaspoon granulated white sugar, 2 teaspoons vegetable oil, 2 garlic cloves (peel and mince), Half of small yellow onion, 2 liters water, 1 teaspoon salt, 1 teaspoon chicken bouillon powder, 1 teaspoon granulated white sugar, 1/4 teaspoon MSG (optional), 1 bunch Chinese mustard greens (Cai Be Xanh; cut into 2-inch segments), Dash ground black pepper","[Instructions] 1) [Parboil the Pork Ribs] Optional by highly recommended: Cleaning/parboiling the pork ribs will remove all the impurities and foul-smell of pork. Add bones and salt (1 teaspoon) to small stock pot and fill with water to cover. Bring the pot to a rolling boil on the stove (uncovered). Once it comes to a rolling boil and foam/impurities float to the top, immediately turn off heat. Place a colander in the sink and pour content of pot into the colander, discarding the dirty water. Rinse bones under cold running water and drain dry. | 2) [Marinate the Ribs] To the parboiled bones, marinate with remaining salt (1 teaspoon), stock powder and sugar for at least 30 minutes. | 3) [Sauté Aromatics] To a small stock pot, heat vegetable oil on medium high. Add garlic and onions. Saute until fragrant (10-20 seconds only). Add marinated pork spare ribs and quickly toss to coat in aromatics. | 4) [Simmer the Soup] Add water and bring pot to a boil. Reduce heat to a low simmer and cook for 40 minutes. Occasionally skim off any foam that float to the top. Scoop out and discard yellow onion once it becomes translucent and limp. | 5) [Season the Stock] Season stock with salt, stock powder, sugar and MSG. | 6) [Add the Mustard Greens] Add Chinese mustard green and cook for additional 5 minutes. Turn off heat and transfer to a serving bowl. Top with a dash of black pepper for a beautiful finish.",https://i0.wp.com/vickypham.com/wp-content/uploads/2024/08/0ff69-canhcaibexanhsoupmustardgreen1.jpg?fit=2500%2C2500&ssl=1,"Soup, Side Dish",Vietnamese,"Vietnamese mustard green soup, Canh Cải Bé Xanh, pork spare rib soup, Vietnamese vegetable soup, healthy Vietnamese soup, mustard greens recipe, traditional Vietnamese soup, cải bé xanh nấu sườn heo, easy Vietnamese soup recipe, pork broth soup, canh cai xanh, mustard green soup vietnamese",,,0,7,7
Vietnamese Pandan Jelly Dessert (Che Banh Lot/Cendol),"A refreshing Southeast Asian dessert featuring pandan jellies in palm-sugar syrup, topped with sweetened coconut milk.",https://vickypham.com/blog/vietnamese-pandan-worm-like-jelly-dessert-che-banh-lotcendol/,5m,30m,35m,8 serving(s),"[Ingredients] 1 cup mung bean starch, 1/4 cup rice flour, 1/3 cup granulated white sugar, 3 cups water, 1/2 teaspoon pandan extract/flavoring, 1 cup water, 1 cup brown sugar (loosely packed ) or 10 oz palm sugar, 1/8 teaspoon salt, Large bowl of ice water, Vietnamese Sweetened Coconut Milk Sauce, Cendol maker or potato ricer with large holes","[Instructions] 1) [Make the batter] In a large sauce pan, mix together mung bean starch, rice flour, sugar, water and pandan extract until dissolved (without heat). Cook on medium-high heat while whisking. When the starch starts cooking, the starch will feel heavy. Lower the heat and continue to whisk vigorously until the batter thickens into a translucent dark green paste. | 2) [Make the jelly] In batches, transfer paste into the cendol maker and gently press the handle down to extrude 2-3 inches of paste into a bowl of ice cold water. | 3) [Make the syrup: ] Heat water, sugar and salt in a medium sauce pan over medium low heat. Simmer for a few minutes until dissolved. Allow the mixture to cool. | 4) [Assemble and serve: ] To assemble, add jelly to a glass. Ladle in sugar syrup then top with coconut cream. Mix well and enjoy. Che Banh Lot can be served at room temperature or cold with crushed ice.",https://i0.wp.com/vickypham.com/wp-content/uploads/2024/08/db729-chebanhlotbanhcanhedit1.jpg?fit=2500%2C2500&ssl=1,"dessert, drink","asian, vietnamese, southeast asian","Vietnamese pandan jelly, Che Banh Lot recipe, cendol dessert, Vietnamese worm-like jelly, pandan dessert recipe, homemade cendol, pandan jelly dessert, Vietnamese dessert recipe, Che Banh Lot, easy Vietnamese desserts, traditional cendol recipe, pandan coconut dessert",,,0,11,11
Vietnamese Pyramid Dumplings (Banh Gio),"A popular Northern Vietnamese breakfast, this banana-leaf-wrapped rice dumpling is filled with ground pork, onions, minced woodear mushrooms, and quail eggs.",https://vickypham.com/blog/vietnamese-pyramid-dumplings-banh-gio/,30m,20m,50m,8 serving(s),"[Ingredients] 1 bag Banh Gio flour mix, 6 cups homemade pork stock, 1/2 lb ground pork, 1/2 tablespoon granulated white sugar, 1/2 tablespoon chicken or mushroom stock powder, 1/2 tablespoon oyster sauce, 2 pinches ground black pepper (about 1/8 teaspoon), 2 tablespoons vegetable oil, 1 small yellow onion (7 oz; peel and dice), 2 cloves garlic (peel and mince), 1/3 cup minced rehydrated Woodear mushrooms, 2 tablespoon fried shallots (optional), 8 quail eggs (hard-boiled and peeled), 8 12″x12″ banana leaves (blanch each sheet in boiling water for a few seconds to make it pliable), Saran wrap, Sweet and spicy chili dipping sauce (Nuoc Mam Cham)","[Instructions] 1) [Prepare the Rice Batter] In a medium pot, mix together the Banh Gio flour mix and pork stock until fully dissolved. Place the pot on the stove over medium-high heat and stir constantly. As the flour begins to cook, the mixture will thicken. Reduce the heat to low and continue stirring until the batter reaches the consistency of creamy mashed potatoes. If clumps form, stir more vigorously to smooth them out. Turn off the heat, cover the pot, and set aside. | 2) [Make the Filling] Marinate the ground pork with sugar, stock powder, oyster sauce, and black pepper for at least 15 minutes. Heat oil in a large skillet over medium-high heat. Add the onions and sauté until soft. Add garlic and minced wood ear mushrooms, cooking for another 2-3 minutes. If using fried shallots, mix them in at this stage until well combined. | 3) [Assemble the Dumplings] Follow the diagram below to fold the banana leaf into a pyramid or cone shape. To make handling the sticky rice batter easier, grease a spoon with vegetable oil. Add a thin layer (about 2-3 tablespoons) of rice batter to the center of the banana leaf and spread it out. Use the greased spoon to create a small well in the center. Add 2-3 tablespoons of the pork filling to the well, then cover with another layer of rice batter, smoothing it out evenly. | 4) [Wrap the Dumplings] Fold one non-pointy side of the banana leaf over the filling. Then, working clockwise, fold over the other sides of the banana leaf, tucking in the last fold to secure the dumpling. Wrap the completed dumpling in Saran wrap to prevent leaks during steaming. | 5) [Steam the Dumplings] Place the wrapped dumplings in a steamer and steam for 20 minutes. | 6) [Serve] Enjoy the dumpling plain or have it with a sweet and spicy dipping sauce (Nuoc Mam Cham).",https://i0.wp.com/vickypham.com/wp-content/uploads/2024/08/4eee7-banhgio1nowatermark.jpg?fit=2500%2C3519&ssl=1,"Breakfast, Snack",Vietnamese,"Vietnamese pyramid dumplings, bánh giò recipe, pork dumplings, banana leaf dumplings, steamed dumplings, Northern Vietnamese breakfast, bánh giò filling, rice flour dumplings, quail egg dumplings, Vietnamese breakfast recipe, bánh giò, banh gio, banh gio recipe, Vietnamese rice dumpling, Vietnamese pyramid rice dumpling",,,0,0,0
Vietnamese Salt and Pepper Fried Chicken Wings (Ga Rang Muoi),"Crispy and flavorful, here's my version of the popular restaurant-style Vietnamese/Chinese salt and pepper fried chicken wings.",https://vickypham.com/blog/vietnamese-salt-pepper-fried-chicken-ga-rang-muoi/,30m,20m,50m,5 serving(s),"[Ingredients] 4 lbs bone-in chicken (I like using wings and drumettes), 2 teaspoons salt, 2 teaspoons MSG, 1/2 teaspoon Chinese five spice powder, 1/2 teaspoon ground black pepper, 1 tablespoon salt, 1 teaspoon granulated sugar, 1/2 teaspoon ground black pepper, 1 egg, 1 cup corn starch, Vegetable oil for deep frying, 4 stalks scallions (slice into 1-inch segments), 4 cloves garlic (slice thin), 1 large shallot (slice thin), 4 red chili peppers (optional, slice thin), 2 tablespoons Shaoxing cooking wine","[Instructions] 1) [Marinate chicken] with salt, MSG, five spice powder and black pepper for at least 30 minutes or overnight in fridge for best results. | 2) [Make the salt and pepper mixture] Heat up a small frying pan (no oil need) and add salt. On low heat, pan fry the salt for 5 minutes until golden brown. Set aside to cool. Once completely cooled, add sugar and black pepper. Mix well to combine. | 3) [Make the batter] In a small bowl, whisk the egg white until light and frothy. Add chicken and beaten egg white in a large plastic bag (or large bowl) and toss chicken is until evenly coated with egg whites. Add corn starch then toss again until chicken is evenly coated. | 4) [Deep fry] Add vegetable oil to a wok, filling it about 1 1/2 inches deep. Heat the oil to 350°F. Fry the chicken in batches, flipping halfway through for even cooking. Each batch should take about 10 minutes. Drain the chicken well on a wire rack. | 5) [Stir fry aromatics] Heat up a large wok with 2 tablespoons vegetable oil, add scallions, garlic, shallot and chili peppers. Pan fry until fragrant (about 30 seconds). Add fried chicken and give it quick toss with aromatics. Sprinkle salt and pepper mixture and toss until evenly coated. Add cooking wine along the edges of the wok. Toss the chicken one last time. Serve immediately for best results.",https://i0.wp.com/vickypham.com/wp-content/uploads/2024/08/a76e5-salt-pepper-fried-chicken-1.jpg?fit=2500%2C1667&ssl=1,"side dish, appetizer","asian, vietnamese, chinese","Vietnamese salt and pepper chicken, how to make salt and pepper chicken wings, salt and pepper chicken wing recipe, ga rang muoi recipe, Vietnamese fried chicken, crispy fried chicken, salt and pepper chicken wings, easy fried chicken recipe, Vietnamese chicken recipe, salt and pepper seasoning, Asian fried chicken, best Vietnamese fried chicken, salt and pepper chicken bites, Asian-style fried salt and pepper chicken wings",,,0,8,8
Vietnamese Sweet and Sour Pork Spare Ribs (Suon Xao Chua Ngot),"Pork spare ribs pan-fried then simmered until tender in a sweet, savory, and sour tomato-based sauce. Enjoy with steamed rice for a complete and well-balanced meal.",https://vickypham.com/blog/vietnamese-sweet-sour-pork-spare-ribs-stir-fry-suon-xao-chua-ngot/,20m,30m,50m,3 serving(s),"[Ingredients] 1½ lbs pork spare ribs (cut into bite-sized pieces), ½ teaspoon sea salt, ¼ teaspoon ground black pepper, ¼ cup ketchup, 2 teaspoons sugar, 3 teaspoons Maggi seasoning, 2 teaspoons oyster sauce, ½ teaspoon fresh lime juice, ¼ cup water, 1 tablespoon cornstarch, 2 tablespoons vegetable oil, 2 garlic cloves (peel and slice thin), 1 shallot (peel and slice thin), ½ cup water (to cook ribs), 2 bell peppers (remove seeds and cut into bite-sized square pieces), 1 cup sliced mushrooms, Thinly sliced green onions (optional for garnish)","[Instructions] 1) [Clean ribs (optional by highly recommended)] Cleaning/parboiling the pork bones will remove all the impurities and foul-smell of pork. Bring a pot of water to a boil, add ribs, and boil for about 8 minutes or until scum floats to the top. Remove from water, rinse and drain dry. | 2) [Prepare ribs] In a medium bowl, marinate ribs with salt and ground black pepper for at least 15 minutes. Set aside. | 3) [Make the sauce] In a small bowl by mixing together ketchup, sugar, Maggi seasoning, oyster sauce, lime juice, water, and cornstarch. Set aside. | 4) [Pan fry ribs] To a large wok or skillet with a lid, heat vegetable oil on medium-high. Add shallots and garlic. Pan fry for about 30 seconds or until aromatic. Add pork spare ribs and pan-fry the ribs until golden brown on all sides. | 5) [Braise] Add a splash of water (about ½ cup) and cover with a lid. Continue cooking until pork ribs are chopstick tender (about 30 minutes on medium-low heat). | 6) [Add the vegetables] Start with the dense vegetables first such as bell peppers. Cook them for 1-2 minutes. Add softer vegetables last, such as pineapples and mushrooms. Cook for about 1 minute or until softened. | 7) [Add sauce and finish] Mix the prepared sauce again in case the cornstarch has settled to the bottom. Add sauce to the skillet and give it a toss to ensure that the sauce coats everything evenly. Cook until the sauce thickens then immediately turn off the heat. Garnish with thinly sliced green onions (optional) and serve with rice or noodles for a complete meal.",https://i0.wp.com/vickypham.com/wp-content/uploads/2024/08/c3681-suonxaochuangot8nowatermark.jpg?fit=2500%2C2500&ssl=1,side dish,"asian, vietnamese, chinese","sweet and sour pork ribs, sweet and sour fried pork spare ribs, sweet and sour pork rib recipe, how to make sweet and sour pork ribs, suon xao chua ngot, Asian pork rib recipe, fried pork rib recipe, tomato sauce, ketchup, shallot, mushroom, onions, bell peppers, how to make sweet and sour sauce, pork spare rib recipe, pork rib recipe",,,0,1,1
Annatto Oil (Dau Hat Dieu),"Annatto oil, also known as Achiote Oil and Atsuete Oil, is a natural orange-red food dye used in many Asian and Latin cuisines.",https://vickypham.com/blog/annatto-seed-oil-dau-hat-dieu/,0m,5m,5m,1 cup,"[Ingredients] 1 cup vegetable oil, 1/2 cup dried whole annatto seeds",[Instructions] 1) [Add annatto seeds to room temperature oil] in a small pan. Heat on medium high for 3-5 minutes. | 2) [Swirl pan] to help annatto seeds release more color. | 3) [Remove the seeds] once they turn a deep red/brown using a slotted spoon or pour directly through a sieve. Discard the seeds. | 4) [Store] annatto seeds in a air-tight container. Annatto oil will keep for up to 3 months at room temperature.,https://i0.wp.com/vickypham.com/wp-content/uploads/2024/08/740b0-annato-seed-oil-dau-hat-dieu.jpg?fit=2500%2C3750&ssl=1,condiment,"asian, vietnamese, latin","Annatto seed oil, how to make annatto oil, dầu hạt điều, Vietnamese annatto oil, homemade annatto oil recipe, cooking with annatto, Vietnamese recipes with annatto oil, annatto seed oil uses, natural food coloring, Vietnamese cooking tips",,,0,2,2
Dim Sum Braised Chicken Feet with Black Bean Sauce,"Craving authentic Dim Sum? These tender, flavorful braised chicken feet—also known as Feng Zhao—is a must-try dish of gelatinous and cartilage goodness.",https://vickypham.com/blog/dim-sum-style-braised-chicken-feet-black-bean-sauce/,10m,75m,85m,4 serving(s),"[Ingredients] 1 lb chicken feet, 1/4 cup corn starch, Vegetable oil for deep-frying, 8 cups water, 1 inch piece ginger (lightly smash and slice thin), 3 star anise, 1 tablespoon sesame oil, 2 cloves garlic (mince), 1 tablespoon black bean and garlic sauce, 2 tablespoons oyster sauce, 1 1/2 tablespoons granulated sugar, 1/4 teaspoon ground black pepper","[Instructions] 1) [Prepare the chicken feet] Clip the toenails and scrub thoroughly with 1 tablespoon of coarse salt, then rinse. Drain and pat dry with paper towels. Toss the chicken feet in corn starch, shaking off any excess. | 2) [Deep fry] Heat 1 1/2 inches of oil in a pot to 400°F. Deep fry the chicken feet (in batches if necessary) for 5 minutes, or until golden brown. Remove from the oil and drain on a wire rack or a paper towel-lined plate. | 3) [Braise] In a medium pot, bring 8 cups of water to a boil. Add ginger, star anise, and the deep-fried chicken feet. Braise for 1 hour. Reserve 1/4 cup of braising liquid. | 4) [Make the sauce and serve] In a medium skillet or wok, heat sesame oil and sauté garlic until fragrant. Add black bean sauce, oyster sauce, sugar, black pepper, and the reserved braising liquid. Simmer on low for 10 minutes or until the sauce thickens. Toss the chicken feet in the sauce and serve.",https://i0.wp.com/vickypham.com/wp-content/uploads/2024/08/b84f8-chicken-feet-1.jpg?fit=2500%2C2813&ssl=1,"side dish, appetizer","asian, vietnamese, chinese","dim sum chicken feet recipe, braised chicken feet with black bean sauce, Cantonese chicken feet, dim sum style chicken feet, phoenix talons recipe, feng zhao recipe, Chinese chicken feet, black bean sauce chicken feet, dim sum braised chicken feet, how to cook chicken feet, chicken feet black bean sauce, dim sum favorites, traditional dim sum recipe, chicken feet braised recipe, authentic dim sum chicken feet",,,0,3,3
Sweetened Coconut Milk for Vietnamese Desserts (Nuoc Cot Dua An Che),"Vietnamese desserts are often topped with a rich, sweet coconut sauce. Here’s how to make this sauce that perfectly complements a variety of Vietnamese pudding desserts (Chè).",https://vickypham.com/blog/sweetened-coconut-milksauce-asian-desserts-nuoc-cot-dua-an-che/,0m,9m,9m,2 cups,"[Ingredients] 13.5 oz can coconut milk, 1/8 teaspoon salt, 3 whole pandan leaves, 1 tablespoon tapioca starch, 2 1/2 tablespoons granulated sugar, 1/2 teaspoon vanilla extract (optional)","[Instructions] 1) [Heat coconut milk] In a small, heavy-bottom saucepan, whisk together the coconut milk and salt. Use one pandan leaf to wrap the other two in a bundle then add the pandan leaves into the sauce pan. Simmer over medium-low heat until it starts to bubble (about 4 minutes). | 2) [ Dissolve tapioca] Fill the empty coconut milk can halfway with water. Add tapioca starch and whisk until fully dissolved. Pour this mixture into the saucepan and heat for 2 minutes. Keep the heat low and stir occasionally to prevent burning. | 3) [Sweeten] Once the mixture starts to thicken and starts to bubble again, add sugar, and vanilla extract (optional). Continue to cook on low for another 2 minutes, or until the sauce thickens to your desired consistency, then remove from heat. Remove and discard the pandan leaves. | 4) [Finish] Allow the sauce to cool slightly before serving. This coconut sauce will keep at room temperature for a day, or about 3 days in the fridge.",https://i0.wp.com/vickypham.com/wp-content/uploads/2019/01/Sweetened-Coconut-Milk-Sauce-for-Vietnamese-Desserts-Nuoc-Cot-Dua-Recipe.jpg?fit=2500%2C3693&ssl=1,dessert,"asian, vietnamese","sweetened coconut milk sauce, nuoc cot dua recipe, Vietnamese coconut sauce, how to make nuoc cot dua, coconut milk sauce for desserts, Asian coconut sauce, Vietnamese dessert sauce, coconut sauce for che, easy coconut sauce recipe, coconut milk topping for desserts, traditional Vietnamese coconut sauce",,,0,3,3
Vietnamese Crunchy Pickled Jalapenos (Ot Ngam Giam),"Say goodbye to bland, mushy pickled jalapenos! These refrigerator pickled jalapenos are crisp and full of flavor. This recipe makes about 2 cups.",https://vickypham.com/blog/vietnamese-crunchy-pickled-jalapenos-ot-ngam-giam/,5m,5m,10m,2 cups,"[Ingredients] 1 cup water, 1 cup distilled 5% white vinegar, ½ cup granulated sugar, 1 tablespoon sea salt, 32-oz airtight container, 10 fresh jalapeno peppers","[Instructions] 1) [Make the Brine] In a small saucepan, combine the water, vinegar, sugar and salt. Bring the mixture to a boil or until the sugar dissolves completely. Turn off the heat and set aside to cool to warm or room temperature. You don’t want it hot because it will cook the jalapenos instead and soften them over time. | 2) [Slice Jalapenos] While waiting for the brine to cool, slice up the jalapenos. I like it about 1/8-inch thick. For those who don’t like it spicy, you can shake out the seeds in a colander with wide holes. The seeds mainly hold all the spiciness so fewer seeds means less spicy. Transfer the sliced jalapenos into a container with a lid. | 3) [Cover with Brine and Store] Pour the cooled brine over the sliced jalapenos and store it in the fridge. It should be ready to enjoy the next day.",https://i0.wp.com/vickypham.com/wp-content/uploads/2024/08/ca7ea-2024_05_09eosm509242.jpg?fit=2500%2C2500&ssl=1,"condiment, side dish","asian, vietnamese","pickled jalapeños, pickled jalapeño recipe, how to make pickled jalapenos, Vietnamese pickled jalapenos, Vietnamese pickled jalapenos recipe, Asian pickled jalapenos, Asian pickled jalapeno recipe, refrigerator pickled jalapenos, how to make noodle soup pickled jalapenos, easy pickled jalapeños, Vietnamese crunchy pickled jalapenos, Chinese crunchy pickled jalapenos, ot ngam giam, ot ngam giam recipe, ớt ngâm giấm chua ngọt, ớt ngâm giấm, ot ngam giam chua ngot, pickled, jalapenos, refrigerator pickles, refrigerator pickled jalapeno recipe",,,0,2,2
Vietnamese Duck Noodle Soup with Bamboo Shoots (Bun Mang Vit),"A hearty traditional Vietnamese noodle soup with tender duck (or replace with chicken), flavorful broth, and the unique taste of bamboo shoots. An easy to follow recipe, full of traditional flavors.",https://vickypham.com/blog/vietnamese-duck-noodle-soup-bamboo-shoots-bun-mang-vit/,345m,100m,445m,4 serving(s),"[Ingredients] 1 lb dried bamboo (presoak overnight), 1/4 cup neutral oil, 2 large shallots (peel and mince), 5 cloves garlic (peel and mince), 2 teaspoons chicken bouillon powder, 2 teaspoons salt, 1 teaspoon granulated sugar, 1 whole duck (remove fatty butt end), 1/4 cup smashed and minced fresh ginger (no need to peel), 1 tablespoon salt, 1/4 cup white vinegar, 3 quarts water, 2 whole yellow onions (peel outer layer; leave whole), 3 oz ginger (unpeeled, cut into thick slices), 150 grams rock sugar, 2 tablespoons salt, 2 tablespoons chicken bouillon powder, 1 lb dried vermicelli rice noodles (medium), 1 yellow onion (peel and slice thin), Green onions (slice thin), Cilantro (roughly chop), Shredded white or purple cabbage, Mint leaves, Vietnamese coriander leaves(Rau Ram), Lime/lemon wedges, Fried shallots, Ginger Fish Sauce Dipping Sauce","[Instructions] 1) [Prepare the dried bamboo] Soak dried bamboo in water overnight or at least 5 hours to soften. Wash bamboo few times and squeeze out excess water until water runs clear. In a large stock pot, bring water to a boil then add bamboo. Boil for 15 minutes then drain into a colander placed in the sink to discard water. Repeat the boiling until water is clear and no longer yellow. For this particular batch of dried bamboo, I had to do a total of three boilings to get rid of all that yellow water. Drain bamboo and give it a final wash/rinse then drain dry. Cut off any hard stubs and shred (follow the grain) into thin bite-size strips. | 2) [Roast aromatics] Roast yellow onions and ginger in oven at 350°F for 40 minutes. | 3) [Pan fry bamboo] In a small skillet, add vegetable oil and heat on medium high. Add shallots and sauté until fragrant. Add garlic next and sauté until fragrant. Add shredded bamboo. Pan-fry and evenly toss in aromatics. Season bamboo with chicken bouillon powder, sea salt and sugar. Set aside. | 4) [Prepare the duck] Clean the duck by rubbing ginger, salt and vinegar all over the skin and insides of the duck. Use the abrasive action of the salt to scrub and remove the foul poultry smell. Rinse duck and drain dry. | 5) [Make the broth] In a large stock pot, bring 3 quarts water to a boil. Add duck, yellow onions and sliced ginger. Simmer on medium low and occasionally skim off any foam that rise to the top. After 25 minutes, duck should be cooked. Double check that the internal temperature reaches 165°F. Transfer duck to an ice bath. Remove whole onions and ginger and discard. Add sautéed bamboo to the stock pot and simmer on medium low for one hour. Season stock with rock sugar, sea salt and bouillon powder. Once duck is cooled, chop duck into bite-size pieces with a large mallet. Set aside. | 6) [Noodles] Cook noodles per package instructions and prepare the vegetables and garnishes. | 7) [Assemble] Add vermicelli noodles to the bottom of a bowl. Add a few slices/chunk of duck, ladle in hot broth with bamboo shoots, and garnish bowl with sliced yellow onion, green onions, cilantro, cabbage, mint and coriander. Top bowl with fried shallots and a lemon wedge for squeezing. Serve bowl of duck noodle soup with a side of ginger fish sauce for dipping duck meat.",https://i0.wp.com/vickypham.com/wp-content/uploads/2024/09/bun-mang.jpg?fit=2500%2C1575&ssl=1,entree,"asian, vietnamese","Vietnamese duck noodle soup, bun mang vit, bamboo shoots recipe, duck soup recipe, traditional Vietnamese soup, how to make duck noodle soup, Vietnamese noodle soup with duck, authentic bun mang vit recipe, duck and bamboo shoot soup, Vietnamese noodle soup recipe",,,0,7,7
Classic Vietnamese Fish Sauce Dipping Sauce (Nước Mắm Chấm),"A key Vietnamese sauce made from fish sauce, lime juice, and sugar, adding rich umami flavor to countless dishes. It's a must-have staple in every Vietnamese kitchen.",https://vickypham.com/blog/vietnamese-fish-sauce-dipping-sauce-nuoc-mam-cham/,5m,5m,5m,8 serving(s),"[Ingredients] 1 cup hot water, ¾ cup granulated sugar, ¾ cup fish sauce (Viet Huong’s Three Crabs brand), 3 tablespoons lime juice, 1 cup coconut soda (Coco Rico brand), 6 garlic cloves (thinly slice or smash with a garlic press), 2 Thai chili peppers (thinly slice)","[Instructions] 1) [Mix water and sugar] Combine hot water and sugar. Mix until dissolved. | 2) [Add remaining ingredients] Add fish sauce, lime juice, coconut soda, garlic, and chili peppers. Mix until combined.",https://i0.wp.com/vickypham.com/wp-content/uploads/2024/08/caaf3-nuoc-mam-cham-fish-sauce-dipping-sauce-1.jpg?fit=2500%2C2500&ssl=1,condiment,"asian, vietnamese","nước mắm chấm, nước chấm, nước mắm, nuoc cham, Vietnamese dipping sauce recipe, Vietnamese fish sauce dip, Vietnamese dipping sauce, nuoc mam cham recipe, nuoc cham recipe, nuoc cham sauce recipe, Vietnamese dipping sauce with fish sauce, classic Vietnamese dipping sauce, traditional Vietnamese dipping sauce, Asian sauce, fish sauce, fish sauce recipe, Vietnamese fish sauce dipping sauce, Vietnamese dipping sauce, Vietnam mother sauce, what to eat nuoc cham with, is nuoc cham the same as fish sauce, Vietnamese fish sauce recipe, traditional Vietnamese dipping sauce recipe, traditional Vietnamese dipping sauce, how to make traditional Vietnamese dipping sauce",,,0,11,11
Vietnamese Ginger Fish Sauce (Nuoc Mam Gung),"A traditional Vietnamese dipping sauce for poached chicken, duck and grilled seafood. It’s sweet, sour and spicy with a nice zing from freshly grated ginger.",https://vickypham.com/blog/vietnamese-ginger-fish-sauce-nuoc-mam-gung/,5m,5m,5m,1/3 cup,"[Ingredients] 1/4 cup fish sauce, 2 tablespoons granulated white sugar, 1-inch piece fresh ginger (peel and thinly slice against the grain), 5 garlic cloves (peel), Juice of half a large lime, 1 or 2 red chili peppers (slice thin; remove seeds to reduce heat if needed)","[Instructions] 1) [Dissolve sugar: ] In a medium bowl, mix together fish sauce and sugar until completely dissolved. | 2) [Prepare the aromatics: ] Pound ginger and garlic cloves with a mortar and pestle until completely pulverized. Alternatively, run both through a garlic press or smash with the back of a large knife. | 3) [Finish: ] Add smashed ginger, garlic, lime juice and chili peppers. Stir to combine. Serve with your favorite dishes and enjoy.",https://i0.wp.com/vickypham.com/wp-content/uploads/2024/08/f819f-nuocmamgunggingerfishsaucepinterest285of129.jpg?fit=2500%2C2500&ssl=1,condiment,"asian, vietnamese, southeast asian","Vietnamese ginger fish sauce, how to make ginger fish sauce, how to make ginger dipping sauce, Nuoc Mam Gung recipe, ginger dipping sauce, Vietnamese dipping sauce, fish sauce with ginger, ginger fish sauce for boiled meats, authentic Vietnamese sauce, easy fish sauce recipe, spicy ginger fish sauce, homemade Nuoc Mam Gung, Vietnamese condiment",,,0,9,9
Vietnamese Peanut Dipping Sauce for Spring Rolls (Tương Chấm Gỏi Cuốn),Classic creamy Vietnamese peanut sauce for fresh spring rolls and summer rolls. This recipe makes about 2 cups.,https://vickypham.com/blog/vietnamese-peanut-sauce-spring-rolls/,3m,2m,5m,4 servings,"[Ingredients] 1 tablespoon neutral oil, 1 tablespoon minced fresh garlic, 1 cup water or low-sodium chicken stock, ¼ cup hoisin sauce, ½ cup sweetened creamy peanut butter, ½ cup coarsely chopped unsalted toasted peanuts (optional), Sriracha chili sauce (optional)","[Instructions] 1) [Fry the garlic] In a small pot, heat oil on medium-high. Add garlic and sauté until fragrant (about 20 seconds). | 2) [Make the sauce] Add water or low-sodium stock and peanut butter. Whisk until smooth. Mix in hoisin sauce. Simmer on low for about one minute or until the mixture begins to bubble. Remove from heat. If too thick, whisk in a little bit more water/stock. If too thin, let it simmer a little longer for some moisture to evaporate. Keep in mind that the sauce will thicken as it cools. | 3) [Serve] Transfer to individual sauce bowls, top with a sprinkle of toasted peanuts (optional) and a drizzle of Sriracha chili sauce (optional). Serve with spring/summer rolls.",https://i0.wp.com/vickypham.com/wp-content/uploads/2024/08/69bf3-eosm50_0015.jpg?fit=2500%2C2500&ssl=1,Condiment,"Asian, Vietnamese","Vietnamese peanut sauce, Vietnamese peanut sauce recipe, Vietnamese peanut sauce recipe for spring rolls, Vietnamese peanut sauce recipe for summer rolls, authentic peanut sauce for spring rolls, peanut sauce recipe, how to make Vietnamese peanut sauce, sauce for spring rolls, sauce for summer rolls, spring roll dipping sauce, peanut dipping sauce, peanut dipping sauce for spring rolls, best Vietnamese peanut sauce, best Vietnamese peanut sauce recipe, how to make Vietnamese peanut sauce, nuoc cham goi cuon, easy Vietnamese peanut sauce recipe, peanut sauce recipe easy, nước chấm gỏi cuốn, nuoc tuong cham goi cuon, nước tương chấm gỏi cuốn, nuoc tuong cham goi cuon, spring roll sauce, summer roll sauce, spring roll peanut sauce, summer roll peanut sauce",,5.0,2,27,29
Banh Canh Cua: Vietnamese Crab Thick Noodle Soup,"Looking for a comforting bowl of soup? This noodle soup comes with shrimp, crab, and thick, chewy noodles in a flavorful broth. It’s a quick and easy seafood dish, perfect for warming the soul during soup season.",https://vickypham.com/blog/vietnamese-shrimp-crab-thick-noodle-soup-banh-canh-tom-cua/,48m,60m,108m,6 serving(s),"[Ingredients] 1 large yellow onion or 4 shallots (leave whole), 3 lb pork bones (neck bones and/or spareribs), 1 teaspoon (for cleaning) plus 1 tablespoon sea salt (for stock), 3 quarts water, 1 small daikon (peel and cut into chunks), 2 tablespoons chicken bouillon powder, 1 tablespoon plus 1 teaspoon granulated sugar, 1 teaspoon fish sauce, 1 tablespoon annatto oil, 1/4 cup tapioca starch, 1/2 cup cold water, 2 lbs Banh Canh or Udon Noodles, 1/2 teaspoon sesame oil, 1 lb cooked crab meat, 1 tablespoon annatto oil or neutral oil, 1 teaspoon minced garlic, 15 cooked shrimp (size 21-25, peel and devein), Ground black pepper, 2 scallions/green onions (slice thinly), Small bunch cilantro (slice thinly), Fried shallots, 1 lime (cut into wedges)","[Instructions] 1) [Roast onion/shallots] in the oven at 350°F for about 40 minutes or until soft. Allow them to cool then peel/scrap off all charred areas to prevent browning the broth. Set aside. | 2) [Clean the pork bones thoroughly: ] Add the pork bones to a large stock pot and fill with water to cover by 1 inch. Add salt (1 teaspoon). Parboil the bones for 8 minutes or when you see a lot of foam forming. Drain content of the pot into a colander placed in the sink and rinse bones under cold running water. This cleaning will keep the stock clear. It also helps to get rid of the foul pork smell. | 3) [Make the stock] Clean the pot thoroughly and return to stove. Add water (3 quarts), cleaned pork bones, roasted onion/shallots and daikon. Bring pot to a boil and reduce the heat to a very low simmer. Cook for 1 hour, uncovered. Remove onions/shallots and daikon from the pot and discard. | 4) [Season stock ] with stock bouillon powder, sugar, salt (1 tablespoon) and fish sauce. Add annatto oil and/or food coloring to the stock for color (optional). | 5) [Thicken the broth: ] In a small bowl, mix tapioca starch and water (1/2 cup) until completely dissolved. Add slurry to broth and simmer for an additional 5 minute to thicken. | 6) [Cook the noodles per packaged instructions] Toss gently with sesame seed oil to prevent sticking. | 7) [Prepare the crab] Heat annatto or neutral oil (1 tablespoon) in a small skillet at medium-high. Add garlic and pan-fry until fragrant. Add cooked crab meat and lightly sauté until colored and aromatic. Set aside. | 8) [Assemble: ] Add a handful of Banh Canh noodles into a bowl. Ladle broth over noodles. Add 2 or 3 shrimp, desired amount of crab meat and pork spare ribs from broth. Garnish with a sprinkle of black pepper, scallions/green onions, cilantro and fried shallots. Serve with a wedge of lime on the side and enjoy.",https://i0.wp.com/vickypham.com/wp-content/uploads/2024/08/76d96-banh-canh-cua-crab-1.jpg?fit=2500%2C1667&ssl=1,entree,"asian, vietnamese","Banh Canh Cua, Vietnamese shrimp crab noodle soup, Bánh Canh Tôm Cua recipe, Vietnamese thick noodle soup, shrimp and crab soup, authentic Vietnamese soup, easy Vietnamese seafood soup, Vietnamese comfort food, Bánh Canh recipe, Vietnamese street food recipe, seafood noodle soup, Vietnamese soup with thick noodles, shrimp and crab noodle broth, traditional Banh Canh Cua, Banh Canh Cua recipe, Vietnamese crab noodle soup",,,0,6,6
Vietnamese Sweet and Sour Shrimp Soup with Pineapple (Canh Chua Tom Nau Thom),"A shrimp-based soup with a variety of fresh vegetables and herbs to produce contrasting yet complementary textures and flavors. Sweet, savory, sour, and spicy, this soup is the epitome of Vietnamese home cooking.",https://vickypham.com/blog/vietnamese-sweet-sour-shrimp-soup-pineapple-canh-chua-tom-nau-thom/,10m,15m,25m,3 serving(s),"[Ingredients] 6 extra-large whole shrimp (head-on, tail-on), 1 teaspoon sea salt, 2 tablespoons vegetable oil, 4 garlic cloves, 32 oz chicken broth (see notes), 30 grams tamarind pulp, 2 teaspoons fish sauce, 1 teaspoon MSG (optional), 3 tablespoons granulated sugar, 5 oz okra, 5 oz pineapple, 1 large tomato, 2 tablespoons minced rice paddy herbs, Thai basil, culantro or cilantro, Thai chili pepper (optional)","[Instructions] 1) [Prepare the ingredients] Devein the shrimp by inserting a toothpick underneath the vein and between the shells. Pull up to remove. Give the shrimp a quick rinse, if needed. Peel and finely dice the garlic cloves. Cut the pineapples into small bite-size chunks. If using large okra, halve at a diagonal. Otherwise, leave okra whole. Quarter the tomatoes. Set everything aside. | 2) [Pan fry aromatics] In a medium pot, heat oil on medium-high. Add garlic and fry until golden brown. Set aside half of the fried garlic for garnish. Add chicken stock to the pot with the remaining garlic and bring the pot to a boil. | 3) [Tamarind] Add tamarind pulp to a mesh strainer and lower it into the stockpot. Use the back of a spoon to help push the pulp through the strainer. Discard remains. | 4) [Season stock] Add salt, fish sauce, optional MSG and sugar (a little at a time) to taste. | 5) [Shrimp and vegetables] Add shrimp. When shrimp start to turn color, add okra and pineapple. Cook for 1-2 minutes. Lastly, add tomatoes and immediately turn off the heat. | 6) [Garnish and serve] Garnish soup with fried garlic from earlier, Thai chili peppers, and either rice paddy herbs, Thai basil, culantro, or cilantro. Serve with steamed rice and one of the following traditional Vietnamese protein dishes for a complete meal.",https://i0.wp.com/vickypham.com/wp-content/uploads/2024/08/23314-canh-chua-tom-sweet-sour-shrimp-soup5.jpg?fit=2500%2C3519&ssl=1,side dish,"asian, vietnamese","canh chua, canh chua recipe, how to make canh chua, vietnamese sweet and sour soup, vietnamese sweet and sour soup recipe, canh chua tom, canh chua tom recipe, vietnamese, soup recipe, vietnamese soup recipe with shrimp, vietnamese shrimp recipe, vietnamese home cooking recipe, Vietnamese canh chua recipe, canh chua recipe tamarind soup base, canh chua tamarind, canh chua easy recipe, vietnamese sour soup recipe, vietnamese sour soup, vietnamese sour soup pineapple",,,0,12,12
Chinese-Style Pork and Organ Noodle Soup (Mi Nguoi Hoa),"A Chinese inspired egg noodle soup in a clear and flavorful pork broth. Choose from a variety of toppings, including blanched choy sum, wontons, squid, shrimp, ground pork, and thinly sliced organs like kidney, heart and liver.",https://vickypham.com/blog/chinese-style-pork-noodle-soup-mi-nguoi-hoa/,45m,3m,48m,6 serving(s),"[Ingredients] 1 1/2 lbs pork shank bones with marrow, 4 liters water, 1 small dried squid (lightly rinse, pat dry and toast in oven at 400°F for 10 minutes), 1/4 cup dried salted shrimp (lightly rinse, pat dry and toast in oven at 400°F for 10 minutes), 2 tablespoons rock sugar (38 grams), 1 tablespoon MSG (replace with fish sauce if you don’t eat MSG), 1 1/2 tablespoons salt, 1 pork kidney, 1 pork heart, 1/2 cup wheat flour, 1 teaspooon salt, 1 tablespoon vinegar, 1 large shallot (slice thin), 1 large knob ginger (smash and slice thinly), BBQ pork (thit xa xiu), Shrimp and pork wontons (hoanh thanh), Fried pork fat (tep mo), Cooked squid, 1/2 cup vegetable oil, 1 small onion (dice), 3 medium-size shallots (dice), 4 garlic cloves (roughly chop), 1 lb Choy Sum (cut into bite size pieces), 3 green onions (optional; slice thinly), 3 sprigs cilantro (optional; slice thinly), 2 lbs fresh egg noodles, 1 tablespoon sesame oil","[Instructions] 1) [Prepare the Stock] In a stock pot, add parboiled pork bones, 4 liters water, dried squid and dried shrimp. Bring pot to a boil then reduce heat to a low simmer. Cook uncovered for 3 hours and occasionally skim off any impurities that float to the top with a spoon or fine mesh. | 2) [Prepare the Organ Meat] Butterfly the kidney and remove the connecting white muscles at the center. Butterfly the pork heart and rinse out any remaining blood. Place kidney and heart in a bowl and vigorously rub with wheat flour. The flour will absorb any foul organ smell. Rinse organs thoroughly under cold running water then drain dry. Slice the pork kidney at an angel into thin slices and set aside. Leave heart unsliced for now. | 3) [Cook the Organ Meat] Bring a small pot to a boil. Add salt, vinegar and shallot. Add heart and cook for about 20 minutes or when pierced with a knife or chopstick, until liquid runs clear. Transfer heart to an ice bath. Once cool enough to handle, slice thinly and store in clean water. To the same pot, add smashed ginger and bring it back to a boil. Add sliced pork kidney and cook for 2-3 minutes. Do not overcook as kidney will toughen. Remove sliced kidney from pot and place in ice bath. Also store pork kidney in water to prevent darkening. | 4) [Prepare Aromatic Oil] In a small frying pan, add vegetable oil and heat on medium-high. Add onion and shallots. Fry until lightly brown. Add garlic. Continue to fry until the garlic is golden brown. Set aside. | 5) [Blanch the Choy Sum] In a small pot, bring water to a boil. Add a bit of the aromatic oil to the water. Add Choy Sum and blanch for 2 minutes or until bright green. Transfer Choy Sum to an ice bath then drain dry. | 6) [Cook the Egg Noodles] Unlike rice noodles, egg noodles can be cooked all at once. Since egg noodles tend to clump together, place all the egg noodles in a large mixing bowl and use your fingers to separate them into individual strands. Bring a large pot to a boil then add noodles. Boil for 4-5 minutes. Place a colander into the sink and drain noodles into the colander. Rinse with cold running water then drain dry. Toss evenly with sesame oil to prevent sticking. | 7) [Season the Stock] Return to the pork stock pot and season with rock sugar, MSG (or fish sauce) and salt. It’s best to add a little at a time to suit your liking. | 8) [Assemble the Bowl] To serve, add a large handful of egg noodles to a individual serving bowl. Add organ meat, other desired meats, Choy Sum, a teaspoon of aromatic oil and fried pork fat (tep mo). Ladle in hot broth and garnish with green onions and cilantro.",https://i0.wp.com/vickypham.com/wp-content/uploads/2024/08/1d8ac-chinese-style-pork-noodle-soup-mi-nguoi-hoa1.jpg?fit=2500%2C2286&ssl=1,Main Dish,Chinese,"Chinese-style pork noodle soup, Mi Nguoi Hoa, Vietnamese organ soup, pork and organ noodle soup, egg noodle soup recipe, Vietnamese-Chinese noodle soup, pork stock soup, choy sum noodle soup, authentic noodle soup recipe, seafood noodle soup with pork, Mi Thanh Ky",,,0,0,0
Seafood Boil Sauce: Garlic Butter Lemon Pepper,"A seafood boil with King crab legs, clams, shrimp, sausage, and sweet corn, all tossed in a fiery garlic lemon pepper sauce—perfect for a feast.",https://vickypham.com/blog/seafood-boil-sauce-garlic-butter-lemon-pepper/,15m,30m,45m,8 serving(s),"[Ingredients] 3 sausage links (cut into chunks), 4 ears of corn (cut into chunks), 3 lbs precooked King crab legs (cut into chunks and precut with kitchen sheers), 3 lbs clams, 2 lbs shrimp (head-on), 4 sticks of butter (1 lb/16 oz), 3 heads of garlic (chop in food processor or through a garlic press), 1 teaspoon Old Bay seasoning, 1 teaspoon Cajun seasoning, 2 tablespoons lemon pepper seasoning, 2 tablespoons ground cayenne pepper (if not available, substitute with paprika or chili powder), 2 tablespoons granulated white sugar","[Instructions] 1) [Steam the Seafood] Corn takes about 15-20 minutes. Clams (8-10 minutes) and shrimp (5-7 minutes). | 2) [Prepare the Butter Sauce] In a medium size sauce pan, melt butter on medium high heat. Add minced garlic and cook for 2-3 minutes until fragrant. Add Old Bay seasoning, Cajun seasoning, lemon pepper seasoning, cayenne and sugar. Stir until combined. Add to seafood. | 3) [Serve] Serve hot with your choice of dipping sauces and sides. Enjoy!",https://i0.wp.com/vickypham.com/wp-content/uploads/2024/08/307e9-seafood-boil-sauce-garlic-lemon-pepper5.jpg?fit=2145%2C2145&ssl=1,Main Course,"American, Cajun, Vietnamese Fusion","seafood boil, garlic butter sauce, lemon pepper sauce, Cajun seafood boil, King crab recipe, shrimp boil, clam boil, holiday seafood recipe",,,0,6,6
Stir-Fried Water Spinach/Morning Glory with Beef (Rau Muong Xao Thit Bo),"A quick and flavorful Vietnamese dish with thinly sliced beef stir-fried with water spinach and garlic. It's simple yet delicious, and perfect with steamed rice.",https://vickypham.com/blog/stir-fry-water-spinach-morning-glory-garlic-rau-muong-xao-toi/,20m,15m,35m,5 serving(s),"[Ingredients] 1 lb beef sirlion (thinly slice against the grain), 2 teaspoons chicken/mushroom/pork stock powder, 1 teaspoon granulated sugar, 1/2 teaspoon ground black pepper, 1/4 teaspoon salt, 4 cloves garlic (finely mince), 3 lbs Water Spinach (Rau Muong; also known as Morning Glory), 1 teaspoon salt, 4 tablespoons vegetable oil (divided), 6 garlic cloves (finely mince; divided), 3 tablespoons oyster sauce, 3 teaspoons granulated sugar, Fried garlic/shallots (optional)","[Instructions] 1) [Marinate the Beef] In a bowl, combine the beef with stock powder, sugar, black pepper, salt, and minced garlic. Marinate for at least 30 minutes to allow the flavors to absorb. | 2) [Prepare the Water Spinach] Prep the water spinach by cutting off a bit of the old and rough shoot ends. Remove excess leaves and cut into 5-inch segments. Separate shoots from leaves as their cooking time differs. | 3) [Blanch the Water Spinach] Fill a large skillet or wok halfway with water and bring it to a boil. Add 1 teaspoon salt. Prepare an iced bath (use lots of ice) and place it nearby. Add water spinach to the boiling water and blanch shoots for no more than 1 minute. Blanch leaves for no more than 30 seconds. Quickly transfer to iced bath to maintain vibrant green color and tenderness. Once cool, remove from ice bath and drain dry. | 4) [Cook the Beef] Return skillet or wok back to the stove. Make sure it’s clean and empty. Add vegetable oil (2 tablespoons) and heat on medium-high. Add two minced garlic cloves and saute until fragrant then add half of the marinated beef in single layer and cook until beef just turn color. Do not overcook beef! Transfer beef to a plate and repeat with the other half of beef and 2 cloves minced garlic. | 5) [Prepare the Sauce] In a small bowl, mix together oyster sauce and sugar. Set aside. | 6) [Combine and Serve] Clean the wok and return back to stove. Heat another two tablepoons vegetable oil and add the remaining two minced garlic cloves. Saute until fragrant. Add blanched water spinach and oyster sauce mixture. Lightly toss water spinach until evenly coated with oyster sauce. Add beef to wok and lightly toss. Serve with steamed rice and optional soy dipping sauce on the side.",https://i0.wp.com/vickypham.com/wp-content/uploads/2024/08/d227b-rau-muong-xao-thit-bo-toi.jpg?fit=2500%2C2500&ssl=1,"Main Dish, Side Dish",Vietnamese,"stir-fried water spinach, rau muong xao thit bo, morning glory with beef, Vietnamese water spinach recipe, water spinach stir-fry, Vietnamese vegetable stir-fry, beef and water spinach recipe, easy Vietnamese stir-fry, rau muong recipe, morning glory vegetable recipe",,,0,6,6
Vietnamese Caramelized Pork Belly with Young Bamboo Shoots (Thit Ba Chi Kho Mang Tuoi),"A popular savory side for steamed rice, this dish combines tender pork belly and crunchy young bamboo shoots in one pot.",https://vickypham.com/blog/vietnamese-caramelized-pork-belly-with-young-bamboo-shoots-thit-ba-chi-kho-mang-tuoi/,30m,90m,120m,4-6 serving(s),"[Ingredients] 3 lbs pork belly, 1 tablespoon salt for cleaning pork belly, 6 tablespoons fish sauce, 1 tablespoon chicken or mushroom stock powder, 2 tablespoons granulated sugar, 1/2 teaspoon ground black pepper, 1 tablespoon minced garlic, 1 tablespoon minced shallot, 1 teaspoon thick soy sauce or homemade caramel cooking sauce, 1 lb young bamboo shoots (slice thin), 1 teaspoon salt for cleaning, 2 tablespoons minced garlic, 2 tablespoons vegetable oil, 2 cups water, 1 cup coconut soda","[Instructions] 1) [Clean the pork] . Generously coat pork belly with salt and abrasively scrub it into the meat, particularly the skin. Rinse pork belly under cold water then drain dry. Slice pork into 2×2 inch cubes then transfer cubes into a medium-size stock pot. Add water to cover and heat on medium high until water begins boiling. Turn off heat. Remove pork belly, rinse and drain dry once more. | 2) [Marinate the Pork] Clean pot and return to stove. Transfer parboiled pork into the cleaned pot. Marinate with fish sauce, stock powder, sugar, black pepper, garlic, shallot and thick soy sauce/caramel cooking sauce for at least 30 minutes at room temperature or overnight in fridge for best results. | 3) [Prepare the Bamboo Shoots] In the meantime, clean the young bamboo shoots. Bamboo has a strong aroma. Boiling helps get rid of that strong aroma. Dried bamboo requires multiple boilings before it’s ready for cooking. Fresh young bamboo shoots require less boiling. For this variety of fresh young bamboo shoots (see picture), I only needed to boil it once. In a small pot, fill it halfway with water and bring it to a boil. Add the young bamboo shoots and salt (1 teaspoon). Boil for 10 minutes then drain content into a colander placed in the sink. Rinse the bamboo shoots with cold running water. Squeeze out excess water then drain dry. Set aside. | 4) [Sauté Bamboo Shoots] In a large skillet, add vegetable oil (2 tablespoons) and heat on medium high. Add garlic and saute until fragrant. Add bamboo shoots and toss gently with garlic. | 5) [Cook the Pork] Back to the parboiled pork, add water to pot until pork is just covered (about 2 cups) and cook for 1 hour on a low simmer uncovered. | 6) [Combine Pork and Bamboo Shoots] After 1 hour, add coconut soda/juice and young bamboo. Gently push the young bamboo underneath the pork to soak up the fatty goodness. Continue to cook on a low simmer for an additional 15 minutes. | 7) [Garnish and Serve] Garnish with chopped cilantro or green onions, if desired. Serve hot with steamed rice for a complete meal.",https://i0.wp.com/vickypham.com/wp-content/uploads/2024/08/62727-thit-ba-chi-kho-mang6.jpg?fit=2500%2C2500&ssl=1,Main Dish,Vietnamese,"Vietnamese caramelized pork belly, thit ba chi kho, braised pork with bamboo shoots, pork belly recipe, caramelized pork recipe, Vietnamese braised pork, young bamboo shoots, kho mang tuoi, pork and bamboo stir fry, Vietnamese home-cooked meals",,,0,1,1
Vietnamese Caramelized Shrimp (Tôm Rim),"Short on time but craving a traditional Vietnamese side? Try this caramelized shrimp with a sweet and salty fish-sauce glaze. It’s quick, delicious, and perfect with steamed white rice.",https://vickypham.com/blog/vietnamese-caramelized-shrimp-tom-rim/,20m,10m,30m,8 serving(s),"[Ingredients] 2 lbs small shrimp (size 91+, shell and tail-on preferred), 1 teaspoon salt (for cleaning), 3 tablespoons fish sauce, 1 tablespoon chicken or mushroom bouillon powder, 1½ tablespoons sugar, ½ teaspoon ground black pepper (divided), ½ teaspoon MSG (optional), 2 tablespoons minced garlic (about 5 large cloves), 3 tablespoons minced shallot (1 small shallot), 2 tablespoons oil (see notes below), 1 green onion (optional; thinly slice and separate whites/greens)","[Instructions] 1) [Devein the Shrimp] Use a toothpick to devein the shrimp. Insert the toothpick underneath the vein, between the shell, and gently lift the vein out. | 2) [Clean the Shrimp] Place the shrimp in a medium bowl with salt (1 teaspoon). Massage the salt into the shrimp to clean them and remove any fishy smell. Rinse thoroughly and drain dry. | 3) [Marinate] In a bowl, combine the shrimp with fish sauce, bouillon powder, sugar, ground black pepper (half), MSG (if using), half of the minced garlic, and half of the minced shallots. Marinate for at least 15 minutes. | 4) [Cook] Heat oil in a large skillet over medium-high heat. Add remaining garlic, remining shallots, and whites of green onions. Sauté until fragrant (about 15 seconds). Add the shrimp and all its marinade juices. Stir to coat the shrimp with the aromatics. Cover the skillet and cook on a medium simmer for about 2 minutes. Uncover and continue cooking on medium heat until most of the liquid has evaporated and the peel gets shiny and crispy (about 8 minutes). | 5) [Garnish and Serve] Garnish the shrimp with remaining green onions (the green part) and remaining half of ground black pepper. Serve with steamed rice for a complete meal.",https://i0.wp.com/vickypham.com/wp-content/uploads/2024/08/79c9a-caramelized-shrimp-tom-rim-2.jpg?fit=2500%2C2045&ssl=1,side dish,"asian, vietnamese","vietnamese caramelized shrimp, tom rim, vietnamese shrimp recipe, caramelized shrimp, quick shrimp recipes, vietnamese cooking, easy vietnamese recipes, shrimp with fish sauce, how to cook vietnamese shrimp, shrimp stir fry, caramelized shrimp with shallots, garlic shrimp vietnamese, tôm rim, Vietnamese braised shrimp, fish sauce, shallots, garlic, Vietnamese caramel shrimp",,,0,13,13
Vietnamese Hot Milk Coffee (Ca Phe Sua Nong),"A rich, bold Vietnamese espresso, sweetened with creamy condensed milk. Perfect for chilly days, it delivers the same irresistible flavor as iced Vietnamese coffee but served warm.",https://vickypham.com/blog/vietnamese-hot-milk-coffee-ca-phe-sua-nong/,10m,10m,10m,1 serving(s),"[Ingredients] 2 heaping tablespoons ground coffee, 1 1/2 tablespoons sweetened condensed milk, Hot water, Vietnamese coffee phin filter","[Instructions] 1) [Prepare Condensed Milk] In a short cup, add condensed milk. Place cup into a hot water bath using a slightly larger cup or a small bowl. | 2) [Set Up the Coffee Filter] Add a Vietnamese coffee filter (phin) on top of the cup. Remove lid and mini plunger at the center of the brewing pot. Add ground coffee. Replace mini plunger and twist to tighten. | 3) [Brew the Coffee] Add a bit of hot water (about 2 teaspoons) first to the phin. Allow the coffee to get plump. Discard any water that goes through the phin. Fill the central brewing pot with hot water to the top. Add the lid back on. | 4) [Mix and Enjoy] Coffee is ready once the hot water completely runs through the phin. Remove lid and use it a coaster for the phin. Stir to mix coffee with condensed milk and enjoy.",https://i0.wp.com/vickypham.com/wp-content/uploads/2024/08/fb63e-vietnamese-hot-coffee-3.jpg?fit=2500%2C3750&ssl=1,Drinks,Vietnamese,"Vietnamese hot coffee, hot Vietnamese coffee, cà phê sữa nóng, Vietnamese milk coffee, Vietnamese coffee hot, Vietnamese hot coffee recipe, Vietnamese hot coffee with condensed milk, how to make hot Vietnamese coffee, ca phe sua nong, sua nong, phin filter coffee, traditional Vietnamese coffee, warm coffee drink, easy Vietnamese coffee recipe",,,0,5,5
Vietnamese Kabocha Squash Soup with Chicken (Canh Bi Do Nau Ga),A light and delicious kabocha squash and chicken soup. Serve it as a side dish in a traditional Vietnamese family meal.,https://vickypham.com/blog/vietnamese-kabocha-squash-soup-chicken-canh-bi-do-nau-ga/,5m,15m,20m,4 serving(s),"[Ingredients] 2 tablespoons vegetable oil, 3 clove garlic, 1 green onion, 1½ quarts water, 1 lb chicken thighs, 1 lb kabocha squash or pumpkin flesh cut into 1-inch cubes, 1 teaspoon sea salt, 2 teaspoons granulated sugar, 2 teaspoons fish sauce, 1 teaspoon chicken bouillon powder (optional), Sprinkle ground black pepper","[Instructions] 1) [Prepare the ingredients] Peel and finely chop garlic. Slice green onion thinly and separate whites/greens. Slice chicken into 2-inch chunks. Set aside. | 2) [Pan fry aromatics] Add vegetable oil to the bottom of a heavy-bottom small pot. Heat on medium-low. Add garlic and whites of green onions. Stir until fragrant (about 5 seconds). | 3) [Chicken] Add chicken bones and toss in aromatics for 5 seconds. Add water and bring the pot to a low simmer and cook for 10 minutes. If using bone-in chicken, add an additional 5 minutes. Occasionally skim off the foam with a spoon or fine mesh if needed. | 4) [Kabocha/Pumpkin] Add kabocha or pumpkin cubes. Cook for 5 minutes or until they can be pierced with a knife with a bit of resistance. Do not overcook. | 5) [Season stock and serve] Add salt, sugar, fish sauce, and chicken bouillon powder. Transfer to a serving bowl and garnish with remaining green onions and a sprinkle of ground black pepper.",https://i0.wp.com/vickypham.com/wp-content/uploads/2024/08/9c816-kabocha-soup-chicken-canh-ga-nau-bi-do4.jpg?fit=2500%2C2500&ssl=1,side dish,"asian, vietnamese","vietnamese kabocha squash soup with chicken, vietnamese kabocha squash soup, vietnamese chicken soup, vietnamese canh recipe, vietnamese pumpkin recipe, vietnamese soup recipe, asian soup recipe, easy asian soup recipe, canh bi do, canh bi do nau ga, vietnamese home cooking recipe, vietnamese kabocha soup, vietnamese pumpkin soup recipe, kabocha squash soup, winter soup recipe, vietnamese winter recipe, asian squash soup, how to make canh bi do, how to make vietnamese soup, how to make canh, how to cook canh, vietnamese home cooking",,5.0,1,5,6
Vietnamese Rice Porridge with Ground Pork (Chao Suon Thit Bam),"A hot bowl of comforting porridge is perfect for enjoying on a cold winter day. It's also ideal for elders, babies, and those feeling unwell. With less than a cup of rice, you can make a pot to feed the whole family.",https://vickypham.com/blog/vietnamese-rice-pork-porridge-chao-suon-thit-bam/,90m,165m,255m,6 serving(s),"[Ingredients] 150 grams white rice grains (gao), 50 grams sweet rice grains (nep), 100 grams rice powder (bot gao), 2 white/yellow onions, 1 thumb-size piece ginger, 2 lbs pork neck bones, 1 teaspoon salt, 3 liters water, 4 teaspoons salt, 3 teaspoons fish sauce, 3 teaspoons pork stock powder, 2 teaspoons MSG, 2 teaspoons sugar, 1 teaspoon pork stock powder, 1/4 teaspoon MSG, 2 teaspoons fish sauce, 1 teaspoon sugar, 1/4 teaspoon black pepper, 3 teaspoons sesame oil, 2 teaspoons vegetable oil, 1 shallot (minced finely), 3 green onions (slice thin and separate whites and greens), Fried shallots","[Instructions] 1) [Prepare the Rice: ] Wash white rice and sweet rice grains with water until water runs clear. Then soak grains in water for 1 hour to soften. | 2) [Roast Aromatics: ] Roast ginger and white/yellow onions whole in the oven at 400°F for 45 minutes or until soft and oozing. Allow them to cool then peel, making sure to remove any charred areas. Halve the onion. Slice half of the ginger into strips. The other half into coins) | 3) [Clean the Pork Bones] In a pot, add pork bones and fill with water to cover. Add salt (1 teaspoon). Bring the pot to a rolling boil and blanch for 3 minutes. Remove bones, rinse under cold water and drain dry. Using a sharp knife, remove all the meat around the neckbones and set aside to cook later. | 4) [Make the Pork Stock: ] In a large clean stock pot, bring water (3 liters) to a boil. Add cleaned pork bones, roasted white/yellow onions and ginger coins (reserve the strips for garnish and ground pork marinade). Simmer on low for 2 hours. Occasionally, skim( the impurities/foam off the top. | 5) [Prepare Ground Pork: ] Take the meat from the neck bones and mince into ground pork. In a small bowl, combine chopped pork, whites of green onions, 1/4 teaspoon minced ginger (minced up the reserved ginger strips), pork stock powder, MSG, fish sauce, sugar, black pepper and sesame oil. Mix well together. In a small frying pan, add vegetable oil and heat on medium-high. Add shallots and fry until light brown. Add ground pork mixture and fry until evenly cooked (5-7 minutes). Transfer pork to a bowl and set aside. | 6) [Blend the Rice: ] Drain the soaked rice grains and add to a blender or food processor. Chop until mostly smooth. No need to be completely smooth. Small bits of grains are okay. | 7) [Cook the Porridge: ] Add blended rice and 3 cups cold water to a new stock pot. Mix until rice is evenly dissolved. Heat on medium-low heat for 15 minutes and frequently stir the rice to prevent the bottom from burning. Pour the liquid of the pork stock into the rice pot and continue to cook on medium-low for 10 minutes. | 8) [Add Rice Powder] In a small bowl, mix together rice powder and 1/2 cup cold water until completely dissolved. Add dissolved rice powder slowly to the rice pot and mix until evenly incorporated. Cook the porridge on low and frequently stir from the bottom frequently to prevent burning. Turn off heat when the porridge is to the desired consistency (about 30 minutes). | 9) [Assemble and Serve: ] When ready to serve, ladle pot porridge into individual serving bowls. Top with ground/chopped pork, green onions, fried shallots, ginger strips and a sprinkle of black pepper.",https://i0.wp.com/vickypham.com/wp-content/uploads/2024/08/3339a-chao-suon-thit-bam.jpg?fit=2500%2C2109&ssl=1,"Breakfast, Main Course",Vietnamese,"Vietnamese porridge, cháo recipe, ground pork congee, rice porridge, cháo sườn recipe",,,0,2,2
Vietnamese Shaking Beef Recipe (Bò Lúc Lắc),"A popular Vietnamese beef dish featuring seared cubed steak sautéed with garlic, onion, butter, and a soy marinade. Served on a bed of lettuce, watercress, and tomatoes, it comes with a zesty lime-salt-and-pepper dipping sauce for extra flavor.",https://vickypham.com/blog/vietnamese-shaking-beef-recipe-thit-bo-luc-lac/,15m,5m,20m,3 serving(s),"[Ingredients] 2 lbs beef sirloin (trim off excess fat and cut into 1-inch cubes), 1 teaspoon granulated sugar, 1 teaspoon salt, ½ teaspoon ground black pepper, 2 garlic cloves (mince), 2 tablespoons vegetable oil, 2 tablespoons unsalted butter, 1 small onion (either red, white or yellow, slice into thin wedges), 1 garlic clove (mince), 2 tablespoons soy sauce, 1 teaspoon fish sauce, 2 tablespoons honey, 2 tablespoons rice vinegar, 2 teaspoons granulated sugar, 4 teaspoons lime juice (about half a lemon/lime), 1 teaspoon salt, ½ teaspoon ground black pepper, Lettuce, Watercress, Tomatoes, Cucumbers","[Instructions] 1) [Marinate beef] In a large bowl, marinate beef with sugar, salt, black pepper, and minced garlic for at least 10 minutes. | 2) [Make the sauce] In a small bowl, mix together soy sauce, fish sauce, honey, rice vinegar, and sugar. Add sugar a little at a time to taste. Leave out the aromatics (onions and garlic) at this point. | 3) [Pan fry the beef] In a large skillet or wok, heat up vegetable oil on high. Add the beef cubes and sear on all sides by shaking the beef until medium rare. It’s highly recommended to do this in batches to get a nice sear without overcooking. No more than 3 minutes total. Transfer beef to a plate and set aside. | 4) [Prepare the sauce and add beef] To the now empty skillet, add butter. Once melted, add onions and garlic. Sauté until fragrant (about 1-2 minutes). Add sauce mixture and seared beef cubes. Toss until nicely coated. | 5) [Serve] Transfer beef and sauce onto a bed of lettuce, tomatoes, and/or cucumbers. Serve shaking beef with its sister dish, red fried rice, and optional dipping sauce by mixing together lime juice, salt, and pepper.",https://i0.wp.com/vickypham.com/wp-content/uploads/2024/08/a4431-shaking-beef-bo-luc-lac-2.jpg?fit=2500%2C2500&ssl=1,"side dish, appetizer, entree","asian, vietnamese","Bò Lúc Lắc, Bò Lúc Lắc Recipe, com bo luc lac, thit bo, vietnamese bo luc lac, vietnamese shaking beef recipe, shaking beef vietnamese style, seared cubed steak vietnamese, vietnamese beef with garlic and onion, vietnamese shaking beef with lime dipping sauce, how to make vietnamese shaking beef, authentic shaking beef recipe, vietnamese beef recipe with watercress, easy vietnamese shaking beef, shaking beef recipe with soy marinade",,,0,27,27
Vietnamese Shrimp and Pork Egg Rolls (Cha Gio Tom Thit),"The holidays mean good food, and these crispy pork and shrimp egg rolls are one of my favorite party dishes. Bring a basket, and you’ll be a hit! This recipe makes 28 egg rolls.",https://vickypham.com/blog/vietnamese-shrimp-pork-egg-rolls-goi-cha-tom-thit/,20m,15m,35m,8 serving(s),"[Ingredients] 2 lbs shrimp (size 21/25), 2 tablespoons oyster sauce, 1 teaspoon granulated sugar, 8 oz ground pork, 1 green onion (slice thin), 1 tablespoon oyster sauce, ½ teaspoon granulated sugar, 1 teaspoon sesame oil, ⅛ teaspoon ground black pepper, 1 egg (beaten), 1 1-lb package egg roll/lumpia/spring roll wrappers, Oil for deep frying, Bottled sweet chili dipping sauce or make your own","[Instructions] 1) [Prepare shrimp] Peel and devein the shrimp. Leave the tail for a “handle” for a more beautiful presentation. Set aside 10 shrimp (no tail) for the pork mixture. In a small bowl, season shrimp with tails with oyster sauce and sugar. | 2) [Prepare pork] Mince the reserved 10 shrimp into a paste and combine with ground pork in a bowl. Season the ground pork mixture with green onion, oyster sauce, sugar, sesame oil and black pepper. | 3) [Assemble the rolls] Place a teaspoon of the pork/shrimp mixture at the bottom corner of the wrapper and roll to just cover the filling. Fold in one side, then place a shrimp on top. Roll again to cover the shrimp, fold in the other side, and continue rolling tightly. Brush egg on the last corner to seal. Repeat with the remaining wrappers. | 4) [Deep fry] In a wok or large skillet, add about 2 inches of oil and heat to 325°F. Add as many egg rolls that can fit without overcrowding. Deep fry for about 4 minutes per batch. Transfer egg rolls to a wire rack or plate lined with paper towels to drain off excess oil. | 5) [Finish: ] Serve immediately for best results with a sweet chili dipping sauce.",https://i0.wp.com/vickypham.com/wp-content/uploads/2024/08/a07a1-shrimp-pork-egg-rolls.jpg?fit=2500%2C2500&ssl=1,appetizer,"asian, vietnamese, filipino","vietnamese shrimp ground pork egg rolls, vietnamese shrimp ground pork egg roll, shrimp ground pork egg rolls, shrimp ground pork spring roll, shrimp ground pork spring roll recipe, crispy shrimp ground pork egg roll, crispy shrimp ground pork egg roll, vietnamese appetizer, vietnamese crispy spring roll appetizer, vietnamese crispy egg roll appetizer, how to make vietnamese shrimp and ground pork egg roll appetizer, how to make vietnamese shrimp and ground pork spring roll appetizer, shrimp and ground pork egg rolls, how to make shrimp and ground pork egg rolls, vietnamese shrimp and ground pork egg roll recipe, easy homemade shrimp and ground pork egg roll, easy homemade shrimp and ground pork spring roll, shrimp and ground pork egg roll tutorial, how to wrap shrimp ground pork egg roll, how to wrap shrimp ground pork spring roll, shrimp and ground pork egg rolls recipe, authentic shrimp and ground pork egg rolls recipe, authentic vietnamese shrimp and ground pork egg roll recipe, shrimp and ground pork egg roll recipe, shrimp and ground pork egg rolls recipe, cha gio cuon tom thit, cha gio tom thit, Chả Giò Cuốn Tôm Thịt, Chả Giò Tôm Thịt, vietnamese home cooking recipes",,5.0,1,2,3
Vietnamese Squid Salad (Goi Muc),"Vietnamese Squid or Calamari Salad (Goi Muc) is a refreshing appetizer perfect alongside any meal. Tossed with a sweet, salty, sour, and spicy fish sauce dressing, this light dish is packed with crunchy veggies and fresh herbs. The addition of fried garlic gives it an extra layer of flavor and texture.",https://vickypham.com/blog/vietnamese-squid-salad-goi-muc/,20m,5m,25m,3 serving(s),"[Ingredients] 1/2 lb squid (tentancles and/or rings), 1 knob ginger (unpeel, smash), 2 cups pickled daikon and carrot, 2 cups thinly sliced cucumber (remove seeds), 1 cup mint leaves or Vietnamese mint/coriander (rau ram) leaves, 1/4 cup sliced white/yellow onions (soak in cold water for 10 minutes then drain), Shrimp or sesame crackers (optional; place in microwave until puffy), 2 tablespoons fried garlic, 1/4 cup lime juice, 1/4 cup fish sauce, 1/3 cup granulated white sugar, 1 tablespoon minced garlic, Thai chili peppers (optional)","[Instructions] 1) [Clean the Squid] If using whole squid, make sure to clean it properly. Peel the outside dark purplish skin off as much as you can, particularly around the body. Pull apart the head and tail with a slight twisting motion. The head, innards and the long transparent quill should easily slip out of the body. Place your knife just behind the eyes and cut to separate the tentacles in one piece. Cut away the inedible bony piece of cartilage (beak) at the center of the tentacles. Tentacles are edible and delicious. Keep them in your salad! Discard the eye end. Slice body into rings. Wash the squid in cold water a few times and drain until water is no longer bubbly (Bubbly? What? You will see what I mean when washing fresh squid). | 2) [Cook the Squid] Place squid in small pot. Add ginger. There’s no need for water as squid releases a lot of water naturally. Cover pot and cook for 1-2 minutes. Make sure to not overcook to keep squid tender. Drain and set aside. | 3) [Prepare the Salad] In a medium-size bowl, mix together pickled carrot/daikon, cucumber, mint and onion. Toss in cooked squid. | 4) [Make the Dressing] In a small bowl, whisk together dressing ingredients. Add half of dressing to squid and toss lightly. Allow the squid to marinate for 10 minutes. | 5) [Assemble and Serve] Toss squid into the salad. Top salad with fried garlic and serve with optional shrimp or sesame crackers and the rest of the dressing on the side.",https://i0.wp.com/vickypham.com/wp-content/uploads/2024/08/1064c-squid-salad-muc-2.jpg?fit=2500%2C2290&ssl=1,Appetizer,Vietnamese,"Vietnamese Squid Salad, Goi Muc, Calamari Salad, Squid Salad Recipe, Vietnamese Salad, Vietnamese appetizer recipes, Fresh squid salad, Healthy seafood salad, Vietnamese fish sauce dressing, Asian squid salad, Cucumber and squid salad, Squid salad with mint, Pickled daikon and carrot salad, How to make Vietnamese squid salad, Easy Goi Muc recipe, Vietnamese squid salad with fish sauce dressing, Healthy Vietnamese calamari salad recipe, How to cook tender squid for salad, Vietnamese grilled squid, Seafood salad with pickled vegetables, Vietnamese rau ram salad, Asian squid recipes, Squid salad with lime and fish sauce",,,0,0,0
Vietnamese Steamed Pork Buns with Dough from Scratch (Banh Bao),"A childhood favorite, these fluffy Vietnamese steamed buns/baos are filled with savory ground pork, onions, mushrooms, Chinese sausage, and a hard-boiled egg. This recipe shows you how to make the buns from scratch.",https://vickypham.com/blog/vietnamese-steamed-pork-buns-dough-from-scratch-banh-bao/,90m,25m,115m,12 Banh Bao,"[Ingredients] 200 mL milk, 100 grams granulated white sugar, 3 grams instant yeast, 400 grams self-rising flour (sift), 2 tablespoons vegetable oil, 1/2 cup chopped white/yellow onion, 3/4 lbs fatty ground pork, 1 teaspoon granulated white sugar, 2 tablespoons oyster sauce, 1/4 teaspoon chicken or mushroom bouillon powder, 1 teaspoon sesame oil, 1/4 cup rehydrated Woodear mushrooms (mince), 1/4 cup frozen peas and carrots (optional), 2 Chinese sausages (slice one at a diagonal into eclipse shape and dice up the other one into small cubes), 12 quail eggs (hard-boiled and peeled), Large steamer, Kitchen scale, Kitchen towel, 1/4 cup white vinegar, Parchment paper cut into 2×2-inch squares or 12 standard size cupcake liners","[Instructions] 1) [Activate the yeast] In a microwave-safe bowl, heat milk for one minute. Add sugar to the warm milk and stir until dissolved. Add yeast and give it a gentle stir. Let it rest for 10 minutes. | 2) [Make the dough] Once yeast mixture is frothy, transfer it to a bowl of a stand mixer. Add flour and mix with a hook attachment on medium-low until dough comes together loosely. Add vegetable oil. Continue to mix on low until oil is fully incorporated and most of the dough pulls cleanly away from the sides of the bowl. | 3) [Proof the dough] Cover the bowl with Saran-wrap and transfer it to a warm spot. If you don’t have a warm spot, you can place the bowl inside the oven with the lights on. Allow the dough to proof/rest for one hour. | 4) [Prepare the filling] In the meantime, prepare the filling. In a small frying pan, heat 2 tablespoons vegetable oil on medium-high. Add diced white/yellow onions and saute until soft and aromatic. Set aside to cool. | 5) [Form the pork filling] In a small bowl, marinate pork with sugar, black pepper, oyster sauce, stock powder and sesame oil. Gently mix in mushroom, frozen peas and carrots, sautéed onions, and diced Chinese sausage until fully incorporated (set aside the sliced sausage for now). Divide the pork mixture evenly into 12 balls. Insert a quail egg into the center of each ball so that it props up. | 6) [Pre-cook Pork Balls/Quail Eggs] Pre-cook the pork balls/quail eggs in the steamer for 7-8 minutes. | 7) [Portion and roll the dough] Divide the dough into 12 equal pieces (about 117 grams each). Shape dough piece into a ball then roll it out into a circle (about 5-1/2 inches in diameter). | 8) [Assemble the Banh Bao] Place cooked filling into the center of the dough. Top each off with a few slices of Chinese sausage. Pull the dough over the filling. Gently fold and pinch the dough around the filling. Give the top of the dough a gently twist and pinch to seal. | 9) [Prepare for steaming] Place the fully assemble dough onto parchment paper or cupcake liners and transfer them to a steamer baskets, leaving about 1 inch room all around for expansion. Add vinegar to the water in the steamer (this makes the buns white) and wrap the lid of the steamer in a large kitchen towel to catch water from falling onto the buns. | 10) [Steam the Banh Bao] Steam for 10 minutes. Banh bao is now ready for consumption. Don’t forget to peel off the cupcake liners/parchment paper before consumption! Paper doesn’t taste too good.",https://i0.wp.com/vickypham.com/wp-content/uploads/2024/08/e71b8-banh-bao-pork-steamed-buns-3.jpg?fit=2500%2C2500&ssl=1,Main Dish,Vietnamese,"Vietnamese steamed buns, Banh Bao, homemade pork buns, quail egg buns, Vietnamese street food, soft steamed buns, pork filling",,,0,6,6
Chinese Bakery Hot Dog Milk Bread,"A kids' favorite! Skip the bakery line and make these soft, buttery Chinese bakery hot dogs with soft and puffy milk buns at home. Perfect for a quick snack or meal on the go.",https://vickypham.com/blog/chinese-bakery-hot-dog-milk-buns/,165m,22m,187m,12 hot dogs,"[Ingredients] 1 egg, 2 tablespoons granulated sugar (30g), 1/4 cup sweetened condensed milk (75g), 1 cup whole milk (250 ml), 1 packet instant dry yeast (7g; 2-1/4 teaspoons), 3-1/4 cups all-purpose flour (500g), 4 tablespoons salted butter (56g; soften; see notes), Neutral oil (to grease bowl), 12 hot dogs (raw), 1 egg, 1 tablespoon whole milk, 2 tablespoons salted butter (melted), Roasted white sesame seeds (optional)","[Instructions] 1) [Make the dough] In a large bowl, whisk together egg, sugar, sweetened condensed milk, milk, yeast, and softened butter until roughly combined. Sprinkle flour over the top of the mixture and mix until a rough dough forms. Transfer the dough to a clean surface and knead for about 15 minutes until smooth. The dough should come together without extra flour, but if it feels too sticky, lightly flour your hands and continue kneading. | 2) [Proof] Lightly grease a bowl with neutral oil, place the dough inside, and cover. Let it rise for about 2 hours or until doubled in size. Proofing time may vary. A warm spot, like under a light or in a proofing oven, will speed up the process. You can also proof it in the fridge overnight. | 3) [Wrap hot dogs] Punch down the dough and divide it into 12 equal pieces for 12 hot dogs. Roll each piece into a long rope, about 10 inches in length. Place the dough on a flat surface and position a raw hot dog at the bottom end. Roll the hot dog up, ensuring at least three full loops of dough around the center of the hot dog, with about ½ inch of hot dog exposed at both ends. Arrange the wrapped hot dogs on a baking sheet, leaving about 1 inch of space between each. Let them rest for 45 minutes for a second proofing. | 4) [Egg wash and bake] While the buns are proofing and there are about 15 minutes left, preheat the oven to 350°F.In a small bowl, make the egg wash by whisking together egg and a little milk. Brush the buns and the exposed ends of the hot dogs with the egg wash, then bake for 22 minutes, or until golden brown on top. | 5) [Finish] When the buns are out of the oven, brush them with melted butter for a shiny, buttery finish. Sprinkle the top with toasted sesame seeds. Let them cool slightly before serving. Enjoy the soft, fluffy buns with their golden, glossy top!",https://i0.wp.com/vickypham.com/wp-content/uploads/2025/03/2025_03_25-Milk-Bread-Hot-Dog56417-1.jpg?fit=3681%2C3681&ssl=1,"entree, snack, appetizer","Asian, Chinese","chinese hot dog bun, chinese bakery hot dog bun, hot dog milk bun, asian bakery hot dog bun, hot dog bread recipe, milk bread hot dog buns, homemade hot dog buns, soft hot dog buns, chinese style hot dog bread, easy hot dog bun recipe, fluffy hot dog buns, bakery style hot dog buns, hong kong hot dog bun, japanese hot dog bun, sweet bread hot dog buns, milk bread for hot dog, fluffy milk bread recipe, milk bread recipe, hong kong milk bread, cantonese milk bread, milk bread with condensed milk",,5.0,1,1,2
Easy Creamy Cucumber Salad,"A simple, creamy Asian cucumber salad. It makes for a delicious and refreshing side dish or a fresh and light snack. Cool, creamy, crunchy, this one hits all the right notes.",https://vickypham.com/blog/easy-asian-creamy-cucumber-salad/,25m,25m,25m,3 servings,"[Ingredients] 1 English cucumber or 3 Persian cucumbers (about 11 oz), 1 green onion (thinly sliced), 1 teaspoon salt (see notes), 1 tablespoon Kewpie mayo, 1 tablespoon sesame oil, 1 tablespoon roasted sesame seeds, 1 teaspoon rice vinegar, 1 teaspoon Sriracha chili sauce (optional)","[Instructions] 1) [Prep the cucumbers] Slice cucumbers into thin discs. I use a mandolin slicer on the #3 setting for even slices. | 2) [Salt the cucumbers] Add salt and toss well to coat. Let them sit for about 20 minutes to draw out excess water. Pour out the liquid that collects at the bottom of the bowl. Then, gently squeeze the cucumbers by the handful to remove any remaining moisture. Do not rinse. | 3) [Make the dressing] Add the rest of the ingredients to the bowl with the cucumbers. Toss everything together until well coated. Taste and adjust as needed. Serve and enjoy.",https://i0.wp.com/vickypham.com/wp-content/uploads/2025/04/2025_04_17-creamy-cucumber56986-3.jpg?fit=2801%2C2801&ssl=1,"appetizer, side dish",Asian,"easy cucumber salad, creamy cucumber salad, kewpie mayo cucumber salad, asian cucumber salad, creamy cucumber salad recipe, cucumber salad with sesame seeds, cucumber side dish, easy japanese salad, kewpie salad recipe, asian cucumber salad, asian creamy cucumber salad",,,0,0,0
Easy Miso Soup,This easy miso soup skips the traditional dashi and uses store-bought chicken stock for a quick broth. Perfect for a side dish or light meal.,https://vickypham.com/blog/easy-miso-soup/,4m,6m,10m,4 servings,"[Ingredients] 2 cups chicken stock, 2 cups water, 6 oz silken tofu, 1 tablespoon wakame, 2 tablespoons white miso paste, 2 teaspoons light soy sauce, 1 1/2 teaspoons sugar, 1/2 teaspoon hondashi (optional), Thinly sliced green onions (optional)","[Instructions] 1) [Prepare the Broth] In a medium pot, combine chicken stock and water and heat on medium-high. | 2) [Add Wakame & Tofu] In the meantime, slice the silken tofu into small cubes then add them to the pot. Add dried wakame directly into the simmering broth. It will rehydrate quickly. | 3) [Add Miso Paste] Using a small strainer, add miso paste and mix it directly into the soup with a pair of chopsticks. This will prevent clumps. Alternatively, in a small bowl, add miso paste and a ladle of hot broth. Whisk until smooth. Stir the miso mixture back into the pot. Turn off the heat as soon as it comes to a boil. | 4) [Season the Broth] Add light soy sauce and sugar, a little at a time to taste. If you want even more flavor, add hondashi if you have it. | 5) [Serve & Garnish] Ladle into bowls, garnish with thinly sliced green onions if using and serve warm.",https://i0.wp.com/vickypham.com/wp-content/uploads/2025/03/2025_03_03-Miso-Soup56322-2.jpg?fit=2792%2C2792&ssl=1,side dish,"Asian, Japanese","miso soup, miso soup recipe, easy miso soup, miso soup with chicken stock, Japanese miso soup, tofu miso soup, wakame miso soup, miso soup ingredients, how to make miso soup, easy Japanese recipes",,,0,3,3
Hawaiian Spam and Egg Musubi,"Can’t get to Hawaii? Fill the void with this Spam and egg musubi. Crispy air-fried Spam, fluffy eggs, sushi rice, and a sweet soy glaze that ties it all together. Fast, easy, and delicious.",https://vickypham.com/blog/hawaiian-spam-egg-musubi/,10m,30m,40m,8 musubi,"[Ingredients] Sushi rice, 1 can Spam (12 oz), 1 tablespoon light soy sauce, 1 tablespoon granulated sugar, 1/2 tablespoon sesame oil, 5 eggs, 1/4 teaspoon salt, 1/4 teaspoon ground black pepper, 1/4 cup thinly sliced green onions (optional), 3 roasted nori sheets, Neutral oil (just a small amount to pan fry eggs), Furikake (optional)","[Instructions] 1) [Slice the Spam] into 8 equal pieces. The best way to ensure even slices is to cut it in half (2 pieces), then cut each half in half again (now you have 4 pieces), and finally cut each of those in half one more time to make 8 even slices. They are now the perfect thickness for musubi. | 2) [Air fry] No need to spray oil into the air fryer. Air fry at 400°F for 15 minutes, until golden and crispy. I didn’t need to flip in my air fryer and I still got a great crust on both sides. However, give it a check at the half way mark and flip if you think it’s needed. | 3) [Make the sweet soy glaze] In a small bowl, combine light soy sauce, sugar and sesame oil. Brush sauce onto cooked Spam slices and set aside. | 4) [Cook the Eggs] Crack eggs into a bowl, add chopped green onions (if using), and season with salt and pepper. Whisk well. Heat a bit of oil in a nonstick skillet over medium heat, then pour in the eggs. Gently stir and push the eggs around so the uncooked parts flow into the empty spots in the pan. Cook until the eggs are just set. Divide into 8 equal portions. Set aside. | 5) [Cut the Nori] Stack the sheets together and fold it into thirds along the long side, then either tear gently along the fold or use scissors for a more precise cut. You will have 9 pieces, but we only need 8. Save the last sheet in case of tearing. If not needed at the end, enjoy it as a well deserved snack. | 6) [Assemble] Divide rice into 8 equal portions. Prepare a small bowl of water to dip your fingers in. This helps keep the rice from sticking to your hands. When assembling the musubi, I like to build it top-down with nori first, then spam, egg, furikake (if using), rice, and more furikake. Remove mold, fold nori over and wet edge with water to seal. Repeat until you have all 8 done. Picture tutorial below:",https://i0.wp.com/vickypham.com/wp-content/uploads/2025/04/2025_04_21-musubi-spam57116.jpg?fit=3950%2C3950&ssl=1,"entree, appetizer","American, Hawaiian","hawaiian spam and egg, spam and egg with rice, air fryer spam recipe, hawaiian breakfast, sweet soy glaze for spam, hawaiian spam and eggs musubi, spam musubi recipe, spam egg musubi recipe, spam musubi, egg musubi, how to make spam musubi, how to make musubi, how to make hawaiian food",,,0,0,0
Korean BBQ Bulgogi,"A great Korean BBQ bulgogi is all in the marinade. Here is a sweet soy marinade that you can use with your favorite protein. Use either beef, pork, chicken and even tofu. Enjoy it as is or add Korean red pepper paste or Korean red pepper flakes for a spicy kick.",https://vickypham.com/blog/korean-bbq-bulgogi/,40m,6m,46m,3-4 servings,"[Ingredients] 1 lb thinly sliced beef (see notes), 1 small yellow or sweet onion (peel and cut into wedges), 2 tablespoons neutral oil (divided; I’m using vegetable oil), 4 tablespoons light soy sauce, 2 tablespoons sugar (brown or white), 1 tablespoon rice vinegar, 1 tablespoon sesame oil, 1 tablespoon garlic (or 1 teaspoon garlic powder), 1 tablespoon freshly grated ginger (or 1 teaspoon ground ginger), 1 teaspoon ground onion (optional), 1/4 teaspoon ground black pepper, 3 green onions (remove stem, cut into 2-inch segments), 1 tablespoon roasted white sesame seeds, 1/2 tablespoon gochugaru (Korean red pepper flakes; optional), 1/2 tablespoon gochujang (Korean red pepper paste; optional)","[Instructions] 1) [Prepare the Meat: S] lice the meat thinly, about ⅛ inch thick, if it hasn’t already been prepped for bulgogi. | 2) [Marinate] In a bowl, mix the marinade ingredients and add optional gochujang or gochugaru for an extra spicy kick. Stir well until fully combined. Adjust to taste if needed. Coat the meat evenly with the marinade. Let it sit for at least 30 minutes, or overnight in the fridge, covered, for even more flavor. Marinate for at least 30 minutes or overnight in fridge for even more flavor | 3) [Cook] Heat a large skillet over medium-high heat to stir-fry the meat in batches, or grill it as you eat on a hot plate. Add a bit of oil and the sliced onions to the pan. Sauté the onions until they’re lightly charred around the edges. Then add the marinated meat in a single layer and sear for 1–2 minutes per side, or until nicely caramelized and slightly charred. | 4) [Finish] Serve with steamed rice or in a lettuce wrap with other side dishes such as kimchi or ssamjang (a Korean BBQ dipping sauce) for a complete meal.",https://i0.wp.com/vickypham.com/wp-content/uploads/2025/04/2025_04_13-Bulgogi-Korean-BBQ56884.jpg?fit=4000%2C4000&ssl=1,"entree, side dish","Asian, Korean","korean bbq bulgogi marinade, beef bulgogi marinade recipe, best bulgogi marinade, pork bulgogi marinade, chicken bulgogi marinade, authentic korean bulgogi marinade, homemade bulgogi sauce, how to make bulgogi marinade, spicy pork bulgogi marinade, korean bbq marinade for meat",,,0,1,1
Salmon Crudo with Homemade Ponzu Sauce,"Fresh salmon crudo made at home with sushi-grade salmon and a bright, citrusy soy ponzu sauce. It's easy, delicious, and just as fancy as what you'd get at a restaurant!",https://vickypham.com/blog/salmon-crudo-with-homemade-ponzu-sauce/,10m,3m,13m,4 servings,"[Ingredients] 8 oz sushi-grade salmon or other fish of choice, 1 small jalapeno, Cilantro (optional), 1/4 cup light soy sauce, 1 tablespoon mirin, 2 tablespoons bonito flakes, 1 1/2 teaspoons granulated sugar, 1/2 teaspoon sesame oil, 1/4 cup citrus juice (lime, lemon, or grapefruit; if using zest, grate before juicing), 1/2 teaspoon filtered water (as needed)","[Instructions] 1) [Make the dressing] In a small saucepan, combine soy sauce (1/4 cup), mirin (1 tbsp), bonito flakes (2 tbsps), sugar (1 1/2 tsps), and sesame oil (1/2 teaspoon). | 2) [Steep] Bring the sauce pan to a gentle boil, then immediately remove from heat. Let it steep for 5 minutes to infuse the flavors, then strain out the bonito flakes. Once the mixture has slightly cooled, stir in the citrus juice (1/4 cup). Taste test and add filtered water (1/2 tsp) if needed. | 3) [Prepare the salmon and garnish] Thinly slice the sushi grade salmon into sashimi and arrange the thin slices into a single layer on a plate. Thinly slice the jalapeno and set aside. | 4) [Finish] When ready to serve, spoon the dressing over the salmon slices and top with sliced jalapenos, a few sprigs of cilantro (optional), and citrus zest.",https://i0.wp.com/vickypham.com/wp-content/uploads/2025/05/2025_05_03-salmon-crudo503736.jpg?fit=3807%2C3807&ssl=1,"side dish, appetizer","Asian, Italian, Japanese, Fusion","salmon crudo recipe, sashimi grade salmon, citrus soy dressing, bonito soy sauce, raw salmon appetizer, easy salmon crudo, Japanese salmon crudo, Asian salmon crudo recipe, how to make crudo, how to make salmon crudo, salmon with citrus soy sauce, salmon sashimi dressing, homemade ponzu sauce, homemade soy citrus sauce",,,0,0,0
Vietnamese Braised Turmeric Chicken (Gà Kho Nghệ),"A classic home-cooked braised chicken dish made with turmeric and lemongrass. Flavorful and comforting, this chicken pairs perfectly with steamed rice for a complete meal.",https://vickypham.com/blog/vietnamese-braised-turmeric-chicken-ga-kho-nghe/,40m,20m,60m,4 servings,"[Ingredients] 3 lbs chicken (any cut), 2 tablespoons fish sauce, 2 tablespoons oyster sauce, 2 teaspoons granulated sugar, 1/2 teaspoon ground black pepper, 2 teaspoons chicken bouillon powder (see notes below), 1 tablespoon minced garlic (3 large cloves, divided), 1 tablespoon minced lemongrass (divided), 1 tablespoon minced shallot (1 small shallot, divided), 1 tablespoon minced turmeric (divided) or 1 teaspoon turmeric powder, 2 tablespoons neutral oil (I’m using vegetable oil), 1/2 can Coco Rico (6 oz, 3/4 cup, can sub with water), Freshly cracked black pepper and red chili peppers (optional)","[Instructions] 1) [Prepare chicken] Cut chicken into bite-sized pieces. Give the chicken pieces a good soak in water and rinse them thoroughly to remove any bone fragments, blood, and other residue. Clean and sanitize your sink and work area afterward. Alternatively, for those who don’t wash chicken, pat the chicken clean and dry with paper towels. | 2) [Marinate chicken] In a large mixing bowl, combine chicken (3 lbs), fish sauce (2 tbsps), oyster sauce (2 tbsps), sugar (2 tsps), ground black pepper (1/2 tsp), chicken bouillon powder (2 tsps), garlic (1/2 tbsp), lemongrass (1/2 tbsp), and shallot (1/2 tbsp), and turmeric powder (all) or fresh turmeric (1/2 tbsp). Mix well to coat the chicken evenly. Marinate for at least 30 minutes or cover overnight in the fridge for better results. | 3) [Toast aromatics] Heat oil (2 tbsps) in a medium pot or skillet and add the other half of the remaining aromatics. Pan fry the aromatics in the oil until fragrant and lightly toasted (about 1 minute). Then add the marinated chicken and all of its juices. Toss the chicken pieces around to cover in the toasted aromatics (about 2 minutes). | 4) [Add liquid and braise] Add coconut soda or water (3/4 cup). When the mixture comes to a boil, lower the heat to a gentle simmer and cover with a lid off center to prevent boiling over, and simmer gently for about 20 minutes. Stir half way for even cooking. | 5) [Reduce liquid] After 20 minutes, remove the lid and let the liquid reduce, leaving you a bit of sauce at the bottom. This step helps concentrate the flavors. Taste and adjust the seasonings if needed. If you want more of a glaze, continue cooking so it reduces more. | 6) [Garnish and serve] Garnish the pot with freshly cracked black pepper and chili peppers (optional). Serve hot with steamed jasmine rice and fresh vegetables such as sliced tomatoes or cucumber.",https://i0.wp.com/vickypham.com/wp-content/uploads/2025/04/2025_05_02-Braised-Turmeric-Chicken57369.jpg?fit=3774%2C3774&ssl=1,side dish,"Asian, Vietnamese","vietnamese braised turmeric chicken, ga kho nghe, turmeric chicken recipe, vietnamese chicken recipe, asian braised recipe, asian chicken recipe, braised chicken vietnamese, ga kho nghe recipe, vietnamese turmeric chicken, easy vietnamese chicken, easy vietnamese chicken recipe, ga kho, ga kho nghe sa, how to make turmeric chicken, traditional Vietnamese home cooking recipes",,,0,0,0
Vietnamese Dry Noodles Sauce Recipe (Hủ Tiếu Mì Khô),"This savory, sweet, soy-tomato sauce is perfect for hủ tiếu mì khô—the dry version of Vietnamese hủ tiếu noodle soup. Toss with noodles and your favorite toppings for umami-packed flavor.",https://vickypham.com/blog/vietnamese-dry-pork-amp-seafood-noodle-soup-with-sauce-hu-tieu-kho-voi-nuoc-sot/,2m,5m,7m,2 cups,"[Ingredients] 2 tablespoons neutral oil or lard, 2 tablespoons finely minced shallot (about 1 medium shall0t), 2 tablespoons finely minced garlic (about 5 large cloves), 2 tablespoons light soy sauce, 3 tablespoons oyster sauce, 5 tablespoons tomato sauce (see notes), 1/2 teaspoon ground black pepper, 3 tablespoons granulated sugar, 1/4 teaspoon MSG (optional), 1 cup water or unsalted stock, 1 teaspoon tapioca starch, 1 tablespoon water (room temperature)","[Instructions] 1) [Toast the aromatics] In a medium saucepan, heat oil (2 tbsps) over medium-high. Add chopped shallots (2 tbsps) and garlic (2 tbsps). Sauté for about 20 seconds until fragrant. | 2) [Add remaining ingredients] Stir in soy sauce (2 tbsps), oyster sauce (3 tbsps), tomato sauce (5 tbsps), ground black pepper (1/2 tsp), sugar (3 tbsps), MSG (1/4 tsp), and stock (1 cup). Let it come to a gentle simmer. | 3) [Thicken the sauce] In a small bowl, mix tapioca starch (1 tsp) with water (1 tbsp) until fully dissolved. Slowly pour the slurry into the simmering sauce. Once the mixture starts to bubble, remove the pan from heat and set aside. The slurry will thicken the mixture more once cooled. | 4) [Finish] In your hủ tiếu bowl, with your choice of noodles and toppings, add a generous spoonful of sauce. If you like it spicy, add Vietnamese chili sauce and pickled jalapenos. Mix everything together and enjoy.",https://i0.wp.com/vickypham.com/wp-content/uploads/2019/01/2025_05_07-Hu-Tieu-Mi-Kho57513.jpg?fit=3333%2C3333&ssl=1,condiment,"asian, vietnamese","Vietnamese dry pork noodle soup, Hu Tieu Kho recipe, dry noodle soup with sauce, Vietnamese noodle soup, pork and seafood noodles, easy Hu Tieu recipe, dry noodle soup, Vietnamese noodles with sauce, Hu Tieu sauce, pork and seafood soup, best Hu Tieu recipe, Vietnamese soup recipes",,,0,2,2
Vietnamese Blood Sausage (Dồi Huyết),"Savory and herby, this Vietnamese pork blood sausage is perfect for offal porridge (cháo lòng) or on its own as an appetizer. This recipe yields 4 large sausages (about 1-1/2 inch wide and 7 inches long).",https://vickypham.com/blog/vietnamese-pork-blood-sausage-doi-huyet/,60m,45m,105m,4 large sausages,"[Ingredients] 2 lbs ground pork, 12 oz raw pork blood, 4 cups fresh herbs leaves (roughly chopped; see notes), 3 tablespoons minced lemongrass, 2 green onions (thinly sliced), 1/2 cup finely diced yellow onions, 1 tablespoon minced garlic, 2-4 red chili peppers (thinly sliced), 2 lbs pork large intestines (see notes), 1/2 cup salt (for cleaning), 1 cup vinegar (for cleaning), 1 cup all-purpose flour (for cleaning), 1 1/2 teaspoons salt, 3 tablespoons chicken bouillon powder, 1 teaspoon sugar, 1 teaspoon MSG, 1 tablespoon coarsely ground black pepper","[Instructions] 1) [Clean the Intestines] Wear disposable gloves and clean the large intestines thoroughly, inside and out. Start with a bit of salt, vinegar, and flour. Rub and massage well. Flip the intestines inside out and scrub with the mixture as well, then rinse. Repeat as needed using more salt, vinegar, and flour. Trim off excess fat along the inside. | 2) [Make the Sausage Filling] In a bowl, mix ground pork, pork blood, herbs, aromatics and seasonings until evenly combined. | 3) [Blanch the Intestines] In a large pot, bring water to a boil. Add ginger slices, shallots, and coriander seeds or whole ground black pepper if you have them. Blanch the cleaned intestines for 30 seconds to help them tighten. Remove and drain well. Set the boiling mixture aside while you make the sausage. | 4) [Stuff the Intestines] Tie one end of the large intestine with cooking twine. Use a funnel or spoon to fill the intestines with the pork mixture. After every few spoonfuls, gently push the filling down to distribute it evenly. You can create smaller sausages by twisting sections of the intestine to form links. Tie the other end when you’re done stuffing, then pierce the sausage evenly with a toothpick. | 5) [Boil the Sausage] Return to the pot and bring the water to a low simmer if needed. Add the sausages and simmer for 45 minutes. Remove, rinse thoroughly, and pat dry with paper towels. | 6) [Pan-Fry & Serve] In a large skillet, add a thin layer of neutral oil. Pan-fry the sausage (in batches if needed) until crispy and golden on all sides. You can store the sausages in the fridge until you’re ready to make offal porridge or slice them up to enjoy as an appetizer with Vietnamese ginger fish sauce (nước mắm gừng).",https://i0.wp.com/vickypham.com/wp-content/uploads/2025/03/2024_10_02-Pork-Sausag-Chao-Long-UNFINISH50519-2.jpg?fit=3530%2C3530&ssl=1,side dish,"Asian, Vietnamese","vietnamese blood sausage, doi huyet, doi heo, how to make vietnamese blood sausage, vietnamese blood sausage recipe, homemade doi huyet, vietnamese pork blood sausage, traditional vietnamese blood sausage, doi huyet recipe, vietnamese sausage with pork blood, stuffed pork intestine sausage, vietnamese blood sausage ingredients, cach lam doi huyet, authentic doi heo recipe, vietnamese chao long sausage, vietnamese herb sausage, chao long toppings, chao long blood sausage",,,0,0,0
Vietnamese Pork Organ Porridge (Cháo Lòng),"An authentic and comforting bowl of silky porridge topped with pork organs and blood sausage, served with fresh herbs and a sweet and savory ginger fish sauce for dipping the organ meat.",https://vickypham.com/blog/vietnamese-pork-organ-porridge-chao-long/,15m,45m,60m,4-5 servings,"[Ingredients] 1/2 cup long grain rice, 1/2 cup glutinous/sweet rice (can sub with additional long-grain rice), 12 cups water (3 quarts), 2 tablespoons neutral oil, 5 oz raw pork blood, 1 tablespoon salt, 1 tablespoon chicken bouillon powder, 1 tablespoon granulated sugar, 2 small shallots, 2-inch ginger, 2 lbs choice of organs ( liver, intestines, heart, stomach, tongue, etc), Vietnamese pork blood sausages, Pork blood cake, Ground black pepper, Fried shallots, Yellow onion, green onions and/or cilantro (thinly slice), Ginger fish sauce (nuoc mam gung)","[Instructions] 1) [Prepare the Aromatics] Peel the shallots. Slice one into wedges and finely dice the other. The wedges will be used to cook the pork organs, while the diced shallots will go into the porridge. Peel the ginger using a spoon, and save the peel. Slice one half into thin coins and finely dice the other half. The peel and coins will be used when cooking the organ meat, and the diced ginger will be added to the porridge. | 2) [Prepare the Organs] Rinse the organs thoroughly. Scrub with salt, all-purpose flour, and vinegar to help remove any odor. Rinse well and repeat until water runs clear and smell is gone. Cut the organs into similar-sized chunks so they cook more evenly. In a medium pot, bring water to a boil and add shallot wedges and ginger peel and coins. Add the organs and cook on a low simmer for about 45 minutes. Transfer them to an ice water bath. When cool enough to handle, slice thinly and set aside. If using tongue, make sure to remove the white surface before slicing. If using blood sausage, pan-fry then slice thin. For pork blood cake, cut it into small pieces. | 3) [Make the Porridge] Rinse the rice in a colander under cold water until the water runs clear. In a medium pot, heat vegetable oil over medium heat. Add the remaining finely diced shallots and ginger, and sauté for about 30 seconds until fragrant. Add the rinsed rice and stir to coat it evenly with the aromatics. Pour in the water and add the small piece of raw pork blood. You can leave it whole or smash it in. Bring the pot to a gentle simmer and cook for about 45 minutes until the porridge is to your desired consistency. Feel free to add more water if you like it thinner. Stir occasionally to prevent sticking or burning the bottom. Add salt, chicken bouillon powder, and sugar, a little at a time to taste. | 4) [Finish] Ladle the hot porridge into bowls. Top each bowl with sliced pork organs, pork blood sausage, thinly sliced green onions, cilantro, and yellow onions. Finish with a sprinkle of fried shallots and freshly ground black pepper. Serve with Vietnamese ginger fish sauce on the side for dipping organ meat.",https://i0.wp.com/vickypham.com/wp-content/uploads/2025/04/2024_10_02-Pork-Sausag-Chao-Long-UNFINISH50431.jpg?fit=4000%2C4000&ssl=1,entree,"Asian, Vietnamese","chao long, vietnamese pork organ porridge, vietnamese rice porridge, chao long recipe, vietnamese blood sausage, vietnamese pork porridge, pork offal porridge, how to make chao long, vietnamese congee, vietnamese breakfast porridge, vietnamese offal congee, pork offal congee, rice porridge with pork organ meat, vietnamese rice porridge with pork organ meat, rice porridge with blood sausage, vietnamese organ congee, vietnamese chao long recipe",,5.0,1,1,2
Vietnamese Macaroni Pork Rib Soup (Súp Nui),"An easy kid-friendly meal with tender pork ribs, soft macaroni, and hearty vegetables in a light broth.",https://vickypham.com/blog/vietnamese-pork-rib-macaroni-soup/,10m,45m,55m,4 servings,"[Ingredients] 2 lbs pork spare ribs, 1 yellow onion, 4 small carrots (10 oz), 1 medium potato (10 oz), Half small head cauliflower (10 oz), 3 quarts water, 1 tablespoon fish sauce, 1 tablespoon salt, 1 tablespoon chicken bouillon powder or mushroom seasoning powder, 7 oz dried wheat or rice macaroni, 15 oz can quail eggs (about 20 eggs), Thinly sliced green onions, Lime (cut into wedges), Fried shallots, Ground black pepper, Chili oil","[Instructions] 1) [Prepare and blanch the ribs] Separate the ribs into individual pieces by cutting between the bones. Add the ribs to a medium pot and cover with water. Bring to a boil and parboil until impurities rise to the top (about 10 minutes total). While waiting, peel the onion and slice it in half if it’s large and set aside. Drain the pot into a colander in the sink and rinse the ribs under cold water to remove any remaining impurities. | 2) [Make the stock] In a clean large pot, add the parboiled ribs, peeled onion, and water. Bring to a boil, then reduce to a gentle simmer. Simmer for 45 to 50 minutes. We’ll add the vegetables at intervals. | 3) [Prepare and add vegetables] While the pot is simmering, prepare the vegetables. Peel and cut the carrots and potato into small chunks. Cut up the cauliflower into slightly larger chunks than the potatoes so they can finish cooking at the same time. Add the carrots to the pot after 15 minutes of cooking. When you have 10 minutes left on the clock, add the potatoes and cauliflower to the pot. If using quail eggs and bottom stems of green onions, go ahead and add the hard boiled quail eggs into the pot too. | 4) [Season the stock] Discard the onions if you prefer then season the stock with salt, fish sauce and chicken bouillon powder or mushroom seasoning powder. Add a little at a time to taste. | 5) [Cook the macaroni] Cook macaroni according to package instructions. Drain and rinse under cold water and set aside. | 6) [Assemble and serve] Divide the macaroni into four serving bowls. Ladle hot broth, along with ribs, quail eggs and vegetables. Top with optional accompaniments (green onions, squeeze of lime, fried shallots, ground pepper and chili oil) if preferred.",https://i0.wp.com/vickypham.com/wp-content/uploads/2025/03/2025_03_09-Sup-Nui503520-1.jpg?fit=3765%2C3765&ssl=1,entree,"Asian, Vietnamese","sup nui recipe, sup nui, easy kid noodle soup, noodle soup for kids, asian soup for kids, asian noodle soup for kids, sup nui suon heo, sup nui suon, vietnamese pork rib macaroni soup, vietnamese pork rib soup, pork rib noodle soup, vietnamese sup nui, pork rib soup recipe, vietnamese macaroni soup, pork bone soup vietnamese, vietnamese breakfast soup, pork rib broth, easy pork rib soup, suon nui soup, macaroni soup vietnamese style, pork rib soup noodle recipe, kid friendly vietnamese noodle soup, rice flour macaroni soup, kid friendly vietnamese dish, kid friendly vietnamese soup",,5.0,1,1,2
Vietnamese Squid Stir Fry (Mực Xào),"A simple and flavorful stir-fry with squid, Chinese celery and pineapples. This classic Vietnamese side dish goes perfectly with steamed rice and comes together in under 15 minutes.",https://vickypham.com/blog/vietnamese-squid-stir-fry-muc-xao/,5m,5m,10m,4 servings,"[Ingredients] 14 oz frozen squid (cleaned and scored), 5 oz Chinese celery, 2 cucumbers (I’m using Persian cucumbers), Half yellow onion (peel; slice into wedges), 3 large garlic cloves (peel; make thick slices), 2 Persian cucumbers (slice at a diagonal), 5 oz pineapples (cut into small chunks), 1 large tomato (cut into wedges), 2 tablespoons neutral oil (I’m using vegetable oil), 1 tablespoon fish sauce (I’m using 3 Crabs brand), 1/2 teaspoon granulated sugar","[Instructions] 1) [Prepare the squid, celery and cucumbers] Thaw the frozen cooked squid quickly by rinsing it with a bit of warm water, then drain well and set aside. Wash and cut the Chinese celery into large 2-inch segments. Halve the stems if they are too bulky. Set the Chinese celery aside. Peel the cucumber in alternating strips (optional, for a decorative look), then slice at a bias into thick pieces. | 2) [Sauté the aromatics] Pan frying the yellow onion wedges and garlic slivers. In a wok or large skillet over medium-high heat, add a little oil. Sauté the onions and garlic until fragrant, about 1 minute. | 3) [Add pineapples and tomatoes] Toss in the pineapple and tomatoes and cook for another 2–3 minutes until they soften slightly. Add pineapples and tomatoes. If you have kids who absolutely do not like tomatoes like mine, cook the tomatoes down until they’re wilted so they blend into the sauce. | 4) [Add the squid] Stir in the cooked squid and pan fry for about 1 minute or if using raw squid for about 2-3 minutes until they just turn white. Liquid will release which will add to the sauce. | 5) [Finish] Add Chinese celery (bulky stems) and cucumbers. Cook for about 2 minutes then season with fish sauce and sugar, a little at a time to taste. Turn off the heat and add the celery tops. Give everything a quick toss to lightly cook the tops. Serve with steamed rice for a complete meal.",https://i0.wp.com/vickypham.com/wp-content/uploads/2025/04/2025_04_18-squid-stir-fry-pineapples503702-3.jpg?fit=3606%2C3606&ssl=1,side dish,"Asian, Vietnamese","vietnamese squid stir fry, muc xao, how to stir fry squid, vietnamese seafood recipe, stir fry squid with pineapple, squid with chinese celery, muc xao dua, vietnamese stir fry with fish sauce, quick vietnamese dinner recipe, quick vietnamese seafood side dish, quick Vietnamese squid side dish, stir fry with pineapples, stir fry with squid, stir fry with calamari, stir fry with octopus, asian seafood stir fry with squid, asian seafood stir fry with squid, asian squid stir fry, asian calamari stir fry",,5.0,1,1,2
Iced Caramel Macchiato using Vietnamese Phin,Enjoy an iced caramel macchiato with this copycat Starbucks recipe using a Vietnamese phin.,https://vickypham.com/blog/iced-caramel-macchiato/,5m,5m,10m,1 serving(s),"[Ingredients] 2 tablespoons ground coffee, 2 pumps vanilla-flavored syrup (about 1/2 oz), 3/4 cup milk, 1/2 cup ice, Caramel sauce","[Instructions] 1) [Brew the coffee] Using a Vietnamese single-cup coffee filter, phin, add ground coffee and fill the well 3/4 full with hot water. Allow the coffee to drip while prepping the serving cup. | 2) [Prepare the serving cup] Add to serving cup in this order, vanilla syrup, milk and ice. Then slowly pour the coffee on top so that the layers remain separate. | 3) [Add caramel drizzle] Drizzle the top with caramel sauce and serve.",https://i0.wp.com/vickypham.com/wp-content/uploads/2024/08/06a9f-macchiato1.jpg?fit=2500%2C3750&ssl=1,Drinks,Vietnamese,"Vietnamese iced coffee, caramel macchiato, phin coffee, iced coffee recipe, copycat Starbucks drink, Vietnamese espresso, homemade caramel macchiato",,,0,0,0
Matcha Iced Latte with Grass Jelly,It's officially summer! What better way to enjoy the summer heat than a refreshing cold Asian beverage/dessert in hand?,https://vickypham.com/blog/matcha-iced-latte-grass-jelly/,5m,5m,5m,1 serving(s),"[Ingredients] 1 teaspoon matcha powder, ¼ cup hot water, ⅓ cup cubed grass jelly, 4 tablespoons brown sugar simple syrup (see notes below), 1 cup ice cubes, ½ cup fresh milk","[Instructions] 1) [Whisk] together matcha powder in a small cup or bowl with hot water until it is completely dissolved and frothy. Set aside. | 2) [Add] grass jelly, brown sugar syrup, ice and milk. | 3) [Pour] matcha mixture slowly on top of the milk and enjoy.",https://i0.wp.com/vickypham.com/wp-content/uploads/2024/08/b5db1-matcha-iced-latte2.jpg?fit=2500%2C1666&ssl=1,"dessert, drink","asian, vietnamese","matcha iced latte with grass jelly, matcha iced latte, grass jelly, matcha powder, how to make matcha iced latte, how to make matcha iced latte with grass jelly",,,0,0,0
Miso Ramen,"This miso ramen recipe delivers a rich, umami-packed bowl of Japanese comfort food. Featuring a savory miso broth, tender noodles, and a variety of flavorful toppings like sliced pork, soft-boiled eggs, and green onions, it’s a satisfying and delicious meal.",https://vickypham.com/blog/miso-ramen-recipe/,45m,120m,165m,6 serving(s),"[Ingredients] 1 package fresh Japanese ramen noodles (2 lbs), 3 lbs pork neck bones plus 1 tablespoon salt for cleaning, 4 liters water for stock, 2 tablespoons sesame oil, 1 tablespoon minced garlic, 1 tablespoon minced ginger, 2 tablespoons minced shallots, 6 whole scallions, 10 large whole Shiitake mushrooms (about 0.5 lbs), 2 tablespoons granulated white sugar, 1 tablespoon sake or Shaoxing cooking wine, 1/2 cup miso paste, 1 tablespoon chili bean sauce (Toban Djan), 3 tablespoons soy sauce, 3 tablespoons chicken bouillon powder, 6 soft boiled eggs, Small sheets of roasted seaweed (nori), 3 green onions (slice thinly), Shiitake mushrooms from stock (slice thinly), White or black pepper, BBQ pork (Xa Xiu), 1 15-oz can whole corn kernels (sauteed or microwaved with 2 tablespoons unsalted butter), Roasted nori (seaweed)","[Instructions] 1) [Clean the Pork Bones] In a large stock pot, add pork bones and 1 tablespoon salt. Fill it up with water and heat on high. Wait for the water to come to a rolling boil then cook for about 5 minutes. Place a colander in the sink and drain the bones into the colander. Rinse the bones clean with cold water. | 2) [Start the Stock: ] Clean the stock pot and return to stove. Add sesame oil and heat on medium high heat. Then add minced garlic, ginger and shallots. Saute until fragrant (about 1 minute). | 3) [Simmer the Broth: ] To the pot, add cleaned pork bones, water (4 liters), scallions, and Shitake mushrooms. Simmer on medium low heat for about one and a half hours. | 4) [Remove all solids from stock] Bones, shitake mushrooms, scallions, etc. Don’t waste the bones or shiitake mushrooms! Reserve them for ramen toppings. | 5) [Season the Broth: ] Season stock with sugar, sake/cooking wine, miso paste, chili bean sauce, soy sauce and pork/chicken stock powder. | 6) [Prepare Toppings] Slice Shiitake mushrooms. Soft boil the eggs and peel them. Sauté or microwave corn with butter until warm. Slice green onions and BBQ pork. | 7) [Assemble the Ramen Bowls] Cook ramen noodles according to package instructions. Divide cooked noodles into serving bowls. Ladle hot miso broth over the noodles. Add toppings: soft boiled egg, buttered corn, sliced Shiitake mushrooms, BBQ pork, roasted nori, and green onions. Sprinkle with black or white pepper. | 8) [Serve] Serve immediately while hot. Enjoy with chopsticks and a soup spoon!",https://i0.wp.com/vickypham.com/wp-content/uploads/2024/08/d1617-ramen.jpg?fit=1000%2C1000&ssl=1,Main Course,Japanese,"Miso ramen, Japanese ramen, miso broth, pork ramen, ramen recipe",,,0,0,0
Vietnamese Vegetable Dipping Sauce with Caramelized Fish Sauce (Mắm Kho Quẹt),"Mam Kho Quet is a sauce and vegetable dish derived from poverty when Vietnamese farmers had plentiful vegetables but very little protein. The dipping sauce is made by caramelizing fish sauce and sugar in a small clay pot with a small amount of pork, dried shrimp, dried fish, and/or pork fat. The sauce is then served in the clay pot alongside a platter of fresh and boiled vegetables, such as cucumbers, carrots, broccoli, daikon, okra and squash. This dipping sauce is all about stretching a small amount of protein to add calories, as well as flavor, to an otherwise meager meal of mostly vegetables. Although, Mam Kho Quet is a Vietnamese peasant dish, you can find it nowadays in many high-end restaurants all over Saigon. It's a taste of the past that is making its way back to mainstream Vietnam. Plus, it’s a great way to eat your vegetables!",https://vickypham.com/blog/savory-vietnamese-vegetable-dipping-sauce-mam-kho-quet/,10m,3m,13m,4 serving(s),"[Ingredients] 5 oz pork fat (cut into small cubes), 1 small shallot (slice thinly), 1 tablespoon dried shrimp (about 10 small shrimp, presoak in warm water to soften then drain dry; chop coarsely), 1 garlic clove (roughly chop), 3 tablespoons good quality fish sauce, 4 tablespoons granulated sugar, Pinch black pepper, Red chili peppers (optional), Cucumbers, carrots, broccoli, cauliflower, Daikon, okra, bitter melon, opo squash, or winter melon","[Instructions] 1) [Render Pork Fat] In a very small clay pot, render the pork fat over medium heat until it becomes golden brown and crispy. Remove the fried pork fat and set it aside. | 2) [Sauté Aromatics] To the rendered pork fat, add shallot, dried shrimp, and garlic. Sauté over medium heat until fragrant, about 1-2 minutes. | 3) [Make the Sauce] Add fish sauce and sugar to the pot. Cook for 2-3 minutes, stirring occasionally, until the mixture begins to boil and slightly thickens. Turn off the heat. | 4) [Finish and Serve] Top the sauce with a pinch of black pepper, the reserved fried pork fat, and optional red chili peppers for a spicy kick. Serve the sauce directly in the clay pot (or transfer to a serving bowl) alongside a platter of vegetables for dipping.",https://i0.wp.com/vickypham.com/wp-content/uploads/2024/08/884d0-mam-kho-quet-3.jpg?fit=1667%2C1667&ssl=1,"Side Dish, Dipping Sauce",Vietnamese,"Vietnamese dipping sauce, Mắm Kho Quẹt, caramelized fish sauce, Vietnamese vegetable platter, pork fat, dried shrimp, Vietnamese side dish, vegetable dipping sauce, savory sauce, traditional Vietnamese recipe",,,0,1,1
Slow Cooker Mexican Pork Carnitas,"This pork carnitas recipe is made in a slow cooker for juicy, tender and flavorful Mexican pulled pork.",https://vickypham.com/blog/slow-cooker-mexican-pork-carnitas/,10m,255m,265m,12 servings,"[Ingredients] 3 lbs pork shoulder/butt (trim off excess fat), 1 teaspoon Mexican oregano, 2 teaspoons cumin, 1/4 teaspoon ground black pepper, 2 teaspoons salt, 1 teaspoon chili powder, 1/4 teaspoon ground cinnamon, 1/2 cup water, 1 small onion (slice), 3 garlic cloves (peel and smash), 1 bay leaf","[Instructions] 1) [Marinate the pork] Season the pork shoulder with oregano, cumin, black pepper, salt, chili powder, and cinnamon. | 2) [Add ingredients to the slow cooker] Add pork to a slow cooker. Add water, onion, garlic and bay leaf. | 3) [Slow cook the pork] Cook on high for 4 hours. | 4) [Shred the pork] Remove from cooker and chop into small pieces against the grain. | 5) [Brown the pork] Brown the pork in a large skillet with a bit of oil from the slow cooker. Serve with flour or corn tortillas, salsa and pickled jalapenos.",https://i0.wp.com/vickypham.com/wp-content/uploads/2024/08/e6974-taco.jpg?fit=1000%2C1000&ssl=1,Main Dish,Mexican,"pork carnitas, slow cooker carnitas, Mexican pulled pork, easy carnitas recipe, taco filling, crispy pork tacos, slow cooker Mexican recipe",,,0,0,0
Pot Sticker Soy Dipping Sauce,"A tasty and simple soy dipping sauce for pot stickers, wontons and, other dumplings.",https://vickypham.com/blog/soy-dipping-sauce/,5m,5m,10m,1 1/2 cups,"[Ingredients] 1 tablespoon sesame oil, 2 teaspoons minced garlic, 1 scallion (slice thinly; separate whites and greens), 1 teaspoon red pepper flakes (optional), ¼ cup rice vinegar, ½ cup granulated white sugar, ¾ cup all-purpose soy sauce","[Instructions] 1) [Heat the oil] In a small sauce pan, heat up sesame oil on medium high. | 2) [Sauté aromatics] Add minced garlic, whites of scallions and red pepper flakes. Gently fry until garlic starts to brown. | 3) [Simmer the sauce] : Stir in rice vinegar, sugar, and soy sauce. Simmer on low heat for 2 minutes. | 4) [Finish with garnish] Sprinkle with green part of scallion when ready to serve.",https://i0.wp.com/vickypham.com/wp-content/uploads/2024/08/2ee04-soy-dipping-sauce-pot-sticker3.jpg?fit=2500%2C1667&ssl=1,Sauce,Asian,"Pot sticker sauce, soy dipping sauce, dumpling sauce, versatile Asian sauce",,,0,10,10
Oven-Baked Honey Sriracha Chicken Wings,"This Vietnamese-American fusion appetizer starts with a five-spice marinade, then gets a glaze of Honey Sriracha for a sticky, sweet, and spicy finish. The result is packed with flavor.",https://vickypham.com/blog/sriracha-honey-chicken/,15m,40m,55m,6 serving(s),"[Ingredients] 1/2 teaspoon Chinese Five Spice Powder, 1/2 teaspoon MSG (optional), 1/2 teaspoon ground pepper, 1 tablespoon garlic powder, 1 tablespoon minced lemon grass, 7 cloves of minced garlic, 1 tablespoon honey, 1 tablespoon cooking wine, 1 tablespoon soy sauce, 1 tablespoon tapioca starch, 3/4 cup granulated sugar, 1 tablespoon fish sauce, 40 small chicken wings, 1/3 cup Sriracha hot sauce, 1/2 cup honey","[Instructions] 1) [Marinate the chicken] In a large bowl, mix together all the ingredients in the Five-Spice Marinade. Add chicken and toss to evenly coat. Marinate chicken for at least 30 minutes. | 2) [Preheat the oven] Preheat oven to 400°F. | 3) [Bake the chicken] Spread the chicken in a single layer on a prepared baking sheet. Bake for 15-20 minutes. Then flip and bake for another 15-20 minutes. | 4) [Prepare the Honey Sriracha Glaze] In a small bowl, mix Sriracha and honey until combined. | 5) [Glaze and broil the wings] Brush wings with Sriracha and Honey mixture, switch oven to broil. Bake until golden brown. Flip and repeat.",https://i0.wp.com/vickypham.com/wp-content/uploads/2024/08/f819c-bakedsrirachahoneychicken2.jpg?fit=2500%2C2500&ssl=1,Appetizer,Vietnamese-American Fusion,"honey sriracha chicken wings, Vietnamese chicken wings, oven-baked wings, sticky chicken wings, spicy chicken wings, Sriracha wings recipe",,,0,3,3
Vietnamese Pan-Fried Lemongrass Pork Chops (Suon Heo Chien Sa),"The perfect balance of sweet and savory with the amazing aroma of lemongrass, these pan-fried pork chops cook up quickly on the stove-top. Serve with steamed rice and a side of fresh vegetables for the perfect weeknight meal.",https://vickypham.com/blog/vietnamese-grilled-lemongrass-pork-chops-thit-heo-nuong-xa/,20m,15m,35m,5 serving(s),"[Ingredients] 2 lbs bone-in pork chops (no more than ⅓ inch thick), 3 tablespoons fish sauce, 2 tablespoons oyster sauce, 1 tablespoon chicken bouillon powder, 2 tablespoons granulated sugar, ½ teaspoon ground black pepper, ¼ cup minced lemongrass, 1 tablespoon minced garlic, Oil for frying, ⅓ cup corn starch, Scallion oil","[Instructions] 1) [Marinate pork] In a large bowl, marinate pork chops with fish sauce, oyster sauce, chicken bouillon powder, sugar, black pepper, lemongrass, and garlic for at least 15 minutes or overnight in the fridge for best results. | 2) [Pan fry pork] Heat up a large skillet with enough vegetable oil to generously coat the bottom. Add pork chops and corn starch in a plastic bag or large bowl. Toss to evenly coat pork chops with corn starch then dust off excess. Pan fry for about 3-6 minutes per side depending on thickness. Work in batches to prevent overcrowding. Transfer pork chops to a plate lined with paper towels to drain off excess oil. | 3) [Garnish and serve] Brush with scallion oil for a beautiful finish and aroma. Serve with rice and your choice of side vegetables for a complete meal.",https://i0.wp.com/vickypham.com/wp-content/uploads/2024/08/0e89f-eosm50_9898-edit.jpg?fit=2500%2C1407&ssl=1,side dish,"asian, vietnamese","Vietnamese lemongrass pork chop, sườn nướng sả, pan-fried pork chop, grilled lemongrass pork, sườn heo nướng sả, Vietnamese pork chop recipe, cách làm sườn nướng, pork chop marinated with lemongrass, Vietnamese pork, thịt heo chiên sả, easy Vietnamese pork chop, authentic sườn nướng, pan seared lemongrass pork chop",,5.0,1,8,9
Vietnamese Opo Squash and Dried Shrimp Soup (Canh Bầu Tôm Khô),A delicious side soup of opo squash and dried shrimp for a quick side soup to steamed rice.,https://vickypham.com/blog/vietnamese-opo-squash-shrimp-soup-canh-bau-tom/,10m,15m,25m,4 Servings,"[Ingredients] 1 Opo Squash (around 1 lb, peel, remove seeds if harden, and cut into thick matchsticks), 1/2 cup small salted dried shrimp (soak in warm water for at least 10 minutes, rinse then drain dry)), 1 tablespoon vegetable oil, 3 cloves garlic (mince), 4 cups water, 1/2 teaspoon salt, 1 teaspoon sugar, 1 teaspoon chicken, mushroom or pork stock powder, 1/4 teaspoon MSG (optional), 1 teaspoon fish sauce, 1 green onion (slice thinly), 1/8 teaspoon black pepper","[Instructions] 1) [Sauté the aromatics and shrimp] In a medium-size pot, heat up vegetable oil. Add shrimp and garlic. Pan-fry until fragrant (about 3 minutes). | 2) [Add water and boil] Add water and bring the pot to a boil. | 3) [Cook the squash] Once water starts boiling, add opo squash and cook until the squash turns translucent. | 4) [Season the soup] Season pot with salt, sugar, seasoning stock powder, MSG (optional) and fish sauce. | 5) [Garnish and serve] Garnish with green onions and black pepper before serving.",https://i0.wp.com/vickypham.com/wp-content/uploads/2024/08/dd269-vietnamese2bcanh2bbo2bopo2bsquash2bshrimp2bsoup.jpg?fit=1000%2C667&ssl=1,Soup,Vietnamese,"Vietnamese opo squash soup, canh bầu tôm, dried shrimp soup, Vietnamese soup recipes, light summer soup, traditional Vietnamese soup",,,0,3,3
Vietnamese Green Papaya and Beef Jerky Salad (Gỏi Đu Đủ Khô Bò),"A refreshing Vietnamese green papaya and beef jerky salad, topped with roasted peanuts, Thai basil leaves, and dressed in a sweet, vinegary soy sauce.",https://vickypham.com/blog/vietnamese-papaya-salad-topped-with-beef-jerky-roasted-peanuts-goi-du-du/,10m,10m,10m,3 servings,"[Ingredients] 1/4 cup water, 1/4 cup granulated white sugar, 1/4 cup light soy sauce, 1 tablespoon white vinegar, 1 teaspoon minced red chili (optional), 1 medium unripe papaya (peel and cut into thin strips), 2 cups fresh Thai basil leaves, 2 cups spicy Vietnamese beef jerky (thinly shredded), 1 cup toasted peanuts (chopped)","[Instructions] 1) [Prepare the Soy Salad Dressing] For the soy salad dressing, add all the ingredients together in a small bowl and mix until sugar is completely dissolved. | 2) [Assemble the Salad] In a large bowl, add papaya and basil, then top with beef jerky and peanuts. Add as much or little of the soy salad dressing as you like. Give it a quick toss before serving.",https://i0.wp.com/vickypham.com/wp-content/uploads/2024/08/0caa6-papaya.jpg?fit=1000%2C1000&ssl=1,"side dish, appetizer","asian, vietnamese","vietnamese green papaya beef jerky salad, goi du du kho bo, green papaya salad vietnamese, beef jerky salad vietnamese recipe, green papaya salad, vietnamese salad recipes, vietnamese street food salad, green papaya recipe, spicy beef jerky salad, easy green papaya salad, vietnamese beef jerky salad, Gỏi Đu Đủ Khô Bò",,,0,5,5
Dim Sum Shrimp Dumplings (Har Gow/Ha Cao),Yummy bite-sized portions of shrimp dumplings—one of my favorite Dim Sum foods.,https://vickypham.com/blog/dim-sum-shrimp-dumplings-har-gowha-cao/,30m,6m,36m,Serves 4-6,"[Ingredients] 500 grams prawns, 50 grams bamboo shoot (rinse thoroughly and squeeze out excess water), 50 grams pork fat (optional but highly recommended; mince finely into paste), 2 teaspoons oyster sauce, 1 teaspoon granulated white sugar, 1/4 teaspoon ground white pepper, 2 teaspoons sesame oil, 1 tablespoon Shaoxing wine, 1/2 tablespoon cornstarch, 50 grams wheat starch, 50 grams tapioca starch, 1/4 teaspoon salt, 1/4 teaspoon vegetable oil, 160 grams boiling water (240 mL or about 2/3 cups)","[Instructions] 1) [Prepare the filling] Coarsely chop shrimp and bamboo and transfer both to a medium-sized bowl. Add pork fat. Season with oyster sauce, sugar, white pepper, sesame oil, Shaoxing cooking wine and cornstarch. | 2) [Make the dough] In a bowl of a stand mixer, mix together wheat starch, tapioca starch, and salt. With a hook attachment, add boiling water a little at a time and knead until the dough comes together. Add oil until you get a soft ball that pulls cleanly away from the sides of the mixing bowl. | 3) [Portion the dough] Roll the dough into a thin log and cut out pieces of 10-12 g each. Keep the dough covered at all times to prevent drying. | 4) [Shape the dumplings] To make the dumplings, apply oil to the back side of a knife. Use the backside of that knife to flatten the dough into a circle, with one side slightly thicker than the other. The thicker side will be the base of the filling. The other side will be the delicate pleated folds. Place filling off-center on the thicker base. Fold the thinner side over and make pleats to seal. | 5) [Steam the dumplings] Oil the base of the steamer to prevent the dumplings from sticking. You can also place each dumpling on a small piece of wax paper. Steam for 6 minutes over high heat. Serve immediately with a soy and chili sauce.",https://i0.wp.com/vickypham.com/wp-content/uploads/2024/08/f816d-shrimp-dumpling-ha-cao-har-gow2.jpg?fit=1000%2C667&ssl=1,Appetizer,Chinese,"har gow, ha cao, shrimp dumplings, dim sum recipe, steamed dumplings, Chinese appetizer, Cantonese dumplings",,,0,0,0
Fried Rice with Chinese Sausage (Com Chien Lap Xuong),Fluffy fried rice with sweet Chinese sausage that comes together in less than 15 minutes. Perfect for busy weeknights and an easy meal that’s sure to please both adults and kids.,https://vickypham.com/blog/fluffy-fragrant-fried-rice/,2m,10m,12m,5 servings,"[Ingredients] 3 tablespoons neutral oil, 3 cloves garlic (finely minced), 3 Chinese sausages (slice thin), 1 1/2 cups frozen peas and carrots, 2 eggs (beaten), 6 cups day-old rice, 1 tablespoon chicken bouillon powder or mushroom seasoning powder, 1 tablespoon garlic powder, 1 teaspoon salt, 1/2 teaspoon granulated sugar, 1/4 teaspoon ground black pepper, 2 green onions (optional; slice thin)","[Instructions] 1) [Sauté garlic] In a large wok, heat up the vegetable oil on medium-high. Add garlic and pan fry until fragrant (about 20 seconds). | 2) [Add Chinese sausage] . Stir and cook for 2 minutes or until nicely caramelized on the edges. | 3) [Add frozen vegetables] Stir and cook for another 2 minutes. | 4) [Cook eggs] Clear an area in the wok and add eggs. Stir to break up the eggs until fully cooked and then combined with other ingredients in the wok (about 1 minute) | 5) [Add rice] (break up any large clumps of rice with the backside of a wooden spoon). | 6) [Add seasonings and finish] Add bouillon powder, garlic powder, salt sugar and pepper. Toss everything together until combined. Top with green onions (optional) and serve.",https://i0.wp.com/vickypham.com/wp-content/uploads/2024/08/0dba1-asian-fried-rice-chinese-sausage-recipe.jpg?fit=750%2C500&ssl=1,entree,asian,"fried rice, fried rice recipe, Chinese sausage fried rice, easy fried rice recipe, how to make fried rice, Vietnamese fried rice, garlic fried rice, leftover rice recipe, fried rice tips, best fried rice recipe, quick fried rice",,,0,5,5
Vietnamese Caramel Cooking Sauce (Nuoc Mau),"Vietnamese caramel sauce, used in many savory caramelized dishes (Món Ăn Khô), adds color to meat. Here’s how to make a large batch at home to simplify your Vietnamese cooking.",https://vickypham.com/blog/vietnamese-caramel-cooking-sauce-nuoc-mau/,5m,15m,20m,1 cup,"[Ingredients] 1 cup granulated white sugar, 1/4 cup water + 1/2 cup water","[Instructions] 1) [Prepare the sugar mixture] Using a light-colored and heavy-bottomed saucepan that’s at least 4 inches in height, add sugar and 1/4 cup water. Give it a quick swirl to even out the sugar. | 2) [Caramelize the sugar] Heat on medium-high for about 5-8 minutes. At this point you should start to see the sugar breaking down and changing color. Continue to cook for another 5-8 minutes until the sugar begins smoking and turns a dark amber color. Make sure not to cook for too long or else it will turn black and burnt. However, the sugar may appear black in the saucepan. To accurately gauge the color, examine the caramel sauce on the back of a spoon. | 3) [Thin the caramel sauce] Once you get a deep amber color, turn off the heat. Slowly, very slowly, pour 1/2 cup of water into the saucepan. The combination of water and hot sugar will splatter violently so do this part very carefully and slowly. | 4) [Cool and store] For safety and cleanliness, I highly recommend transferring the saucepan into an empty sink before adding water. Once you add the water, give it a quick mix. Allow it to cool slightly before transferring it to a glass container. The caramel sauce will continue to thicken as it cools. The sauce can be stored in the pantry for months or years, really. There is no need for refrigeration.",https://i0.wp.com/vickypham.com/wp-content/uploads/2024/08/4bdec-vietnamese2bcaramel2bcooking2bsauce2bnuoc2bmau2bvicky2bpham.jpg?fit=1000%2C667&ssl=1,Sauce,Vietnamese,"Vietnamese caramel cooking sauce, nuoc mau recipe, caramelized sugar sauce, savory caramel sauce, Vietnamese kho dishes, cooking caramel, nuoc mau tutorial, kho recipe staple",,,0,5,5
Vietnamese Caramelized Pork Spare Ribs (Suon Khia or Suon Ram Man),"A classic Vietnamese side dish featuring pork spare ribs slowly braised in coconut juice until they’re fall-off-the-bone tender. The cooking liquid is reduced at the end, creating a rich, sweet, and savory glaze that coats the ribs perfectly.",https://vickypham.com/blog/vietnamese-caramelized-pork-spareribs-suon-ram-man/,15m,40m,55m,3 serving(s),"[Ingredients] 2 lbs pork spare ribs, 1 shallot (finely diced), 3 cloves garlic (finely chopped), 1 tablespoon chicken or mushroom bouillon powder, 2 tablespoons fish sauce, ½ teaspoon ground black pepper, 3 tablespoons granulated sugar (divided), ¾ cup coconut soda, ½ cup water, 1 green onion (optional; thinly sliced)","[Instructions] 1) [Prepare the pork] Cut pork spare ribs into bite-sized pieces. Clean the pork (optional but highly recommended). Fill a small pot with water (enough to cover the spare ribs when added). Add salt (1 teaspoon). Bring the water to a boil. Add pork ribs and blanch the pork for 8 minutes or until scum floats to the top. This will remove the impurities and off-smell of pork. Drain the ribs in a colander in the sink. Rinse thoroughly under cold running water. Pork ribs are now ready to be cooked. | 2) [Marinate the pork] Combine pork with shallots, garlic, bouillon powder, fish sauce, black pepper, and sugar (1 tablespoon) for 10 minutes. | 3) [Make the caramel sauce] Add 2 tablespoons of sugar directly into a medium pot over medium-high heat. Stir with a wooden spoon to prevent burning. The sugar will caramelize, turning a dark amber color. Once this happens, quickly and carefully add the marinated pork (and all the marinade juices) into the pot and stir evenly to get the amber color onto the pork. The caramelized sugar may start to clump. Do not worry. The heat will dissolve the clumps of sugar back into the pot. | 4) [Braise] Add coconut soda and water. Bring the pot to a boil. Cover the pot with a lid (a little off-center to prevent the liquid from boiling over). Reduce heat to a medium-low simmer and braise for 30 to 40 minutes. Occasionally toss the pork for even cooking. Remove lid and continue to simmer on low until the liquid evaporates off, leaving a shiny glaze on the pork. | 5) [Garnish and serve] Top with green onions for a beautiful finish.",https://i0.wp.com/vickypham.com/wp-content/uploads/2024/08/a045c-eosm50_9394-edit.jpg?fit=2500%2C1407&ssl=1,side dish,"asian, vietnamese","pork ribs, pork spare ribs, pork, caramelized pork, Vietnamese caramelized pork ribs, fish sauce, suon ram man, sườn ram mặn, braised pork spare ribs, braised pork ribs, braised pork spare ribs recipe, how to make Vietnamese braised pork spare ribs, traditional Vietnamese pork spare ribs recipe, authentic Vietnamese pork spare ribs recipe, Vietnamese caramelized pork ribs recipe, Vietnamese caramelized pork spare ribs recipe",,5.0,2,33,35
Crispy Roasted Pork Belly (Thit Heo Quay),This oven-roasted pork belly is surprisingly easy to make at home. This recipe will yield a juicy interior with a crispy crackling skin. It’s a taste of Chinatown without ever having to leave the house.,https://vickypham.com/blog/vietnamese-chinese-crispy-roasted-pork-belly-thit-heo-quay/,5m,70m,75m,5 serving(s),"[Ingredients] 3 lbs pork belly, 1-inch ginger (unpeeled, cut into thin coins), 2 scallions/green onions, 1 large shallot (peel, slice into thin wedges), 1/2 teaspoon Chinese five-spice powder, 1 teaspoon granulated sugar, 1 teaspoon sea salt, 1 tablespoon chicken bouillon powder, 2 teaspoons Shaoxing cooking wine, 2 teaspoons white vinegar","[Instructions] 1) [Blanch pork belly] Add about 1-1/2 quarts water (or just enough to cover pork) to a medium pot and bring it to a boil. Add the aromatics (ginger, scallions, and shallots), then the pork belly. Reduce the heat and simmer for about 10 minutes to parboil. Remove the pork belly from the pot. Once it’s cool enough to handle, cut slits into the underside to help it marinate more quickly. | 2) [Marinate] In a small bowl, mix together five-spice powder, sugar, salt, chicken bouillon powder, cooking wine and white vinegar. Apply all over pork belly, including the skin. Set aside to marinate while preheating oven. | 3) [Roast] Preheat oven to 400°F. Place the pork skin side up on a baking tray or roasting pan. Wipe the skin layer with paper towels to get the skin really dry. Roast for 35 minutes. | 4) [Broil] Switch to broil at 400°F for 15 minutes or until skin is puffy and crispy. Rotate if necessary for even crispiness. Be careful of pork skin explosions. If there is any burnt spot, just scrap it away with a knife when done roasting. Slice into bite-sized pieces and enjoy!",https://i0.wp.com/vickypham.com/wp-content/uploads/2024/08/73679-heoquay1x1.jpg?fit=2500%2C2500&ssl=1,"side dish, appetizer","Asian, Vietnamese, Chinese","crispy pork belly recipe, thit heo quay recipe, thit heo quay, vietnamese crispy pork belly, oven-roasted pork belly, pork belly, china town pork belly recipe, chinese pork belly recipe, crispy pork, heo quay recipe, thịt heo quay",,,0,0,0
Vietnamese Grilled Pork Sausage (Nem Nuong),"A widely popular street food in Vietnam, these springy Vietnamese pork sausage is flavored with garlic and fish sauce. Grill them on skewers over charcoal for that authentic smoky flavor or bake them in the oven for convenience.",https://vickypham.com/blog/vietnamese-grilled-pork-nem-nuong/,15m,20m,35m,8 serving(s),"[Ingredients] 2½ lbs fatty ground pork (partially frozen), 5 oz pork fat trimmings (cut into small cubes; partially frozen), ¼ cup granulated sugar, ¼ cup fish sauce, 1 head garlic (peel cloves and chop roughly), 1 large shallot (peel and chop roughly), 1 tablespoon roasted rice powder, 1 tablespoon corn starch, 1 packet Alsa baking powder, ¼ cup Tusino nem nuong curing powder, 1 cup ice","[Instructions] 1) [Prepare the pork paste] Break off partially frozen ground pork and pork fat and place them into the food processor. Add sugar, fish sauce, garlic, shallot, rice powder, corn starch, baking powder, curing powder and ice. Process for about 10 minutes on high until you get a smooth, light pink, homogeneous pork paste. | 2) [Transfer to baking sheet] Using rubber gloves, spread pork paste on a large baking sheet, one-inch in height. | 3) [Roast and broil] Roast at 350°F for 15-20 minutes. To get nice caramelization, turn the oven to broil for 5-10 minutes. | 4) [Slice] Cut into stripes and serve on its own or part of other Vietnamese dishes.",https://i0.wp.com/vickypham.com/wp-content/uploads/2024/08/9cfc8-vietnamese252bgrilled252bpork252bsausage252bnem252bnuong252bvicky252bpham.jpg?fit=635%2C635&ssl=1,"side dish, appetizer","asian, vietnamese","how to make nem nuong, nem nuong recipe, Vietnamese nem nuong, Vietnamese sausage, pork, ground pork, sausage, Vietnamese grilled pork sausage",,,0,26,26
Vietnamese Kabocha Squash Soup with Pork Ribs (Canh Bi Do Nau Suon Heo),This hearty Vietnamese pumpkin and pork rib soup that pairs perfectly with steamed rice.,https://vickypham.com/blog/vietnamese-pork-rib-soup-with-kabocha-pumpkin-canh-suon-nau-bi-do/,10m,40m,50m,5 serving(s),"[Ingredients] 1 small kabocha squash (about 1½ lbs flesh), 2 green onions, 1 lb pork spare ribs, 1 tablespoon vegetable oil, 1 tablespoon minced shallot, 2 teaspoons minced garlic, 2 quarts water, 2 teaspoons fish sauce, 1 teaspoon salt, 1 teaspoon chicken bouillon powder, 1 teaspoon granulated sugar, ⅛ teaspoon ground inch black pepper (pinch)","[Instructions] 1) [Prep the ingredients] You can choose whether to keep the peel of the kabocha squash or not. It’s entirely edible. Slice the kabocha in half and remove the seeds. Cut the kabocha squash into large wedges then into bite-sized pieces. Set aside. Remove the root ends of the green onions then thinly slice into concentric circles. Keep the whites and greens separated and set aside. Cut the pork ribs into 2″ pieces using a large meat cleaver. | 2) [Toast aromatics] Add vegetable oil to the bottom of a small pot. Heat on medium high. Add shallots, garlic and whites of green onions. Pan fry for 10 seconds or until fragrant. | 3) [Add pork ribs] and toss them until evenly coated with aromatics. Add water. Bring pot to a low simmer and cook for 30 minutes. Skim off the foam at the top, if needed. | 4) [Add kabocha squash] Cook for about 10 minutes or until squash can be pierced with knife with a bit of resistant. Season to taste with fish sauce, salt, chicken bouillon powder and sugar. | 5) [Finish] When ready to serve, garnish with the remaining green onions and a pinch of ground black pepper. Serve with steamed rice for a complete meal.",https://i0.wp.com/vickypham.com/wp-content/uploads/2024/08/5119e-2022_12_06eosm505096.jpg?fit=2500%2C2500&ssl=1,side dish,"asian, vietnamese","Vietnamese pumpkin soup, Vietnamese kabocha squash soup, Vietnamese kabocha squash soup with pork ribs, Vietnamese kabocha squash soup with pork ribs recipe, kabocha soup recipe, Asian kabocha soup recipe, kabocha soup with pork ribs, pumpkin soup with pork ribs recipe, Asian pumpkin soup recipe with pork ribs, canh bi do nau suon heo, canh bi do nau suon, canh bi do, Canh Bí Đỏ Nấu Sườn Heo, Canh Sườn Heo Nấu Bí Đỏ, Vietnamese canh recipe, Vietnamese soup recipe, Vietnamese kabocha soup, Vietnamese kabocha soup recipe, Vietnamese pork rib recipe, Vietnamese soups, canh bi recipe, pumpkin soup recipe with pork, pumpkin soup recipe, pork rib recipe, asian pork rib recipe, Vietnamese pork spare rib recipe, Vietnamese pork spare rib soup, Vietnamese rib recipe, Vietnamese pork rib recipe, Vietnamese pork rib soup",,,0,1,1
Vietnamese Sour Soup with River Leaf (Canh Chua La Giang),A traditional sour fish soup with river leaf (la giang). Serve with steamed rice for a complete Vietnamese family-style meal.,https://vickypham.com/blog/vietnamese-sour-soup-with-river-leaf-canh-chua-la-giang/,10m,30m,40m,Serves 4,"[Ingredients] 1 lb fish (whole or filet catfish, salmon or any fish of your choice. You can also use chicken thighs cut into bite-size pieces), 2 teaspoons fish sauce, 3 chili peppers (optional; slice thin), 2 tablespoons vegetable oil, 2 garlic cloves (peel and roughly chop), 1 small shallot (peel and roughly chop), 1.5 liters water, 200 grams blanched La Giang, 1 tomato (slice into thin wedges), 5 tablespoons granulated white sugar, 1 teaspoon salt, 1 tablespoon chicken bouillon powder","[Instructions] 1) [Marinate the fish] Marinate the fish with fish sauce and chili peppers for at least 30 minutes at room temperature or overnight in fridge. | 2) [Sauté aromatics] In a medium-size stock pot, heat up vegetable oil on medium-high. Add garlic and shallot. Sauté until fragrant. | 3) [Cook the soup base] Add water to the pot and bring it to a boil. Add the marinated fish and accompanying juices. Cook the fish for about 10 minutes on medium low. Skim off any foam that floats to the top and discard. | 4) [Add vegetables and seasonings] Once the fish is fully cooked, add La Giang and tomato. Season the soup with sugar, salt and pork/chicken/mushroom stock powder. | 5) [Serve] Turn off heat and serve as a side dish to steamed rice.",https://i0.wp.com/vickypham.com/wp-content/uploads/2024/08/87675-vietnamese2bsour2bsoup2bwith2briver2bleaf2bcanh2bchua2bla2bgiang2bvicky2bpham.jpg?fit=1000%2C667&ssl=1,Soup,Vietnamese,"Vietnamese sour soup, Canh Chua La Giang, river leaf soup, Vietnamese soup recipe, La Giang recipe, sour fish soup, Canh Chua, Vietnamese side dish",,5.0,1,5,6
Vietnamese Thick Noodle Soup (Banh Canh),A childhood favorite with thick noodles in a rich pork broth. The trickiest part is keeping those slippery noodles on the spoon!,https://vickypham.com/blog/vietnamese-thick-noodle-soup-banh-canh/,15m,90m,105m,5 serving(s),"[Ingredients] 3 lb pork bones (neck bones and/or spareribs), 3 quarts water, 1 large yellow onion or 4 shallots (leave whole), 1 tablespoon chicken or mushroom bouillon powder, 1 tablespoon granulated sugar, 1 tablespoon sea salt, 1 teaspoon fish sauce, 1 tablespoon annatto oil (optional), 2 lbs Banh Canh or Udon Noodles, ½ stick Vietnamese Ham (Cha Lua or Gio Lua), ½ stick fried fish cakes, 2 scallions and/or a small bunch of cilantro (thinly sliced), Ground black pepper","[Instructions] 1) [Prepare the aromatics] Roast the onion or shallots in the oven at 400°F for about 15 minutes or when they become aromatic. Scrap off any charred areas to prevent browning the broth then set aside. | 2) [Blanch the pork bones to get rid of the impurities (optional)] Add the pork bones to a large stockpot and fill with water to cover by 1 inch. Boil the bones for 10 minutes or when you see a lot of foam at the top. Drain the content of the pot into a colander and rinse the bones under cold running water. This helps clean the bones, keeping the stock clear. It also helps rid of any lingering foul pork smell. | 3) [Prepare the stock] Add water (3 quarts) to a stockpot and bring to a boil (if you are reusing the same stockpot that was used to blanch the bones, make sure to clean the pot thoroughly before adding water for the stock). Add the blanched bones and onions/shallots. Reduce the heat to your lowest setting and simmer for two hours uncovered. Remove the onions and pork bones from the broth and discard. Sometimes, I leave the bones if they still have a good amount of meat on them. | 4) [Season the stock] Add chicken or mushroom bouillon powder, sugar, salt, and fish sauce. To color the broth red/orange which is optional, add annatto oil. | 5) [Prepare the noodles] Cook the noodles per packaged instructions. If the noodles are sticking together, add ½ teaspoon vegetable or sesame seed oil and toss the noodles lightly together. | 6) [Assemble and serve] Add a handful of noodles into a bowl. Add a few slices of Vietnamese Ham and fried fish cakes. Ladle in hot broth. Garnish with scallions/cilantro and a sprinkle of ground black pepper.",https://i0.wp.com/vickypham.com/wp-content/uploads/2024/08/8f83c-banh2bcanh2bvietnamese2bthick2bnoodle2bsoup2brecipe.jpg?fit=1000%2C1000&ssl=1,entree,"asian, vietnamese","how to make banh canh, banh canh recipe, noodle soup, noodles, banh canh, Vietnamese thick noodle soup recipe, bánh canh, pork",,,0,14,14
Vietnamese Young Jackfruit and Shrimp Salad (Goi Mit Non Tom),"A refreshing and popular Vietnamese salad featuring young jackfruit and shrimp, dressed in a tangy fish sauce dressing.",https://vickypham.com/blog/vietnamese-young-jackfruit-shrimp-salad-goi-mit-non-tom/,25m,10m,35m,4 serving(s),"[Ingredients] 2 20-oz cans young jackfruit (Mit Non), 3/4 lb raw deveined, headless, shell-on shrimp (21-25 size preferred), Vietnamese fish sauce dipping sauce (Nuoc Mam Cham), 1 cup raw peanuts without skins, 1 bunch Vietnamese coriander/mint (Rau Ram), Fried shallots, Fried garlic","[Instructions] 1) [Prepare the jackfruit] Drain the canned jackfruit in a colander or sieve. Remove any woody pieces (usually the pulp), if needed. In a small pot, blanch the jackfruit in boiling water for 5 minutes. Drain, rinse then give it a gently squeeze to remove excess water. Slice the jackfruit thinly and transfer to a medium-sized mixing bowl. Set aside. | 2) [Cook the shrimp] Using the same pot above, clean it out and add about 1 inch water and bring it to a boil. Add shrimp. Give it a quick toss until they all turn opaque (about 2-3 minutes). Drain the shrimp and once cooled, remove shell and slice them in half along the backside. Toss together the shrimp and jackfruit. | 3) [Season the salad] Add about 6-8 tablespoons Vietnamese fish sauce dipping sauce to the shrimp and jackfruit. Adjust if necessary. Avoid having a pool of dressing sitting at the bottom. | 4) [Toast the peanuts] In a small frying pan, pan fry (no oil) the raw peanuts until all sides are golden brown. Coarsely chop in a food processor. Set aside. | 5) [Prepare the coriander] Remove all the Vietnamese coriander/mint leaves from the stems and discard the stems. Set the coriander/mint leaves aside. | 6) [Assemble the salad and serve] When ready to serve, top salad with Vietnamese coriander/mint leaves, toasted peanuts, fried shallots and garlic.",https://i0.wp.com/vickypham.com/wp-content/uploads/2024/08/ada54-vietnamese2byoung2bjackfruit2b262bshrimp2bsalad2bgoi2bmit2bnon2btom2bvicky2bpham.jpg?fit=1000%2C667&ssl=1,Salad,Vietnamese,"Vietnamese jackfruit salad, Goi Mit Non, shrimp salad recipe, Vietnamese appetizer, young jackfruit recipe, Southeast Asian salad, nuoc mam dressing, Vietnamese herbs, festive salad, tropical salad",,,0,0,0
Vietnamese Fermented Anchovy Dipping Sauce (Mam Nem),Looking for a dipping sauce that's a little more adventurous than regular fish sauce dipping sauce (nước chấm)? Try this more traditional dipping sauce made with this fermented fish sauce called mắm nêm. It goes wonderfully with butter beef spring rolls.,https://vickypham.com/blog/vietnamese-fermented-anchovy-dipping-sauce-mam-nem/,0m,5m,5m,3 serving(s),"[Ingredients] 1 tablespoon vegetable oil, 1 tablespoon minced lemongrass, 2 cloves garlic (finely minced), ¼ cup bottled fermented fish sauce (Quê Hương Mắm Nêm), ½ cup crushed pineapples, ½ tablespoon sugar (add to taste), 1 tablespoon lemon or lime juice, Red chili peppers (finely minced)","[Instructions] 1) [Heat Oil] In a small pan, heat vegetable oil over medium-high heat. | 2) [Sauté Aromatics] Add garlic and lemongrass to the pan. Sauté until fragrant, about 15 seconds. | 3) [Make the Sauce] Add fermented fish sauce, crushed pineapples, sugar, lemon or lime juice, and red chili peppers. Adjust the amount of sugar gradually, depending on the sweetness of the pineapples. Stir to combine. | 4) [Cook and Serve] Bring the mixture to a boil, then turn off the heat. Serve warm as a flavorful dipping sauce or accompaniment.",https://i0.wp.com/vickypham.com/wp-content/uploads/2024/08/45780-download.jpg?fit=750%2C500&ssl=1,condiment,"asian, vietnamese","fermented fish sauce dipping sauce, fermented fish sauce dipping sauce recipe, how to make mam nem, fish sauce dipping sauce, mam nem, mam nem recipe, mắm nêm, mắm nêm recipe, how to make mắm nêm, fermented anchovy dipping sauce, fermented anchovy dipping sauce recipe, dipping sauce for spring rolls, dipping sauce for beef spring rolls, dipping sauce for butter beef, dipping sauce for butter beef spring rolls, anchovy dipping sauce, Vietnamese anchovy dipping sauce with pineapples, Vietnamese anchovy dipping sauce, Vietnamese anchovy dipping sauce recipe, how do you use mam nem, what do you eat mam nem with, what is fermented anchovy sauce, dipping sauce for bo nuong vi, bò nướng vỉ dipping sauce, bo nuong vi fermented fish dipping sauce, bo nuong vi fermented anchovy dipping sauce, Vietnamese mam nem sauce recipe, Vietnamese mam nem sauce, Vietnamese mam nem, Vietnamese fermented anchovy dipping sauce, Vietnamese fermented anchovy dipping sauce recipe, how to make Vietnamese fermented anchovy dipping sauce, mam nem sauce",,,0,9,9
Vietnamese Fermented Fish and Seafood Vermicelli Soup Recipe (Bun Mam),"This dish features rice vermicelli noodles, eggplant, shrimp, squid, pork belly, and flaky white fish, served with a platter of crunchy vegetables, herbs, lime, and chilies. Its standout feature is the broth: murky, salty, and infused with fermented fish, a quintessential Vietnamese flavor.",https://vickypham.com/blog/vietnamese-fermented-fish-seafood-vermicelli-soup-recipe-bun-mam/,20m,45m,65m,5 servings,"[Ingredients] 1 jar fermented fish (Mắm cá sặc), 2 tablespoons minced garlic, 2 tablespoons minced lemongrass (tender white bottom parts only), 2 whole lemon grass stalks (smashed), 2 tablespoons minced shallots, 1/2 lb sliced pork belly (optional), 3-4 eggplants (cut into bite size pieces then soak in salted water for 15 minutes), 1 lb white fish fillets (cut into bite size piece), 1 lb shrimp (peel and devein), 1 lb squid (cut into bite-size pieces), 2 teaspoons salt, 1 tablespoon chicken bouillon powder, Vegetable platter (bean sprouts, garlic chives, perilla, sliced red chilis and limes), 1 package vermicelli noodles (cook per package instructions)","[Instructions] 1) [Prepare the fermented fish broth] Fill a small pot with 1 liter water (about 4 cups) and bring to a boil. Add in the whole jar of fermented fish and cook for 5 minutes until the fish fermented fish is completely dissolved. Scoop out any foam that floats to the top and discard. Pour the liquid through a fine-sieve strainer. Discard the tiny bones in the strainer and set aside the liquid. | 2) [Sauté the aromatics] In a large stock pot, heat vegetable oil. Add minced garlic, shallot and lemon grass. Saute until fragrant. Add 3 liters water. Pour in the fermented fish broth and bring pot to a boil. Add pork belly (optional), eggplant and bruised lemon grass stalks. Cook for 30 minutes on a low simmer. | 3) [Cook the seafood] Add fish in a metal basket and lower the basket directly in the broth to cook. Remove fish and set aside. Do the same for shrimp and squid. | 4) [Season the broth] Season broth with salt and chicken/pork/mushroom stock powder. | 5) [Garnish and serve] To serve, add handful of vermicelli noodles into bowl, ladle on hot broth, then add seafood toppings. Serve with a plentiful platters of Vietnamese herbs, lime wedges and red chili.",https://i0.wp.com/vickypham.com/wp-content/uploads/2024/08/2ae98-vietnamese2bfermented2bfish2b262bseafood2bvermicelli2bsoup2brecipe2bbc3ban2bme1baafm.jpg?fit=750%2C500&ssl=1,Main Dish,Vietnamese,"Bún Mắm, Vietnamese fermented fish soup, seafood vermicelli soup, Vietnamese noodle soup, Bún Mắm recipe, fermented fish broth recipe",,,0,5,5
Vietnamese Fried Tofu and Pork in Tomato Sauce (Dau Hu Thit Sot Ca Chua),"If you’ve got plenty of tomatoes and need a quick, easy side dish, this recipe is perfect. Serve with steamed rice for a delicious and complete meal.",https://vickypham.com/blog/vietnamese-fried-tofu-pork-tomato-sauce-dau-hu-sot-ca-chua/,5m,20m,25m,3 serving(s),"[Ingredients] 16 oz firm tofu, 4 oz ground pork, 1 tablespoon oyster sauce, 2 tablespoons vegetable oil, 1 tablespoon minced garlic, 12 oz ripe tomatoes (diced), 1/2 cup water, 1 tablespoon ketchup, 1 tablespoon fish sauce, 1/4 teaspoon ground black pepper, 1 green onion (sliced thinly; whites and greens separated)","[Instructions] 1) [Prepare tofu] Remove tofu from package. Rinse, drain, and wrap it in 3 layers of paper towels. Apply pressure to squeeze out the excess liquid then unwrap. Make a horizontal cut exactly in the middle and 5 even vertical cuts. This will yield 12 flat square pieces of tofu. | 2) [Season ground pork] with oyster sauce, garlic and whites of green onions. | 3) [Fry tofu] In a medium pan, heat vegetable oil on medium high. Fry the tofu until golden brown on the top and bottom sides (about 3 minutes per side). Remove tofu from pan and set aside. | 4) [Fry ground pork] To the empty skillet, add the marinated ground pork and cook for about 2 minutes, while breaking it up. | 5) [Add tomatoes and water] Let the tomatoes simmer on medium-low heat for about 5 minutes. Season with ketchup, fish sauce and ground black pepper. | 6) [Finish] Return fried tofu back to the pan. Give it a quick stir and garnish with remaining green onions.",https://i0.wp.com/vickypham.com/wp-content/uploads/2024/08/e3f78-dau2bhu2bsot2bca2bchua2.jpg?fit=750%2C750&ssl=1,Side Dish,"Asian, Vietnamese","Vietnamese fried tofu, Đậu Hũ Thịt Sốt Cà Chua, tofu in tomato sauce, fried tofu recipe, Vietnamese tofu dish, tofu and pork recipe, Vietnamese tomato tofu, Vietnamese tofu and tomato, tofu tomato Vietnamese, tomato tofu Vietnamese, tofu sốt cà chua, Vietnamese tofu tomato, Đậu Hũ Sốt Cà Chua, stuffed tofu Vietnamese, Vietnamese stuffed tofu",,5.0,3,7,10
Vietnamese Egg Noodle Soup with Wontons (Mì Hoanh Thanh),"A comforting bowl of authentic Vietnamese goodness, featuring a rich, homemade broth, wontons, and egg noodles. It’s a comforting bowl of authentic Vietnamese goodness.",https://vickypham.com/blog/wonton-egg-noddle-soup-mi-hoanh-thanh/,45m,135m,180m,6 serving(s),"[Ingredients] 2 lb pork bones, 2 lb chicken bones, 6 quarts water, 1/2 cup dried shrimp (soak in warm water for 30 minutes, drain then rinse), 1 small dried squid (soak in warm water for 30 minutes, drain then rinse), 2 white or yellow onions (roast whole at 400 F for 30 minutes or until oozing), 10 shallots (roast whole at 400 F for 30 minutes or until oozing), 50 grams rock sugar, 2 tablespoons salt, 1 teaspoon MSG, 1 lb package fresh thin egg noodles (cook per package instructions and rinse under hot water to remove excess starch), Chinese/Vietnamese Barbecue Pork (Char Siu/Thịt Xá Xíu), Shrimp & Pork Wonton (Hoành Thánh Tôm Thịt), Cooked fish balls, Cooked whole shrimps, 1/2 cup fried shallots, 2 green onions (slice thinly), Fried pork fat (Tép Mỡ), Sesame Oil","[Instructions] 1) [Clean the Bones] Clean the pork and chicken bones thoroughly. To clean the bones, fill a large stock pot with enough water that would cover bones without overflowing. Bring water to a boil. Add bones and cook for 5 minutes. Pour content of pot into a colander and rinse bones with cold water. If you are going to re-use the pot for stock, make sure to clean the pot thoroughly too. | 2) [Prepare the Stock] In a stock pot, add 6 liters water and cleaned bones. Bring pot to a boil. | 3) [Add Flavoring Ingredients] Add dried shrimp, squid, roasted onions and roasted shallots (remove any burnt peels from the roasted onions and shallots before adding to stock). | 4) [Simmer the Stock] Cook 2 to 2.5 hours on medium low heat, occasionally skim the surface of the stock to keep the broth clear. | 5) [Season the Broth] Add rock sugar, salt, and MSG to the stock. Adjust seasoning to taste. | 6) [Serve] In individual bowls, add about 1/2 cup of cooked egg noodles and 3-5 wontons. Ladle the hot broth over the noodles and wontons. Top each bowl with slices of barbecue pork, fish balls, and shrimp. Garnish with fried shallots, green onions, fried pork fat, and a drizzle of sesame oil before serving.",https://i0.wp.com/vickypham.com/wp-content/uploads/2024/08/cdea5-download28229.jpg?fit=750%2C500&ssl=1,"Main Dish, Soup","Vietnamese, Chinese","Vietnamese wonton noodle soup, Mì Hoành Thánh, Vietnamese egg noodle soup, wonton soup with shrimp, Vietnamese char siu noodle soup, pork and shrimp wontons, Vietnamese noodle soup broth, authentic Vietnamese wonton soup, Vietnamese soup recipes, Mì Hoành Thánh, egg noodle soup Vietnamese, mi wonton, Vietnamese wonton soup, hoanh thanh recipe, mi wonton recipe, hoanh thanh soup, mi hoanh thanh recipe, hoanh thanh mi",,,0,7,7
Grilled Vietnamese Bread with Salt and Chili (Banh Mi Nuong Muoi Ot),"This street food is popular among young people in Vietnam. Young foodies line up for the flavorful fusion of American and Vietnamese flavors. It's simple, delicious, and perfect for a hangover!",https://vickypham.com/blog/grilled-vietnamese-bread-with-salt-chili-banh-mi-nuong-muoi-ot/,10m,10m,20m,6 serving(s),"[Ingredients] 2 teaspoons granulated white sugar, 1 teaspoon sea salt, 1/2 tablespoon ground red pepper flakes, 1 tablespoon Sriracha sauce’, Scallion Oil, 3 small loaves French baguettes, 4 tablespoons melted unsalted butter, Cooked hot dogs (cut into strips), Dried pork/chicken floss, Kewpie mayo","[Instructions] 1) [Make the Salt and Chili Sauce] In a small bowl, mix salt, sugar, ground red pepper flakes, and Sriracha sauce. | 2) [Flatten baguettes] Using a rolling pin or a heavy object, press down on the baguettes to flatten them evenly. | 3) [Brush on Sauces] Brush on a good amount of butter, chili sauce, and scallion oil. | 4) [Grill the Baguettes] Grill baguettes on all sides for crispy outer crust. | 5) [Assemble and Serve] Transfer baguettes to serving dish. Cut into bite-sized pieces. Top with cooked hot dogs and dried pork/chicken floss. Drizzle with mayo and more Sriracha if preferred.",https://i0.wp.com/vickypham.com/wp-content/uploads/2024/08/15bf1-banh2bmi2bnuong2bmuoi2bot2bgrilled2bvietnamese2bbread2bwith2bsalt2band2bchili2brecipe.jpg?fit=750%2C500&ssl=1,Street Food,Vietnamese,"Grilled Vietnamese bread, Banh Mi Nuong Muoi Ot, Vietnamese street food, chili bread recipe, grilled bread with chili and salt, Vietnamese snack recipes, spicy bread recipe, scallion oil baguette, fusion street food, bread with pork floss.",,,0,0,0
Vietnamese Beef and Watercress Salad (Bo Xao Xa Lach Xoong),The most traditional and popular way to use watercress in Vietnamese home cooking is in a salad with stir-fried beef and a tangy vinegar fish sauce dressing.,https://vickypham.com/blog/vietnamese-beef-watercress-salad-bo-xao-xa-lach-xoong/,15m,10m,25m,4 servings,"[Ingredients] 1 bunch watercress, 1/3 cup white vinegar, 1 tablespoon granulated sugar, 1/2 lb sliced beef sirloin, 1/4 teaspoon black pepper, 1/2 teaspoon salt, 2 tablespoons vegetable oil, 1 small onion (slice thin), 4 cloves garlic (mince), 1 bunch watercress (cut into 1 inch segments), 2-3 tablespoons fish sauce dipping sauce, 2 tablespoons crushed roasted peanuts (optional), 1/3 cup white vinegar, 1 tablespoon granulated sugar","[Instructions] 1) [Prepare the Watercress Salad] Cut Watercress into 1 inch segments. Add cut watercress into a medium bowl. In a small bowl, mix together vinegar and sugar. Add this dressing to the watercress and lightly tossed until combined. | 2) [Marinate beef] : Season the sliced beef with black pepper and salt. | 3) [Cook the beef] In a frying pan, heat up vegetable oil on medium-high. Add onion and sauté for 30 seconds. Add garlic and beef. Stir-fry for 1 minute until browned. | 4) [Combine and serve] Add the cooked beef and all its juices directly to the prepared watercress salad. Add fish sauce dipping sauce. Lightly toss. Adjust to your liking then top with crushed peanuts.",https://i0.wp.com/vickypham.com/wp-content/uploads/2024/08/7a5c7-warm2bbeef2bwilted2bwatercress2bsalad2bvietnamese2bbo2bxao2bxa2blach2bxoong.jpg?fit=750%2C500&ssl=1,Salad,Vietnamese,"Vietnamese beef salad, watercress salad, Bo Xao Xa Lach Xoong, Vietnamese appetizer, beef and greens salad",,,0,1,1
Vietnamese Chicken Salad (Goi Ga Bap Cai),"One of the most popular Vietnamese salads, this refreshing salad consists of hand-shredded chicken, cabbage, carrots, onions and Vietnamese coriander; mixed with a sweet and savory fish sauce dressing; and topped with crunchy roasted peanuts and fried shallots.",https://vickypham.com/blog/vietnamese-chicken-salad-goi-ga-bap-cai/,10m,15m,25m,4 serving(s),"[Ingredients] 2 chicken breasts (use free-range chickens for a more authentic texture), 2 cups shredded green cabbage, 1 cup shredded red/purple cabbage, ½ cup shredded carrots, ¼ cup white or yellow onion (slice thin then soak in ice water to remove some of the pungent taste), ½ cup Vietnamese coriander leaves, Chopped roasted peanuts, Fried shallots, 4 tablespoons fish sauce, 3 tablespoons granulated sugar, 2 tablespoons fresh lime juice, 2 garlic cloves (mince), 1 chili pepper (mince)","[Instructions] 1) [Cook the chicken and shred] In a medium pot, add enough water to cover the chicken breasts. Bring the pot to a boil then add chicken. Cook for 15 minutes on medium-high heat. Remove chicken and allow to cool. Shred by hand into long strips and set aside. | 2) [Prepare the dressing] Mix together fish sauce, sugar, lime juice, garlic, and chili pepper. Add a little bit of the dressing to the shredded chicken. Toss to combine. | 3) [Mix it all together] In a medium bowl, mix together chicken, green cabbage, red/purple cabbage, carrots, onions, and half of the coriander leaves. Add remaining dressing to the salad. Toss to combine. | 4) [Garnish and serve] Top the salad with remaining coriander leaves for a nice pop of color, chopped roasted peanuts and fried shallots.",https://i0.wp.com/vickypham.com/wp-content/uploads/2016/10/image.png?fit=2053%2C1369&ssl=1,"side dish, appetizer","asian, vietnamese","how to make vietnamese chicken salad, goi ga bap cai, salad, vietnamese salad recipe, asian salad, cabbage salad with chicken, goi ga bap cai gỏi gà bắp cải, hand-shredded cabbage and chicken salad, asian chicken salad recipe",,5.0,1,9,10
Vietnamese Fried Fish with Tomato Sauce (Ca Chien Sot Ca Chua),Crispy fried fish in fresh tomato sauce. Serve with steamed rice for wonderful taste of childhood.,https://vickypham.com/blog/vietnamese-fried-fish-with-tomato-sauce-ca-chin-sot-ca-chua/,10m,20m,30m,2-3 serving(s),"[Ingredients] 2 large fillets of preferred fish (here I used salmon), 1/2 teaspoon salt, 1/4 teaspoon pepper, 2 tablespoons corn starch, 2-4 tablespoons vegetable oil, 1 large shallot (slice thinly), 2 large garlic cloves (mince), 1 14-oz can crushed tomatoes, 1/3 cup water, 1 tablespoon granulated sugar, 1 teaspoon fish sauce, 1 cup fresh tomatoes (whole cherry or chopped tomatoes), Sliced green onions (optional)","[Instructions] 1) [Season and Prep Fish] Pat the fish fillets dry, then season both sides liberally with salt and pepper. Lightly coat the fish in corn starch, shaking off any excess. | 2) [Pan-Fry Fish] In a large frying pan, heat the vegetable oil over medium-high heat. Fry the fish on both sides until golden brown and crispy, about 3-5 minutes per side. Transfer the fried fish to a plate lined with paper towels to drain. Discard most of the oil from the pan, leaving just a thin layer. | 3) [Make the Tomato Sauce] In the same pan, add the garlic and shallots, sautéing until fragrant, about 1-2 minutes. Add the canned crushed tomatoes and water, and simmer on low heat for 2-3 minutes. | 4) [Season the Sauce] Stir in the sugar and fish sauce, then add the fresh tomatoes. Continue cooking for another 2-3 minutes, allowing the fresh tomatoes to soften slightly. | 5) [Serve] Pour the tomato sauce over the fried fish and garnish with sliced green onions, if desired. Serve immediately with steamed rice for a comforting meal.",https://i0.wp.com/vickypham.com/wp-content/uploads/2024/08/7aa9f-download2b252812529.jpg?fit=465%2C465&ssl=1,Main Dish,Vietnamese,"Vietnamese fried fish, Ca Chien Sot Ca Chua, Vietnamese fish recipe, fish with tomato sauce, crispy fried fish, traditional Vietnamese dish, fish and tomato",,5.0,1,1,2
Vietnamese Meatloaf (Mam Chung),A Vietnamese meatloaf eaten with steamed white rice and fresh slices of cucumber for a traditional family meal.,https://vickypham.com/blog/vietnamese-meatloaf-mam-chung/,15m,55m,70m,Serves 5-7,"[Ingredients] 1-1/2 lb ground pork shoulder, 1/4 cup dried Wood Ear mushroom, 1 package (2 oz) dried bean thread vermicelli, 1 large white or yellow onion, 1 Thai chili pepper (optional), 15 oz jar ground salted fish in brine (Mắm cá trèn xay), 1/4 teaspoon pepper, 3 eggs, 3 egg yolks, 2 tablespoons vegetable oil","[Instructions] 1) [Prepare mushrooms and noodles] Soak the Wood Ear mushroom and dried vermicelli in a bowl of hot water for 30 minutes. Drain then squeeze out excess water. Finely dice and set aside. | 2) [Dice the onion] Peel and dice the onion. I like to reserve half to cut into concentric circles to place on top of the meatloaf, but this is for presentation purpose only and not necessary. | 3) [Mix the meatloaf filling] Mix ground pork with mushroom, vermicelli, onion, chili pepper (optional), salted fish, pepper, and 3 whole eggs. | 4) [Bake] Grease a baking pan with vegetable oil. Add the ground pork mixture. Bake at 375 F for about 40 minutes. | 5) [Brush with egg yolks] Brush the top with egg yolks at the 40-minute mark and continue baking for another 10-15 minutes or until no liquid is oozing from the edges and center from an inserted chopstick. | 6) [Serve] Slice the meatloaf and serve with steamed white rice and fresh cucumber slices.",https://i0.wp.com/vickypham.com/wp-content/uploads/2024/08/3c127-mam2bchung2bcucumbers.jpg?fit=750%2C500&ssl=1,Main Dish,Vietnamese,"Vietnamese meatloaf, mắm chưng, baked pork dish, Vietnamese comfort food, steamed rice pairings, fermented fish recipes",,,0,2,2
Vietnamese Mung Bean Pudding (Che Hoa Cau),"A favorite Vietnamese dessert featuring mung bean and coconut milk. It's simple, sweet and delicious.",https://vickypham.com/blog/vietnamese-mung-bean-pudding-che-hoa-cau/,10m,30m,40m,4 serving(s),"[Ingredients] 1/2 cup peeled and split dried mung bean (rinse a couple of times until water runs clear; soak in water the night before), 1 liter water, 1/2 cup tapioca starch, 3/4 cup granulated white sugar, Pinch salt, 1 14-oz can coconut milk, 1/4 teaspoon salt, 1/3 cup granulated white sugar, 1 tablespoon tapioca starch","[Instructions] 1) [Prepare the mung beans] Drain the mung bean from overnight soaking. In a small pot, add mung bean and just enough water to cover. Cook on medium low until soft (about 10 minutes). Once cooked, toss lightly, making sure not to break the beans. All water should have been absorbed. If not, drain the mung bean then set aside. | 2) [Make the pudding base] In another pot, add water (1 liter), tapioca starch, sugar and salt. Whisk until fully dissolved. Heat pot on medium high and cook until sauce thickens. | 3) [Combine mung beans and pudding] Once the mixture is at a pudding-like consistency, add cooked mung bean and mix well. Turn off heat. | 4) [Prepare the coconut sauce] In a small sauce pan, combine all the ingredients and mix well until fully dissolved. Heat pot on medium high until sauce thickens to desired consistency. | 5) [Serve] Portion the mung bean pudding into bowls. Only add coconut sauce onto mung bean pudding when ready to eat.",https://i0.wp.com/vickypham.com/wp-content/uploads/2024/08/33cc1-vietnamese252bmung252bbean252bpudding252bche252bhoa252bcau.jpg?fit=468%2C468&ssl=1,Dessert,Vietnamese,"Mung bean pudding, chè hoa cau, Vietnamese dessert, coconut pudding, mung bean dessert",,,0,8,8
Crispy Fried Butter Quail (Chim Cut Chien Bo),"Looking for a taste of Vietnam street food without leaving home? Try this simple yet delicious crispy fried quail recipe. Brushed with melted butter, this savory and authentic dish is sure to delight.",https://vickypham.com/blog/crispy-fried-butter-quail-chim-cut-chien-bo/,20m,15m,35m,6 serving(s),"[Ingredients] 6 quails, 1 tablespoon oyster sauce, 2 teaspoons granulated sugar, 1 teaspoon honey, ½ teaspoon Chinese Five Spice Powder, 2 teaspoons Shaoxing cooking wine, ½ teaspoon ground black pepper, 1 garlic clove (minced), 1 small shallot (minced), 2 tablespoons unsalted butter (melted), Vegetable oil for deep frying, 2 tablespoons lime juice, ½ teaspoon sea salt, 1 teaspoon ground black pepper, Thai chili peppers (optional; sliced thin), Vietnamese coriander (Rau Răm), Pickled daikon and carrots (Đồ Chua)","[Instructions] 1) [Prep the quails] Remove innards, if any, then cut in half along the backside. Marinate the quails for at least 15 minutes with oyster sauce, sugar, honey, Chinese five spice powder, cooking wine, ground black pepper, garlic, and shallots. For best results, marinate overnight in the fridge. | 2) [Pan Fry] Add about 1 inch of oil to a skillet and heat on medium-high or 350°F. Pan-fry for about 4 minutes per side until golden brown. Transfer to a serving platter and brush on melted butter. | 3) [Make the dipping sauce and serve] Combine lime juice, salt, ground black pepper, chili peppers (optional) in a small bowl. Serve fried quails with dipping sauce and Vietnamese coriander (Rau Răm) and/or pickled daikon and carrots (Đồ Chua).",https://i0.wp.com/vickypham.com/wp-content/uploads/2024/08/e947d-crispy-fried-butter-quail-chim-cut-chien-bo.jpg?fit=491%2C491&ssl=1,"side dish, appetizer","asian, vietnamese","vietnamese fried quail, vietnamese quail recipe, vietnamese fried quail recipe, vietnamese pan-fried quail recipe, pan fried quail recipe, fried quail recipe, authentic butter quail recipe, vietnamese butter quail, crispy fried butter quail, how to make authentic street food quail, vietnam street food, chim cut chien, chim cut, how to make chim cut, vietnamese fried butter quail, quail recipes, quail recipe, vietnamese quails, vietnamese-style quail recipe, butter quail, cút chiên bơ",,,0,1,1
Dim Sum: Chinese Soup Dumpling (Xiao Long Bao),Xiao Long Bao - Amazingly delicious steamed soup dumplings filled with ground pork and flavorful broth.,https://vickypham.com/blog/dim-sum-chinese-soup-dumpling-xiao-long-bao/,120m,120m,240m,48 dumplings,"[Ingredients] 1 pound pork bones, 1 pig’s foot (have butcher cut into small pieces), 3-5 scallions (cut into 1-inch pieces), 2 large knobs ginger, (size of thumb; unpeeled, thinly slice into strips), 2 tablespoons Shaoxing wine (Chinese rice wine), 6 cups water, 1 teaspoon salt, 3 cups all-purpose flour, plus 1/3 cup more for dusting, 1 1/4 cup hot water, 2 tablespoons vegetable oil, 1 1/4 pounds ground pork shoulder, 1 3/4 teaspoons salt, 1 tablespoon light soy sauce, 1 1/4 teaspoons sugar, 1 1/4 teaspoons Shaoxing wine (Chinese rice wine), 1 1/4 teaspoons sesame oil, 3 scallions (finely chopped), 1 garlic clove (finely grated), 3/4 teaspoon grated ginger, 3/4 teaspoon black or white pepper, Soy ginger dipping sauce",[Instructions] 1) [Pork Stock] | 2) [Dough] | 3) [Pork Filling] | 4) [Assembly],https://i0.wp.com/vickypham.com/wp-content/uploads/2024/08/6b436-shang-hai-dumpling.jpg?fit=750%2C500&ssl=1,Appetizer,Chinese,"Xiao Long Bao, Chinese soup dumpling, soup dumpling recipe, dim sum dumpling, steamed dumplings, pork soup dumplings, authentic Xiao Long Bao, how to make soup dumplings, Shanghai dumplings, homemade dumplings",,,0,0,0
Simple and Delicious Teriyaki Chicken Recipe,"A simple and delicious Western-style teriyaki chicken, pan-fried to golden perfection and coated in a sweet, savory homemade teriyaki sauce. Perfect for an easy weeknight dinner served over steamed rice with veggies.",https://vickypham.com/blog/moist-teriyaki-chicken-recipe/,10m,15m,25m,4 serving(s),"[Ingredients] 3 lbs boneless thicken thighs, 4 tablespoons vegetable oil for frying, 1/4 cup soy sauce, 1 cup water, 1/2 teaspoon grated ginger, 1/4 teaspoon grated garlic, 1/3 cup packed brown sugar, 2 tablespoons honey","[Instructions] 1) [Prepare the Sauce] Mix sauce ingredients together in a small bowl until completely dissolved. Set aside. | 2) [Pan-Fry the Chicken] In a large frying pan, add a small amount of vegetable oil and pan-fry the chicken until golden brown on both sides. You may have to fry in batches. | 3) [Drain Excess Oil] Transfer fried chicken to a plate lined with paper towels to absorb the excess oil. Either pour out excess oil from the frying pan or use a paper towel to wipe clean. | 4) [Thicken the Sauce] Add the sauce mixture into the pan and let it thicken slightly. | 5) [Coat the Chicken] Add chicken and let the sauce continue to reduce down to the desired consistency. | 6) [Serve] Serve with steamed white rice and steamed bok choy or yu choy for a complete meal.",https://i0.wp.com/vickypham.com/wp-content/uploads/2024/08/9c547-moist-teriyaki-chicken-recipe.jpg?fit=750%2C500&ssl=1,"Chicken, Main Dish","Japanese, Fusion","Teriyaki chicken, easy teriyaki recipe, Japanese teriyaki chicken, pan-fried chicken teriyaki, homemade teriyaki sauce, teriyaki chicken with rice, weeknight teriyaki chicken",,,0,3,3
Vietnamese Stuffed Cabbage Soup (Canh Bap Cai Cuon Thit),"A Vietnamese rice meal isn’t complete without a soup, or Canh. One of the easiest is ground pork with cabbage, but to elevate it, I stuff cabbage leaves with pork and tie them with green onions. The taste is the same, but the presentation is prettier—perfect for impressing guests!",https://vickypham.com/blog/vietnamese-stuffed-cabbage-soup-canh-bap-cai-cuon-thit/,15m,30m,45m,5 Servings,"[Ingredients] 1 small head cabbage, 1/2 lb ground pork, 8-10 green onions (finely mince up 3 green onions), 1/4 cup dried Woodear Mushrooms (re-hydrate in water, drain then mince finely), 1 large shallot (peel then mince finely), 1 teaspoon salt, 1/2 teaspoon pepper, 6 cups water for soup, 1 tablespoon chicken or mushroom bouillon powder","[Instructions] 1) [Prep the cabbage] Slice the cabbage in half. Remove the core at the end. Bring a small pot of water to a boil then blanch cabbage halves and whole green onions for 30 seconds. The hot water will soften up the cabbage and green onions for easier handling. Drain content into a colander and slowly peel the whole leaves from the cabbage. | 2) [Make the filling] Combine ground pork with minced green onions, Woodear mushrooms, shallot, salt and pepper. | 3) [Assemble the cabbage rolls] Wrap about 2 tablespoons of ground pork into each cabbage leaf, tying each one up with a blanched green onion. | 4) [Cook the soup] Bring a small stock pot to a boil with 6 cups water. Add stuffed cabbage. Turn the heat to low and lightly simmer for 30 minutes. Remove any scums that float to the top. | 5) [Season & Serve] Season with bouillon powder.",https://i0.wp.com/vickypham.com/wp-content/uploads/2024/08/5058b-vietnamese2bstuffed2bcabbage2bsoup2bcanh2bbap2bcai2bcuon2bthit.jpg?fit=750%2C750&ssl=1,Soup,Vietnamese,"Vietnamese stuffed cabbage soup, Canh Bap Cai Cuon Thit, Vietnamese cabbage soup",,,0,0,0
Chocolate Ganache Frosting and Candied Pecans Recipes,"Step up your dessert game with these rich and decadent chocolate ganache and candied pecans! Perfect for topping cupcakes and cakes, they add both beautiful and tasty finish.",https://vickypham.com/blog/chocolate-ganache-candied-pecans/,5m,15m,20m,8 serving(s),"[Ingredients] 8 oz heavy whipping cream (1 cup), 12 oz semi sweet chocolate chips (2 cups), 1 cup pecans, 1/4 cup granulated sugar, 1 tablespoon butter",[Instructions] 1) [Chocolate Ganache Frosting] | 2) [Candied/Caramelized Pecans],https://i0.wp.com/vickypham.com/wp-content/uploads/2024/08/38882-no-frosting-chocolate-cake-with-caramelized2bpecans.jpg?fit=1500%2C1000&ssl=1,dessert,american,"easy chocolate ganache recipe, candied pecans recipe",,,0,0,0
Vietnamese Fish Soup with Chinese Celery and Tomatoes (Canh Ca Nau Ngot),"A simple fish soup with Chinese celery and tomatoes, this quick recipe pairs perfectly with steamed rice for a complete meal.",https://vickypham.com/blog/fish-soup-with-chinese-celery-and-salmon-canh-ca-nau-ngot/,15m,20m,35m,Serves 6,"[Ingredients] 1 1/2 liters water/chicken stock/fish stock, 1 1/2 lbs whole fish or 1 lb fish fillets, 1 stalk Chinese celery, 2 large tomatoes (quartered), 3 tablespoons vegetable oil, 3 garlic cloves (peeled and minced), 1/4 cup fish sauce, 1 tablespoon granulated white sugar, 1 tablespoon chicken bouillon powder, Juice of 2 limes","[Instructions] 1) [Prepare Chinese celery] Separate leaves from stalks, then cut into bite-size pieces. For the thicker stalks, use a vegetable peeler to remove the fibers. This will make them tender and easier to eat | 2) [Prepare Aromatics] In a medium pot, coat the bottom with vegetable oil and heat on medium high. Add garlic. Saute until fragrant and lightly browned. | 3) [Add Stock and Fish] Add stock/water and fish. Bring to a boil then turn. Cook for 10-15 minutes. | 4) [Add Vegetables] Add celery stalks and tomatoes. Cook for about 2 more minutes or until stalks are tender. | 5) [Season the Soup] Season with fish sauce, sugar, chicken bouillon powder and limes.",https://i0.wp.com/vickypham.com/wp-content/uploads/2024/08/78a67-fish-soup-chinese-celery-salmon-canh-ca-nau-ngot.jpg?fit=750%2C750&ssl=1,Soup,Vietnamese,"Vietnamese fish soup, Canh Ca Nau Ngot, Chinese celery soup, Vietnamese sour soup, fish soup recipe",,,0,11,11
Fried Banana Spring Roll with Coconut Caramel Sauce (Chuoi Chien),"Crispy on the outside and sweet on the inside, these banana-filled spring rolls are perfectly complemented by a rich, creamy coconut caramel sauce.",https://vickypham.com/blog/fried-banana-spring-roll-with-coconut-caramel-sauce-chuoi-chien/,20m,15m,35m,8 serving(s),"[Ingredients] 4 regular bananas (cut into halves) or 8 Ladyfinger bananas, 8 large spring roll wrappers, 1/2 cup shredded coconut (if unsweetened, mix with 1 teaspoon granulated sugar), 1 egg yolk (mix with a fork in a bowl), Vegetable oil for deep frying, 1/2 cup coconut milk, 1/3 cup granulated sugar, 2 tablespoons unsalted butter, Pinch salt","[Instructions] 1) [Wrap the Bananas] Position the banana in one corner of the wrapper. Slowly roll up and fold in the side corners. Continue to roll the banana up. Wet the end corner with the egg yolk mixture to seal. | 2) [Make the Coconut Caramel Sauce] In a small sauce pan on medium high heat, add the sugar. Let the sugar melt and caramelize until golden brown. Add the coconut milk and salt. Stir until combined. Let the sauce simmer for 1-2 minutes on low heat. Add the butter and mix until combined. Turn off the heat and allow the sauce to cool to thicken. | 3) [Toast the Shredded Coconut] In a small frying pan, toast the shredded coconut until golden brown. Set aside. | 4) [Deep-Fry the Spring Rolls] In a medium size pot, heat vegetable oil to 350 degree Fahrenheit. Add the wrapped bananas and deep fry on each side for about one and a half minute. Transfer to a plate lined with paper towels to drain excess oil. | 5) [ Assemble and Serve] To assemble, cut the banana in half and transfer to a plate. Drizzle a little coconut caramel sauce and top with toasted shredded coconuts.",https://i0.wp.com/vickypham.com/wp-content/uploads/2024/08/0238c-006.jpg?fit=1000%2C667&ssl=1,Dessert,Vietnamese,"Fried banana spring rolls, Chuoi Chien, Vietnamese dessert, banana egg rolls, coconut caramel sauce, crispy bananas, sweet spring rolls, Asian dessert, Vietnamese snacks, deep-fried dessert",,,0,1,1
Grilled Lemongrass Beef Salad,"A refreshing and flavorful salad, featuring grilled lemongrass beef.",https://vickypham.com/blog/grilled-lemongrass-beef-salad/,20m,10m,30m,4 serving(s),"[Ingredients] 1 lb beef sirloin (pounded flat and thin), 3 stalks lemongrass (tender bottom third only; minced), 1 head garlic (about 6 large cloves; minced), 2 tablespoons fish sauce, 2 tablespoons soy sauce, 1 teaspoon black pepper, 2 tablespoons vegetable oil, 2 tablespoons granulated sugar, 4 tablespoons granulated sugar, 6 tablespoons water, 3 cloves garlic (minced), 1-2 Thai chili peppers, 4 tablespoons lime juice, 5 tablespoons fish sauce, 2 tablespoons Coconut Soda (CoCo Brand), 1/4 cup roasted peanuts (chopped), 1 small head lettuce (thinly sliced), 2 small cucumbers (deseeded and thinly sliced), 1 small carrot (peeled and thinly sliced), 1/2 cup mint leaves (thinly sliced), 1/2 cup Thai basil leaves (thinly sliced), 4 cups bean sprouts","[Instructions] 1) [Marinate the beef] For the beef, combine all the ingredients in a bowl and marinate for at least one hour. | 2) [Prepare the fish sauce dressing] For the fish sauce dressing, combine all the ingredients (except the roasted peanuts) and set aside. | 3) [Assemble the salad] Combine all the salad ingredients and gently toss to mix. | 4) [Cook the beef] Pan sear, broil or grill until lightly charred. If grilling, it should take no more than 3-5 minutes on very high heat. Do not overcook beef as it gets tough. Let the beef rest for a few minutes then slice thinly. | 5) [Assemble and serve] To serve, arrange the salad first then add slices of beef. Top with roasted peanuts and serve the dressing on the side.",https://i0.wp.com/vickypham.com/wp-content/uploads/2024/08/72041-grilled-lemongrass-beef-salad.jpg?fit=1000%2C666&ssl=1,Salad,Vietnamese,"Grilled lemongrass beef, Vietnamese salad, lemongrass beef salad, Goi Bo Nuong, fresh Vietnamese salad, Vietnamese fish sauce dressing",,,0,3,3
Light and Fluffy Sour Cream Pancakes,Fluffy and soft sour cream pancakes are the perfect way to use up that large Costco-sized pack of sour cream. They make for a delicious breakfast (or anytime snack). This recipe yields 5 medium pancakes (about 6-inches wide).,https://vickypham.com/blog/light-and-fluffy-sour-cream-pancake-recipe/,5m,25m,30m,6 medium pancakes,"[Ingredients] 1 large egg, 2 tablespoons granulated sugar, 1 cup whole milk (see notes below), 1/2 cup sour cream (see notes below), 1 tablespoon vanilla extract, 4 tablespoon unsalted melted butter (see notes below), 1 1/2 cups all-purpose flour, 1 tablespoon baking powder, 1/4 teaspoon salt, A bit more butter for cooking, Maple syrup","[Instructions] 1) [Mix the wet ingredients] In a large mixing bowl, add egg and sugar and mix until well combined. Add milk, sour cream, vanilla extract and melted butter until well combined. | 2) [Add the dry ingredients] Add the flour, baking powder, and salt to the bowl. Gently mix until just combined. It’s okay if there are a few lumps. Avoid overmixing. | 3) [Heat skillet and butter pan] You can use a griddle or an 8-inch or wider nonstick skillet. For each pancake, heat up about half a tablespoon butter, and smear it around the pan until the surface is lightly coated and the butter is just toasted, about 3 seconds. | 4) [Cook the pancake] Pour about 1/2 cup of batter into the skillet. Cook for about 2.5 minutes on medium to medium-low heat, or until bubbles form and the edges look set. Flip the pancake and cook for another 2.5 minutes until golden brown. Transfer the cooked pancake to a plate. Repeat with the remaining batter, greasing the pan with butter for each pancake. | 5) [Serve] Top the stack of pancakes with more butter if preferred and enjoy with maple syrup.",https://i0.wp.com/vickypham.com/wp-content/uploads/2024/08/214a8-download.jpg?fit=1000%2C667&ssl=1,"breakfast, entree",American,"sour cream pancakes, fluffy pancakes with sour cream, easy sour cream pancakes, best sour cream pancake recipe, pancakes with sour cream and milk, homemade sour cream pancakes, tender pancakes recipe, breakfast pancakes recipe, ways to use up sour cream, Costco sour cream recipes, sour cream vs buttermilk pancakes",,,0,0,0
Raw Oysters with Asian Mignonette Sauce,Here is an Asian take on the classic mignonette sauce that would pair beautifully with raw oysters.,https://vickypham.com/blog/raw-oysters-with-asian-mignonette-sauce/,10m,10m,10m,12 oysters,"[Ingredients] 12 raw oysters, scrubbed and shucked, 3 tablespoons finely diced Asian pear (also known as Chinese pear or apple pear), 3 tablespoons rice vinegar, 1 small shallot, grated, Juice of half a lemon, Pinch of salt, Freshly cracked black pepper, to taste","[Instructions] 1) [Prepare the Mignonette Sauce] In a small bowl, combine the diced Asian pear, rice vinegar, grated shallot, lemon juice, salt, and pepper. Stir until the ingredients are well-mixed. Taste and adjust seasoning as needed. | 2) [Dress the Oysters] Spoon about 1 teaspoon of the mignonette sauce over each oyster on the half shell. | 3) [Serve] Serve immediately and enjoy the fresh, tangy flavors. Perfect as an appetizer or for a special occasion!",https://i0.wp.com/vickypham.com/wp-content/uploads/2024/08/23830-118.jpg?fit=1000%2C667&ssl=1,Appetizer,Fusion,"Asian mignonette sauce, raw oysters, oysters with sauce, Asian pear recipes, easy mignonette recipe",,,0,0,0
Vietnamese Beef and Tomato Stir Fry Recipe (Thit Bo Xao Ca),A quick stir fry recipe with beef and tomatoes. Enjoy with rice or noodles for a complete meal.,https://vickypham.com/blog/vietnamese-beef-tomato-stirfry-thit-bo-xao-ca/,15m,10m,25m,5 serving(s),"[Ingredients] 1 lb skirt or flank steak (cut into thin strips perpendicular to the grain), 4 tablespoons fish sauce, 2 teaspoons oyster sauce, 2 tablespoons granulated sugar, 2 tablespoons rice wine (optional), 2 tablespoons water, 1 tablespoon corn starch, 2 tablespoons vegetable oil, 2 cloves garlic (peel and mince), 3 large tomatoes (cut into wedges), 4-5 large mushrooms (any kind, remove stems then slice), 2 small bell peppers (de-seed and slice into thick strips), 2 green onions (remove root ends and cut into 1-inch segments)","[Instructions] 1) [Prepare the Sauce] Combine fish sauce, oyster sauce, sugar, rice wine (optional), water and corn starch together in a small bowl. Whisk until corn starch is completely dissolved then set aside. | 2) [Cook the Beef] In a large wok, add vegetable oil and heat on high. Add beef in a single layer and pan fry until you get a nice caramelization on the outside. | 3) [Add Aromatics and Vegetables] Add garlic and sauté until fragrant (a few seconds) then add tomatoes, mushrooms, and bell peppers. Toss and cook for about 2 minutes. | 4) [Add the Sauce] Rewhisk sauce mixture to make sure corn starch didn’t settle to the bottom then immediately add to the wok. Toss the beef and the vegetables evenly in the sauce. | 5) [Finish and Serve] Turn off the heat once the sauce starts to thicken. Garnish with green onions and enjoy with steamed rice.",https://i0.wp.com/vickypham.com/wp-content/uploads/2024/08/3f67d-vietnamese2bbeef2btomato2bstirfry2bthit2bbo2bxao2bca2brecipe.jpg?fit=1000%2C667&ssl=1,main dish,Vietnamese,"Vietnamese beef stir fry, Thit Bo Xao Ca, beef and tomato stir fry, Vietnamese stir fry recipe, Asian beef stir fry, quick Vietnamese recipe, beef and vegetable stir fry, Vietnamese comfort food, easy stir fry with beef, tomato and beef stir fry, Vietnamese recipes with fish sauce, authentic Vietnamese beef stir fry, Vietnamese dinner recipes, Vietnamese rice dishes, beef and tomato recipe, stir fry with bell peppers and mushrooms",,,0,2,2
Vietnamese Pork Meatballs in Tomato Sauce (Xiu Mai),A popular Vietnamese pork meatballs simmered in a sweet and savory tomato sauce. Enjoy it in a Bánh Mì sandwich or simply with a baguette and a warm bowl of meatballs on the side for dipping.,https://vickypham.com/blog/vietnamese-meatballs-xiu-mai-1/,15m,15m,30m,5 servings,"[Ingredients] 1 lb fatty ground pork, 1/2 lb shrimp (peeled, deveined, and minced), Half cup yellow or white onion (finely diced), Half cup finely diced jicama, 1/2 teaspoon sea salt, 1/2 teaspoon ground black pepper, 2 teaspoons fish sauce, 1 teaspoon granulated sugar, 2 teaspoons chicken or mushroom bouillon powder, 2 tablespoons potato starch (see notes), 1 green onion (thinly sliced; white/green separated), 2 tablespoons vegetable oil (see notes), 3 garlic cloves (finely diced), Half cup yellow or white onion (finely diced), 10-12 oz finely diced red tomatoes, 2 cups water or stock, 1 tablespoon granulated sugar, 1/2 teaspoon sea salt, 2 tablespoons fish sauce, 1/4 teaspoon ground black pepper","[Instructions] 1) [Make the meatballs] In a large bowl, combine all of the meatball ingredients and only the whites of green onions. Mix until well combined. Shape the mixture into small balls, about 1 1/2 inches in diameter. Set aside. | 2) [Cook the tomatoes] Heat the vegetable oil in a large skillet over medium heat. Add the garlic and onions. Cook until fragrant (about 2-3 minute). Add the tomatoes and cook for about 3 minutes, or until they start to break down. Add water or stock and bring the mixture to a low simmer. | 3) [Cook the meatballs] Add meatballs, cover and simmer on medium low heat for about 10 minutes. | 4) [Season to taste] Add sugar, salt, fish sauce, and ground pepper. If you want the sauce to be thicker, see notes below. | 5) [Finish] Garnish with green part of green onions and serve.",https://i0.wp.com/vickypham.com/wp-content/uploads/2024/08/cea96-vietnamese2bmeatballs2bxiu2bmai2brecipe.jpg?fit=1000%2C1250&ssl=1,entree,"Asian, Vietnamese","the best xiu mai recipe, no steaming, xiu mai, xíu mại, xiu mai recipe, xíu mại recipe, Vietnamese pork meatballs in tomato sauce, Vietnamese pork meatballs in tomato broth, Vietnamese pork and shrimp meatballs, Vietnamese pork meatball recipe, Vietnamese pork and shrimp meatballs recipe, Vietnamese pork and shrimp meatball recipe, tomato broth, tomato sauce, jicama, starch, potato starch, corn starch, tapioca starch, fish sauce, chicken bouillon powder, mushroom bouillon powder, green onion, garlic, white onion, yellow onion, oil, chicken broth, sugar, salt, ground black pepper, slurry, shrimp, pork, Asian meatball, Asian pork meatball recipe, Asian shrimp and pork meatball recipe, authentic Vietnamese xiu mai recipe, authentic recipe, authentic Vietnamese pork meatball recipe in tomato sauce, authentic Vietnamese pork meatball recipe in tomato broth, Vietnamese meatball in tomato sauce, easy xiu mai recipe, easy and authentic xiu mai recipe, Vietnamese meatballs, how to make xiu mai, how to eat xiu mai, how to make xiu mai for banh mi, banh mi, banh mi xiu mai, bánh mì xíu mại, bánh mì, xíu mại, Vietnamese breakfast, no steaming xiu mai recipe",,5.0,1,5,6
Vietnamese Crispy Salt and Pepper Prawns (Tom Rang Muoi),"Bite-sized bursts of savory, salty, and spicy (optional) flavors, these crispy fried shrimp are the perfect easy-to-make appetizer for any occasion.",https://vickypham.com/blog/vietnamese-salt-pepper-prawns-tom-rang-muoi/,5m,10m,15m,5 serving(s),"[Ingredients] 2 lbs whole shrimp (about 25-30 21/25 size large devein shrimp; head tail optional), ½ cup corn starch, Vegetable oil (for deep-frying), ½ teaspoon salt, ½ teaspoon ground black pepper, ¼ teaspoon granulated white sugar, 1 jalapeno (see notes), 2 fresh or dried red chili peppers (see notes), 2 garlic cloves (peel and slice thin), 1 shallot (peel and slice thin)","[Instructions] 1) [Prep the shrimp] If preferred, cut off the whiskers, sharp point on the head and trim off the eyes with a pair of kitchen shears. I prefer to keep it all intact because they do fry up nicely. Devein the shrimp by inserting a toothpick underneath the vein on the back of the prawn. Slowly pull the toothpick up to remove the vein. Rinse off the shrimp to remove any lingering fishy smell and veins. Set aside. | 2) [Prepare the salt mixture] In a small pan, dry toast the salt on medium-low heat until it starts to turn color (about 2 minutes). Turn off heat and transfer the roasted salt to a small bowl. Mix in the ground black pepper and sugar until well combined. Set aside. | 3) [Deep fry the shrimp] In a wok or pot, heat vegetable oil to 350°F for deep frying. Dredge shrimp in corn starch and tap off excess. Deep fry the shrimp in batches, dropping them in oil one at a time, and cook for about 3 minutes or until golden and crispy. Transfer the shrimp onto a plate lined with paper towels to absorb excess oil. | 4) [Stir fry finish] In a large wok or skillet, add 2 tablespoons of vegetable oil and heat on medium high. Add jalapenos or chili peppers, garlic, and shallots. Sauté until softened and fragrant (about one minute). Add the fried shrimp and sprinkle with the salt-pepper-sugar mixture. Lightly toss until evenly coated. Serve immediately for best results.",https://i0.wp.com/vickypham.com/wp-content/uploads/2024/08/ee5fe-vietnamese-salt-pepper-prawns-tom-rang-muoi.jpg?fit=1000%2C667&ssl=1,"side dish, appetizer","asian, vietnamese, chinese","tôm chiên muối tiêu, tôm rang muối tiêu, tôm chiên, tôm rang, tom chien, tom rang, tom chien muoi, tom chien muoi tieu, tom rang muoi, tom rang muoi tieu, crispy salt and pepper shrimp, Vietnamese salt and pepper shrimp, Vietnamese salt and pepper shrimp recipe, crispy salt and pepper shrimp recipe, crispy shrimp recipe, shrimp recipe, Asian shrimp recipe, Vietnamese shrimp recipe, fry shrimp recipe, Vietnamese fried shrimp recipe, salt and pepper shrimp, fried salt and pepper shrimp, how to make salt and pepper shrimp, what is salt and pepper shrimp made of, Vietnamese spice mixture for fried shrimp, Vietnamese spice mixture for fried protein, Vietnamese spice mixture for fried food, salt and pepper shrimp, easy salt and pepper shrimp recipe, easy salt and pepper shrimp",,,0,7,7
Banana Blossom Salad Recipe (Goi Bap Chuoi),"A banana blossom salad made with red cabbage, white onions and red bell peppers, topped with minced mint, Vietnamese coriander, roasted peanuts and the same generous pour of fish sauce dressing.",https://vickypham.com/blog/banana-blossom-salad-recipe-goi-bap-chuoi/,20m,10m,30m,Serves 4-6,"[Ingredients] 1 small banana blossom (slice thinly), 1 teaspoon salt, Half a lime/lemon, A third of small white onion (slice thinly), A third of small head of purple cabbage (slice thinly), 1 small red bell pepper (slice thinly), 2 tablespoons Vietnamese coriander leaves, 2 tablespoons minced mint, 1/4 lb cooked shrimp and/or 1/4 lb of thinly sliced cooked pork shoulder), 1/2 cup crushed roasted peanuts, 1 lemon or lime (juiced), 1 tablespoon fish sauce, 2 tablespoons granulated sugar, 1 tablespoon Coconut Soda, 1 garlic clove (slice thinly), 1 Thai chili (optional)","[Instructions] 1) [Prepare the Banana Blossom] Add the sliced banana blossom to a large tub of cold water. Add salt and juice of lemon/lime. Soak for about 10 minutes. The salt draws out excess water and the lemon prevents it from browning. Scoop the long strands of banana blossoms at the top of the water and discard everything else. Toss the banana blossom dry in a colander. | 2) [Soften the Onions] Add the sliced onions to a bowl of cold water. The cold water will lessen the pungent smell of onions. Remove the onions after 5 minutes and toss dry in a colander. | 3) [Combine Vegetables and Protein] Toss all the vegetables (banana blossoms, white onion, purple cabbage, red bell pepper, coriander, and mint) and proteins together. Set aside. | 4) [Make the Dressing] Add all the dressing ingredients together in a small bowl and whisk together. | 5) [Assemble the Salad] When ready to serve, add the dressing to the salad and give a quick toss. Top with roasted peanuts. Serve immediately.",https://i0.wp.com/vickypham.com/wp-content/uploads/2024/08/b5553-banana2bblossom2bsalad2bgoi2bbap2bchuoi.jpg?fit=1000%2C667&ssl=1,Salad,Vietnamese,"Banana blossom salad, Vietnamese salad, Goi Bap Chuoi, tropical salad, refreshing side dish, Asian salad recipe",,,0,5,5
Carrot Cupcakes with Cream Cheese Frosting,"Looking for the perfect carrot cupcake? These moist, spiced cupcakes topped with luscious cream cheese frosting are it. It's a great way to sneak in some veggies and indulge in a treat.",https://vickypham.com/blog/carrot-cupcake-with-caramelized-walnuts/,10m,20m,30m,12 cupcakes,"[Ingredients] 1 1/2 cups grated carrots, 1 cup granulated sugar, 2 eggs, 3/4 cup vegetable oil, 1 teaspoon vanilla extract, 1 cup all-purpose flour, 1/2 teaspoon baking soda, 1/2 teaspoon salt, 1 teaspoon ground cinnamon, 1/8 teaspoon ground nutmeg, Cream cheese frosting recipe","[Instructions] 1) [Preheat the oven] Preheat your oven to 350°F. Line a cupcake pan with cupcake liners. | 2) [Macerate the carrots] In a medium bowl, mix the grated carrots with sugar until evenly combined. | 3) [Add wet ingredients] To the same bowl, add the eggs, oil, and vanilla extract. Mix until well combined. | 4) [Add dry ingredients] Add the flour, baking soda, salt, cinnamon, and nutmeg to the bowl. Mix until the batter is just combined. | 5) [Fill the liners] Fill each cupcake liner about 3/4 full with the batter. | 6) [Bake] Bake for 20 minutes, or until a toothpick inserted into the center of a cupcake comes out clean. | 7) [Frost] Let the cupcakes cool completely before frosting or serving.",https://i0.wp.com/vickypham.com/wp-content/uploads/2015/09/2024_12_07-Carrot-Cupcake52545-1.jpg?fit=3510%2C3510&ssl=1,dessert,American,"carrot cupcakes, carrot cake cupcakes, cupcakes with cream cheese frosting, moist carrot cupcakes, easy carrot cupcakes, homemade carrot cupcakes, best carrot cupcake recipe, spiced carrot cupcakes, cream cheese frosting recipe, healthy carrot cupcakes, how to make carrot cupcakes",,,0,0,0
Sea Snails in Coconut Milk (Ốc Len Xào Dừa),"My favorite street food snack is sea snails in spicy coconut milk (Oc Len Xao Dua). Cooked in coconut milk with fresh lemongrass, garlic, Vietnamese Coriander (Rau Ram), and chili, this dish is packed full of flavors.",https://vickypham.com/blog/sea-snails-in-coconut-milk-oc-len-xao-dua/,15m,15m,30m,Serves 4,"[Ingredients] 1 lb cone-shaped escargot/mud creepers, 2 tablespoons vegetable/coconut oil, 1 tablespoon minced garlic, 2 tablespoons minced lemongrass (the tender stalk of about 2 fresh lemongrass stalks), 14-oz can coconut milk, 1/3 cup water, 1 teaspoon salt, 1 teaspoon sugar, Vietnamese coriander (optional), Red chili peppers (optional)","[Instructions] 1) [Prepare fresh sea snails if needed] If using fresh snails, soak them in water with a little bit of salt for at least 30 minutes to purge the grit and sand. Carefully hack off the coned end of each snail to loosen up the suction. Then thoroughly rinse and drain dry. If using frozen sea snails, the ends usually are already cut. Just give those a rinse. | 2) [Sauté aromatics] In a medium-sized pan, heat vegetable oil on medium high. Add garlic, lemongrass and chili peppers (optional). If you are using fresh lemongrass, instead of tossing the tough leafy parts, cut them up into 2-inch segments and toss into the pan as well. Sauté in oil until fragrant (about 15 seconds) then immediately add snails. Toss in the aromatics for about one minute. | 3) [Simmer and season] Add coconut milk and water. Simmer on low for 5-7 minutes. Season with salt and sugar to taste. | 4) [Garnish and serve] Garnish with fresh Vietnamese coriander leaves (optional).",https://i0.wp.com/vickypham.com/wp-content/uploads/2024/08/9570c-sea2bsnails2bin2bcoconut2bmilk2boc2blen2bxao2bdua.jpg?fit=1000%2C563&ssl=1,Appetizer,Vietnamese,"oc len xao dua, Vietnamese seafood, sea snails recipe, coconut milk snails, Vietnamese appetizer, snail stir-fry",,,0,4,4
Vietnamese Caramelized Pork Belly and Pineapple (Thit Kho Thom),"Small chunks of pork belly and pineapples, braised in a combination of fish sauce and sugar, this dish goes wonderfully with steamed rice.",https://vickypham.com/blog/vietnamese-braised-pork-and-pineapple-thit-kho-thom/,20m,55m,75m,5 serving(s),"[Ingredients] 3 lbs pork belly, 1 small shallot (peel and mince), 4 garlic cloves (peel and mince), 4 tablespoons fish sauce, 1/2 teaspoon ground black pepper, 1/4 teaspoon thick soy sauce or 1 teaspoon homemade caramel cooking sauce, 2 tablespoons granulated sugar, 8 oz pineapples chunks (1 cup with a bit a juice), 2 green onions/scallions (slice thinly; separate whites/greens)","[Instructions] 1) [Prepare pork belly] Cut pork belly into small chunks so that each chunk includes a bit of skin, fat and meat. In a claypot or skillet, marinate pork with shallots, garlic, whites of green onions, fish sauce, ground pepper, thick soy sauce/homemade caramel cooking sauce, and half of the sugar for at least 15 minutes. | 2) [Braise] Heat the claypot on medium-low to a low simmer. Add pineapple and its juice. Braise for 45 minutes, uncovered. Cook 10 more minutes, uncovered, or until liquid reduces down into a glaze. Taste test if see if remaining sugar is needed (sometimes pineapples release a lot of its own sugar and additional sugar may not be needed). | 3) [Finish] Garnish with remaining green onions and serve with steamed rice.",https://i0.wp.com/vickypham.com/wp-content/uploads/2024/08/57ea4-vietnamese2bbraised2bpork2band2bpineapple2bthit2bkho2bthom.jpg?fit=1000%2C666&ssl=1,side dish,"asian, vietnamese","thịt heo kho thơm, thit heo kho thom, thịt heo kho khóm, thit heo kho khom, thịt ba rọi kho khóm, thit ba roi kho khom, thịt ba rọi kho thơm, thit ba roi kho thom, pork belly, pork recipe, vietnamese pork recipe, vietnamese caramelized pork recipe, pork belly recipe, vietnamese pork belly recipe, pork belly and pineapple recipe, pork and pineapple recipe, vietnamese pork belly and pineapple recipe, how to make vietnamese caramelized pork belly with pineapples, pork and pineapple recipe, pineapple recipe, caramelized pork belly recipe, vietnamese caramel pork recipe, caramel pork belly, caramel pork belly",,,0,8,8
Vietnamese Pizza (Banh Trang Nuong),"Bánh Tráng Nướng, also known as Vietnamese Pizza, is a beloved street food that’s taking over the streets of Vietnam, especially among the younger crowd. A crispy rice paper base is topped with a beaten egg, green onions, and an array of fun toppings like cheese, hot dogs, or traditional options like dried pork floss and chili oil. Grilled to perfection, this snack is a delicious fusion of textures and flavors, offering a crunchy, savory treat with endless topping possibilities. Perfect for adventurous eaters or anyone looking to recreate a popular Vietnamese street food at home!",https://vickypham.com/blog/vietnamese-pizzaquesadilla-banh-trang-nuong/,10m,5m,15m,1 serving(s),"[Ingredients] Rice paper, Quail or chicken eggs, Green onions/scallions, Kewpie mayo, Sriracha Sauce or homemade chili oil (sa tế), Hot dogs (cook and thinly slice), Spam (cook and thinly slice), Sausage (cook and thinly slice), Shredded dried pork (chà bông), Canned tuna, Cheese","[Instructions] 1) [Heat Rice Paper] Add a rice paper to a hot grill, traditional charcoal grill, or dry frying pan (no oil). | 2) [Add the Eggs] Crack two quail eggs or one chicken egg directly onto the rice paper. Use the back of a spoon or a pair of chopsticks to evenly spread the eggs. Eggs will want to run off the rice paper at first so make sure to keep them centered. | 3) [Add Toppings] Add green onions/scallions and your desired toppings. | 4) [Cook, Fold and Serve] Rotate the rice paper as needed with a pair of tongs. Fold in half when all parts are crispy. Serve immediately for best results.",https://i0.wp.com/vickypham.com/wp-content/uploads/2015/11/banh-tran-nuong.png?fit=787%2C465&ssl=1,Appetizer,Vietnamese,"Vietnamese Pizza, Bánh Tráng Nướng, grilled rice paper, Vietnamese street food, crispy rice paper, egg toppings, pork floss, chili oil, street food snack, traditional Vietnamese, Southeast Asian flavors, adventurous eating, DIY Vietnamese pizza, quail egg, chicken egg, green onions, Kewpie mayo, Sriracha sauce, cheese, hot dogs, spam, sausage, canned tuna, snack recipe, easy grilling, Vietnamese appetizer, crispy snack, unique toppings, fusion food, popular street food",,,0,1,1
Vietnamese Shrimp Egg Roll Appetizer (Cha Gio Cuon Tom),"A super simple Vietnamese appetizer. Whole shrimp, simply marinated then rolled in egg wrappers and deep-fried. It's fancy. It's delicious, and a guaranteed crowd-pleaser.",https://vickypham.com/blog/vietnamese-shrimp-egg-roll-appetizer-cha-gio-cuon-tom/,15m,5m,20m,4 serving(s),"[Ingredients] 1 lb headless shrimp (peel, devein and leave tails on to make a “handle”), 1 tablespoon oyster sauce, ½ teaspoon granulated sugar, 1 1-lb package spring roll/lumpia/egg roll wrappers, 1 egg, Vegetable oil for frying, Bottled sweet chili dipping sauce or make your own","[Instructions] 1) [Marinate shrimp] In a medium-sized bowl, add the shrimp, oyster sauce and sugar. Toss to combine. | 2) [Prepare the egg wash] In a small bowl, beat the egg with a fork and set aside. If you don’t have an egg, you can also mix 1 tablespoon tapioca starch with 2 tablespoons cold water. | 3) [Assemble eggrolls] See the instructional picture above for reference. Cut the stack of egg roll wrappers in half at a diagonal. Pull apart slowly to separate into individual sheets. Place a shrimp on the wrapper with the tail sticking out. Gently roll up. At the midway point, pull the wrapper corner down to cover the shrimp. Continue rolling up. Brush egg wash (or tapioca starch/water mixture) on the top corner to seal. | 4) [Cook and serve] Deep fry the shrimp egg rolls at 375°F without overcrowding (about 2 minutes per batch or until golden brown). Transfer fried shrimp egg rolls from the oil to a wire rack or a plate lined with paper towels to absorb the excess oil. Serve immediately with a side of sweet chili dipping sauce for best results.",https://i0.wp.com/vickypham.com/wp-content/uploads/2024/08/7a938-fried2bshrimp2bin2begg2broll2bwrappers.jpg?fit=1000%2C667&ssl=1,appetizer,"asian, vietnamese","vietnamese shrimp egg rolls, vietnamese shrimp egg roll, shrimp egg rolls, shrimp spring roll, shrimp spring roll recipe, crispy shrimp egg roll, crispy shrimp egg roll, vietnamese appetizer, vietnamese crispy spring roll appetizer, vietnamese crispy egg roll appetizer, how to make vietnamese shrimp egg roll appetizer, how to make vietnamese shrimp spring roll appetizer, shrimp egg rolls, how to make shrimp egg rolls, vietnamese shrimp egg roll recipe, easy homemade shrimp egg roll, easy homemade shrimp spring roll, shrimp egg roll tutorial, how to wrap shrimp egg roll, how to wrap shrimp spring roll, shrimp egg rolls recipe, authentic shrimp egg rolls recipe, authentic vietnamese shrimp egg roll recipe, shrimp egg roll recipe, shrimp egg rolls recipe, cha gio cuon tom, cha gio tom, Chả Giò Cuốn Tôm, Chả Giò Tôm, vietnamese home cooking recipes",,,0,8,8
Vietnamese Stuffed Calamari (Muc Nhoi Thit),"Calamari stuffed with a pork, noodle, and mushroom mixture is first steamed, then quickly fried or grilled for a seared finish. Wrapped in lettuce with Vietnamese herbs and served with dipping sauce, it’s a perfect Vietnamese appetizer for special occasions.",https://vickypham.com/blog/vietnamese-stuffed-squid-muc-nhoi-thit/,25m,20m,45m,4 serving(s),"[Ingredients] 30 small to medium cleaned calamari, Toothpicks (to seal the calamari), Fish sauce dipping sauce, 1/2 lb ground pork (plus any tentacles from the calamari, minced), 1 teaspoon fish sauce, 1 teaspoon ground pepper, 1 teaspoon sugar, 1/2 teaspoon salt, 1 shallot (diced), 2 stalks green onion (minced thinly), 1/2 cup bean thread noodles (soaked in warm water for 10 min, drained then minced), 1/4 cup wood ear mushrooms (soaked in warm water for 10 min, drained and minced)","[Instructions] 1) [Prepare the stuffing] Combine the pork, minced tentacles (if any), fish sauce, ground pepper, sugar, salt, shallot, green onions, bean thread noodles and wood ear mushrooms. Let the pork mixture marinate for at least 5 minutes. | 2) [Stuff the calamari] Stuff the calamari using a small spoon or a piping bag. Seal the calamari by threading a toothpick at the end. | 3) [Steam the calamari] In a frying pan on medium high heat, add the stuffed calamari. No need for oil. Cover the pan with a lid and steam the calamari for 10 minutes. This will evenly and perfectly cook both the pork and calamari without drying them out. | 4) [Add color to the calamari] To add color to the calamari, you can either fry it with a bit of vegetable oil or grill until golden brown. | 5) [Slice and serve] Slice to the desired thickness and serve with fish sauce dipping sauce.",https://i0.wp.com/vickypham.com/wp-content/uploads/2024/08/3a874-vietnamese2bstuffed2bsquid2bmuc2bnhoi2bthit.jpg?fit=1500%2C1000&ssl=1,Appetizer,Vietnamese,"stuffed calamari, Vietnamese appetizer, muc nhoi thit, calamari recipe, pork stuffing, seafood dish, Vietnamese cuisine, Asian appetizer, stuffed squid recipe",,5.0,1,2,3
Copycat Recipe: Boiling Crab Shrimp,Love the flavors of Boiling Crab? Now you can recreate their famous shrimp at home!,https://vickypham.com/blog/copycat-recipe-boiling-crab-shrimp/,10m,10m,20m,3 serving(s),"[Ingredients] 1 lb shrimp with head, tail and unpeeled, 1 head of garlic (peel and roughly chop), 1 stick unsalted butter, 1 teaspoon paprika, 1 teaspoon cayenne, 1 teaspoon lemon pepper, 1 teaspoon Cajun seasoning, 1 teaspoon red curry paste, 1 teaspoon Old Bay seasoning, 1 teaspoon granulated sugar","[Instructions] 1) [Melt Butter and Sauté Garlic] In a medium pan, melt the butter over medium heat. Add the chopped garlic and sauté until fragrant, about 1 minute. | 2) [Prepare the Sauce] Add paprika, cayenne pepper, lemon pepper, Cajun seasoning, red curry paste, Old Bay seasoning, and sugar to the pan. Mix well and let the sauce cook for 2-3 minutes to meld the flavors. | 3) [Cook the Shrimp] Add the shrimp to the pan, tossing to coat evenly in the sauce. Cover and cook for 2-3 minutes, or until the shrimp are pink, opaque, and cooked through. | 4) [Serve] Transfer the shrimp to a serving dish, pouring any remaining sauce over the top. Serve hot with corn on the cob for a Boiling Crab-style feast.",https://i0.wp.com/vickypham.com/wp-content/uploads/2024/08/6036f-boiling2bcrab2bshrimp.jpg?fit=1000%2C667&ssl=1,Main Course,Cajun-Asian Fusion,"boiling crab shrimp, shrimp boil recipe, Cajun shrimp, garlic butter shrimp, seafood boil",,,0,20,20
Vietnamese Pork and Shrimp Dumplings (Pot Stickers),"Enjoy restaurant-quality pork dumplings (pot stickers) at home with this easy recipe! Juicy pork filling wrapped in crispy, pan-fried dumplings that are perfect for dipping in a tangy soy sauce.",https://vickypham.com/blog/pork-dumplings-potstickers/,20m,10m,30m,35 Pot Stickers,"[Ingredients] 12 oz ground pork shoulder/butt, 1/2 cup dried shrimp (soak in warm water for 5 minutes. Drain then mince), 3 bok choy stalks (mince; you can also substitute with 1-1/2 cups minced bamboo shoots), 2 green onions (mince), 2 tablespoons vegetable oil, 1 tablespoon sugar, 1 tablespoon oyster sauce, 1 tablespoon fish sauce, 1/4 teaspoon ground black pepper, 1 package (14 oz) pot sticker wrappers (also known as gyoza wrappers), 1 beaten egg to seal pot stickers, 1/4 cup rice wine vinegar, 1/2 cup granulated white sugar, 3/4 cup all-purpose soy sauce, 1 teaspoon sesame oil, 1 teaspoon garlic powder, 1 red Thai chili pepper (slice thin; optional)","[Instructions] 1) [Prepare Filling] Combine the filling ingredients in a bowl. | 2) [Add Fillings] For each wrapper, add about two teaspoons filling. | 3) [Fold Wrappers] Brush edges of wrapper with the beaten egg. Fold over and pinch to seal. Feel free to do any fancy pleating here if desired. | 4) [Cook Pot Stickers (Option 1 - Boiling)] In a medium pot, bring water to a boil and cook the pot stickers for about 5-8 minutes or until the pot stickers float to the top. | 5) [Cook Pot Stickers (Option 2 - Pan-fry/Steam)] To pan-fry/steam the pot stickers, heat up a pan with a bit of vegetable oil (just enough to lightly coat the bottom). Brown both sides of the pot stickers. Once you have both sides golden brown, add about 2-3 tablespoons of water to the pan and cover the pan with a lid for about 5 minutes. The steam will finish the cooking. Remove lid and allow the steam to evaporate completely. Continue to pan-fry just long enough for the residual oil to crisp back up the pot stickers (about 1-2 minutes). | 6) [Prepare Dipping Sauce] In a small bowl, whisk together vinegar, sugar, soy sauce, sesame oil and minced Thai chili. Adjust seasoning to taste. | 7) [Serve] Serve pot stickers hot with the dipping sauce on the side.",https://i0.wp.com/vickypham.com/wp-content/uploads/2024/08/f8c09-pork2bdumplings.jpg?fit=1000%2C630&ssl=1,Appetizer,"Vietnamese, Asian","Vietnamese pot stickers, pork and shrimp dumplings, Asian dumplings, gyoza recipe, Vietnamese appetizer, pork dumpling recipe, shrimp pot stickers",,,0,7,7
Vietnamese Iced Coffee (Ca Phe Sua Da),"A popular Vietnamese iced coffee made with dark-roasted beans and sweetened condensed milk, served over ice for a perfectly refreshing caffeinated drink.",https://vickypham.com/blog/vietnamese-iced-coffee-ca-phe-sua-da/,10m,10m,10m,1 serving(s),"[Ingredients] 2 heaping tablespoons Arabica and/or Robusta coffee ground, 2 tablespoons sweetened condensed milk, Hot water, 1 cup ice cubes","[Instructions] 1) [Add condensed milk] in a short glass. | 2) [Add a phin] on top of the glass then add ground coffee into the chamber. Use the tamper to press the coffee grounds down gently and evenly. Twist the tamper to tighten and secure it in place. | 3) [Fill the phin chamber] with hot water to the top. Cover with a lid. Let the coffee drip through the filter and into the cup below. This process can take 5-10 minutes. Coffee is ready once the hot water completely runs through the phin. Remove the lid and use it as a coaster for the phin. | 4) [Stir] to mix coffee with condensed milk until it’s completely dissolved then transfer coffee to a tall glass of ice, stir, and enjoy.",https://i0.wp.com/vickypham.com/wp-content/uploads/2024/08/eee80-vietnamese-ice-coffee-cafe-sua-da28129.jpg?fit=1000%2C660&ssl=1,drink,"asian, vietnamese","Vietnamese iced coffee, Vietnamese iced milk coffee, Vietnamese iced coffee recipe, Vietnamese iced milk coffee recipe, how to make Vietnamese iced coffee, how to make Vietnamese iced, how to make cafe sua da, cafe sua da, Cà Phê Sữa Đá, ca phe sua da cafe sua da recipe, Vietnamese coffee, Vietnamese robusta beans, Vietnamese robusta coffee, Vietnamese arabica coffee, Vietnamese coffee beans, arabica coffee beans, what is the difference between arabica beans and robusta beans, arabica vs robusta coffee beans, popular Vietnamese coffee beans",,,0,3,3
Winter Melon Soup with Shrimp (Canh Bi Dao Tom),One of the quickest soups to accompany steamed rice in a traditional Vietnamese family meal.,https://vickypham.com/blog/winter-melon-soup-with-shrimp-canh-bi-dao-tom/,10m,15m,25m,3 serving(s),"[Ingredients] 5 large peeled shrimps, 1 small shallot, 1/4 teaspoon salt, 1/4 teaspoon black pepper, 1 teaspoon fish sauce, 2 teaspoons vegetable oil, 1 small shallot (slice thinly), 4 cups water, 1/2 teaspoon salt, 1 teaspoon sugar, 1 teaspoon chicken bouillon powder, 1/4 teaspoon MSG (optional), 1 small winter melon (peel, de-seed and cut into bite size pieces), 2 green onions (cut into 1-inch segments), Pinch of black pepper","[Instructions] 1) [Prepare the Shrimp Marinade] Mince up the shrimp with the shallot on a cutting board. Add the shrimp to a bowl and marinate with salt, black pepper, fish sauce. Set aside. | 2) [Prep the Ingredients] Slice the second shallot thinly. Peel, deseed, and cut the winter melon into bite-sized pieces. Slice the green onions into 1-inch segments. | 3) [Sauté Aromatics] Heat up a small pot with vegetable oil. Add the sliced shallot and fry until fragrant (about 30 seconds). | 4) [Cook the Shrimp] Add the marinated shrimp along with the liquids. Sauté until shrimp starts to turn pink. | 5) [Make the Soup Base] Add water and bring it to a boil. Add salt, sugar, chicken/pork/mushroom seasoning, and MSG. | 6) [Cook the Winter Melon] Add winter melon. Once the pot turns to a boil, turn off the heat. Let the winter melon cook on the residual heat for about five minutes or until fork tender. | 7) [Garnish and Serve] Before serving, top with green onions and a pinch of black pepper.",https://i0.wp.com/vickypham.com/wp-content/uploads/2024/08/41981-canh2bbi2bdao2btom2bwinter2bmelon2bsoup.jpg?fit=1000%2C726&ssl=1,Soup,Vietnamese,"winter melon soup, Vietnamese soup, canh bi dao, shrimp soup, quick soup recipe, winter melon recipe, Vietnamese home cooking, healthy soup, easy soup recipe, Asian soup recipes",,,0,4,4
Mexican Shrimp Cocktail,"Inspired by our many trips to Salinas, CA, this refreshing Mexican Shrimp Cocktail is a nod to the authentic flavors we love from the little taco trucks and family-run restaurants. This recipe is brimming with juicy shrimp, fresh avocado, and crisp veggies, all bathed in a vibrant citrus-tomato-clam juice. Whether you're serving it as a light appetizer or a zesty side dish, it's guaranteed to impress with its bright, bold flavors. Perfect for any gathering, just remember—don't go overboard on the shrimp!",https://vickypham.com/blog/mexican-shrimp-and-lobster-cocktail/,20m,20m,20m,4 serving(s),"[Ingredients] 1 1/2 cups Clamato juice, 1/4 cup ketchup, 1/4 cup fresh lime juice, 1 teaspoon hot sauce, 1 teaspoon salt, 1 small red onion; diced, 1/4 cup chopped cilantro, 1 firm-ripe avocado; peeled, pitted and diced, 1/4 lb cooked shrimp; cut into chunks, 1/4 lb cooked whole shrimp; butterflied, deveined, and peeled except for tail (optional for garnish)","[Instructions] 1) [Prepare the Base] In a large bowl, mix together the Clamato juice, ketchup, lime juice, hot sauce and salt. | 2) [Add the Ingredients] Add the red onion, cilantro, avocado, lobster and shrimp. | 3) [Garnish] For garnish, add whole shrimp around edge of serving bowl.",https://i0.wp.com/vickypham.com/wp-content/uploads/2018/11/e2f4a-mexicanshrimpandlobstercocktail.jpg?fit=2500%2C1799&ssl=1,Appetizer,Mexican,"Mexican shrimp cocktail, shrimp appetizer, seafood cocktail, Mexican appetizer recipe, easy shrimp cocktail, fresh shrimp recipes, Clamato shrimp cocktail, citrus shrimp cocktail",,,0,0,0
Tamarind Crab (Cua Rang Me),"Crab pieces deep fried, then stir-fried with a sweet tamarind sauce. It’s a sweet, sour and savory dish that is sure to impress.",https://vickypham.com/blog/tamarind-crab-cua-rang-me/,20m,25m,45m,Serves 2,"[Ingredients] 1 whole crab, 1/2 cup tapioca starch, 3 garlic cloves, minced, 3/4 cup water, 1 tablespoon fish sauce, 1 tablespoon tamarind powder, 1/3 cup sugar, Pinch of salt and pepper, 3 drops sesame oil, 1 small yellow or white onion, cut into thick slices, 2 tablespoons minced cilantro or green onions, 1 jalapeño or Thai chili pepper (optional), Vegetable oil for frying","[Instructions] 1) [Kill and clean the crab] Quickly kill the crab by piercing it with a sharp knife in the middle of its underside. | 2) [Scrub thoroughly] Use a brush to scrub the crab, paying extra attention to the claw hairs. | 3) [Remove the flap] Flip the crab over and discard the triangular flap on its underside. | 4) [Separate the shell] Remove the top hard shell from the crab. Use the claws for leverage if needed. Save any tomalley (yellow-green liquid) inside the shell by scraping it into a bowl and setting it aside. | 5) [Clean and cut] Discard the spongy membranes from the body and cut the rest of the crab into manageable pieces. | 6) [Coat in starch] Lightly coat all crab pieces, including the shell, with tapioca starch. | 7) [Deep-fry] In a large pot, heat vegetable oil and deep fry the crab pieces until they float to the top, about 1–2 minutes. Remove and set aside. | 8) [Sauté aromatics] Heat 2 tablespoons of vegetable oil in a wok or pan over medium-high heat. Add minced garlic and sauté until fragrant and lightly browned. | 9) [Add tomalley] Stir in the crab tomalley and cook for 2 minutes. | 10) [Mix in the sauce] Add water, fish sauce, tamarind powder, sugar, salt, pepper, sesame seed oil, and optional chili. Stir until well combined. | 11) [Add onions] Toss in the onion slices and sauté for 1 minute. | 12) [Coat the crab in sauce] Add the fried crab to the wok and toss to coat it evenly in the sauce. | 13) [Garnish and Serve] Top the dish with minced cilantro or green onions. Serve immediately and enjoy!",https://i0.wp.com/vickypham.com/wp-content/uploads/2024/08/02139-cua2brang2bme2btamarind2bcrab.jpg?fit=1000%2C810&ssl=1,Main Course,Vietnamese,"crab recipe, tamarind crab, cua rang me, Vietnamese crab, stir-fried crab, deep-fried crab, tamarind sauce, seafood recipe, Vietnamese seafood, tamarind glaze, sweet and sour crab, crispy crab, Asian crab recipe",,,0,2,2
Vietnamese Shrimp Salad (Goi Tom),"Now that Spring has sprung, it is time for a light and refreshing dish. One of my favorite dishes in this warm weather is Vietnamese Shrimp Salad (Goi Tom).",https://vickypham.com/blog/vietnamese-shrimp-salad/,15m,5m,20m,4 servings,"[Ingredients] 10 large shrimp, 1 head of celery, 1 small English cucumber, 1 small red bell pepper, 1 cup of Vietnamese Coriander leaves, 1 cup peanuts, 2 cups pickled daikons and carrots, 1 lemon; juiced, 3 tablespoons granulated sugar, 1 1/2 tablespoons fish sauce","[Instructions] 1) [Prepare the Peanuts] Dry roast the peanuts in a hot pan. Coarsely chop the peanuts or run them through a food processor. Set aside. | 2) [Prepare the Shrimp] Devein the shrimp by making a shallow cut along the back and removing the dark vein with the tip of a knife. Boil the shrimp in lightly salted water for 2-3 minutes or until pink and fully cooked. Drain, peel, and slice each shrimp in half lengthwise. Set aside. | 3) [Cut the Vegetables] Peel the celery to remove tough outer fibers, then slice thinly at an angle. Peel the cucumber partially for a striped look, then slice thinly at an angle. For the bell pepper, remove the stem, seeds, and white membranes, then julienne into thin strips. | 4) [Assemble the Salad] Combine all the vegetables with the coriander leaves in a medium bowl. Toss until combined. | 5) [Mix and Add the Dressing] In a small bowl, whisk together lemon juice, sugar, and fish sauce until the sugar is fully dissolved. Drizzle the dressing on top of the vegetables. You just want a light coating. | 6) [Finish with Shrimp and Peanuts] Top the salad with halved shrimp and sprinkle with roasted peanuts. Serve immediately for the freshest flavor.",https://i0.wp.com/vickypham.com/wp-content/uploads/2024/08/3014f-vietnamese2bshrimp2bsalad.jpg?fit=1000%2C667&ssl=1,Salad,Vietnamese,"Vietnamese shrimp salad, Goi Tom, Vietnamese salad recipe, fresh shrimp salad, Asian summer salad, healthy Vietnamese recipes, fish sauce dressing, shrimp and vegetable salad",,,0,1,1
Bánh Ú (Vietnamese Pyramid Sticky Rice Cakes with Pork and Mung Beans),"A traditional Vietnamese glutinous rice cake filled with pork belly and mung beans, wrapped in banana leaves. Known for its pyramid shape, it’s a must for Lunar New Year—or a Tuesday.",https://vickypham.com/blog/banh-u/,480m,150m,630m,12 small rice cakes,"[Ingredients] 1 lb pork belly (skin-on preferred; slice into 1-inch cubes), 1/2 teaspoon salt, 1/2 teaspoon granulated sugar, 1/2 teaspoon fish sauce, 1/4 teaspoon ground black pepper, 2 tablespoons finely minced shallots, 1/4 teaspoon MSG (optional), 4 cups sweet rice (glutinous rice), 2 teaspoons salt, 2 cups dried split mung beans, 1 teaspoon salt, 1 package (16 oz) banana leaves","[Instructions] 1) [Rice Overnight Preparation] Rinse the dried glutinous rice in a colander until water runs clear. Transfer to a mixing bowl and cover with water. Cover the bowl and let it soak overnight on the counter or at least 4 hours. | 2) [Mung Beans Overnight Preparation] Repeat the same process for the dried mung beans. | 3) [Pork Overnight Preparation] To remove surface impurities and any unwanted odor, generously rub the pork belly with salt. This is an optional step but recommended. Rinse thoroughly under running water to remove the salt and pat the pork belly dry with paper towels. Slice pork belly into small chunks and season with salt, sugar, fish sauce, ground black pepper, shallots, and MSG (if using). | 4) [Banana Leaves Overnight Preparation] Thaw the banana leaves if frozen. Cut out 24 sheets of roughly 11×11-inches. They do not have to be perfect squares. We will be using 2 sheets of banana leaves per Banh U. If you have extras, keep them in case of tearing. Rinse sheets with hot water to clean. The hot water also makes them more pliable and less prone to tearing. Dry each sheet with paper towels. | 5) [Banana Leaf Assembly] Place one banana leaf with the shiny side down. This makes an attractive wrapping as the glossy, green side of the banana leaves face outward. Place another banana leaf on top with shiny side up with veins running the opposite way. Fold along the diagonal into a large triangle (no need for a perfect triangle). Fold it once more along the diagonal to form a smaller triangle. How far you fold along the diagonal will determine how narrow or wide the cone shape becomes. | 6) [Add Filling] Open up the layers to form a cone shape. You can place this cone upright in a cup if preferred. Next, add a layer of rice (about 1/4 cup), followed by mung beans (about 2 heaping tablespoons) and pork belly (2 pieces or more). Then top pork belly with more mung beans (another 2 heaping tablespoons) and rice (another 1/4 cup) to cover. | 7) [Fold to Seal] Fold in the sides with either 3 or 4 sides for the base. Tuck in as best as you can and carefully flip it over so you have pyramid shape. | 8) [Tighten with Strings/Foil] Wrap the banana leaves with string to secure the banana leaves in place. You can alternatively wrap with foil or plastic wrap first and then tighten with strings. | 9) [Pressure Cook] Add the cakes into the inner pot of the pressure cooker. Add water to the maximum fill line. Add a heavy ceramic plate to the top to keep the rice cakes from floating (don’t worry, ceramic will not explode in a pressure cooker). Pressure cook on high for two hours and 30 minutes. Once done, allow the pressure cooker to depressurize on its own (about 40 minutes). Once it’s safe to open the lid, remove plate and transfer the rice cakes from the water onto a wire rack to drain. Pat dry with paper towels if needed. | 10) [Serve] Allow the rice cakes to cool to room temperature and enjoy. The cakes can be enjoyed, as is, at room temperature with a spoon. Serve it with optional Vietnamese Fermented Dried Daikon in Fish Sauce (Dưa Món). for a more authentic taste.",https://i0.wp.com/vickypham.com/wp-content/uploads/2025/01/2025_01_27-Banh-U54114-1.jpg?fit=3754%2C3754&ssl=1,"entree, appetizer, side disdh","Asian, Chinese, Vietnamese","banh u, pyramid sticky rice cakes, vietnamese sticky rice cakes, banh u pork mung beans, banh u recipe, sticky rice banana leaf cakes, vietnamese sticky rice recipe, banh tet, banh chung, glutinous rice cakes with pork belly and mung beans, vietnamese savory rice cakes",,,0,3,3
Vietnamese Fried Banana Fritters (Chuối Chiên),"Golden Vietnamese banana fritters with a light, crunchy batter for the perfect snack.",https://vickypham.com/blog/chuoi-chien-vietnamese-fried-banana-fritters/,15m,10m,25m,6 fritters,"[Ingredients] 1 cup regular rice flour, 3 tablespoons all-purpose flour, 1/2 teaspoon baking powder, 2 tablespoons granulated sugar, 1/2 teaspoon salt, 1/8 teaspoon turmeric powder (optional), 1 tablespoon roasted black sesame seeds, 1 cup water, 3 bananas (any variety; see notes), Neutral oil for deep frying","[Instructions] 1) [Make the batter] In a wide shallow mixing bowl, mix together rice flour, all-purpose flour, baking powder, sugar, salt, black sesame seeds, turmeric powder, and water. Stir until smooth and well combined. | 2) [Heat oil] In a wide skillet (about 11 inches), add about 1 1/2 inches of neutral oil, such as vegetable oil, and heat to 300-310°F. | 3) [Prepare the bananas] Peel the banana and slice it in half lengthwise. Use a Ziploc or thick plastic bag to roll up the banana half snugly. Use a large mallet or a flat object like a small cutting board to gently flatten the banana until thin but not so much that it breaks apart. Carefully peel it from the plastic bag and dip it into the batter. Repeat with the remaining bananas. | 4) [Batter and fry bananas] Using a wide spatula, transfer the coated bananas into the hot oil. Deep fry as many as your skillet can fit without overcrowding. I was able to fit them all in an 11-inch skillet. Fry for about 7 minutes total or until golden. Flip and turn gently to prevent sticking and ensure even browning. Remove from the oil and drain on a wire rack. If necessary, clean the skillet of any fried bits before the second fry. | 5) [Batter and fry again] Dip the fried bananas back into the batter for a second coating. Return it to the oil to fry again for 3 more minutes. Again, make sure the bananas don’t touch and flip as needed for even cooking. Transfer to a wire rack to drain excess oil and allow it cool as it will be very hot (about 15 minutes), and enjoy.",https://i0.wp.com/vickypham.com/wp-content/uploads/2025/02/2025_02_11-Chuoi-Chien-Banana-Fritters56048-3.jpg?fit=3438%2C3438&ssl=1,Dessert,"Asian, Vietnamese","chuoi chien, how to make chuoi chien, Vietnamese fried banana, banana fritters, Chuối Chiên, banana fritters, Asian banana dessert, Asian fried dessert",,,0,0,0
Kohakutou (Japanese Crystal Candy),"A stunning Japanese crystal candy with a crunchy shell and jelly-like center. It’s fun to make, kid-friendly, naturally vegan, and perfect for anyone who loves edible art projects.",https://vickypham.com/blog/kohakutou-japanese-crystal-candy/,60m,10m,70m,15-20 crystals,"[Ingredients] 1 cup water, 1 tablespoon passion fruit pulp or matcha powder (skip if using juice for water), 1 1/2 cups granulated sugar, 1 tablespoon agar agar powder, Pandan extract (or your favorite food coloring/extract)","[Instructions] 1) [Make the Jelly Mixture] In a small saucepan, combine water and passion fruit pulp (or your preferred liquid), agar agar powder, and granulated sugar. Mix well. Heat over medium-low until the mixture comes to a boil, about 6 minutes. Reduce the heat and let it simmer for about 4 more minutes, or until the liquid clings to the spoon when lifted. | 2) [Transfer to a Mold & Color] Pour the mixture into a flat, heatproof container. Aim for a depth of at least 1 inch. The liquid should be thick enough that any food coloring, gel, or extract you add will hold rather than spreading out. If the mixture is too watery let it sit for a minute for the agar agar to thicken it before adding color. Use a toothpick to dip into the food coloring and swirl it into the jelly to create streaks and swirls. | 3) [Set the Jelly] Transfer the mold to the fridge and let the jelly set (about one hour). | 4) [Shape the Candy] Once the jelly is firm, run a knife along the edges to loosen then lift the jelly out. Tear the jelly into pieces by hand to create natural, jagged edges that resemble shards of glass. You can also use a knife to cut irregular, crystal-like shapes. Take any leftover small pieces and press them onto the larger pieces. | 5) [Dry & Crystallize] Place the shaped pieces on parchment paper and leave them to dry at room temperature for about one week. Cover loosely with tented parchment paper to keep dust off. The outer shell will harden, creating the signature crunchy shell and the interior will be remain soft. Once fully dried, store the candy in an airtight container at room temperature for up to one month.",https://i0.wp.com/vickypham.com/wp-content/uploads/2025/01/2025_01_07-Japanese-Crystal-Gummy55864-3.jpg?fit=4000%2C4000&ssl=1,dessert,"Asian, Japanese","kohakutou, japanese candy, agar agar candy, crystal candy, vegan gummy candy, how to make kohakutou, edible crystals, homemade kohakutou, amber candy recipe, how to make silky gems, how to make crystal candy, how to make japanese crystal candy",,,0,3,3
Nem Chua (Vietnamese Cured Pork/Beef),"A classic and delicious Vietnamese cured meat snack with a perfect balance of tangy, garlicky, and spicy flavors. Make it with beef or pork and enjoy it as a flavorful appetizer or a festive must-have for Vietnamese Lunar New Year (Tết).",https://vickypham.com/blog/nem-chua/,10m,1440m,1450m,18 pieces,"[Ingredients] 1 1/2 lbs lean boneless pork loin or beef eye round (partially frozen), 7 oz pork skin (cooked, thinly sliced), 1 tablespoon roasted rice powder, 9 large garlic cloves (peeled, divided), 4 red Thai chilies (divided), 1 tablespoon coarse ground black peppercorns, 2 tablespoons granulated sugar, 1/2 teaspoon salt, 1 bag fermented pork seasoning mix (70g), 1/4 cup (handful) Vietnamese coriander leaves","[Instructions] 1) [Prepare the Pork Skin (Bì Tươi)] The pork skin typically comes frozen. To quickly defrost, rinse it under hot water, then rinse with very cold water to prevent it from becoming sticky. Squeeze out any excess moisture, drain well, and allow it to dry completely. Transfer to a medium mixing bowl and use scissors to cut it into small pieces. Toss with toasted rice powder and set aside. | 2) [Prepare the Meat] Rinse the pork or beef thoroughly, then pat dry with paper towels. Trim all excess fat as best as you can. Let the meat thaw slightly until you are able to cut into small frozen cubes. | 3) [Process the Meat Mixture] In a food processor, add the cubed meat along with 6 garlic cloves, half of the chilies, peppercorns, sugar, salt, and the entire seasoning mix (including the small inner packet). Process until the mixture becomes a sticky, smooth paste, scraping down the sides occasionally (about 8 minutes). | 4) [Combine with Pork Skin] Transfer the meat paste to the bowl with the pork skin and mix until evenly combined. | 5) [Shape and Cure] Transfer the mixture to a gallon- or quart-sized Ziploc bag, leaving the opening slightly unsealed to press out any excess air. Once the air bubbles are removed, smooth the mixture by hand, ensuring it reaches the corners of the bag. A dough scraper can help shape it neatly into a rectangle. Flatten it into an even layer about ½ inch thick using your hands or a small rolling pin. Seal the bag completely and refrigerate for 24 hours to cure. The meat mixture will look brown at first, but after curing it will turn bright pink. It’s safe to eat after 24 hours, but I like to wait for two days instead (48 hours). It’s a bit more sour to my liking and the pink color develops even more. | 6) [Serve] Once cured, remove the mixture from the bag—it should pop out easily. Cut into squares or rectangles. Thinly slice the remaining garlic and chili peppers. If eating right away, garnish with a thin garlic slice, a piece of chili peppers and Vietnamese coriander leaf. | 7) [Wrapping for Storage] To individually wrap each one for storage, cut pieces of plastic wrap twice the size of each Nem Chua piece. Lay a sheet on a flat surface and place a sliver of garlic, a chili slice, and a few Vietnamese coriander facing down. Place a Nem Chua piece over them, then wrap tightly. Avoid overlapping the front (which is the bottom side) with plastic wrap so the garnishes remain visible. Transfer to fridge for storage and enjoy within 7 days or place it in the freezer up to 8 months.",https://i0.wp.com/vickypham.com/wp-content/uploads/2025/01/2025_01_28-Nem-Chua54244.jpg?fit=4000%2C4000&ssl=1,"side dish, appetizer","Asian, Vietnamese","nem chua, vietnamese fermented pork, vietnamese cured meat, vietnamese cured beef, how to make nem chua, vietnamese pork snack, nem chua recipe, homemade nem chua, vietnamese charcuterie, vietnamese fermented sausage, vietnamese street food, vietnamese cured sausage, vietnamese salami, vietnamese cured salami",,4.0,3,11,14
Vietnamese Sugarcane Shrimp (Chạo Tôm),"Sweet and savory shrimp and pork paste wrapped around sugarcane skewers, grilled or pan-fried until golden and crispy. Serve as an appetizer or as a tasty addition to classic Vietnamese dishes.",https://vickypham.com/blog/shrimp-paste-sugar-cane-skewers-chao-tom/,25m,10m,35m,16 skewers,"[Ingredients] 1 lb shrimp (peeled and deveined), 4 oz pork paste (Gio Song, see notes), 1 teaspoon tapioca starch (optional), 2 green onions (thinly sliced), 1 tablespoon minced lemongrass (optional), 1/2 teaspoon fish sauce, 1/2 teaspoon salt, 1/2 teaspoon MSG or 1 teaspoon chicken bouillon powder (optional), 1/2 teaspoon granulated sugar, 1/2 teaspoon ground black pepper or white pepper, Vegetable oil or other neutral oil (to prevent sticking and pan frying), 4 2.5-inch sugar cane pieces (quartered) or 8 stalks lemongrass (halved)","[Instructions] 1) [Prepare the shrimp mixture] Rinse the shrimp and drain well. If needed, pat them dry with paper towels. Transfer the shrimp to a large Ziploc bag or mortar, then use a mallet, pestle, or anything heavy to pound them into a paste. Move the shrimp paste to a mixing bowl, then add the pork paste, tapioca starch, green onions, minced lemongrass, fish sauce, sugar, pepper, and optional MSG. Mix everything until well combined. Alternatively, toss everything together into a food processor and blend until smooth. The texture won’t be quite as bouncy, but it’s a lot faster. | 2) [Make the skewers] Wear disposable gloves and lightly oil your hands. Divide the shrimp mixture into 16 equal portions. Take one portion and flatten it in the palm of your hand. Place a sugarcane skewer on top and mold the shrimp paste around it. You can wrap the mixture at the end of the sugarcane to resemble a lollipop or in the middle to resemble corn on the cob. Once assembled, transfer the shrimp skewers to an oiled sheet pan and repeat with the remaining mixture. | 3) [Air fryer method] Lightly brush the skewers with oil and air fry at 380°F for 8 minutes, flipping halfway through.​ | 4) [Grill method] Preheat the grill to medium heat and lightly oil the grates. Grill the skewers for about 5 minutes or until golden and cooked through.​ | 5) [Pan-fry method] Heat a light layer of oil in a pan over medium-high. Cook the skewers, turning occasionally, until golden and crispy (about 5 minutes total). Make sure you use a non-stick skillet! | 6) [Serve] Enjoy them straight off the skewer as an appetizer or in a full meal by removing the shrimp paste from the sugarcane and wrap it in lettuce or rice paper with fresh herbs. Enjoy the rolls with Vietnamese fish sauce (nước chấm) or sweet chili sauce.",https://i0.wp.com/vickypham.com/wp-content/uploads/2025/02/2025_02_27-Chao-Tom56287.jpg?fit=4000%2C4000&ssl=1,Appetizer,Vietnamese,"chao tom, shrimp paste skewers, Vietnamese sugar cane shrimp, sugar cane skewers, Vietnamese appetizer, chao tom recipe, dim sum shrimp skewers",,,0,5,5
Reverse Seared Air Fryer Steak with Asian Chimichurri Sauce,"Juicy, reversed-seared, air-fried steaks with a golden crust, basted in butter, and topped with a bold, herbaceous Asian chimichurri sauce.",https://vickypham.com/blog/steak-asian-chimichurri-sauce/,20m,10m,30m,2 servings,"[Ingredients] 2 ribeye steaks (3/4 inches thickness, 1 lb total), 1 teaspoon olive oil (and a little more for searing), 3/4 teaspoon salt, 1/2 teaspoon ground black pepper, 1 tablespoon unsalted butter, 2 sprigs rosemary (optional), 1 small shallot, 2 cloves garlic, 1-inch fresh ginger (peeled), 1/2 cup fresh herbs (cilantro, Thai basil or mint; no stems), 3 tablespoons sesame oil (or sub with more olive oil), 1 teaspoon fish sauce, 1 teaspoon rice vinegar, Red pepper flakes (optional)","[Instructions] 1) [Season Steaks] Season steak with olive oil, salt, and pepper. Let sit for at least 20 minutes or covered overnight in the fridge for better result. | 2) [Make the Asian-Style Chimichurri Sauce] In a mini food processor, combine shallot, garlic, ginger, herbs (leaves only), rice vinegar, fish sauce, sesame oil and red pepper flakes (if using). Pulse until finely chopped. Adjust fish sauce to taste. | 3) [Air Fry] Preheat air fryer to 400°F for 5 minutes. Place steak in the air fryer basket and cook for 4 minutes for medium-rare (no need to flip). Thicker cuts will need 2 or more minutes. | 4) [Sear the Steak] Preheat skillet with olive oil until smoking. Transfer steak to the hot skillet. Sear each side of the steak for 30 seconds to 1 minute max. Add butter and rosemary. Spoon melted butter over the steak. Use a thermometer to check doneness for more accurate results (see notes below). | 5) [Rest & Serve] Remove steak from skillet and let rest for 5 minutes. Slice against the grain into thin slices. Serve with chimichurri sauce on top and enjoy.",https://i0.wp.com/vickypham.com/wp-content/uploads/2025/02/2025_02_09-Steak-Asian-Chimichurri-Herb-Sauce55202.jpg?fit=3505%2C3505&ssl=1,"Entree, Side Dish","Asian, American, Fusion","steak with chimichurri, air fryer steak, ribeye steak air fryer, best steak recipe, steak with fish sauce, easy steak recipe, butter basted steak, beef recipe, steak recipe, Asian steak recipe, Asian chimichurri sauce, reverse sear, ribeye, steak, how to cook steak in air fryer, Asian style chimichurri sauce",,5.0,1,2,3
Vegetarian Pho (Phở Chay),A hearty vegetarian or vegan pho (phở chay) with a rich vegetable broth—perfect for a light meal or meat-free days.,https://vickypham.com/blog/vegetarian-pho/,10m,60m,70m,4 servings,"[Ingredients] 2 cups dried jujubes (see notes), 4 large dried shiitake mushrooms (see notes), 1 dried snow fungus flower (see notes), 2 yellow onions, 4 oz ginger, 1 medium daikon (peel and cut into small chunks), Half cabbage or Napa cabbage (roughly chop), 4 quarts water, 1 packet pho spice tea bag, 1 1/2 tablespoons sea salt, 2 tablespoons mushroom seasoning powder, 1 teaspoon MSG (optional), 1 lb flat rice noodles, Fried tofu cubes (optional for toppings), Cilantro (thinly slice), Green onions (thinly slice green part, leave stem ends long), Red Thai chili peppers (thinly slice), Limes (cut into wedges), Thai Basil, Hoisin sauce, Sriracha chili sauce","[Instructions] 1) [Char the Aromatics] Peel the yellow onions and cut in half. No need to peel the ginger, slice into thick slices and give each slice a gently smash with the bottom end of your knife. Place them the air fryer or toaster oven for 400°F for 10 minutes or until lightly charred. You can also place them on the top rack of your oven and set it on broil. | 2) [Prepare the Stock] In a large pot, add the daikon, Napa cabbage, rehydrated red dates, shiitake mushrooms and snow fungus, and the charred yellow onions and ginger. Add water and bring the pot to a low simmer. Simmer on medium low heat for about one hour. Add the pho spice tea bag during the last 15 minutes of cooking. Strain the stock completely by removing the solids with a mesh skimmer or pouring it through a fine mesh strainer into a clean pot. If preferred, save the snow fungus, daikon, and shiitake mushrooms as delicious toppings instead of discarding them. | 3) [Make the Broth] Season the stock with mushroom seasoning powder, salt and MSG if using. Add a bit at a time until it suits your taste. If you are using green onions, add the stem ends. | 4) [Prepare the Noodles] Bring a medium pot of water to a rolling boil, then add the whole package and blanch for about 30 seconds. If cooking a single portion, blanch only the amount needed for one serving. Drain the noodles in a colander, rinse with water to remove excess starch, and shake off any excess water. Divide the noodles into bowls. | 5) [Assemble the Bowls] Add your favorite toppings (cooked daikon, shiitakes, a piece of snow fungus and/or fried tofu) to each bowl. Add hot broth. Garnish with fresh herbs if using. Add a handful of bean sprouts, basil leaves and a squeeze of lime. Serve with hoisin sauce and sriracha on the side and enjoy.",https://i0.wp.com/vickypham.com/wp-content/uploads/2025/02/2025_02_16-Pho-Chay-vegetarian-vegan-pho55651-6.jpg?fit=3832%2C3832&ssl=1,entree,"Asian, Vietnamese","vegetarian pho, pho chay, vietnamese vegan noodle soup, vietnamese vegetarian noodle soup, vegan pho, vegetarian vietnamese soup, homemade vegetarian pho, homemade vegan pho, vegan pho broth, vegetarian pho broth, vietnamese vegetarian recipe, best pho chay, vegetarian pho recipe, vegan pho recipe, phở chay, authentic Vietnamese noodle soup, vietnamese vegetarian pho, phở chay recipe, vegetarian Vietnamese noodle soup, vegan vietnamese noodle soup, how to make pho chay, homemade vegetarian pho broth, meatless pho, plant-based pho",,5.0,1,1,2
Chè Trôi Nước (Vietnamese Glutinous Rice Balls in Ginger Syrup),"Soft, chewy glutinous rice balls with a sweet mung bean filling, bathed in fragrant ginger syrup—a must-have treat for Tết (Vietnamese Lunar New Year) or anytime your sweet tooth calls.",https://vickypham.com/blog/vietnamese-glutinous-rice-balls-ginger-syrup/,20m,35m,55m,28 balls,"[Ingredients] 16 oz bag glutinous rice flour (sweet rice powder/mochiko), 1 3/4 cups hot water, 3/4 cup split mung beans (dried and peeled) (165g), 2 teaspoons sugar, 1 teaspoon salt, 6 cups water, 4-inch fresh ginger (peeled and thinly sliced into strips, about 1/2 cup), 10 oz palm sugar or 2 cups brown sugar, Coconut milk sauce (optional), 1/4 cup roasted sesame seeds","[Instructions] 1) [Make the Dough] In a large mixing bowl, combine glutinous rice flour and hot water. Mix and knead until you get a smooth dough. Do not add more water. Keep mixing, and it will eventually come together. Using a pair of chopsticks or a whisk to get it going has proven to be very helpful. Once it starts to clump together more, use your hands to mix. Cover and rest for 30 minutes. | 2) [Assemble Wrapper Balls] Once the dough has rest, divide the dough mixture into 28 balls, about 1 inch in diameter. | 3) [Cook Mung Beans] Rinse the peeled mung beans until the water runs clear. In a medium pan, add the rinsed mung beans and enough water to cover them by 1 inch. Cook over medium heat until it boils, then reduce the heat and continue cooking until the beans are softened but still maintain their shape (about 15 minutes). Monitor the pot carefully and reduce the heat as needed to prevent it from boiling over. Drain the beans and return them to the stove with the heat off to evaporate any residual moisture. Add salt and sugar. Then use a large spoon to smash and mix them into a rough paste. It doesn’t need to be smooth. | 4) [Assemble Filling Balls] Roll the filling into small balls, about ½ inch in diameter (about 28 pieces). If you find that the mixture is too soft to handle, chill it in the fridge. | 5) [Make the Dumplings] Flatten the mochi wrapper ball into a thick disc. Place a mung bean filling ball in the center. Fold the dough over to close, gently encasing the filling by rolling it back and forth in your palm into a smooth ball. Be careful not to let the mung bean filling spill out of the wrapper, as cooking it will cause the filling to leak and the ball to fall apart. Use any leftover dough to form small pearls without filling. Once you’re done, cover and set aside to prevent drying. | 6) [Make the Ginger Syrup and Cook Dumplings] In a large pot, boil water with the palm sugar until sugar dissolves. Use a spoon to peel the ginger and cut into matchstick-sized strips. Gently drop the dough balls into the syrup. Simmer gently on medium-low heat until they float (about 20 minutes). | 7) [Make Coconut Sauce (Optional)] Make the coconut milk sauce. The dessert is delicious even without the coconut milk sauce; however, if you prefer more flavor, I highly recommend to prepare it. | 8) [Finish] Scoop a few cooked rice balls with syrup into a bowl. Drizzle with the coconut sauce. Top with roasted sesame seeds. Enjoy it warm or room temperature.",https://i0.wp.com/vickypham.com/wp-content/uploads/2025/01/2025_01_31-Che-Troi-Nuoc54355-3.jpg?fit=3017%2C3017&ssl=1,dessert,"Asian, Vietnamese","Chè Trôi Nước, che troi nuoc, Vietnamese glutinous rice balls, ginger syrup dessert, mung bean filling, sticky rice balls, Vietnamese dessert recipe, sweet rice balls, Bánh Trôi Nước, traditional Vietnamese sweets, warm dessert, easy Asian dessert, Lunar New Year dessert, banh troi nuoc, che troi nuoc recipe, tet recipe, Vietnamese tet recipes, Vietnamese lunar new year tet recipes",,5.0,1,1,2
Vietnamese Head Cheese (Giò Thủ),"Transform simple pork parts like ears, tongue, snout, and other parts of the pig's face into something flavorful and unique. It's chewy, crunchy, and packed with flavor—a must-have dish for Tết, as an appetizer, or as a filling for Vietnamese sandwiches (Bánh Mì).",https://vickypham.com/blog/vietnamese-head-cheese-gio-thu/,300m,45m,345m,4 medium logs,"[Ingredients] 1 1/2 lbs pork ear, 1 1/2 lbs pork tongue, 1 lb pork snout (see notes), 2 oz dried woodear mushroom, 1 tablespoon coarse sea salt, 1 tablespoon Shaoxing cooking wine, 2 tablespoons all-purpose flour (or any flour), 2-inch fresh ginger (no peel, slice into coins and give it lightly smashed), 1 shallot (peel, slice into thick wedges), 2 tablespoons neutral oil, 1 shallot (finely diced), 4 large garlic cloves (finely diced), 1/2 cup water (as needed), 1 teaspoon fine sea salt, 3 teaspoons fish sauce, 2 teaspoons chicken bouillon powder, 2 teaspoons granulated sugar, 2 teaspoons black pepper (coarsely ground)","[Instructions] 1) [Clean the pork thoroughly] Rub the pork meat with coarse salt, cooking wine, and flour, making sure to work the ingredients thoroughly into the meat. Rinse thoroughly and drain well. | 2) [Parboil the pork] Fill a large pot with water. Add the ginger and shallot wedges) to the pot and bring it to a boil. Add the cleaned pork and simmer over medium heat for 30 minutes. Remove the pork from the water. If using tongue, allow it to cool until manageable, then cut off the white outer layer. Slice everything into thin pieces and set aside. | 3) [Prepare the woodear fungus] Place the woodear fungus in a large bowl and cover it with plenty of water. Let it soak for 30 minutes until fully hydrated. Once hydrated, squeeze out the excess water, rinse, and drain well. Remove any hard knots (usually found at the center of whole woodear mushrooms), then roughly chop the fungus and set it aside. | 4) [Stir-fry and season] Heat a large skillet with oil over medium heat. Add the pork tongue or any meaty pieces first. Stir-fry for 5 minutes, adding a bit of water as needed. Then add the pork snout and ear, stirring for another 5 minutes. Next, add the woodear mushrooms and all the seasonings. Continue stir-frying for about 5 more minutes, for a total stir-fry time of 15 minutes. | 5) [Roll into logs] Divide the cooked pork mixture into four portions while still warm. Transfer each portion to a large sheet of aluminum foil. Roll the foil tightly into a log, twisting one end while shaping the log evenly, then twisting the other end to seal. Wrap each log in plastic wrap, using the wrap to further tighten the log. Repeat with the remaining portions. | 6) [Chill] Transfer the wrapped logs to the refrigerator and let them set for at least 5 hours, or overnight for best results. | 7) [Serve] When ready to serve, fully unroll the logs and slice them into thick coins. Then, cut each coin into wedges for smaller portions. Serve chilled or at room temperature.",https://i0.wp.com/vickypham.com/wp-content/uploads/2025/01/2025_01_17-Head-cheese-gio-thu503199.jpg?fit=2943%2C2943&ssl=1,"side dish, appetizer","Asian, Vietnamese","Vietnamese head cheese, Giò Thủ, Vietnamese pork dish, pork head cheese, Giò Thủ recipe, traditional Vietnamese head cheese, Vietnamese pork recipes, how to make Giò Thủ, pork jelly, Vietnamese appetizers, Tết food, Vietnamese cold cuts, Vietnamese deli meats, Giò Thủ ingredients, authentic Giò Thủ, pork-based Vietnamese dishes",,,0,0,0
Vietnamese Kabocha Pumpkin Soup with Ground Pork (Canh Bi Do Nau Thit Bam),"A simple Vietnamese kabocha squash soup with ground pork, or your choice of ground meat. Serve with steamed rice for a complete meal.",https://vickypham.com/blog/vietnamese-kabocha-pumpkin-soup-with-ground-pork/,5m,15m,20m,6 servings,"[Ingredients] 1 tablespoon neutral oil, 2 tablespoons finely minced shallot (1 small shallot), 1 tablespoon finely minced garlic (3 large cloves), 8 oz ground pork, 1 1/2 lbs kabocha squash chunks (1 small squash), 1 1/2 quarts water, 2 teaspoons salt (divided), 1/4 teaspoon granulated sugar, 1 teaspoon chicken bouillon powder, 2 teaspoons fish sauce, 1/2 teaspoon ground black pepper (plus a bit more for garnish), Thinly sliced cilantro or green onions (optional for garnish)","[Instructions] 1) [Toast aromatics: ] Heat oil in a medium pot on medium high. Add shallots and garlic and sauté until fragrant (about 20 seconds). | 2) [Add pork and seasonings] Add ground pork, salt (half) and ground black pepper. Cook for about 3 minutes to get it the seasonings and aromatics infused into the ground meat. | 3) [Add water and squash] Pour in water and bring the pot to a boil. Add the kabocha squash. Let it cook until the kabocha is fork tender with a bit of resistance (about 5 minutes). | 4) [Finish and serve] Season the soup with remaining salt, sugar, bouillon powder and fish sauce, adding the seasonings a little at a time until it suits your taste. When ready to serve, sprinkle with black pepper and sliced cilantro or green onions. Serve with steamed rice and other protein side dishes for a complete meal or enjoy it on its own.",https://i0.wp.com/vickypham.com/wp-content/uploads/2025/01/2025_01_11-Kabocha-Ground-Pork-Soup502906-1.jpg?fit=3696%2C3696&ssl=1,side dish,"Asian, Vietnamese","Vietnamese pumpkin soup, Vietnamese kabocha squash soup, Vietnamese kabocha squash soup with ground pork, Vietnamese kabocha squash soup with pork, kabocha soup recipe, Asian kabocha soup recipe, kabocha soup with ground pork, pumpkin soup with pork recipe, Asian pumpkin soup recipe with ground pork, canh bi do nau thit bam, canh bi do nau thit, canh bi do, Vietnamese canh recipe, Vietnamese soup recipe, Vietnamese kabocha soup, Vietnamese kabocha soup recipe, Vietnamese ground pork recipe, Vietnamese soups, canh bi recipe, pumpkin soup recipe with ground pork, pumpkin soup recipe",,5.0,2,2,4
Vietnamese Stir-Fried Flat Rice Noodles with Beef (Phở Xào Bò),"This stir-fried Vietnamese beef and rice noodle dish features tender beef slices, flat rice noodles, and a savory sauce. Perfect for busy weeknights or meal prep when making traditional Beef Pho feels like too much.",https://vickypham.com/blog/vietnamese-stir-fried-flat-rice-noodles-with-beef-pho-xao-bo/,20m,10m,30m,4 servings,"[Ingredients] 1/4 cup light soy sauce, 1/4 cup oyster sauce, 1 teaspoon chicken bouillon powder or mushroom seasoning powder (optional), 1 teaspoon ground ginger, 1/2 teaspoon five-spice powder, 1 tablespoon granulated sugar, 1/2 cup water or unsalted stock, 1 lb beef (flank, strip, or sirloin steak), 1 teaspoon salt, 1/2 teaspoon ground black pepper, 1/4 teaspoon five-spice powder, 1 tablespoon minced garlic, 1/8 teaspoon baking soda, 1/4 cup water, 1 whole egg (beaten), 1/3 cup cornstarch, 1 lb bok choy/green onions, 1 small yellow onion (peel and slice into wedges), 1 tablespoon minced garlic, Neutral oil for frying, 14 oz dried flat rice noodles or 2 lbs fresh rice noodles","[Instructions] 1) [Make the Sauce] In a small bowl, combine the sauce ingredients (light soy sauce, oyster sauce, bouillon powder/mushroom seasoning powder, ground ginger, five-spice powder, sugar and water/stock). Stir to combine and adjust to taste if needed then set aside. | 2) [Prepare the Beef] Thinly slice the beef against the grain into bite-sized pieces and marinate with salt, ground black pepper, five-spice powder, garlic, baking soda, water, egg, and cornstarch for at least 20 minutes. | 3) [Fresh Noodles] If using fresh rice noodles, heat it up until warm in the microwave and use your hands to gently separate the strands. Set aside. | 4) [Bulky Vegetables (Optional) & Dried Noodles] Use a large skillet or wok, add water (about 2-3 inches) and heat to a rolling boil. If you are using bulky vegetables, such as bok choy, separate the leaves and blanch for 30 seconds to 1 minute or until it turns dark green. Remove from water and set aside. Using the same water, blanch the dried noodles for about 5 minutes or until a noodle breaks apart between your fingers but with resistance. This will prevent overcooking when stir frying. Drain, rinse well and toss with some neutral oil or sesame oil to prevent sticking. | 5) [Fry the Beef] Drain all the water from the skillet if you’re reusing the same skillet. Make sure it’s completely dry of water before adding oil. Add oil (about 1/4 inch for shallow frying) and heat until 350°F. Add the marinated beef and fry until just browned. If you’re using a small skillet, cook in batches to avoid overcrowding. Transfer to a wire rack or a plate lined with paper towels to drain off excess oil. | 6) [Stir-Fry the Aromatics] Drain off most of the oil from the wok and leave a thin layer (about 3 tablespoons). Heat the oil on medium-high heat. Add yellow onions. Sauté for about 5 minutes or until lightly charred on the outside. Then add the whites of green onions and garlic (1 tablespoon). | 7) [Combine & Finish] Add the noodles and sauce. You can add the sauce a little at a time to taste. Toss to combine. Add cooked beef, vegetables (if using) and green part of green onions. Stir-fry everything together for a minute or two until well combined. Plate it up and serve.",https://i0.wp.com/vickypham.com/wp-content/uploads/2025/01/2025_01_24-Pho-Bo-Xao53680-1.jpg?fit=3515%2C3515&ssl=1,entree,"Asian, Vietnamese","vietnamese stir-fried beef noodles, pho xao bo recipe, stir-fried flat rice noodles, vietnamese noodles with beef, pho noodles stir-fry, quick pho alternative, beef pho noodles",,4.2,5,15,20
Viral Dubai Strawberry Chocolate Pistachio Cup,"Inspired by the viral Dubai chocolate bar, this strawberry cup version is perfect for Valentine’s Day! It features fresh strawberries layered with rich chocolate ganache, crispy kataifi tossed in pistachio butter and tahini—tasty and quick to make!",https://vickypham.com/blog/viral-dubai-strawberry-chocolate-pistachio-cup/,5m,8m,13m,3 servings,"[Ingredients] 1 lb fresh strawberries, 1 tablespoon salted butter, 1 1/2 cups thinly sliced Kataifi pastry, 6 tablespoons pistachio nut butter (half of 6.7 oz jar), 1 tablespoon tahini, 1/4 cup whole pistachio nuts, 1 cup aerosol whipped cream (or 1/2 cup heavy whipping cream), 2 oz Ghirardelli dark chocolate melting wafers","[Instructions] 1) [Make the Pistachio Tahini Kataifi] Cut the kataifi into short pieces if needed. In a large pan, melt butter then add kataifi. Toast for 8-10 minutes over medium heat until golden brown while tossing for even toasting. Turn off the heat. Mix in the pistachio butter and tahini until fully combined. Set aside. | 2) [Make the Ganache (Chocolate Sauce)] If you’re using store-bought chocolate sauce, skip this step. Otherwise, combine aerosol whipped cream (or heavy whipping cream) into a microwave safe container, add melting wafers and heat in the microwave for one minute. Stir with a whisk until smooth and glossy. If the chocolate wafers do not incorporate into the cream, pop it back into the microwave to get it hotter and mix again until smooth. Set aside. | 3) [Prepare the Strawberries & Pistachios] Wash the strawberries with water and rinse thoroughly. Drain dry. Cut off the top leafy ends and set aside. Deshell the pistachio and chop them up coarsely. I like to put the deshelled pistachios in a ziploc bag and smash them with rolling pin. Set aside as well. | 4) [Assemble] In a tall cup or medium bowl, layer the Dubai strawberry dessert. Begin with strawberries, followed by a drizzle of chocolate sauce, 2 to 3 tablespoons of the pistachio filo, and repeat with more strawberries, more sauce, and more filo. Top it off whipped cream (if using), chopped pistachios and enjoy.",https://i0.wp.com/vickypham.com/wp-content/uploads/2025/02/2025_02_08-Viral-Dubai-Strawberry-Cup55234-1.jpg?fit=4000%2C4000&ssl=1,Dessert,Middle Eastern,"viral dubai strawberry cup, dubai chocolate pistachio cup, chocolate strawberry cup, pistachio chocolate dessert, valentine’s day dessert, easy no bake dessert, viral tiktok dessert, kataifi dessert, chocolate ganache dessert, middle eastern dessert, chocolate and pistachio recipe, viral dubai chocolate strawberry cup, viral dubai chocolate strawberry pistachio cup, strawberry dessert recipe, strawberry and chocolate recipe",,,0,2,2
Vietnamese Baked Crab and Shrimp Toast (Bánh Mì Nướng Cua Tôm),"Looking for a quick and tasty appetizer for the holidays or any occasion? This Vietnamese shrimp and crab toast is your answer. Ready in under 30 minutes, it’s guaranteed to win hearts (and stomachs) fast.",https://vickypham.com/blog/asian-shrimp-crab-toast/,10m,15m,25m,50-60 pieces,"[Ingredients] 2 long French baguettes, 1 lb shrimp (any size), 1/2 lb lump crab meat, 2 green onions/scallions (thinly sliced), 1/2 teaspoon salt, 1/2 teaspoon ground black pepper, 1 teaspoon garlic powder, 1/2 teaspoon granulated sugar, 3/4 cup kewpie mayo, Sriracha chili sauce (optional), 1 1/2 cups Mexican blend shredded cheese (divided)","[Instructions] 1) [Prepare the Bread] Slice the bread into thin slices, about 1/2 inch thick. I prefer cutting straight down for small bite-sized portions or at a diagonal for large slicer for more toppings. | 2) [Make the Filling] Chop the shrimp into pieces. In a bowl, combine shrimp, crab meat, whites and light green parts of the green onions, salt, black pepper, sugar, kewpie mayonnaise, sriracha chili sauce if using, and 1 cup shredded cheese. | 3) [Assembly & Bake] Spread the seafood mixture onto the sliced bread using a large spoon. Transfer the assembled bread slices to a baking sheet lined with parchment paper. Top with a sprinkle of remaining cheese. Bake at 400°F for 12 minutes. Transfer baking sheet to the top rack directly underneath the broiler, if needed. Switch to broil mode (400°F) for 3 minutes to melt the cheese on top and to get a light golden brown crust. | 4) [Finish] Garnish with the reserved green onions and enjoy.",https://i0.wp.com/vickypham.com/wp-content/uploads/2024/11/crab-and-shrimp-toast_11-3.jpg?fit=3535%2C3535&ssl=1,appetizer,"asian, vietnamese","vietnamese baked crab and shrimp toast, vietnamese crab and shrimp toast recipe, baked appetizer, vietnamese shrimp toast, vietnamese crab toast, vietnamese shrimp toast recipe, vietnamese crab toast recipe, baked crab and shrimp toast recipe, asian crab and shrimp toast, asian crab toast, asian shrimp toast, banh mi nuong cua tom recipe, easy appetizer with seafood, easy seafood appetizer, vietnamese crab and shrimp toast, asian shrimp toast recipe, easy crab and shrimp toast, crab toast with shrimp, the best seafood appetizer, seafood appetizer, asian seafood appetizer, vietnamese seafood appetizer, banh mi nuong tom cua pho mai",,,0,3,3
Cream Cheese Wontons,"These three-ingredient cream cheese wontons are crispy, creamy, and completely irresistible. Pair them with sweet chili sauce for an extra kick, or enjoy them as is. A tasty appetizer and easy to make!",https://vickypham.com/blog/cream-cheese-wontons/,30m,5m,35m,15 wontons,"[Ingredients] 8 oz cream cheese, Wonton wrappers, Vegetable oil for deep-frying, Sweet chili sauce (optional)","[Instructions] 1) [Fill the wontons] Place about a teaspoon of cream cheese in the center of each wonton wrapper. I simply snip the corner off the cream cheese package and squeeze a small dollop of cream cheese directly onto the wonton wrapper. | 2) [Fold the wontons] Brush the edges of the wonton with water using your finger or pastry brush. Bring in the opposite corners together. Pinch to seal. Repeat with the other pair of corners. Pinch all the seams together to seal. | 3) [Deep fry the wontons] In a deep pan or fryer, heat oil to 350°F. Make sure the oil is deep enough to fully submerge the wontons. Add a few wontons at a time to the hot oil. Fry for one and a half minutes, or until they’re golden and crispy, turning occasionally for even cooking. The wontons tend to float so push down with a large utensil. Remove and drain on paper towels or wire rack. Repeat until all wontons are fried. | 4) [Serve] immediately for best results, either as is or with a side of chili sauce for dipping.",https://i0.wp.com/vickypham.com/wp-content/uploads/2024/12/2024_12_06-Cream-Cheese-Wontons52452-1.jpg?fit=3589%2C3589&ssl=1,appetizer,Chinese-American,"cream cheese wontons, Hoành Thánh Chiên Phô Mai, easy wonton recipe, three ingredient appetizer, crispy wontons, fried wontons, homemade wontons, cream cheese snacks, wonton recipes, sweet chili dipping sauce, quick appetizers",,,0,0,0
Easy Asian-Style Turkey,"Forget complicated steps and enjoy this super-easy Asian-style turkey recipe with a simple dry rub marinade. Spatchcocked for quick, even roasting, it’s moist, delicious, and packed with bold Asian flavors.",https://vickypham.com/blog/easy-asian-style-turkey/,4320m,80m,4400m,10 servings,"[Ingredients] 11 lbs turkey, 2 teaspoons Old Bay seasoning, 2 teaspoons garlic powder, 2 teaspoons onion powder, 4 teaspoons Italian seasoning, 2 teaspoons chicken bouillon powder, 2 teaspoons Chinese five-spice powder, 2 teaspoons salt, 8 tablespoons salted butter","[Instructions] 1) [Wash the turkey (Optional)] Give the turkey a thorough exfoliating scrub with coarse sea salt (about 1 heaping tablespoon, if available). This helps remove any slimy residue and reduces any unpleasant poultry odor. Remove the bag of giblets and neck and give those a good scrubbing too. Rinse the turkey thoroughly, inside and out, along with all its parts, to remove the salt. | 2) [Prepare the turkey] Pat everything dry with paper towels. Lay the turkey breast-side down. Using kitchen shears or a large sharp knife, carefully remove the backbone. Flip the turkey over and press firmly on the breastbone to break the wishbone and flatten the bird. Transfer the turkey, along with the neck, backbone, and giblets, onto a baking tray or roasting rack. | 3) [Make the dry rub] Combine Old Bay, garlic powder, onion powder, chicken bouillon, Chinese five-spice, Italian seasoning, and salt into a paste. No need for the butter right now. | 4) [Marinate] Rub the dry marinade generously all over the turkey. Make sure to rub the seasonings all over the skin side and on the opened side. If you’re planning on roasting the giblets, backbone and backbone, make sure to rub those down with the seasonings too. Let it sit covered in the fridge for 3 days. | 5) [Roast] Preheat the oven to 425°F. Face the turkey skin side up. Tuck the wings behind the shoulder to prevent burning. Roast for one hour and 20 minutes. At the halfway mark (40 minutes), melt the butter in a small sauce pan and brush it all over the turkey skin. Brush it again with the pan drippings. Continue roasting for another 40 minutes or until the deepest part of the thighs reaches 170°F. | 6) [Rest and serve] Let the turkey rest for 15 minutes before carving. You can also enjoy the backbone and giblets, or save them for stock.",https://i0.wp.com/vickypham.com/wp-content/uploads/2024/12/2024_11_24-Turkey52174-2.jpg?fit=3421%2C3421&ssl=1,"entree, side dish","Asian, Vietnamese, Fusion, American","asian turkey recipe, spatchcock turkey recipe, easy turkey recipe, quick turkey roast, chinese five spice turkey, thanksgiving turkey recipe, asian thanksgiving recipe, simple turkey marinade, no brine turkey recipe, old bay turkey recipe",,,0,0,0
Ginger Soy Dipping Sauce for Soup Dumplings,"Perfect for dim sum soup dumplings (XLB), this soy ginger dipping sauce blends soy sauce, fresh ginger, sugar, rice vinegar, and sesame oil for the perfect pairing.",https://vickypham.com/blog/ginger-soy-dipping-sauce-soup-dumplings/,5m,5m,5m,1/2 cup,"[Ingredients] 1 tablespoon hot water, 1 1/2 teaspoons granulated sugar, 4 tablespoons light soy sauce, 3 tablespoons rice vinegar or Chinese black vinegar, 1 tablespoon sesame oil (optional), 2 tablespoon ginger (peeled and thinly sliced), 1 tablespoon Sriracha chili sauce (optional)",[Instructions] 1) [Mix] Mix everything together.,https://i0.wp.com/vickypham.com/wp-content/uploads/2025/01/2025_01_03-XLB-soup-dumpling-soy-sauce-ginger52856-3.jpg?fit=3864%2C3864&ssl=1,condiment,"Asian, Chinese","soy ginger dipping sauce, soy sauce recipe, ginger soy sauce, Asian dipping sauce, easy dipping sauce, dumpling sauce, XLB sauce, how to make XLB sauce, how to make sauce for xiao long bao, how to make sauce for XLB, xiao long bao ginger soy sauce recipe, xiao long bao sauce",,5.0,1,1,2
Lao Spicy Papaya Salad,"This spicy papaya salad is the ultimate combination of crunch and flavor, featuring bold Lao ingredients.",https://vickypham.com/blog/lao-spicy-papaya-salad/,30m,30m,30m,5 servings,"[Ingredients] 1 green papaya (about 2.5 lbs whole), 70 grams palm sugar (4 small pods), 5 red Thai chili peppers (or more to your liking), 4 cloves garlic, 2 key limes (or about 1 large lime), 2 teaspoons tamarind concentrate, 3 tablespoons fermented fish sauce (padaek), 3 tablespoons regular fish sauce, 2 teaspoons Thai fermented shrimp paste, 15 cherry tomatoes","[Instructions] 1) [Prepare the papaya] Peel the green papaya and cut into long thin strands. Transfer to an ice bath to make it crispy while you make the dressing. | 2) [Make the dressing with a mortar and pestle] Pound the palm sugar so it breaks apart into small pieces. Add the garlic and Thai chili peppers. Pound into a rough paste. Add lime, tamarind concentrate, fish sauce, fermented fish sauce and shrimp paste. Adjust to taste if needed. | 3) [Add tomatoes and lime peel] Add the tomatoes and lightly smashed them open. You can also add in the lime peel at this point just for color but that’s optional. | 4) [Mix and Serve] Drain the papaya shreds. In a large mixing bowl, toss the shredded papaya with the dressing together. Plate the salad and serve immediately.",https://i0.wp.com/vickypham.com/wp-content/uploads/2024/12/lao-papaya-salad1-6.jpg?fit=2935%2C2935&ssl=1,"side dish, appetizer","Asian, Lao, Thai","spicy papaya salad, lao papaya salad, tam mak hoong, thai papaya salad, som tum, green papaya salad, fermented fish sauce salad, southeast asian salad recipe, unripe papaya recipe, crunchy papaya salad, som tum, thum mak hoong, Thai papaya salad recipe, tum mak hoong, spicy asian salad, spicy asian salad recipe, som tam",,,0,0,0
Lemongrass Prime Rib Roast with Asian-Style Au Jus Sauce,Impress your friends and family with this herby and citrusy lemongrass prime rib roast. Great for the holidays or just because! Serve it with the optional Asian-style au jus for an extra layer of flavor.,https://vickypham.com/blog/lemongrass-prime-rib-roast/,1440m,100m,1540m,6 servings,"[Ingredients] 5 lbs prime rib roast (boneless), 3 3/4 teaspoons fine ground sea salt (or 3/4 tsp per lb; see notes), 1 1/4 teaspoons ground black pepper (or 1/4 tsp per lb), 1 1/4 teaspoons garlic powder (or 1/4 tsp per lb), 1 1/4 teaspoons onion powder (or 1/4 tsp per lb), 1 1/4 teaspoons Chinese five-spice powder (or 1/4 tsp per lb), 1 1/4 teaspoon sugar (or 1/4 tsp per lb), 8 large lemongrass stalks, 1 yellow onion (peel and halve), 1 head garlic (about 10-12 large cloves), 1 cup pan drippings (or a combination of pan drippings and water or just beef stock), 2 tablespoons light soy sauce, 1 tablespoon rice vinegar, 1/2 teaspoon onion powder, 1/2 teaspoon garlic powder, 1/2 teaspoon ginger powder, 1/8 teaspoon ground black pepper, 4 tablespoon unsalted butter, 1/4 teaspoon fine ground sea salt (or to taste)","[Instructions] 1) [Prepare the roast] Trim off excess fat, if needed, but make sure to still leave a good amount as it will keep the prime rib moist. Clean off the prime roast by wiping it down with paper towels. Make small slits all over and stuff the garlic cloves inside. In a small bow, mix together the salt, black pepper, garlic powder, onion powder, Chinese five-spice powder, and sugar. Rub this mixture all over the roast and into the slits. Tie the roast tightly all around with cooking twine to help it hold its shape. | 2) [Prepare the lemongrass and pan] Clean the lemongrass, remove the outer leaves and trim off the rough leafy tops and set them aside (we’ll use them). Mince the tender bottom stalks finely. Rub olive oil over the roast and sprinkle the outside of the roast with the minced lemongrass. Cover and marinate in the fridge for 24 hours. | 3) [Roast] Preheat your oven to 425°F. Place the prime rib in the oven and roast for 15 minutes. This high heat helps develop a flavorful crust. After 15 minutes, reduce the oven temperature to 325°F. Continue roasting until the internal temperature of the meat reaches 120°F. At this stage, the roast is rare. Remove the roast from the oven and let it rest for 30 minutes. This allows the juices to redistribute, keeping the meat juicy and tender. During this resting time, the internal temperature will rise by about 15°F, bringing the roast to 135°F, which is between medium rare and medium. | 4) [Make the Au Jus Sauce (Optional)] In a medium saucepan, combine the pan drippings, soy sauce, rice vinegar, onion powder, garlic powder, ginger powder, ground black pepper, and butter. If you have roasted onions left in the roasting pan from making the prime rib, add those for extra flavor. Bring to a gentle simmer over medium-low heat and cook for about 5 minutes. Taste and add salt if needed. Strain out the solids and serve it warm alongside the prime rib.",https://i0.wp.com/vickypham.com/wp-content/uploads/2024/12/2025_08_02-prime-rib-au-ju504309-2.jpg?fit=3953%2C3953&ssl=1,entree,"Asian, American, Fusion","lemongrass prime rib roast, lemongrass prime rib recipe, vietnamese lemongrass roast, easy asian-style roast recipe, holiday prime rib roast recipe, lemongrass garlic roast, prime rib roast marinade, vietnamese prime rib recipe, asian-style prime rib, asian-style prime rib roast, asian-style prime rib roast recipe, how to make Asian prime rib roast, how to make asian prime rib, how long to cook prime rib, prime rib roast cooking guide, holiday food, holiday prime rib recipe",,,0,2,2
Miso Garlic Butter Roasted Broccoli,"A simple and flavorful side dish that’s ready in under 25 minutes. Bite-sized broccoli florets are coated in a savory miso garlic butter sauce, then roasted until crispy. Pair it with your favorite protein and carbs for a complete meal.",https://vickypham.com/blog/miso-garlic-butter-roasted-broccoli/,5m,18m,23m,4 servings,"[Ingredients] 1/2 tablespoon light soy sauce, 1/2 tablespoon white miso paste, 1 tablespoon rice vinegar, 1 tablespoon minced garlic, 1 tablespoon butter (unsalted), 1 tablespoon roasted white sesame seeds (optional), 1 lb broccoli florets","[Instructions] 1) [Prep the Broccoli] Wash and dry broccoli florets. Cut them into bite-sized pieces for even roasting if preferred. | 2) [Make the Sauce] In a microwave-safe bowl, heat the butter in the microwave for about 30 seconds until melted. To the melted butter, add light soy sauce, miso paste, rice vinegar, garlic, and sesame seeds. Mix until well combined. | 3) [Coat the Broccoli] Place the broccoli florets in a large mixing bowl. Pour the sauce over them and toss until evenly coated. The broccoli may look lightly coated, but the sauce is intensely flavored and salty, so a little goes a long way. | 4) [Roast the Broccoli] Preheat your oven to 400°F. Line a baking sheet with parchment paper or foil for easy cleanup. Spread the broccoli in a single layer, ensuring there’s space between each piece. Roast for about 15-18 minutes. If you prefer it crispier, move the tray to the top rack after roasting and broil at 400°F for 2-3 minutes, until the edges brown to your liking. | 5) [Serve] the broccoli on its own as a snack or as a side dish to your favorite protein and carbs for a complete meal.",https://i0.wp.com/vickypham.com/wp-content/uploads/2025/01/2025_01_07-Miso-Roasted-Broccoli502564-2.jpg?fit=3086%2C3086&ssl=1,side dish,"Asian, Japanese","miso garlic butter roasted broccoli, roasted broccoli recipe, miso roasted vegetables, garlic butter broccoli, easy broccoli side dish, roasted broccoli with sesame, crispy roasted broccoli, oven roasted broccoli recipe, miso butter sauce for broccoli, Asian-style roasted broccoli, miso roasted broccoli",,,0,0,0
Miso Soy Pan Fried Fish,"An easy pan-fried fish recipe featuring white fish fillets for quick cooking and a savory miso soy glaze. Simple, flavorful, and perfect for a busy weeknight.",https://vickypham.com/blog/miso-soy-pan-fried-fish/,5m,10m,15m,4 servings,"[Ingredients] 1 1/2 lbs thin fish fillets (see notes), 1/2 tablespoon light soy sauce, 1/2 tablespoon white miso paste, 1 tablespoon rice vinegar, 1 tablespoon minced garlic, 1 tablespoon butter (unsalted), 1 tablespoon roasted white sesame seeds (optional), Neutral oil for frying, 1/4 cup flour (corn starch, potato starch or all-purpose flour), Thinly sliced green onions or chopped cilantro (optional)","[Instructions] 1) [Make the sauce] In a microwave-safe bowl, heat the butter in the microwave for about 30 seconds until melted. Mix in light soy sauce, miso paste, rice vinegar, garlic, and sesame seeds. If you prefer a bit of sweetness, add sugar or honey to taste. Mix until well combined. | 2) [Prepare the fish] Give the fish a quick rinse to remove any fish smell and pat the fish fillets dry with a paper towel. Lightly coat each fillet in flour, shaking off any excess. Set aside. | 3) [Pan fry the fish] Heat a large pan over medium-high heat. Add enough oil to create a shallow pool, about ¼ inch deep. When the oil is hot (test by dropping a pinch of flour—it should sizzle), add the fish fillets. Fry the fish fillets in batches if needed. Pan fry for about 4 minutes on one side on high heat, then flip and cook for another 3 minutes until golden brown and crispy. Remove the fish and set aside. Carefully remove most of the oil from the pan, leaving just a shallow layer then return the fish back to the pan. You can return one fillet at a time or all at once if your pan fits. | 4) [Add the sauce] Add the miso garlic butter sauce into the small pool of oil in the pan. The oil helps emulsify the miso paste and spread it evenly. Stir gently until the sauce bubbles and the garlic and sesame seeds in the sauce gets toasted and fragrant (about 10 seconds). Keep in mind the miso sauce is quite salty. If using just one fillet, start with a teaspoon. If using all fillets at once, add it all. Spoon the sauce over each piece to coat them thoroughly. | 5) [Garnish and serve] Transfer the fish to a plate and top with cilantro or green onion ribbons for a fresh garnish. Serve immediately with steamed rice or your favorite side dishes.",https://i0.wp.com/vickypham.com/wp-content/uploads/2025/01/2025_01_06-Miso-Pan-Fried-Fish52963.jpg?fit=3530%2C3530&ssl=1,side dish,"Asian, Fusion, Japanese","miso soy pan fried fish, miso garlic butter sauce fish, pan fried white fish, crispy fish fillets, easy fish dinner, miso soy sauce fish recipe, white fish recipes, pan fried miso cod, pan fried miso tilapia, soy garlic miso fish, miso butter sauce fried fish, miso cod recipe, white miso paste and fish recipe",,,0,0,0
Pork Wonton Soup,"Juicy, plump pork wontons in delicious broth—perfect for a cold winter day. Wrapping wontons is easier than it looks, and you’ll have this delicious dish ready in about 40 minutes.",https://vickypham.com/blog/pork-wonton-soup/,20m,20m,40m,25 large wontons,"[Ingredients] 12 oz ground pork, 5 green onions (thinly sliced), 2 teaspoons oyster sauce, 2 teaspoons chicken bouillon powder, 1/2 teaspoon salt, 1/2 teaspoons ground black pepper, 2 teaspoons sesame oil, 1 teaspoon Shaoxing cooking wine (optional), 14 oz wonton wrappers, 32 oz chicken bone broth or stock, 2 cups water, 2 teaspoons salt, 1 teaspoon sugar, 1 teaspoon chicken bouillon powder, 1 tablespoon light soy sauce, Ground black pepper, Choy sum or bok choy","[Instructions] 1) [Make the Wonton Filling] Combine ground pork, green onions, and seasonings in a bowl. Mix in one direction with your hand or chopsticks until the mixture forms a sticky paste. To check the flavor, cook a small amount of the filling by microwaving for 30 seconds or pan-frying for 1 minute. Adjust the seasonings if needed. | 2) [Assemble the Wontons] Prepare a small bowl of water for sealing the wonton wrappers. Place a wonton wrapper flat on a clean surface and add about 1 tablespoon of filling in the center. Wet the edges of the wrapper with water, then fold it in half to form a triangle, pressing out any air pockets. Seal the edges tightly. Bring the two corners of the triangle together, wet one corner, and pinch them together to seal. If this feels tricky, you can simply fold the wontons into triangles or pinch the edges together into a purse shape. | 3) [Prepare the Broth] In a medium pot, combine chicken stock and water. Bring it to a boil, add seasonings, and adjust to taste. If using vegetables like choy sum, cut them into bite-sized pieces and set aside. | 4) [Cook the Wontons] Bring a large pot of water to a rolling boil. Add the wontons and gently stir to prevent sticking. Cook until the wontons float to the surface, then transfer them to the prepared broth. Add the choy sum to the broth and let it simmer for 30 seconds to 1 minute. To prevent overcooking, keep the wontons, broth, and vegetables separate if not serving immediately. | 5) [Garnish and Serve] Ladle the wontons, vegetables, and broth into bowls. Garnish with sliced green onions, a dash of pepper, and a drizzle of sesame oil or chili oil. Serve hot and enjoy!",https://i0.wp.com/vickypham.com/wp-content/uploads/2024/12/2024_12_21-Pork-wontons-soup502219-2.jpg?fit=3103%2C3103&ssl=1,entree,"Asian, Chinese, Vietnamese","pork wonton soup, wonton soup recipe, how to make wonton soup, Vietnamese wonton soup, easy wonton soup recipe, soup with wontons, pork dumpling soup, homemade wonton soup, pork wonton soup with green onions, green onion wontons, wontons with green onions, wontons with pork recipe, green onion wonton recipe",,,0,0,0
Thịt Kho Tiêu (Vietnamese Braised Black Pepper Pork),"Tender, quick-braised sweet and savory pork in a peppery fish sauce glaze — the ultimate Vietnamese comfort food when paired with a hot bowl of steamed rice.",https://vickypham.com/blog/thit-kho-tieu/,5m,25m,30m,5 servings,"[Ingredients] 1 1/2 lbs pork belly or pork shoulder, 3 tablespoons fish sauce, 1/2 teaspoon chicken bouillon powder or 1/4 teaspoon MSG (optional), 2 tablespoons granulated sugar, 2 teaspoons ground black pepper, 3 garlic cloves (peel and mince), 1 shallot (peel and mince), 1/2 cup Coco Rico coconut soda (can sub with water), 1 tablespoon granulated sugar, 1 tablespoon water","[Instructions] 1) [Prepare and Marinate the Pork] Clean the pork by rubbing it with an additional tablespoon of salt, rinsing thoroughly, and patting it dry with paper towels (optional but helps reduce odor). Cut the pork into thin, bite-sized strips. If using pork belly, ensure each strip includes layers of skin, meat, and fat. Toss the pork with fish sauce, bouillon powder or MSG (optional), sugar, black pepper, garlic, and shallot. | 2) [Caramelize the sugar] In a medium skillet or clay pot, combine 1 tablespoon of sugar with 1 tablespoon of water. Heat the mixture over medium heat, stirring occasionally, until it turns a dark amber color. | 3) [Add the Pork] Quickly add the marinated pork along with its juices to the caramelized sugar. Toss the pork thoroughly to coat it in the caramel sauce, which starts as light brown but will deepen in color during braising. | 4) [Braise] Pour in coconut soda (or water), reduce the heat, cover, and let it simmer for 15 minutes. Stir occasionally to ensure all the pork pieces are evenly coated in the sauce. Remove the lid and continue simmering uncovered for another 10 minutes or until the pork is tender and the sauce has mostly reduced. | 5) [Finish] Garnish with freshly cracked black pepper, thinly sliced green onions, and chili peppers for a vibrant presentation. Serve with steamed rice and a side soup for a complete Vietnamese meal.",https://i0.wp.com/vickypham.com/wp-content/uploads/2016/05/2024_12_25-Thit-Kho-Tieu-Pork-Black-Pepper52658-1.jpg?fit=4000%2C4000&ssl=1,side dish,"asian, vietnamese","thit kho tieu, thịt kho tiêu, vietnamese braised peppered pork, braised pork recipe, vietnamese comfort food, thit kho recipe, thit kho tieu recipe, vietnamese pork recipes, pepper pork recipe, easy vietnamese recipes, black pepper pork, vietnamese braised pork, vietnamese braised pork with ground black pepper, vietnamese postpartum food",,5.0,1,4,5
Vietnamese Hollow Donut with Yeast (Bánh Tiêu),An airy and soft Vietnamese donut with a crispy sesame seed crust and a hollow interior. Enjoy as is or fill with sweet sticky rice for a tasty sweet treat. This recipe uses yeast as the main leavening agent and makes 7-10 medium Banh Tieu's.,https://vickypham.com/blog/vietnamese-hollow-donut-with-yeast-banh-tieu/,130m,15m,145m,7-10 donuts,"[Ingredients] 1 teaspoon active dry yeast, 2 tablespoons warm water, 1 teaspoon granulated white sugar, 2 cups all-purpose flour, plus 1/4 cup more for dusting, 1/3 cup granulated white sugar, 1 teaspoon salt, 1 teaspoon baking powder, 1/2 to 3/4 cup water, 1/4 cup toasted sesame seeds, Neutral oil for deep-frying; amount varies depending on the size of your pot","[Instructions] 1) [Prepare the Yeast Mixture] In a small bowl, lightly mix together the yeast, warm water and sugar. Set it aside for 10 minutes or until the yeast doubles in size. If the yeast doesn’t double, you may have a bad batch of yeast. | 2) [Prepare the Flour Mixture] In a medium bowl, whisk together the flour, sugar, salt, and baking powder. | 3) [Mix and Proof] In a stand mixer with a bread hook, add the yeast mixture, flour mixture, and water (a little at a time), and knead until the dough mostly comes together. Transfer the dough into a lightly oiled bowl, cover it with plastic wrap, and place it in a warm spot (such as an oven with the light on) for two hours. The dough should double in size. | 4) [Cut the Dough] Once the dough has finished proofing, deflate it and knead it into a log. Dust your hands and surface with extra flour to prevent sticking. Cut the log into 7–10 equal pieces, then roll them into balls and flatten them as thin as you can. The thinner the dough, the puffier it will get once fried. | 5) [Sesame Seed Crust] Dip the flattened pieces of dough into a bowl of sesame seeds until they are well covered on all sides. Press the sesame seeds into the dough so they don’t fall off. | 6) [Frying] Fill a large pot with an inch and a half of vegetable oil and heat it to 350°F. Deep-fry as many as your pot can handle without overcrowding. Constantly flip the dough for even coloring and cooking. Once they are golden, remove them from the oil and drain them on a wire rack. Allow the bánh tiêu to cool for 3–5 minutes before consuming.",https://i0.wp.com/vickypham.com/wp-content/uploads/2025/01/Desktop-1.jpg?fit=750%2C620&ssl=1,dessert,"Asian, Chinese, Vietnamese","banh tieu recipe, banh tieu, bánh tiêu, bánh tiêu recipe, Vietnamese hollow donut, Vietnamese hollow donut with sesame seed crust, sesame seeds, Vietnamese donut recipe, vietnamese hollow donut recipe, Vietnamese donut, Chinese hollow donut, Chinese hollow donut recipe, how to make banh tieu, how to make Vietnamese hollow donut, white sesame seeds, Vietnamese dessert, asian dessert, Chinese dessert, Vietnamese dessert recipe, asian dessert recipe, chinese dessert recipe, banh tieu ingredients, what is banh tieu, what is banh tieu made of, banh tieu recipe with yeast, yeast banh tieu, banh tieu yeast recipe",,5.0,1,4,5
Vietnamese Sponge Gourd and Dried Shrimp Soup (Canh Mướp Tôm Khô),"A light vegetable soup that’s great for dinner with steamed rice. Yummy, squishy sponge gourd and savory dried shrimp, full of umami, come together in this quick and traditional soup. It's the perfect accompaniment in a Vietnamese family meal.",https://vickypham.com/blog/vietnamese-sponge-gourd-and-dried-shrimp-soup-canh-muop-tom-kho/,5m,6m,11m,4 servings,"[Ingredients] 1.5 oz dried shrimp (about 1/2 cup, rinse and drain), 2 sponge gourd (about 10 oz, peel and cut into chunks), 1 tablespoon neutral oil, 1 small shallot (peel and mince), 2 garlic cloves (peel and mince), 2 green onions (slice thin, whites separated), 1 1/2 quarts water, 2 teaspoons fish sauce, 2 teaspoons salt, 1 teaspoon chicken bouillon powder or mushroom seasoning powder (optional), 1 teaspoon sugar, 1/4 teaspoon ground black pepper","[Instructions] 1) [Toast aromatics] Start by heating the oil in a pot on medium high. Sauté minced shallot, garlic, and whites of green onions until fragrant (about 20 seconds). Add the dried shrimp and stir for about a minute to bring out their aroma and flavor. | 2) [Make the broth] Pour in water and bring it to a boil (about 7 minutes). Add the sponge gourd. Let it cook until soft and tender (about 5 minutes). | 3) [Finish] Season the soup with fish sauce, salt, bouillon powder, and sugar. Finish with a sprinkle of black pepper and top it with reserved green part of the green onions. Serve immediately for best results with steamed rice, and other protein side dishes for a complete meal or enjoy it on its own.",https://i0.wp.com/vickypham.com/wp-content/uploads/2025/01/2024_12_31-Canh-Muop-Tom-Kho502456-1.jpg?fit=3639%2C3639&ssl=1,side dish,"Asian, Vietnamese","canh muop tom kho, vietnamese sponge gourd soup, sponge gourd soup recipe, luffa soup, easy vietnamese soup, canh muop recipe, sponge gourd recipes, canh recipe, traditional vietnamese soup, dried shrimp soup, canh muop",,,0,0,0
Thịt Kho Trứng (Vietnamese Braised Pork Belly with Eggs),"Braised to soft gelatinous perfection with plenty of delicious broth, this sweet and savory pork belly and egg dish is childhood comfort food. Enjoy with steamed rice for the ultimate taste of Vietnamese home cooking.",https://vickypham.com/blog/braised-pork-and-boiled-eggs-in-coconut-juice-thit-kho-tau/,30m,80m,110m,6 servings,"[Ingredients] 2 1/2 lbs pork belly, 1/3 cup fish sauce, 1/2 teaspoon salt, 1 tablespoon granulated sugar, 1 teaspoon ground black pepper, 2 teaspoons chicken or mushroom bouillon powder (optional; see notes), 1 teaspoon MSG (optional; see notes), 4 garlic cloves (finely diced), 1 large shallot (finely diced), 1/2 teaspoon thick soy sauce or homemade caramel cooking sauce, 3 cups water, 12 oz coconut soda (1 can; see notes), 9-12 chicken eggs, Red chilies/thinly sliced green onions (optional)","[Instructions] 1) [Prepare Pork Belly] Using a sharp knife, slice the pork belly into equal bite-sized pieces, approximately 1-1/2 x 1 inch. Ensure each piece has a layer of skin, meat, and fat. Place the cut pork belly in a large pot and add enough water to cover. Turn on the heat and bring it to a boil, which should take about 9 minutes. As it boils, impurities will rise to the surface. Remove the pork belly from the water and rinse the pork in a colander until clean. | 2) [Marinate Pork Belly] Transfer the cleaned pork belly to a medium bowl and marinate it with fish sauce, salt, sugar, ground black pepper, bouillon powder, MSG, garlic, shallots, and thick soy sauce/homemade caramel sauce for at least 30 minutes or overnight in the fridge for best results. | 3) [Cook Eggs] Using the same water that was used to blanch the pork belly, bring it back to a boil. Carefully lower the eggs into the boiling water and cook for about 10 minutes. Transfer the eggs to a bowl and gently shake them to slightly crack the shells. Add ice water and peel the eggs while they are still warm. Set aside. | 4) [Sauté and Braise Pork Belly] Wash the pot and return it to the stove. Add the marinated pork belly along with all its juices. Pan-fry for about one minute to release the aroma of the shallots and garlic in the marinade. Then, add water and coconut soda, and simmer uncovered over medium heat for 40 minutes. | 5) [Add Eggs] Transfer the boiled eggs into the pot. Continue to simmer uncovered for another 30 minutes. | 6) [Garnish and Serve] When ready to serve, top with red chilies or green onions, and a sprinkle more of ground black pepper, if preferred. Serve with steamed rice and your choice of vegetables for a complete meal.",https://i0.wp.com/vickypham.com/wp-content/uploads/2024/11/Thit-Kho-Trung-with-Rice_6-1.jpg?fit=2845%2C2845&ssl=1,side dish,"asian, vietnamese","thịt kho trứng, thit kho tau, thit kho, thịt kho tàu, caramelized pork and eggs, how to make traditional thit kho tau, Vietnamese caramelized pork belly, pork belly, hard boiled eggs, Vietnamese caramel pork, Vietnamese caramel pork belly, tet recipe",,5.0,1,22,23
Vietnamese Corn Pudding with Sago (Chè Bắp),"A sweet corn pudding that’s an easy and tasty treat made with fresh corn, chewy tapioca pearls, and rich coconut milk. It's a great way to use up extra corn.",https://vickypham.com/blog/che-bap-coconut-milk/,25m,10m,35m,4 servings,"[Ingredients] 2 corn on the cobs, 1 quart water, 1/4 cup mini tapioca balls/sago, 3 tablespoons granulated sugar, 1/2 teaspoon salt, 1 teaspoon vanilla extract or 3 pandan leaves, Coconut milk sauce, Toasted sesame seeds (optional)","[Instructions] 1) [Prepare the Corn] Cut the kernels off the cob. Use a knife to scrape the cobs to get the last bits of milky kernels—an upward scraping motion works best for this. | 2) [Make the Corn Stock] Boil the corn cobs and kernels for 15 minutes. If using pandan leaves, tie it up with one of the leaves and add them at this stage. After boiling, remove and discard the cobs (and pandan leaves, if used). | 3) [Cook the Tapioca/Sago] Add mini tapioca pearls directly into the corn stock. Cook on medium-low heat for 10 minutes, then cover and let it sit for an additional 10 minutes. | 4) [Sweeten] Add sugar gradually to taste, along with a pinch of salt for balance. | 5) [Serve] Scoop the dessert into individual bowls and top chè bắp with coconut sauce and serve. For extra pizzazz, add some toasted sesame seeds to the top. Enjoy warm or room temperature.",https://i0.wp.com/vickypham.com/wp-content/uploads/2024/10/Vietnamese-Corn-Pudding-with-Sago-Che-Bap-1-1.jpg?fit=3866%2C3866&ssl=1,dessert,"asian, vietnamese","che bap, Vietnamese corn pudding, Vietnamese corn pudding recipe, sweet corn dessert, Vietnamese dessert recipe, che bap recipe, how to make che bap, easy Vietnamese desserts, coconut milk pudding, Vietnamese sweet corn, tapioca corn pudding, che bap, che bap recipe, vietnamese corn dessert, vietnamese corn pudding, vietnamese che bap, corn sago dessert, asian corn dessert, vietnamese corn che, vietnamese corn milk",,,0,0,0
Chicken Fried Rice with Broccoli,"Easy fried rice recipe with perfectly seasoned chicken, fluffy eggs, and broccoli for a quick one-wok meal.",https://vickypham.com/blog/chicken-fried-rice-broccoli/,15m,5m,20m,5 servings,"[Ingredients] 1 1/2 lbs skinless, boneless chicken thighs or breasts (thinly sliced), 1/4 teaspoon salt, 1/8 teaspoon ground black pepper, 1 tablespoon cornstarch, 1/8 teaspoon baking soda, 2 tablespoons neutral oil (divided), 3 large eggs (beaten), 1/4 cup finely diced shallots, 1 large green onion (thinly sliced, whites and greens separated), 2 garlic cloves (finely minced), 10 oz broccoli (cut into small piece), 3 rice-cooker cups jasmine rice grains (day-old; see notes), 2 tablespoons light soy sauce, 1 tablespoon dark soy sauce, 1 teaspoon salt, 1 teaspoon MSG (optional)","[Instructions] 1) [Velvet and Marinate the Chicken] Slice the chicken into strips (partially freezing it makes slicing easier). In a bowl, combine sliced chicken, salt, ground black pepper, corn starch, and baking soda. Toss until evenly combined and set aside for 10 minutes to marinate and tenderize. | 2) [ Pan Fry Aromatics] Heat a large wok or skillet on the stovetop with a tablespoon of oil over medium-high heat. Add the shallots, the white parts of green onions and garlic. Stir-fry until fragrant (about 20 seconds). | 3) [Cook Chicken] Add the marinated chicken and cook until it is mostly cooked then push it towards the edges of the wok to clear the center (about 2 minutes). | 4) [Cook Eggs & Broccoli] Add another tablespoon oil to the cleared center and add the beaten eggs. Once it starts to set slightly (about 30 seconds), add the broccoli and toss everything together, including the chicken on the edge of the wok (about 1 minute). | 5) [Add rice] If day-old rice is still clumpy, wet your hands and give it a gentle massage to separate into individual grains. Season rice with soy sauce, salt and MSG, adding a little at a time to your liking. Toss everything together, stirring quickly to prevent sticking and burning the bottom and cook for 3 more minutes. | 6) [Finish] Garnish with green onion tops and enjoy.",https://i0.wp.com/vickypham.com/wp-content/uploads/2024/10/chicken-fried-rice_4.jpg?fit=3686%2C3686&ssl=1,entree,"asian, vietnamese, chinese","chicken fried rice, fried rice recipe, homemade fried rice, wok fried rice, Chinese chicken fried rice, broccoli fried rice, easy fried rice, easy chicken fried rice, chicken fried rice recipe",,,0,0,0
"Steamed Fish with Scallions, Ginger and Soy Sauce (Ca Hap Gung Hanh)","Looking for a simple fish dinner? This steamed fish with ginger, scallions, and a splash of soy sauce is light, healthy, and easy to make. Ready in just 25 minutes, it's finished with hot oil for that perfect sizzle. Serve with steamed rice for a complete meal.",https://vickypham.com/blog/steamed-fish-with-scallions-ginger-and-soy-sauce/,10m,25m,35m,4 servings,"[Ingredients] 2 lbs white flesh fish (sea bass, tilapia, or cod), 1/2 teaspoon salt, 1/2 teaspoon ground black pepper, 4 scallions/green onions, 2-inch ginger, 1/4 cup light soy sauce, 1 tablespoon granulated sugar, 1/4 cup hot water, 1/4 cup vegetable oil or other neutral oil","[Instructions] 1) [Set up the steamer] Fill the bottom of the steamer with water, making sure it doesn’t touch the steaming plate. Bring the water to a simmer while you prepare the rest. | 2) [Prepare the green onions/scallions] Start by trimming off the root ends of the green onions. Slice the green onions into 2-3 inch long sections. Julienne the green onions by cutting them lengthwise into thin strips. Separate the white part and green part. Set aside. | 3) [Prepare the ginger] Use a spoon to peel the ginger, scraping off the skin. Cut the ginger into thin coins. Then julienne the ginger by stacking the slices and cutting them into thin matchstick-like strips. Set aside. | 4) [Prepare the fish] Clean the fish by rinsing it and patting it dry with paper towels. If using a whole fish, make slits along the back, down to the backbone, Marinate the fish by coating all sides and inside the slits with salt, ground black pepper, half of the ginger, and white parts of the green onions. | 5) [Steam the fish] Place the fish in a single layer on a plate that fits inside a steamer with the lid on. Steam for about 12 minutes if using fillets or steaks, or 25 minutes for whole fish. | 6) [Prepare the soy sauce mixture] Mix together light soy sauce and sugar until dissolved. Add a bit of hot water at a time to taste. Set aside. | 7) [Add aromatics] Tilt the plate to discard any liquid that collects during steaming (to remove any fishy smell). Remove the plate from the steamer, drizzle the fish with the soy sauce mixture, and top with remaining ginger and green onions (the green part). | 8) [Finish with hot oil] When ready to serve, heat vegetable oil in a small saucepan. Carefully pour the hot oil over the aromatics—be cautious, as it may splatter. Serve with steamed rice for a complete meal.",https://i0.wp.com/vickypham.com/wp-content/uploads/2016/02/Steamed-Fish-with-Scallions-Ginger-and-Soy-Sauce-Recipe-Ca-Hap-Gung-Hanh-1.jpg?fit=3947%2C3947&ssl=1,side dish,"asian, vietnamese, chinese","steamed fish recipe, Vietnamese steamed fish recipe, Chinese steamed fish recipe, Asian steamed fish recipe, how to steam fish, Chinese steamed fish, steamed fish with soy sauce, steamed fish with ginger, steamed fish with scallions, healthy fish recipe, ca hap gung, easy steamed fish recipe, steamed fish fillets, Cá Hấp Hành Gừng",,,0,0,0
Vietnamese Bánh Mì Baguette,These light and airy Vietnamese baguettes are crisp on the outside and soft on the inside. Perfect to get your Vietnamese sandwich on.,https://vickypham.com/blog/vietnamese-banh-mi-baguettes/,105m,18m,123m,6 medium baguettes,"[Ingredients] 500 grams bread flour, 4 grams salt, 270 grams warm water, 7 grams active or instant yeast (one packet), 10 grams granulated sugar, 1 whole egg (beaten), 25 grams melted butter (salted)","[Instructions] 1) [Activate the yeast] Whether you’re using active or instant yeast, we’ll activate it to ensure success. In a small bowl, mix warm water, yeast, and sugar. Let it sit for 10-15 minutes until foamy. | 2) [Prepare the dough] In the bowl of a stand mixer, whisk together the bread flour and salt. Add the yeast mixture, beaten egg, and melted butter. Using the dough hook, mix on low speed to combine, then increase to medium speed as the dough comes together into a some-what smooth ball that pulls cleanly from the sides of the bowl (about 10 minutes total). | 3) [First proof] Lightly grease a bowl with oil and transfer the dough into it. Cover with plastic wrap and let the dough proof for 30 minutes to 1 hour, or until it doubles in size. | 4) [Divide the Dough] Punch it down to release the air. Divide it into 6 equal pieces (about 140g each). Roll each piece into a smooth ball and cover with a damp towel to prevent drying out while you work. | 5) [Shape the Dough] Flatten each dough ball into a rectangle with a pointed top. Roll the dough from the top down with tapered ends, pinch the seams to seal, and gently roll to smooth out the seams. Place the formed dough seam-side down on a baking tray, spacing them at least one inch apart for proofing. | 6) [Second proof] Place a small pot of hot water in the oven. This will help with proofing. Transfer the baking tray into oven with the lights on, and let them proof for another hour, or until doubled in size. It should double in size to achieve the right result. | 7) [Preheat & Score] Remove the dough tray from the oven and set aside. Preheat to 480°F, leaving the small pot inside. When oven is ready, spray the dough 2-3 times with water to make scoring easier. Score each baguette at a 45-degree angle, about 1/8 inch deep. | 8) [Bake] Immediately transfer the tray back to the oven. Spray the top of the dough again with water (2-3 full sprays) to create steam for a crispier crust. Bake for a total of 18 minutes or until golden brown. Rotate the tray halfway through and spray the top of the dough again. | 9) [Finish] In the last 5 minutes of baking, remove the water pot to help dry out the crust. Don’t worry about opening and closing the oven a few times—it won’t affect the bread. Once baked, let the baguettes cool slightly and enjoy.",https://i0.wp.com/vickypham.com/wp-content/uploads/2014/03/banh-mi-1-1.jpg?fit=3937%2C3937&ssl=1,bread,"asian, vietnamese","banh mi bread, vietnamese baguette recipe, banh mi sandwich bread, how to make vietnamese baguette, crispy vietnamese bread, banh mi bread at home, light and airy banh mi baguette, homemade banh mi bread, vietnamese sandwich bread recipe, vietnamese banh mi, banh mi baguette, easy banh mi bread, homemade banh mi baguette, banh mi bread recipe, vietnamese baguette, how to make banh mi, crispy banh mi bread, fluffy banh mi bread, bread with yeast",,,0,2,2
Vietnamese Beef Carpaccio (Bò Tái Chanh),A traditional and flavorful beef appetizer made with thin slices of rare beef “cooked” in lime juice and lightly tossed in a fish sauce dressing. Serve with cold beer and enjoy!,https://vickypham.com/blog/vietnamese-beef-carpaccio/,10m,15m,25m,3 servings,"[Ingredients] 1 lb beef eye round, 1 small yellow or white onion, Herbs (cilantro, mint, and/or Thai basil), 2 tablespoons sugar, 2 tablespoons fish sauce, 3 tablespoons lime juice (divided), 1/4 teaspoon ground black pepper, 1/2 teaspoon MSG, 1 tablespoon freshly minced garlic, Red chili peppers (thinly sliced), Fried shallots, fried garlic, and/or toasted peanuts (roughly chopped), Shrimp chips or black sesame rice crackers (optional)","[Instructions] 1) [Prepare the beef] Thinly slice the beef against the grain. For easier slicing, freeze the beef for about 15–20 minutes beforehand. If you prefer a char on the beef eye round, heat a skillet over high heat, add a little oil, and sear the beef for 2–3 minutes on each side until you get a golden crust then thinly slice against the grain. | 2) [""Cook"" the Beef with Lime and Prepare the Onions] In a bowl, combine lime juice (2 tablespoons) and sliced beef, ensuring each piece is evenly coated. Let the beef “cook” for 15-20 minutes. Thinly slice the onions and soak in ice water to remove some of the pungency. | 3) [Prepare the Dressing] In a small bowl, mix together lime juice (remaining 1 tablespoon), sugar, fish sauce, ground black pepper, MSG if using, fresh garlic and chili peppers. | 4) [Prepare the Platter] Spread your favorite herbs on a large plate. Drain the onions and add them on top of the herbs. Remove the beef slices from the lime water (discard water) and add to the bed of herbs and onions. Drizzle the dressing on top. Use as little or much as you like. | 5) [Garnish & Serve] Top the beef salad with fried shallots, fried garlic, and toasted peanuts. Serve with rice or shrimp crackers or enjoy it as a light, refreshing starter on its own. | 6) [Black Sesame Rice Crackers] Simply heat in one minute intervals in microwave until puffy. Rotate and flip for even cooking. Break off into small pieces for serving.",https://i0.wp.com/vickypham.com/wp-content/uploads/2024/10/boi-tai-chanh_12-3.jpg?fit=3782%2C3782&ssl=1,appetizer,"asian, vietnamese","bo tai chanh recipe, Vietnamese beef carpaccio, Asian beef carpaccio, Vietnamese raw beef salad, lime-cured beef Vietnamese, easy bo tai chanh recipe, Vietnamese carpaccio, bo tai chanh Vietnamese, bo tai chanh, Bò Tái Chanh",,,0,0,0
Cơm Gà Hải Nam (Hainanese Chicken Rice),"Hainanese chicken rice consists of juicy, tender poached chicken and fragrant ginger rice, served with a green ginger-scallion sauce. A seemingly plain dish that's packed full of flavor.",https://vickypham.com/blog/vietnamese-ginger-chicken-rice/,10m,75m,85m,5 servings,"[Ingredients] 1 whole free-range chicken (about 2.5 lbs), 3 quarts water, 1 tablespoon and 1/8 teaspoon salt (divided), 1 teaspoon and 1/8 teaspoon sugar (divided), 1 teaspoon and 1/8 teaspoon MSG (divided), 1/2 cup sliced green onions/scallions (about 8 small sprigs), 1/2 cup finely minced ginger (about 4-inch piece, divided), 3 cups long grain rice, 1/4 cup neutral oil, Vietnamese Ginger Fish Sauce (optional), Fried shallots (optional), Light soy sauce and red chili peppers (optional)","[Instructions] 1) [Prepare the Chicken] Rub the chicken inside and out with 1 tablespoon coarse sea salt then rinse, drain and pat dry with paper towels (optional). Using kitchen shears or a sharp knife, remove the chicken fat at the bottom end of the chicken and toes (if any). Tuck the legs back into the cavity. | 2) [Prepare the Aromatics] Peel the ginger with a metal spoon. Cut ginger into thin circles across the grain then slice thin. Mince into fine pieces. Remove the root ends of the green onions. Thinly slice the remaining green part. Keep both the ginger peel and green onion root ends for the chicken stock. | 3) [Make the Chicken Stock] Place the whole chicken breast-side up in a large pot and add enough water to cover it, about 3 quarts. It’s fine if the chicken breasts stick out slightly. Add the ginger peels, scallion root ends, salt, sugar, and MSG if using. Crank up heat to high to quickly bring the pot to a boil then lower to a gentle simmer. This should take about 8 minutes. Cook, uncovered, for 30 minutes, flipping the chicken halfway through to ensure even cooking. After 30 minutes, turn off the heat and cover the pot with a lid. Let the chicken poach in the residual heat for 15 minutes. | 4) [Ice Bath] Remove the chicken and immediately transfer it to an ice water bath for 10 minutes. Remove the ginger peels and scallion root ends from the stock and set it aside for the rice later. Take the chicken out of the ice water bath and pat it dry with paper towels. | 5) [Chop Chicken] Use a large meat cleaver to chop the chicken into bite-sized bone-in pieces. Transfer the pieces to a serving bowl and garnish with fried shallots (optional). | 6) [Toast the Rice] Rinse the rice until water runs clears, drain completely dry and set aside. Add chicken fat to a large skillet and heat over medium-high until it renders into a small pool of oil. Remove and discard the solid pieces if desired, or leave them in. Add minced ginger (about 1/4 cup) and pan fry the ginger in the rendered oil until fragrant (about 1 minute). Add cleaned rice. Gently toss around so all the grains are nicely toasted with a very light golden color (about 10 minutes). | 7) [Cook Rice] Transfer the toasted rice to a rice cooker. Add 3-3/4 cups of chicken stock into the rice cooker. Cook on the plain rice setting on the rice cooker (about 30 minutes). | 8) [ Make the Ginger Scallion Sauce] Heat up a small pan with neutral oil until smoking (about 4 minutes). Slowly and carefully pour the hot oil over the scallion and ginger. Add the remaining ginger (1/4 cup) and thinly sliced green onions to a heat-proof bowl. Add a pinch each (1/8 teaspoon) of salt, sugar and MSG (optional). Mix until combined. | 9) [Serve] For a pretty presentation, add rice into a small bowl and flip it onto a plate. Add sliced chicken and ginger-scallion sauce. You can also serve with thinly sliced cucumber and optional soy sauce or chili peppers on the side for further tableside customization.",https://i0.wp.com/vickypham.com/wp-content/uploads/2024/11/com-ga-55-5.jpg?fit=3421%2C3421&ssl=1,entree,"asian, vietnamese, chinese, singaporean","Chicken Rice Vietnamese Recipe, Hainanese chicken rice recipe, Vietnamese com ga hai nam, poached chicken rice recipe, how to make Hainanese chicken rice, southeast asian chicken rice dish, com ga walking chicken, flavorful chicken rice recipe, Singapore chicken rice recipe, com ga recipe, Vietnamese com ga, com ga, com ga hai nam, cơm gà hải nam, cơm gà",,5.0,2,9,11
Vietnamese Meat Pie (Bánh Patê Sô),"Easy, delicious, and the perfect appetizer, Bánh Patê Sô features a crispy golden puff pastry filled with a flavorful meat filling. With store-bought puff pastry and simple ingredients, this recipe comes together in about 40 minutes.",https://vickypham.com/blog/vietnamese-meat-pie-banh-pate-so/,15m,25m,40m,9 pies,"[Ingredients] 1/2 lb ground pork, 1 teaspoon salt, 1/2 teaspoon granulated sugar, 1/4 teaspoon ground black pepper, 1 teaspoon sesame oil, 1 tablespoon oyster sauce, ½ cup finely diced yellow onion, 1 package Pepperidge Farm puff pastry sheets (2 sheets, 9×9″), 1 beaten egg (for egg wash)","[Instructions] 1) [Defrost & Prepare Filling] Thaw puff pastry at room temperature for 15 minutes. Set aside. Mix ground pork, onions, oyster sauce, sesame oil, sugar, salt, and black pepper. Taste and adjust seasoning if needed by cooking a teaspoon of the filling in the microwave or pan. | 2) [Preheat & Cut Pastry] Preheat oven to 400°F. Unfold and stack the two pastry sheets, then cut into nine 3″ x 3″ squares. You should have a total of 18 squares. 2 squares for each pie. | 3) [Assemble Pies] Add filling to each bottom square. Brush edges with egg wash, cover with the top square, and seal by pinching edges together with fingers or use a fork for a more decorative touch. Pierce tops gently with a fork and brush with egg wash. | 4) [Bake and Enjoy] Arrange on a lined baking sheet with some spacing in-between. Bake for 25 minutes or until golden. Enjoy warm out of the oven. Store any extras in an airtight container in the fridge for up to 3 days. Reheat in a toaster oven or air fryer at 380°F for 5 minutes. For longer storage, freeze pies wrapped in plastic wrap for at least 6 months.",https://i0.wp.com/vickypham.com/wp-content/uploads/2024/10/Vietnamese-Meat-Pie-Banh-Pate-So-1-3.jpg?fit=3754%2C3754&ssl=1,appetizer,"asian, vietnamese, french","Vietnamese pate chaud, Vietnamese pate chaud recipe, banh pate so, banh pate so recipe, how to make asian meat pie, how to make Vietnamese meat pie, asian puff pastry recipe, ground pork filling, Vietnamese meat pie, homemade pate chaud, homemade pate so, how to make banh pate so, how to make pate so",,5.0,1,5,6
Vietnamese Red Rice (Cơm Đỏ),"If you have leftover rice and want something simpler than traditional fried rice but fancier than steamed rice, you will enjoy this Vietnamese red rice recipe to pair with your favorite protein.",https://vickypham.com/blog/vietnamese-red-rice/,5m,5m,10m,2 servings,"[Ingredients] 1 tablespoon vegetable oil, 1 tablespoon minced garlic (about 3 garlic cloves), 1 tablespoon tomato paste, 1 lb day-old steamed rice (about 3 cups), 2 teaspoons chicken bouillon powder, ½ teaspoon salt","[Instructions] 1) [Heat the oil and sauté the garlic] In a large pan or wok, heat the vegetable oil over medium-high heat. Add the minced garlic and pan fry until fragrant, about 20 seconds. Be careful not to burn the garlic. | 2) [Add rice, tomato paste and seasonings] Add the cooked rice, breaking up any clumps with a wooden spoon or large utensil. Stir in the tomato paste and add the seasonings. Mix the rice until it’s coated in the tomato mixture and evenly red and cook for about 3 minutes. Taste and adjust salt if needed. | 3) [Serve] Enjoy as a side to your protein such as Vietnamese Shaking Beef Recipe (Bò Lúc Lắc) or lemongrass roast chicken or crispy pork belly.",https://i0.wp.com/vickypham.com/wp-content/uploads/2024/11/Com-Do-Red-Rice-5-1.jpg?fit=3162%2C3162&ssl=1,side dish,"asian, vietnamese","Vietnamese red rice, Vietnamese tomato rice, com do, tomato fried rice, Vietnamese side dish, red rice recipe, Asian red rice, how to make red rice, cơm đỏ, how to make Vietnamese red tomato rice, how to make Vietnamese red rice",,,0,0,0
Viral Dubai Pistachio Chocolate Bars,"Dark chocolate, pistachio cream, tahini, and a crispy layer of toasted kataifi, these chocolate bar treats are rich, crunchy, and surprisingly easy to make. Whip up a batch to share with family and friends this season!",https://vickypham.com/blog/viral-dubai-pistachio-chocolate-bar/,35m,8m,43m,"2 large bars, about 4 servings each","[Ingredients] 6.7 oz pistachio nut butter (1 small jar), 2 tablespoons tahini, 3 cups kataifi phyllo dough (cut into short segments), 2 tablespoons salted butter, 10 oz Ghirardelli dark chocolate melting wafers (1 bag), 5 Ghirardelli dark chocolate melting wafers (optional), Parchment paper, 2 large candy bar molds","[Instructions] 1) [Add White Chocolate (Optional)] Melt about 5 white chocolate melting wafers in a microwave-safe bowl until smooth (this should take about 30 seconds to 1 minute). Use a small spoon or chopstick to drizzle thin lines or small drops of white chocolate onto each cavity of the mold, making sure to get the sides as well. Allow the chocolate to set (about 5 minutes) before adding the dark chocolate layer. | 2) [Make Chocolate Shell] In a microwave-safe bowl, melt all of the dark chocolate wafers for about 1 minute and 30 seconds, or until fully melted. Stir until completely smooth and runny. Prepare your work area by laying down parchment paper to catch any excess chocolate. Place the mold on top. Pour a thin layer of melted dark chocolate into each cavity, then tilt the mold to coat the edges and sides. Turn the molds upside down to let any excess chocolate drip onto the parchment paper. Transfer the mold in the fridge until firm, about 10 minutes, while you prepare the filling. | 3) [Make the filling. ] Cut the kataifi into short pieces. In a large pan, melt butter then add kataifi. Toast for 5 minutes over medium heat until golden brown. Turn off the heat. Mix in the pistachio butter and tahini until fully combined. | 4) [Add Filling] Remove the molds from the fridge. Pour the pistachio filling evenly into each chocolate-coated mold, pressing lightly to pack it. Be sure to spread the filling into the edges as well. | 5) [Add Chocolate to Cover] Reheat the chocolate for about 30 seconds to make it runny again. Pour it over the pistachio filling, spreading it evenly to cover and seal each candy bar. Tap the mold gently on a flat surface, then carefully scrape off any excess chocolate to smooth the top layer. Place the mold back in the fridge for about 20 minutes or until the chocolate is fully set. | 6) [Finish] Once firm, pop each candy bar out of the mold. Score the edges to make removal easier. These are big candy bars, so it’s best to cut them into small pieces to share.",https://i0.wp.com/vickypham.com/wp-content/uploads/2024/11/dubai-viral-chocolate-bar-1-2.jpg?fit=3916%2C3916&ssl=1,dessert,middle eastern,"pistachio chocolate candy bars, dark chocolate candy bars, tahini candy bars, chocolate pistachio bars, kataifi chocolate bars, viral Dubai chocolate, viral Dubai chocolate bar, how to make the viral Dubai chocolate bar, how to make the viral dubai chocolate pistachio bar, dubai chocolate pistachio bar recipe",,5.0,1,6,7
Air Fryer Lemongrass Pork Ribs,"Easy Vietnamese pork ribs that are perfect for beginners. They deliver sweet, savory, and sticky flavors every time. Enjoy them with steamed rice or as a tasty appetizer.",https://vickypham.com/blog/airfryer-lemongrass-pork-ribs-fish-sauce/,3m,24m,25m,5 serving(s),"[Ingredients] 2 lbs pork ribs (medium size), 3 tablespoons fish sauce, 2 tablespoons oyster sauce, 2 tablespoons granulated sugar, 1 tablespoon honey, ½ teaspoon ground black pepper, ¼ cup minced lemongrass, 1 tablespoon minced garlic, 1 tablespoons neutral oil","[Instructions] 1) [Make the Sauce] In a small bowl, combine fish sauce, oyster sauce, sugar, honey, black pepper, lemongrass, garlic, and oil. Mix well. If you feel there’s too much sugar, start with a little bit and gradually add to taste if needed. | 2) [Season Pork Ribs] Give the ribs a quick rinse in the sink to remove any slimy residue and drain dry. If you purchased pork ribs as a string of pork riblets, use a knife and cut in between the bones to separate them into individual ribs. Place the pork ribs in a mixing bowl and pour the marinade over the ribs, ensuring they are well-coated. You can air fry right away. | 3) [Air Fry] Arrange the marinated ribs in a single layer in the air fryer basket. All 2 lbs of pork ribs fit snugly in my air fryer. Air fry at 350°F for 12 minutes, flip, and continue cooking for another 12 minutes for a total of 24 minutes or until nicely caramelized to your liking. Enjoy the pork ribs on their own as a tasty appetizer or with steamed rice and vegetables for a complete meal.",https://i0.wp.com/vickypham.com/wp-content/uploads/2024/08/4dbed-2024_07_10eosm509960.jpg?fit=1000%2C1000&ssl=1,side dish,"asian, vietnamese, southeast asian","easy vietnamese pork ribs recipe, air fryer pork ribs, vietnamese ribs in air fryer, sticky pork ribs recipe, savory pork ribs, sweet pork ribs, vietnamese marinade for pork ribs, vietnamese pork ribs recipe, sweet and savory pork ribs, sticky pork ribs, vietnamese air fryer recipe, pork ribs in air fryer, simple vietnamese ribs, vietnamese food blog, air fryer recipes, quick vietnamese recipes, air fryer pork rib recipe, lemongrass pork ribs air fryer, fish sauce, fish sauce pork ribs, lemongrass",,,0,1,1
Air Fryer Miso Soy Garlic Salmon Bites,"A quick air fryer salmon recipe. No marinating needed—just coat the salmon in a savory miso, garlic, honey and soy sauce mix, then air fry. Ready in less than 15 minutes.",https://vickypham.com/blog/airfryer-soy-miso-garlic-salmon-bites/,5m,8m,13m,4 serving(s),"[Ingredients] 1 lb salmon fillet, 1 tablespoon miso paste, 1 tablespoon light soy sauce, 1 tablespoon honey, 1 tablespoon minced garlic (fresh is best), Neutral cooking oil or cooking spray","[Instructions] 1) [Prepare the Salmon] Start by rinsing the salmon with cold water to remove any sliminess. Scrape against the skin to remove any lingering fish scales. If you don’t like the skin, pour boiling water over it and pull it off. Once rinsed, pat the salmon dry with paper towels, then cut into 1-inch cubes and set aside. | 2) [Make the Marinade] In a small bowl, mix miso paste, soy sauce, honey, and garlic. If you like it spicy, add your favorite hot sauce, like Sriracha. Coat the salmon bites with the sauce. No need to wait for marinating. You can air fry immediately. | 3) [Air Fry] Generously spray the inside of the air fryer with cooking spray or grease it with oiled paper towels to prevent sticking. Place the salmon bites in the air fryer basket, skin side up if applicable. Spray the top of the salmon bites with oil until lightly covered. Set your air fryer to 400°F and cook for 8 minutes or until caramelized on the outside. Baste with drippings for a glossy finish (optional). | 4) [Serve and Enjoy] Once cooked, remove the salmon bites from the air fryer. You can enjoy these salmon bites as an appetizer or pair them with rice or noodles. Add your favorite vegetable sides for a complete meal.",https://i0.wp.com/vickypham.com/wp-content/uploads/2024/08/6ac1f-2024_07_06eosm50067.jpg?fit=1000%2C1000&ssl=1,entree,"vietnamese, asian","air fryer salmon recipe, air fryer salmon bites, air fryer miso salmon, air fryer honey garlic salmon, air fryer soy salmon bites, easy air fryer salmon recipe, quick air fryer salmon bites, healthy air fryer salmon recipe, miso garlic soy salmon bites, air fryer seafood recipe, crispy air fryer salmon, simple air fryer salmon recipe, air fryer dinner recipes, homemade salmon bites, air frying salmon tips",,,0,2,2
Lion King Roll (Sushi),"Craving sushi but don't want to spend too much money at a restaurant? Try this easy Lion King Roll at home—California roll with baked salmon and a rich, flavorful house sauce.",https://vickypham.com/blog/chef-vicky-lion-king-roll-sushi/,60m,8m,68m,5 serving(s),"[Ingredients] Sushi rice, 5 nori sheets (have extras in case of tearing), 3 Persian cucumbers, 2 medium avocadoes, 10 imitation crab sticks, 1 lb salmon (skinless), 1/2 cup Kewpie mayo, 1/4 cup Unagi sauce, Sriracha sauce (optional), Masago or tobiko (fish roe), Thinly sliced green onions, Pickled sushi ginger, wasabi, and soy sauce (optional)","[Instructions] 1) [Prepare the Sushi Rice] Cook the sushi rice using my full recipe here. It yields about 4 cups of cooked rice, enough for 5 Lion King Rolls. | 2) [Prepare the Fillings] Cut the cucumber, imitation crab, and avocado into thin strips. Slice the salmon into large sheets if possible, so it drapes over the rolls. | 3) [Make the House Sauce] Combine Kewpie mayo, unagi sauce, and Sriracha chili sauce (optional for a spicy kick). | 4) [Prepare Your Area] Wrap your bamboo mat in plastic wrap to prevent the rice from sticking. Have a large bowl of water nearby to dip your hands. Clap your hands together to remove excess water. This helps keep the rice from sticking to your fingers. Reapply water as needed. | 5) [Roll the Sushi] Place a full sheet of nori, shiny side down, on the bamboo mat. Spread a thin, even layer of sushi rice, covering the sides but leaving the top and bottom inch clear. Arrange the cucumber, imitation crab, and avocado towards the bottom of the nori, then carefully roll it up using the bamboo mat. | 6) [Top with Salmon and House Sauce] Lay the salmon slices on top of the roll. Slice the roll into sections, brush with house sauce, and transfer to a foil-lined sheet, folding up the sides to create a “boat.” Alternatively, place it on a baking tray. | 7) [Repeat] Repeat the process for the remaining rolls, making a total of 5. | 8) [Bake the Rolls] Broil the sushi rolls in the oven at 400°F for about 8 minutes, until the sauce is bubbly and the salmon is lightly cooked. | 9) [Finish and Serve] Top the rolls with masago/tobiko and garnish with thinly sliced green onions. Serve with pickled sushi ginger and wasabi. The roll has plenty of sauce, so extra soy sauce is optional.",https://i0.wp.com/vickypham.com/wp-content/uploads/2024/09/2024_09_05EOS-M501337.jpg?fit=2818%2C2818&ssl=1,entree,"asian, japanese","lion king roll, lion king sushi roll, baked sushi roll, california roll with salmon, lion king roll recipe, how to make lion king roll, sushi recipe, salmon sushi roll recipe, sriracha mayo sauce for sushi, sushi rolls with salmon",,,0,21,21
Vegetable Tempura with Sweet Soy Dipping Sauce,Got extra veggies? Turn them into crispy tempura with this easy recipe. This batter recipes makes enough for about 1 lb of cut vegetables.,https://vickypham.com/blog/easy-vegetable-tempura-sweet-soy-dipping-sauce/,5m,15m,20m,3 serving(s),"[Ingredients] Sweet potato, Kabocha squash, Pumpkin, Eggplant, Asparagus, Squash blossoms, Shiso or perilla leaves, Broccoli florets, Zucchini, Okra, Green beans, Neutral oil (I’m using vegetable oil), ½ cup all-purpose flour, ¼ cup corn starch or potato starch, ½ teaspoon baking powder, 1 teaspoon sea salt, ½ cup plus 2 tablespoons ice cold water (see notes), ½ cup bonito soy sauce, ½ cup water, 1 tablespoon sugar (see notes)","[Instructions] 1) [Prepare the vegetables] Wash and pat dry all your vegetables. Cut them into thin slices, about ⅛ to ¼ inch at the thickest. No need to cut green beans if using. | 2) [Make the batter] In a bowl, mix all-purpose flour, corn starch, salt, baking powder, and cold water, adding the water slowly until the batter is a thin but thick enough to coat the vegetable slices. No need to make smooth; a few lumps are fine. | 3) [Deep fry] In a medium pot, heat about 2 inches of oil to 400°F. Fry the vegetables for 2 minutes for thicker pieces and 1 minute for thinner pieces. Flip for even cooking. Once you get a light golden color, remove the vegetables from the oil and transfer to a wire rack to drain off excess oil. | 4) [Make the sauce and serve] In a small pot, heat soy sauce and water until it just starts to boil. Turn off the heat and add sugar gradually, tasting as you go. Serve the tempura vegetables immediately for the best crunch. Dip the fried vegetables into the sauce and enjoy.",https://i0.wp.com/vickypham.com/wp-content/uploads/2024/08/7db97-2024_08_09eosm500607.jpg?fit=2500%2C2500&ssl=1,"side dish, appetizer","asian, japanese","vegetable tempura recipe, tempura dipping sauce, sweet soy dipping sauce, crispy tempura, easy tempura recipe, store-bought tempura mix, bonito soy sauce recipe, how to make tempura, vegetable tempura with dipping sauce, asian food, authentic asian recipes, deep fried, Japanese food, vegetable, vegetarian, vegetarian recipes, fried vegetable, tempura recipe, tempura, vegetable tempura",,,0,0,0
Easy Vietnamese Braised Pork (Thịt Rim Nước Dừa),"Looking for a quick and easy Vietnamese pork recipe that’s a taste of childhood? Try this flavorful and tender braised Vietnamese pork. No marinating or caramelizing needed—just simple, delicious home-cooked goodness.",https://vickypham.com/blog/easy-vietnamese-braised-pork-coconut-juice/,5m,20m,25m,5 serving(s),"[Ingredients] 1½ lbs pork shoulder, 1 shallot (finely diced), 4 garlic cloves (finely diced), 1 green onion (thinly sliced; whites and greens separated), 2 tablespoons fish sauce, 1 teaspoon granulated sugar, ½ teaspoon MSG (optional), ½ teaspoon ground black pepper, 1 12 fl oz can Coco Rico coconut soda, Salt (to taste if needed), Red chilies (optional)","[Instructions] 1) [Prepare pork] Trim off excess fat, but leave some for flavor. Slice the pork shoulder into ½-inch thick large pieces. | 2) [Prepare aromatics] Dice the shallot and garlic finely. Thinly slice the green onion, keeping the whites and greens separate. | 3) [Pan fry] Heat a large skillet over high heat. Add the pork directly into the skillet in a single layer. Pan fry until it starts to brown and caramelize, about 4 minutes per side. | 4) [Toast aromatics] Once you have a layer of rendered pork fat/oil, add the aromatics (shallots, garlic, and whites of green onions) and sauté for a few seconds in the oil until fragrant. | 5) [Braise] Add fish sauce, sugar, ground black pepper, MSG (optional), and coconut soda. Braise, uncovered, on a low simmer until the liquid reduces and thickens to a bubbly glaze, about 20 minutes. Taste and add salt, if needed. | 6) [Finish] Garnish with green parts of the green onion and optional red chilies. Serve with steamed rice and choice of vegetables for a complete meal.",https://i0.wp.com/vickypham.com/wp-content/uploads/2024/08/17639-2024_08_01eosm500444.jpg?fit=2500%2C2500&ssl=1,side dish,"asian, vietnamese","Vietnamese braised pork recipe, Vietnamese braised pork, Vietnamese pork recipe, Vietnamese pork, thit heo rim nuoc dua, braised pork with coconut juice, Vietnamese braised pork with coconut juice, braised pork recipe, asian braised pork recipe, how to make thit rim, how to make thit rim nuoc dua, Asian pork recipe, asian braised pork, simple Asian pork recipe, thịt rim nước dừa, thịt rim, pork recipe for steamed rice, Asian pork recipe for steamed rice, Vietnamese braised coconut pork, Vietnamese braised coconut pork recipe, Vietnamese coconut caramel pork recipe, Vietnamese coconut caramel pork, coconut caramel pork, coconut caramel pork recipe, easy Vietnamese braised pork, thịt rim nước dừa, thịt rim",,,0,1,1
Crispy Salt and Pepper Boneless Pork (Thịt Heo Rang Muối Tiêu),"Crunchy and flavorful, these tender pork bites are marinated in a savory blend of seasonings, deep-fried to golden perfection, and then tossed with fragrant garlic, shallots, and colorful peppers. Perfect as an appetizer or add to rice or noodles for a more filling meal.",https://vickypham.com/blog/salt-pepper-crispy-boneless-pork/,30m,10m,40m,4 serving(s),"[Ingredients] 1 lb pork shoulder, ¼ teaspoon baking soda, ¼ cup water, 1½ teaspoons sea salt, ½ teaspoon ground black pepper, ½ teaspoon ground white pepper, 1 teaspoon chicken bouillon powder, 1 teaspoon garlic powder, 1 teaspoon onion powder, 1 teaspoon Shaoxing cooking wine, 1 whole egg, ¾ cup corn starch, Vegetable oil for deep frying, 1 tablespoon garlic (thinly sliced), 1 tablespoon shallots (cut into thin wedges), ½ cup diced multicolor jalapeños (spicy) or bell/sweet peppers (non-spicy)","[Instructions] 1) [Prepare the Pork] Rub with a teaspoon salt and rinse with water to remove any odor and drain dry (optional). Trim off any excess fat then slice into bite-sized thin pieces. Place the pork in a bowl. Add baking soda, water, salt, chicken bouillon powder, ground black pepper, ground white pepper, garlic powder, onion powder, and cooking wine. Hold off on the egg and cornstarch for now. Marinate at least 30 minutes or overnight for better flavor. | 2) [Deep Fry the Pork] Fill a wide wok or skillet (at least 10-inches wide) with 2 inches of oil and heat to 375°F. While waiting for the oil to come to temperature, add egg and cornstarch to the pork mixture. Mix until the egg is broken and the pork pieces are well coated with a thick slurry. Quickly and carefully drop the pork pieces one by one into the hot oil. Deep fry in two batches to prevent overcrowding and dropping the temperature. Deep fry for about 3-5 minutes or until golden brown. Transfer the fried pork to a wire rack or a plate lined with paper towels to absorb excess oil. Repeat with the second batch. | 3) [Pan Fry and Add Aromatics] Remove the oil from the wok, leaving about 2 tablespoons (a thin layer). Add minced garlic, shallots, and jalapeños/bell peppers. Sauté until fragrant (about 20 seconds on really high heat to get the wok hei flavor). Add the fried pork back into the wok. Toss quickly until the pork is evenly coated with the garlic and jalapeños/bell peppers. No need to cook further. | 4) [Serve] Transfer the fried pork and all the aromatics to a serving plate and enjoy immediately for the best crunch.",https://i0.wp.com/vickypham.com/wp-content/uploads/2024/08/400cb-2024_07_16eosm500212.jpg?fit=1000%2C1000&ssl=1,"side dish, appetizer","asian, chinese, vietnamese","crispy salt and pepper pork recipe, thịt heo rang muối tiêu, vietnamese pork recipe, boneless pork recipe, easy pork recipes, crispy pork bites, asian pork recipes, how to make crispy pork, vietnamese crispy pork, salt and pepper pork vietnamese, tender pork shoulder recipe, homemade crispy pork, garlic jalapeño pork, quick pork recipes, best pork recipes",,,0,0,0
Dim Sum Shrimp Rice Rolls - No Steamer Recipe,"A simple recipe for a dim sum favorite: shrimp rice rolls. This version doesn’t require a steamer—just a large frying pan or skillet with a lid. Enjoy fresh, delicious, plump shrimp rolls with a sweet soy sauce, made right at home.",https://vickypham.com/blog/shrimp-rice-rolls-no-steamer/,30m,6m,36m,Makes 3 large rice rolls,"[Ingredients] 9 shrimp large (21/25 size or smaller), 1/8 teaspoon baking soda, 1/8 teaspoon sugar, 1/8 teaspoon salt, 1/8 teaspoon msg, Pinch ground white pepper, 1/2 teaspoon sesame oil, 1 teaspoon corn starch, ½ cup rice flour (non-glutinous), 1 tablespoon potato starch, 1 tablespoon wheat starch, 1 tablespoon corn starch, 1 tablespoon neutral or sesame oil, ¼ teaspoon salt, ¼ teaspoon msg, 1 ¼ cups water, 1 tablespoon light soy sauce, 1 tablespoon dark soy sauce, 1 tablespoon granulated sugar, 3 tablespoons water, ¼ teaspoon msg (optional)","[Instructions] 1) [Prepare the Shrimp] Peel and devein the shrimp, if needed. Toss them with baking soda, sugar, salt, msg, ground white pepper, sesame oil and corn starch. Set this aside while you make the batter. It should only take about 10 minutes to tenderize the shrimp. | 2) [Make the Batter. ] In a mixing bowl, combine rice flour, potato starch, wheat starch, corn starch, salt, msg, neutral oil, and water. Whisk until smooth. Let the batter rest for 15 minutes to bloom. | 3) [Make the Rice Noodles] Heat a non-stick skillet (11 inches) over medium low and lightly grease it with neutral oil. Pour about ⅓ cup of batter into the skillet, swirling to create a thin, even layer. Place three marinated shrimp in the middle of the batter. Cover with a lid and steam for 2 minutes until the rice sheet is translucent and cooked through. Fold both sides of the rice sheet in, encasing the shrimp. Lift up the pan and gently slide the shrimp rice roll onto a plate. Repeat with the remaining batter and shrimp. | 4) [Make the sweet and savory soy dipping sauce] Combine everything into a small skillet and heat it on the stove top until it comes to a boil and sugar has melted. Turn off heat. | 5) [Serve] When ready to serve, drizzle the sauce over the shrimp rice rolls—use as much or as little as you like and enjoy.",https://i0.wp.com/vickypham.com/wp-content/uploads/2024/09/2024_09_26EOS-M50374-Edit.jpg?fit=3893%2C3893&ssl=1,appetizer,"asian, chinese","dim sum shrimp rolls, rice noodle rolls, Chinese rice rolls, shrimp dim sum, homemade dim sum, how to make dim sum shrimp rolls, rice crepes recipe, shrimp rolls recipe, dim sum recipes, Chinese dim sum rice rolls, Chinese dim sum shrimp rice rolls, Chinese dim sum shrimp rolls",,,0,0,0
Spam Fried Rice with Oyster Sauce (Cơm Chiên Spam Dầu Hào),Perfect for busy weeknights when you want something comforting and easy. Simply seasoned and everything comes together in 15 minutes.,https://vickypham.com/blog/spam-fried-rice/,5m,10m,15m,3 serving(s),"[Ingredients] 2 tablespoon vegetable oil (divided), 2 eggs (beaten), 3 garlic cloves (minced, about 1 tablespoon), 5 ounces Spam (slice into small cubes), 1 cup peas and carrots (frozen), 3 cups day-old cold rice, 2 tablespoons oyster sauce, ¼ teaspoon ground white pepper, 1 teaspoon sesame oil","[Instructions] 1) [Cook eggs] Heat 1 tablespoon of oil in a large wok over medium-high heat, swirling to coat the surface. Pour in the eggs, letting them spread across the oiled surface. Use a spatula to push the cooked edges toward the center, allowing any uncooked egg to fill the empty spaces. Once the eggs are set but still slightly wet on top, chop them into bite-sized pieces with the spatula. Transfer to a bowl and set aside. | 2) [Cook Spam] In the same wok, heat the remaining 1 tablespoon of oil. Add the Spam cubes and cook over high heat, tossing until crispy and golden brown on all sides, about 3 minutes. Add the garlic and toss with the Spam until fragrant, about 15 seconds. | 3) [Add the frozen peas and carrots,] cooking until they’re no longer frozen, about 1 minute. | 4) [Add rice] and toss it with the other ingredients. If the rice is clumped, gently break it apart by gently stamping it with the bottom of a large ladle. Gently fold in the eggs and toss everything together. | 5) [Season] with oyster sauce, white pepper, and sesame oil. Cook on high heat, stirring and tossing constantly, for about 5 minutes to develop wok hei, the smoky flavor that comes from cooking over high heat.",https://i0.wp.com/vickypham.com/wp-content/uploads/2024/08/6ad22-eos-m50_4498.jpg?fit=2500%2C2500&ssl=1,entree,asian,"spam fried rice, spam fried rice recipe, easy fried rice, cơm chiên spam, com chien spam, cơm chiên, com chien, Vietnamese fried rice, cơm chiên việt nam, com chien vietnam, spam rice, spam cơm chiên, spam com chien, simple fried rice, Vietnamese comfort food, easy dinner recipes, spam recipes, spam rice dish, cơm chiên ngon, com chien ngon, homemade fried rice, leftover rice recipes",,,0,2,2
Vietnamese Crab and Tomato Noodle Soup with Pork (Bun Rieu),"Enjoy one of Vietnam's favorite noodle soups with our family recipe. It's packed with umami flavor, tasty toppings, and slurp-worthy noodles. Got tomatoes to use up? This is the recipe for you.",https://vickypham.com/blog/vietnamese-crab-noodle-soup-bun-rieu/,20m,60m,80m,8 serving(s),"[Ingredients] 3 lbs pork spare ribs or pork neck bones (cut into bite-sized pieces), 5 quarts water, 1 cup dried salted shrimp (soak in hot water to soften for 10 minutes), 2 tablespoons vegetable oil, 1 tablespoon minced shallot, 1 tablespoon minced garlic, 14 oz minced crab in spices, 8 oz ground pork, 4 beaten eggs, 2 tablespoons vegetable oil, 1 tablespoon minced garlic, 1 tablespoon minced shallot, 5 large ripe tomatoes (cut into wedges), 4 teaspoons sea salt, 2 tablespoons chicken or mushroom bouillon powder (optional), 1 teaspoon MSG (optional), ¼ cup ketchup, ⅓ cup shrimp paste (mắm ruốc), 2 lbs medium dried rice noodles (cook per package instructions), ½ lb fried tofu cubes, Pork blood cake, Water spinach stems (split stems into thin strips), Lettuce or cabbage (thinly sliced), Bean sprouts, Limes (cut into wedges), Green onions (thinly sliced for garnish)",[Instructions] 1) [Pork Stock] | 2) [Crab and Pork Meatballs/Crab Cakes] | 3) [Tomatoes] | 4) [Season the Stock and Add Tofu] | 5) [Assembly],https://i0.wp.com/vickypham.com/wp-content/uploads/2024/08/33fdc-2024_08_22eosm500835.jpg?fit=2500%2C2500&ssl=1,entree,"vietnamese, asian","vietnamese crab noodle soup,vietnamese pork and tomato noodle soup, vietnamese tomato noodle soup, bun rieu, bun rieu cua, bún riêu cua, bun rieu recipe, how to make bun rieu, vietnamese noodle soup recipe, easy bun rieu, authentic vietnamese noodle soup, vietnamese food, vietnamese recipes, authentic bun rieu recipe, the best bun rieu, vietnamese pork and crab noodle soup, how to make bún riêu",,5.0,2,27,29
Vietnamese Tamarind Catfish Soup (Canh Chua Ca),"A classic of Vietnamese home cooking, this tangy tamarind catfish soup is packed with colorful vegetables and full of vibrant flavors—savory, sweet, and with an optional spicy kick from added chili peppers.",https://vickypham.com/blog/vietnamese-tamarind-catfish-soup-canh-chua-ca/,5m,15m,20m,4 serving(s),"[Ingredients] 4 cups water, 20 grams tamarind pulp, 3 tablespoons vegetable oil, 5 large garlic cloves (peel and finely mince), ½ teaspoon salt, 1 lb catfish steaks (1-inch thickness), ½ cup sliced pineapples, 2 teaspoons fish sauce, 2½ tablespoons granulated sugar, 1 tablespoon chicken bouillon powder or mushroom seasoning powder, 2 cups okra (sliced at a diagonal) and/or elephant ear stems (peeled and sliced at a diagonal), 2 large tomatoes (about ½ lb, slice into thick wedges), 1 cup bean sprouts, ¼ cup finely chopped herbs (Thai basil leaves, rice paddy herbs or culantro), Red Thai chili peppers (optional, cut at a diagonal into thin slices)","[Instructions] 1) [Heat water and prepare the tamarind pulp] Add water (4 cups) to a medium pot and bring it to a boil. While waiting for the water to boil, soak the tamarind pulp in hot water. Pass it through a fine-mesh sieve to get a smooth paste. Make sure to scrap the bottom of the sieve to get the paste that’s sticking on the underside. Set aside. | 2) [Prepare fried garlic and pan-fry fish and pineapples] Season fish steaks with salt then set aside. To a medium skillet or pan, add oil and freshly minced garlic. Pan fry until it turns a light golden brown color. Remove the fried garlic and leave the aromatic oil in the pan. Add the fish steaks and pan fry in the aromatic oil to build an extra layer of flavor. It doesn’t need to be cooked all the way through. Set the fish aside. Add the pineapples and pan fry those at well. A quick sear on high heat intensifies the pineapple’s flavor. Set pineapples aside. | 3) [Build the soup] When the pot comes to a boil, add the fish, pineapples, and tamarind pulp. Let it cook together for 10 minutes to get the flavors to meld together. | 4) [Season the soup] Season the soup with fish sauce, sugar, and chicken bouillon powder/mushroom seasoning powder. Adjust the taste to your preference. | 5) [Add the vegetables] Start with the bulkier ones like okra/elephant ear stems and tomatoes. Cook for 3 minutes. Add lighter vegetables next, such as bean sprouts. Cook for 1 or 2 minutes. | 6) [Garnish and serve] Turn off the heat. Ladle canh chua into a serving bowl and garnish with finely sliced rice paddy herb, then top with fried garlic and sliced chili peppers if you like it spicy. Serve with steamed rice. You can also serve fish sauce, straight from the bottle, with thinly sliced chili peppers on the side for dipping the fish.",https://i0.wp.com/vickypham.com/wp-content/uploads/2024/09/2024_08_27EOS-M501066.jpg?fit=3027%2C3027&ssl=1,side dish,"asian, vietnamese","Vietnamese Tamarind Catfish Soup, Canh Chua Cá, sour fish soup, Vietnamese fish soup, tamarind soup recipe, traditional Vietnamese soup, how to make Canh Chua Cá, Vietnamese home cooking, spicy tamarind fish soup, colorful vegetable soup, easy Vietnamese recipes, authentic Vietnamese dishes, Canh Chua Cá recipe, Vietnamese soup with chili peppers, tamarind catfish recipe, classic Vietnamese soup",,5.0,1,2,3
Homemade Kho Sauce Recipe for Authentic Vietnamese Braised Dishes (Nuoc Sot Kho),A thin brown sauce ready for use with traditional Vietnamese fish-sauce-braised dishes. Simply add your protein and braise until protein has cooked through and sauce has thickened to your liking.,https://vickypham.com/blog/homemade-kho-sauce-for-vietnamese-braised-dishes/,2m,6m,8m,1½ cups,"[Ingredients] 4 tablespoons fish sauce, ¼ teaspoon salt, 2 tablespoons sugar, 1 tablespoon chicken or mushroom bouillon powder, 2 teaspoons garlic powder, 2 teaspoons onion powder, 1 teaspoon ground black pepper, 1 cup Coco Rico coconut soda, 1 tablespoon vegetable oil, 2 tablespoons sugar","[Instructions] 1) [Mix together] fish sauce, salt, sugar, bouillon powder, garlic powder, onion powder, ground black pepper, and coconut soda. | 2) [Caramelize Sugar] Heat oil and sugar in a small nonstick skillet until the sugar breaks down and turns dark amber (approximately 4 minutes with foaming bubbles). Once color is achieved, turn off heat and remove the skillet from the stove so that the sugar doesn’t get any darker. | 3) [Pour] in the sauce slowly as it might splatter. Stir until combined. Return the skillet back to the stove and bring it to a boil. Cook for about 2 minutes then turn off heat. | 4) [Usage Instructions] Pour sauce over your protein. I like to start by adding sauce halfway covering the protein. If you want a deeper flavor, you can add extra sauce later in the cooking process, or dilute it with some water for a lighter taste. Keep braising on medium-low heat until the protein is tender and/or the sauce has thickened to your liking.",https://i0.wp.com/vickypham.com/wp-content/uploads/2024/08/d732b-2024_03_28eosm59817.jpg?fit=2500%2C2500&ssl=1,"prep, condiment","asian, vietnamese","fish sauce, fish sauce recipe for Vietnamese braised dishes, Vietnamese kho sauce, Vietnamese ready to eat kho sauce, Vietnamese brown sauce, Vietnamese brown sauce with fish sauce, Vietnamese braised dishes, nước sốt kho thịt, nuoc sot kho thit, nuoc sot kho, nước sốt kho, homemade Vietnamese kho marinade, đồ án kho, sugar, bouillon powder, onion powder, garlic powder, ground black pepper, coco rico coconut soda, coconut juice, coconut water, Vietnamese cooking, caramelizing sugar, how to color meat, how to make nuoc mau in Vietnamese cooking, how to make nuoc mau, how to caramelize sugar for Vietnamese dishes, nuoc mau",,,0,0,0
Korean Pickled White Daikon Radish Slices (Ssam Mu),"Easy to make, requiring just a few ingredients, and adding a refreshing crunch, Ssam Mu is exactly what you need as a simple, tangy side dish for Korean BBQ.",https://vickypham.com/blog/korean-pickled-white-daikon-radish-slices-ssam-mu/,95m,5m,100m,4 serving(s),"[Ingredients] 1 medium daikon radish, ½ cup water, 1 tablespoon sea salt, ½ cup granulated white sugar, ½ cup distilled white vinegar","[Instructions] 1) [Prepare the Radish. ] Peel the daikon radish and thinly slice it into circular slices using a mandoline slicer, food processor with a slicing attachment, or a sharp knife. Mix the daikon slices with salt and let them sit for 30 minutes. This helps to draw out excess moisture. Squeeze out the excess water from the radish slices, but do not rinse them. Place the radish slices in a clean jar or container. | 2) [Make the Pickling Solution. ] In a small pot or saucepan, combine water, vinegar, and sugar. Bring the mixture to a boil, stirring until the sugar is fully dissolved. Then, turn off the heat. Set aside to cool to room temperature. | 3) [Pour Brine and Refrigerate: ] Pour the pickling solution over the radish slices, ensuring they are fully submerged. Seal the container. Let the radish pickle in the refrigerator for at least 1 hour. For best results, let it sit overnight. The longer it pickles, the better the flavor.",https://i0.wp.com/vickypham.com/wp-content/uploads/2024/08/0cdc1-2024_05_22eosm59881.jpg?fit=2500%2C2500&ssl=1,side dish,"asian, korean","korean pickled daikon, korean pickled daikon slices, ssam mu recipe, korean side dish, how to make ssam mu, easy korean pickles, pickled daikon recipe, homemade korean pickles, korean bbq side dishes, daikon radish recipes, korean food recipes, how to make korean pickled daikon slices, ssam mu",,,0,0,0
Mango Sago with Coconut Jelly,"A refreshing Asian dessert/drink for a hot day. Sweet yellow mangoes, chewy sago, and coconut jelly, mixed in a creamy sweetened coconut milk. Customize to your liking!",https://vickypham.com/blog/mango-coconut-sago/,180m,20m,200m,5 serving(s),"[Ingredients] 2 ripe yellow mangoes (peeled and diced), 1 jar 17.6 oz coconut jelly (drained), ½ cup mini tapioca pearls or sago, ½ cup sweetened condensed milk, 1 can 13.5 oz coconut milk, 1 cup water","[Instructions] 1) [Prepare the Coconut Mixture] Pour coconut milk into a medium saucepan. Fill the empty coconut milk can halfway with water (about 1 cup), swirl to get the remaining coconut milk, and add this water to the saucepan. Add sweetened condensed milk. Bring the mixture to a boil then turn off heat. Stir to combine then set aside to cool. | 2) [Prepare Tapioca/Sago] Bring a medium pot of water (about 5 cups) to a boil. Add tapioca pearls, reduce heat to a low simmer, and cook for 10 minutes, stirring occasionally. Turn off heat, cover, and let sit for 10 more minutes. Drain the tapioca in a fine mesh sieve and rinse under cold water to prevent sticking and remove excess starch. Set aside. | 3) [Mix] In a large mixing bowl, combine diced mangoes, drained coconut jelly, and cooked tapioca balls. Add the cooled sweetened coconut milk and mix to combine. | 4) [Chill] Cover and refrigerate for at least 3 hours or until completely chilled. | 5) [Serve] Scoop into small bowls or glasses and serve. You can also add ice. Best to consume within two days.",https://i0.wp.com/vickypham.com/wp-content/uploads/2024/08/8120c-2024_05_02eosm509037.jpg?fit=2500%2C2500&ssl=1,dessert,"asian, southeast asian, thai","mango sago, mango sago recipe, coconut tapioca pudding, coconut tapioca pudding recipe, sago, sago recipe, mango, mango recipe, Asian dessert, Asian sago dessert, Asian mango dessert, Asian summer dessert, refreshing mango dessert recipe, creamy coconut mango sago recipe, creamy coconut mango sago, how to make mango sago, how to make sago with mango, how to cook tapioca balls, how to cook sago, creamy mango sago, coconut milk, coconut cream, coconut sauce, how to make mango sago pudding, mango sago pudding, what is sago, mango coconut sago, asian dessert recipe, mango coconut dessert, coconut milk dessert, tapioca pearl dessert, mango dessert recipe",,,0,1,1
Vietnamese Pennywort Mung Bean Drink with Coconut Milk (Rau Má Đậu Xanh Nước Dừa),"A refreshing and healthy Vietnamese drink/smoothie. It combines the herbal freshness of pennywort, the nutty flavor of mung beans, and the creamy richness of coconut milk.",https://vickypham.com/blog/pennywort-green-juice/,10m,20m,30m,2 serving(s),"[Ingredients] 200 g fresh pennywort leaves and stems, 2 cups drinking water, 1 tablespoon sugar, ¼ cup yellow mung beans (dried and peeled), 1 cup water, ¼ teaspoon sea salt, 1 teaspoon sugar, ½ cup coconut milk, 1 teaspoon sugar, Crushed ice",[Instructions] 1) [Pennywort Juice] | 2) [Mung Bean Paste] | 3) [Sweetened Coconut Milk] | 4) [Assemble the Drink],https://i0.wp.com/vickypham.com/wp-content/uploads/2024/08/ab92e-2024_05_31eosm509533.jpg?fit=1000%2C1000&ssl=1,drink,"asian, vietnamese","vietnamese pennywort juice, mung bean paste, coconut milk, pennywort mung bean drink, rau má đậu xanh nước dừa recipe, vietnamese pennywort drink, mung bean drink recipe, coconut milk drink, healthy vietnamese drinks, refreshing vietnamese beverages, homemade pennywort juice, easy vietnamese drink recipe, traditional vietnamese drinks",,,0,0,0
Vietnamese Instant Pot Beef Noodle Soup with Oxtail (Phở Đuôi Bò),This simple recipe uses the Instant Pot pressure cooker to create a rich and flavorful beef pho with oxtail. Enjoy a delicious and authentic bowl of hot beef noodle soup in about an hour.,https://vickypham.com/blog/pho-bo-instant-pot-oxtail/,25m,30m,55m,8 serving(s),"[Ingredients] 4½ lbs oxtail, 3 oz ginger (about 4 inches), 2 yellow onions (peel outer layer), 1 packet phở spices, 2½ tablespoons sea salt, 3 tablespoons fish sauce, 25 grams rock sugar, 2 teaspoons MSG (optional), 11 oz cooked beef balls (1 package), 2 lbs rice noodles, Green onions, Yellow onion, Red chili peppers/jalapenos, Lemons/limes","[Instructions] 1) [Preparations] Clean the oxtail with a tablespoon of coarse salt and lime juice, rinse and drain dry (cleaning is optional but recommended to remove any foul barnyard smell). Slice the unpeeled ginger into thick coins and give them a light smash. Peel the outer layer of the onion. If using pre-cooked beef meatballs, slice them in half and set them aside. | 2) [Sear the oxtail and render some fat] I’m using an 8-Quart Instant Pot pressure cooker, switch to the sauté mode to fry and sear the beef on all sides until golden brown. Remove the oxtail. Add the onions and ginger to the pot and sear them until they become aromatic (about one minute). Add oxtail back into the pot, fill the inner pot with water up to the ⅔ max line, press the Pressure Cook button, and set the timer to 30 minutes, then press Start. It will take about 20 minutes to reach temperature. | 3) [Prepare the garnishes] thinly slice the green onions (remove the root ends and keep the bottom white part long, about 2 inches), and thinly slice the rest. Peel and thinly slice the yellow onion. Thinly slice the jalapenos. Cut the lime into wedges. | 4) [Prepare the spices] Toast the pho spices in a small skillet for 30 seconds, then place them in a spice bag and tie it closed. | 5) [Prepare the Noodles] Add the rice noodles to a large mixing bowl and fill it with water. Soaking the rice noodles in water helps remove excess starch, separate the strands, and makes cooking quicker. | 6) [Stop the Cooking] When the pressure cooker is done, use the quick release method. I like to do this outside because it can get messy. A lot of oil will be at the top of the stock. Skim the top layer of oil and discard it or save it to use as oil for other recipes. | 7) [Season the stock] Press Sauté and change the setting to High. Adjust as necessary to maintain a low simmer. Season the stock with rock sugar, sea salt, fish sauce, and MSG. Add the spice bag and simmer for about 15 minutes. | 8) [Strain the stock] Remove all the solids from the stock. Set aside the meat to cool and discard the rest. Once the meat is cool enough to handle, you can remove it from the bones for easier eating (optional, great for kids). | 9) [Finish the broth] Add more water up to the ½ line, making a total of 4 quarts. Add the sliced beef balls and stems of green onions. Once the mixture comes to a boil, the broth is done. | 10) [Cook noodles and assemble the bowl for serving] To cook the noodles, bring a medium pot of water to a boil. Blanch a serving of noodles, one at a time, for about 5 seconds. Transfer noodles to a bowl, add oxtail and your desired toppings. Ladle in hot broth and meatballs. Squeeze in lime and enjoy.",https://i0.wp.com/vickypham.com/wp-content/uploads/2024/08/c878b-2024_06_13eosm509611-edit.jpg?fit=1280%2C720&ssl=1,entree,"asian, vietnamese","instant pot pho, instant pot pho recipe, instant pot pho bo recipe, pho bo recipe, easy pho recipe, easy pho bo recipe, pressure cooker pho recipe, pressure cooker pho bo recipe, pressure cooker pho, how to make pho in instant pot, how to make pho in pressure cooker, beef pho, pressure cooker beef pho, instant pot beef pho, beef pho recipe, easy beef pho recipe, instant pot beef pho recipe, vietnamese beef noodle soup, vietnamese pho recipe, vietnamese beef noodle soup recipe, vietnamese beef pho recipe, instant pot vietnamese beef noodle soup, pressure cooker vietnamese beef noodle soup, beef pho with instant pot, beef pho with pressure cooker, how to cook pho in instant pot, how to cook pho in pressure cooker, instant pot Vietnamese pho, pho noodle soup, authentic pho recipe, quick beef pho, beef pho soup, pho broth recipe, instant pot recipes, traditional pho, healthy beef pho, pho ingredients, pho with beef, instant pot dinner ideas, Phở Bò, Phở, Bò, Vietnamese Instant Pot Beef Noodle Soup, Phở Đuôi Bò recipe, Vietnamese oxtail soup, homemade pho recipe, easy pho recipe, pressure cooker pho, beef noodle soup recipe, Vietnamese comfort food, Asian noodle soup, traditional pho recipe, authentic Vietnamese cuisine, homemade beef broth, how to make pho at home, Phở Đuôi Bò, pho duoi bo recipe",,,0,0,0
Vietnamese Shrimp and Pork Wontons (Hoanh Thanh Tom Thit),"Vietnamese pork and shrimp wontons. Packed full of flavor, incredibly juicy, and quick to cook. Enjoy them various ways. This recipe makes about 50 wontons.",https://vickypham.com/blog/shrimp-pork-wonton-hoanh-thanh-recipe/,30m,5m,35m,10 serving(s),"[Ingredients] 8 oz shrimp (peeled, deveined, and chopped), 8 oz ground pork, ½ cup finely chopped jicama (see notes), 1 green onion (thinly sliced), 2 tablespoons oyster sauce, 1 teaspoon chicken bouillon powder, 1 teaspoon sugar, ¼ teaspoon ground black pepper, 4 teaspoons sesame oil (divided), 14 oz square wonton wrappers","[Instructions] 1) [Make the filling] Combine shrimp, ground pork, jicama, onion, oyster sauce, chicken bouillon powder, sugar, pepper and sesame oil (half) in a bowl and mix well. | 2) [Wrapping] Fill a small bowl with room temperature water for sealing. Add a teaspoon of filling on one half of the wrapper. The simplest way to wrap a wonton is by forming a triangle. Wet one side of a wonton wrapper with water, then fold it over to create a triangle shape. If you prefer something fancier, add some folds or pleats, and you will have a wonton resembling a cute pouch. Make sure to push out any air pockets, then pinch the seams firmly to seal them. | 3) [Cooking] Bring a pot of water to a boil. Add wontons (either fresh or frozen). Give it a quick stir to prevent the wontons from sticking together then cook until they all float. Allow them to cook for an additional minute to ensure filling is cooked all the way through. Drain and rinse with water. Toss with remaining sesame oil (2 teaspoons) to prevent sticking. You can also steam, pan-fry or deep-fry the wontons.",https://i0.wp.com/vickypham.com/wp-content/uploads/2024/08/227c5-wonton.jpg?fit=1577%2C1577&ssl=1,"entree, appetizer","asian, chinese, vietnamese","pork and shrimp wontons, Vietnamese pork and shrimp wontons, the best pork and shrimp wontons, the best Vietnamese pork and shrimp wontons, Asian wontons, ground pork, shrimp, ground shrimp, how to eat wontons, won tons, pork and shrimp won tons, shrimp won tons, pork won tons, pork and prawn wontons, best wonton you will ever have, easy wonton recipe, easy pork wonton recipe, easy shrimp wonton recipe, easy pork and shrimp wonton recipe, how to make pork and shrimp wontons, pork and shrimp dumpling recipe, quick wonton, quick wonton recipe, pork and shrimp wonton recipe, many ways to eat wontons, Chinese pork and shrimp wontons with jicama, Vietnamese pork and shrimp wontons with jicama, bok choy recipe, wonton recipe, potsticker recipe, how to make the best pork and shrimp wontons, wontons, pork wontons, shrimp wontons, pork and shrimp wonton, jicama wontons, wontons with jicama, garlic chives, bok choy, cabbage, how to make pork and prawn wontons",,,0,0,0
Spaghetti and Meatballs,"A sweet version of spaghetti and meatballs, just the way I like it. It's similar to Filipino spaghetti, but without the banana ketchup and red hot dogs— just good ole sugar as a sweetener and super moist and flavorful made-from-scratch beef meatballs.",https://vickypham.com/blog/spaghetti-and-meatballs/,5m,20m,25m,5 serving(s),"[Ingredients] 2 slices white bread, ⅓ cup whole milk (or water), 1 lb lean ground beef, 1 teaspoon garlic powder, 1 teaspoon onion powder, 1 teaspoon Italian seasoning, ½ teaspoon salt, ½ teaspoon granulated sugar, ½ teaspoon ground black pepper, ⅓ cup grated parmesan cheese, 1 whole egg, 2 tablespoons all purpose flour (to coat meatballs), 2 tablespoons olive oil (for frying meatballs), Rao’s 28 oz marinara sauce, 1 tablespoon granulated sugar, 1 lb dried spaghetti noodles, 2 tablespoons salted butter, Thinly sliced basil (optional)","[Instructions] 1) [Combine bread slices with milk] and set aside for 5 minutes, then mash with a fork into small pieces. | 2) [Make the meat mixture] Add ground beef, garlic powder, onion powder, Italian seasoning, salt, sugar, ground black pepper, parmesan cheese, mashed bread, and egg to a large bowl. Mix until well combined. | 3) [Make meatball] Shape the mixture into golf ball-sized meatballs (about 28 in total). Dredge or roll the meatballs in flour, dusting off any excess. | 4) [Pan fry] Heat a wide skillet with olive oil. Add the meatballs and brown them on all sides, about 8 minutes in total. Remove the meatballs and set them aside. Drain off any excess oil, leaving a thin layer in the skillet. Return the meatballs to the skillet and set it aside for now. | 5) [Prepare spaghetti] Cook the pasta according to the package instructions until al dente or to your desired doneness. Reserve ¼ cup of pasta water, then drain the rest. Return the noodles to the empty warm pot. Add butter and toss until the butter is completely melted. | 6) [Prepare the sauce] Back to the meatball skillet, return it to the stove. Add marinara sauce. To the jar, add the reserved pasta water and swirl it around to get all the sauce from the jar. Pour it into the skillet and bring the mixture to a light simmer. Partially cover with a lid or cover with a splatter screen to reduce splatter, and cook for 5 minutes, just enough for the sauce to warm through and finish cooking the meatballs. Season the sauce with sugar. | 7) [Serve] Ladle the sauce and meatballs over the spaghetti. Garnish with more parmesan cheese and fresh basil if desired.",https://i0.wp.com/vickypham.com/wp-content/uploads/2024/08/b6e0c-2024_04_12eosm508731.jpg?fit=2500%2C2500&ssl=1,entree,american,"sweet spaghetti and meatballs recipe, sweet spaghetti and meatball recipe, family-friendly dinner, easy weeknight meal, kid-approved recipe, homemade meatballs, simple pasta recipe, tomato sauce, comfort food, Filipino-style spaghetti and meatballs, Filipino spaghetti and meatballs, spaghetti recipe, spaghetti and meatball recipe, easy spaghetti recipe, sweet spaghetti recipe, how to make spaghetti and meatballs, Rao’s marinara sauce, Rao’s pasta sauce, quick spaghetti and meatball recipe with store-bought pasta sauce, store-bought marinara sauce, store-bought pasta sauce, juicy beef meatballs, the best meatballs, tender meatball recipe for spaghetti, bread, Italian seasoning",,,0,0,0
Taiwanese Popcorn Chicken,"My version of Taiwanese popcorn chicken with a Vietnamese flair. Crispy, bite-sized pieces of chicken, seasoned to perfection. Make it for a gathering or a quick snack. It's a guaranteed crowd pleaser.",https://vickypham.com/blog/taiwanese-popcorn-chicken/,30m,10m,40m,4 serving(s),"[Ingredients] 2 lbs chicken thighs (boneless, skinless), 1 teaspoon sea salt, 1 teaspoon sugar, 2 teaspoons chicken bouillon powder, ¼ teaspoon ground black pepper, ½ teaspoon five-spice powder, ¼ teaspoon sea salt, ¼ teaspoon ground black pepper, 1 egg (beaten), ½ cup corn starch, Vegetable oil for frying, Handful of basil leaves (or Vietnamese coriander)","[Instructions] 1) [Prepare the Chicken] Cut chicken thighs into 1-inch cubes and marinate with salt, sugar, chicken bouillon powder, ground black pepper, and five-spice powder for at least 30 minutes. | 2) [Prepare Seasoning Mix] In a small bowl, mix salt and ground black pepper. Set aside. | 3) [Coat the Chicken] Add a beaten egg and flour to the chicken. Mix well until you get a wet batter coating the chicken. | 4) [Fry and Season] Heat vegetable oil in a large skillet until it reaches 375°F. Carefully add chicken in batches, frying until golden brown and crispy, about 4 minutes per batch. Remove and drain on a paper towel-lined plate or wire basket. Sprinkle the seasoning mix over hot chicken. Toss to combine. You can enjoy as or continue to add the fried basil. | 5) [Fry Herbs and Serve] Ensure leaves are completely dry. Fry in the oil until crispy, about 30 seconds. Transfer crispy chicken to a platter and top with fried herb.",https://i0.wp.com/vickypham.com/wp-content/uploads/2024/08/cca15-2024_04_28eosm508930.jpg?fit=2500%2C2500&ssl=1,"entree, appetizer","asian, vietnamese, taiwanese","Vietnamese popcorn chicken, Vietnamese basil popcorn chicken, Vietnamese popcorn chicken with rau ram, basil, Asian popcorn chicken, Asian popcorn chicken recipe, chicken thigh, chicken breast, five spice powder, chicken bouillon powder, asian recipe, Taiwanese popcorn chicken, Taiwanese basil popcorn chicken, garlic powder, onion powder, salt, sugar, popcorn chicken recipe, easy popcorn chicken recipe, easy Asian popcorn chicken recipe, popular Asian recipe, popular Asian snack recipe, boba popcorn chicken, boba popcorn chicken recipe, bubble tea popcorn chicken, bubble tea popcorn chicken recipe, Vietnamese fried chicken recipe, Vietnamese bite-size fried chicken, Taiwanese fried chicken recipe, Taiwanese street food, Taiwanese street food recipe, Taiwanese popcorn chicken reasoning, Vietnamese popcorn chicken seasoning, how to make Taiwanese popcorn chicken, how to make Taiwanese basil popcorn chicken, Vietnamese coriander, Vietnamese mint, rau ram",,5.0,1,3,4
Vietnamese Beef Noodle Salad (Bún Bò Xào),"A Vietnamese noodle salad featuring tender marinated beef, fresh herbs, leafy lettuce, pickled vegetables, crunchy peanuts, and crispy fried shallots. Dressed with the tasty mother sauce of Vietnam, Nước Chấm sauce, for the perfect blend of savory and sweet.",https://vickypham.com/blog/vietnamese-beef-noodle-salad/,25m,3m,28m,4 serving(s),"[Ingredients] 1 lb thinly sliced beef (beef chuck, flank, tenderloin, ribeye, or sirloin), 1 tablespoon oyster sauce, 1 tablespoon fish sauce, 1 tablespoon brown sugar (or your sweetener of choice), 1 tablespoon neutral oil (vegetable, peanut or avocado), 1 tablespoon minced garlic, 1 yellow onion (peel and cut into wedges), 2 tablespoons unsalted butter, 14 oz package vermicelli rice noodles (medium or thin size), Scallion oil (Mở Hành), Leafy lettuce, Vietnamese herbs, English or Persian cucumbers, Pickled Daikon and Carrot (Đồ Chua), Roasted peanuts, Fried shallot (Hành Phi), Vietnamese dipping sauce (Nước Chấm)","[Instructions] 1) [Prepare the Beef] Slice your choice of beef against the grain, about ¼” thick, and set aside in a medium bowl. In a small bowl, mix oyster sauce, fish sauce, sugar, oil, garlic, and onions. Adjust seasoning to taste if necessary. Pour this mixture over the beef, gently toss until evenly combined, then set aside to marinate while you prepare the other ingredients. | 2) [Prepare the Noodles and Toppings] Cook the vermicelli rice noodles according to package instructions. Thinly slice the lettuce, cut the cucumbers into thin strips, wash the herbs, and coarsely chop the toasted peanuts. | 3) [Cook the Beef] Heat a large skillet and melt butter. Add the marinated beef and pan-fry for about 3 minutes total on high heat. | 4) [Assemble the Bowl] Add a handful of vermicelli rice noodles to a bowl and a spoonful of scallion oil on top of the noodles. Add beef, lettuce, herbs, cucumber, pickled daikon and carrot, roasted peanuts, and fried shallots. Serve the sauce on the side in a small bowl. When ready to eat, drizzle sauce over everything in the bowl, toss everything together, and enjoy.",https://i0.wp.com/vickypham.com/wp-content/uploads/2024/08/eeb2a-2024_06_26eosm509732.jpg?fit=1000%2C1000&ssl=1,entree,"vietnamese, asian","Vietnamese beef noodle salad, bun bo xao, Bún Bò Xào recipe, Vietnamese salad with beef, marinated beef salad, Vietnamese vermicelli salad, Vietnamese noodle bowl, Nước Chấm dressing, Vietnamese herbs, pickled daikon and carrot, crispy fried shallots, Vietnamese cuisine, Asian noodle salad, easy Vietnamese recipe, quick noodle salad, healthy Vietnamese dish, Vietnamese lemongrass beef noodle salad, Vietnamese noodle salad with lemongrass beef, Vietnamese summer recipe, Vietnamese salad recipe, Vietnamese noodle salad recipe",,,0,0,0
Vietnamese Chicken Noodle Soup (Phở Gà),"A lighter alternative to beef pho, this Vietnamese chicken noodle soup warms the soul. It's ready in under an hour with a fragrant, clear broth and tender chicken. A simple, cozy recipe you’ll keep coming back to.",https://vickypham.com/blog/vietnamese-chicken-noodle-soup-pho-ga/,10m,75m,85m,6 serving(s),"[Ingredients] One whole chicken (about 4 lbs), 4 quarts water, 2-inch ginger (unpeeled), 2 yellow onions or 8 large shallots (peeled), 2 stalks green onions, 1 small bunch fresh cilantro, 2 tablespoons dried coriander seeds, 1 Chinese cinnamon (optional), 2½ tablespoons sea salt, 2 tablespoons fish sauce, 35 grams rock sugar, 2 tablespoons chicken bouillon powder (optional), 1 teaspoon MSG (optional), 2 packages 16-oz fresh rice noodles, ¼ cup thinly sliced yellow onion, ¼ cup thinly sliced green onions, ¼ cup thinly sliced cilantro, Fried shallots, Ground black pepper, 2 limes or lemons (cut into wedges), Red chili peppers or jalapenos (thinly sliced), Shredded cabbage, Thai basil, bean sprouts (optional)","[Instructions] 1) [Roast the aromatics] Place the ginger and shallots on a baking tray and roast in a toaster oven or air fryer at 400°F for about 15 minutes, or until lightly charred and fragrant. In a small dry frying pan, toast the pho spices over medium heat for 30 seconds to 1 minute, just until they release their aroma without smoking. Set aside. | 2) [Make the stock] In a large stock pot, add the chicken, roasted ginger, roasted onion, green onion, cilantro, and water. Add the toasted spices as well, either loose or wrapped in a spice ball or cheesecloth. Bring everything to a boil, then reduce the heat to a gentle simmer. Leave the pot uncovered and cook for about 1 hour. | 3) [Season the stock] Carefully remove the chicken and let it cool slightly before shredding the meat by hand or chopping it into smaller pieces. Set the chicken aside. Remove all solids from the stock then then season to taste with fish sauce, salt, or sugar. | 4) [Prep other ingredients] Prepare the garnishes and any additional vegetables you want to use. Cook the rice noodles according to the package instructions. | 5) [Assemble the bowl] Place rice noodles in each bowl and top with shredded chicken. Ladle in hot broth, then garnish with your choice of herbs, vegetables, lime wedges, and sauces. Serve immediately and enjoy!",https://i0.wp.com/vickypham.com/wp-content/uploads/2024/08/77225-2024_05_05eosm509072.jpg?fit=2500%2C2500&ssl=1,entree,"asian, vietnamese","pho, chicken pho, chicken phở, pho recipe, chicken pho recipe, pho ga, pho ga recipe, quick pho ga recipe, easy pho ga recipe, pho ga, how to make chicken pho, pho ga ingredients, pho garnishes, chicken phở, what is pho ga made of, pho ga ingredients, best chicken pho, best chicken pho recipe, authentic pho ga recipe, pho ga spices, vietnamese chicken noodle soup, vietnamese chicken pho, vietnamese chicken noodle soup recipe, authentic vietnamese chicken noodle soup, authentic vietnamese pho ga, authentic vietnamese chicken noodle soup recipe, authentic vietnamese pho ga recipe",,5.0,1,11,12
How to Make Vietnamese Chicken Stock,"Turn chicken meat, bones, and other simple ingredients into a delicious Vietnamese chicken stock. This stock is great for Vietnamese and other Asian dishes. This recipe makes about 3 quarts of stock.",https://vickypham.com/blog/vietnamese-chicken-stock/,5m,120m,125m,3 quarts,"[Ingredients] 1 whole small chicken (or a combination of bones and meats about 4 lbs total), 2 large yellow onions, 3-inch piece ginger, 3 green onions (optional), 1 small daikon (optional, about 1 lb), 4 quarts water","[Instructions] 1) [Prepare aromatics] Peel the outer layer of the yellow onions. There’s no need to peel the ginger and daikon. Slice the ginger into thick coins and give each one a smash to help release its aroma. Cut the daikon into chunks. | 2) [Boil] In a large stock pot with a lid, add the chicken, yellow onions, ginger, green onions, daikon, and water. Bring the pot to a boil over high heat, then reduce the heat to low and let it simmer gently, partially covered for one hour if using meat with bones or two hours if using just bones. Occasionally, skim off any foam or impurities that rise to the surface with a spoon or fine mesh strainer and discard. | 3) [Remove chicken] At the one-hour mark, chicken meat should be done. Avoid overcooking, as it may become dry. Remove the meat and save them for another dish such as Vietnamese chicken salad (goi ga). Return the bones to the stock pot and continue cooking. | 4) [Strain stock] After a total of two hours, remove all the solids so you have a clear stock. Let it cool completely before refrigerating or use immediately in your favorite Vietnamese and Asian dishes.",https://i0.wp.com/vickypham.com/wp-content/uploads/2024/08/32a56-2024_04_24eosm508846-edit.jpg?fit=2500%2C2500&ssl=1,prep,"asian, vietnamese","Asian-style chicken stock, Vietnamese chicken stock, Asian chicken stock, Vietnamese chicken stock recipe, Asian-style chicken stock recipe, Asian chicken stock recipe, homemade chicken stock, Vietnamese cuisine, Asian cuisine, Chinese cuisine, chicken bones, yellow onions, ginger, stock broth, Vietnamese recipes, stock recipe, homemade broth, Vietnamese cooking, authentic Vietnamese stock recipe, authentic Vietnamese stock, how to make Vietnamese chicken stock, how to make Asian chicken stock, Vietnamese chicken bone broth, Vietnamese chicken bone broth recipe, Asian chicken bone broth, Asian chicken bone broth recipe, Vietnamese bone broth, Asian bone broth, Vietnamese bone broth recipe, Asian bone broth recipe, how to make chicken stock, how to make bone broth, green onions, daikon, onions",,,0,2,2
Vietnamese Shrimp and Sweet Potato Fritters (Banh Tom),"A tasty Northern Vietnamese street food featuring shrimp and sweet potatoes deep-fried in a light batter. Enjoy these crunchy fritters with lettuce, fresh herbs, and a sweet and savory dipping sauce. This recipe makes about 14 fritters.",https://vickypham.com/blog/vietnamese-shrimp-and-sweet-potato-fritters-banh-tom/,10m,20m,30m,14 fritters,"[Ingredients] 1 cup all-purpose flour, 2 tablespoons rice flour (can sub with corn starch), 1 teaspoon salt, ½ teaspoon ground black pepper, 1 teaspoon chicken bouillon powder (can sub with ½ teaspoon salt), ½ teaspoon turmeric powder, 2 green onions (bottom white and light green part only; thinly sliced), 1 egg, 10 oz sweet potato (1 medium potato, peeled and sliced into matchsticks), 1 cup water (room temperature), 1 lb shrimp (any size), ½ teaspoon salt, ½ teaspoon chicken bouillon powder (can sub with ¼ teaspoon salt), ½ teaspoon ground black pepper, 2 tablespoons rice flour (can sub with corn starch), Neutral oil for deep frying, Lettuce, Vietnamese herbs, Vietnamese Dipping sauce (Nuoc Cham)","[Instructions] 1) [Make the batter] In a large bowl, mix together all-purpose flour, rice flour, salt, ground black pepper, chicken bouillon powder, turmeric powder, thinly sliced green onions, egg, julienned sweet potatoes, and water until evenly combined and batter is smooth. | 2) [Prepare shrimp] In another bowl, season shrimp with salt, chicken bouillon powder, and ground black pepper. Toss together with rice flour until evenly coated. Set aside. | 3) [Deep fry] Heat oil in a large skillet to 350°F. To a large wooden spoon, add shrimp, then add sweet potatoes on top using chopsticks or tongs. Using chopsticks prevent placing a thick layer of batter. Lower the wooden spoon into the hot oil while using another spoon to push off the mixture. Make 3 to 4 fritters at a time without overcrowding. Deep-fry for two minutes, then flip and fry for another minute until golden and crispy (about 3 minutes total). Drain on a wire rack or plate lined with paper towels. | 4) [Serve] Arrange lettuce and herbs on a platter and place fritters on top. To enjoy, wrap fritters and herbs in lettuce leaves and dip in sauce.",https://i0.wp.com/vickypham.com/wp-content/uploads/2024/08/aa131-2024_05_07eosm509181.jpg?fit=2500%2C2500&ssl=1,appetizer,"asian, vietnamese","Vietnamese shrimp and sweet potato fritters, Vietnamese shrimp and sweet potato fritter recipe, Vietnamese prawn and sweet potato fritters, Vietnamese prawn and sweet potato fritter recipe, shrimp fritters, Asian shrimp fritters, Asian potato fritters, Vietnamese shrimp fritters, shrimp fritter recipe, Vietnamese shrimp fritter recipe, prawn fritters, Vietnamese prawn fritters, prawn fritter recipe, banh tom, Bánh Tôm, Bánh Tôm Cổ Ngư, Bánh Tôm Hồ Tây, banh tom co ngu, banh tom ho tay, how to make banh tom, how to make banh tom co ngu, how to make banh tom ho tay, Vietnamese deep fried appetizer, Vietnamese street food, northern Vietnamese food, shrimp, fritters, sweet potato, shrimp and sweet potato fritter, how to make shrimp and sweet potato fritter, shrimp and potato fritter, prawn and potato fritter, Vietnamese sweet and potato fritters, how to make Vietnamese shrimp and potato fritters, bánh tôm chiên khoai lang, banh tom chien, banh tom chien, khoai lang",,,0,0,0
Asian Garlic Butter Noodles (Mi Xao Toi Bo),"Inspired by the classic Asian-fusion restaurant's garlic noodles, this dish is packed with garlicky goodness, a touch of sweetness, and umami richness. It's perfect as a quick meal and a favorite of picky eaters, big and small.",https://vickypham.com/blog/asian-garlic-noodles/,5m,15m,20m,4 serving(s),"[Ingredients] 16 oz dried spaghetti, 1 stick unsalted butter (8 tablespoons), 3 tablespoons fresh garlic (minced), ½ tablespoon sugar, 1 tablespoon Maggi sauce (see notes), 1 tablespoon oyster sauce (see notes), 1 tablespoon fish sauce (see notes), 1 teaspoon garlic powder, 3 tablespoons grated parmesan cheese","[Instructions] 1) [Cook the egg noodles or spaghetti] according to the package instructions. Drain, rinse lightly, and set aside. | 2) [Melt butter] in a medium pan. | 3) [Add garlic] and sauté until softened and fragrant, about 30 seconds. | 4) [Add seasonings] Stir in sugar, soy sauce, oyster sauce, fish sauce, and garlic powder. Mix well to combine. Adjust with salt, if needed. | 5) [Add the cooked noodles to the pan, followed by the parmesan cheese] Toss everything together until cheese is melted (about 2 minutes). Turn off heat and serve.",https://i0.wp.com/vickypham.com/wp-content/uploads/2024/08/97f2f-2024_03_23eosm508415.jpg?fit=1000%2C1000&ssl=1,entree,"asian, vietnamese","asian garlic noodles, quick meal, garlic noodles recipe, easy asian noodles, garlic butter noodles, homemade asian noodles, asian pasta recipe, simple asian noodles, garlic noodles sauce, asian garlic pasta, easy garlic noodles, homemade garlic noodles, quick asian noodles, asian noodle dish, garlic noodle sauce recipe, asian pasta dish, quick garlic noodles, garlic noodle recipe, asian inspired noodles, asian garlic butter noodles",,,0,3,3
Perfectly Moist Banana Loaf Bread (Not too Sweet),Transform overripe bananas into delicious banana loaf bread. Incorporate your preferred mix-ins to make it your own.,https://vickypham.com/blog/banana-loaf-bread/,10m,60m,70m,8 serving(s),"[Ingredients] 3 dark speckled bananas, 6 oz package plain or vanilla yogurt (¾ cup), 8 tablespoons unsalted butter (1 stick), 2 large eggs, 1 teaspoon vanilla extract, ¾ cup granulated white cane sugar, ½ teaspoon salt, 1 teaspoon baking soda, 2 cups all-purpose flour, ½ cup chocolate chips (optional; see notes), 1 teaspoon honey, 1 teaspoon hot water","[Instructions] 1) [Preheat] your oven to 350°F. Line a 9×5 inch loaf pan with parchment paper. Use some of the butter as “glue” before lining the pan. Melt the remaining butter on the stovetop or in the microwave. Set aside to cool. | 2) [Mash] your bananas into small lumps with a fork in a large mixing bowl. | 3) [Add the wet ingredients] (yogurt, melted butter, beaten eggs, and vanilla extract). Mix well. | 4) [Add the dry ingredients] (sugar, salt, baking soda and flour). Mix until there are no more visible white spots. Add chocolate chips or whatever add-ons you like. Mix until incorporated. | 5) [Pour the batter] into your lined loaf pan and bake for about 60 minutes. The loaf should inflate with a slight crack in the middle. To check for doneness, insert a long wooden skewer in the center. If it comes out clean, you’re done. | 6) [Make the glaze] Mix together the honey and hot water in a small bowl. Brush it onto the finished loaf for a beautiful shiny finish. | 7) [Finish] Let it cool in the pan for a bit. Cut into thick slices and enjoy.",https://i0.wp.com/vickypham.com/wp-content/uploads/2024/08/3f240-2024_02_03eosm59439.jpg?fit=1000%2C1000&ssl=1,dessert,american,"banana loaf bread recipe, banana loaf bread, easy banana bread, moist banana loaf, homemade banana bread, beginner baking recipe, simple banana bread, overripe bananas recipe, what to do with ripe bananas, banana recipe, baking with ripe bananas, how to make banana loaf bread, banana bread with yogurt, banana bread secret ingredient, yogurt banana bread, yogurt loaf banana bread, moist banana bread loaf recipe, moist banana bread with yogurt, how to make moist banana bread, delicious banana bread loaf recipe, banana bread recipe, my favorite banana loaf bread recipe, best banana bread loaf recipe, moist banana bread recipe, best banana bread recipe, best banana bread loaf recipe",,5.0,1,1,2
Chicken Pot Stickers (Dumplings): Perfect for Pan-Frying or Soup,"Tender, juicy potstickers filled with flavorful ground chicken and crisp vegetables, all wrapped up in thin, chewy dough. A quick and easy chicken potsticker recipe that you can pan-fry for an appetizer or serve in soup for a hearty and comforting meal. This recipe makes about 60 pot stickers.",https://vickypham.com/blog/chicken-pot-stickers/,30m,10m,40m,60 pot stickers,"[Ingredients] 10 oz lb ground chicken (see notes), 10 oz chopped bok choy (see notes), 3 oz carrot (1 medium carrot, grated), 2 oz shallot (1 small shallot, finely minced), 3 large garlic cloves (finely minced), 1 tablespoon sesame oil, 1 tablespoon oyster sauce, 1 tablespoon fish sauce, 1 tablespoon chicken bouillon powder, 16 oz pot sticker wrappers (1 package), 1 beaten egg, Savory and tangy soy dipping sauce, All-purpose pork bone broth (see notes)","[Instructions] 1) [Prep Your Filling] In a large bowl, mix together ground chicken, chopped bok choy,carrot, garlic, shallot, sesame oil, fish sauce, oyster sauce, and chicken bouillon powder. Taste test by heating a tablespoon in the microwave or pan fry on the stove-top. Adjust to taste, if needed. | 2) [Fill and Fold] Place two teaspoons of the filling into the center of a wrapper. Wet the edges with the beaten egg, fold in half to form a semi-circle, and press to seal. For an extra touch, pleat the edges. | 3) [Cooking Option 1 -] Pan Fry: Heat a little oil in a non-stick pan with a lid on medium-high. Cook the pot stickers in batches to avoid overcrowding, until the bottoms are golden. Add about 2 tablespoons of water, cover, and steam for 5 minutes. Uncover and continue cooking until all the excess moisture has all evaporated and the bottoms return to crispy (about one minute). | 4) [Cooking Option 2 - Boil] Bring water to a boil in a large pot. Add pot stickers one by one to avoid sticking, and boil for 5 minutes. Use a slotted spoon to remove them. | 5) [Serve] Enjoy them as is or with your favorite dipping sauce and broth.",https://i0.wp.com/vickypham.com/wp-content/uploads/2024/08/e5932-2024_02_21eosm508076-edit.jpg?fit=1000%2C1000&ssl=1,"entree, side dish, appetizer","asian, chinese, vietnamese","chicken pot sticker recipe, chicken pot stickers, easy pot stickers, chicken potsticker recipe, chicken potsticker, easy potsticker recipe, chicken dumpling recipe, chicken dumpling, how to make chicken dumplings, homemade pot stickers with store-bought wrapper, pot sticker filling ideas, cooking with bok choy, ground chicken recipes, Asian dumplings, Chinese dumplings, dumplings with ground chicken, how to make pot stickers, difference between pot stickers and wontons, difference between pot stickers, wontons and dumplings, store-bought wrappers, bok choy, ground chicken, garlic, shallots, pot sticker dipping sauce, pot sticker soup recipe, potsticker soup, potsticker with broth, pot sticker with broth recipe, ground chicken potsticker soup, ground chicken potsticker soup recipe",,,0,0,0
Crispy Whole Shrimp Appetizer with Netted Rice Paper Wrapper,"Crunchy shrimp appetizer wrapped in delicate rice paper and fried to perfection. Whole, tail-on large shrimp simply marinated and wrapped for a quick and tasty appetizer.",https://vickypham.com/blog/crispy-whole-shrimp-with-rice-paper-wrapper/,15m,5m,20m,4 serving(s),"[Ingredients] 1 lb headless large shrimp (size 21/25, peeled, deveined with tails), 1 tablespoon oyster sauce, ½ teaspoon granulated sugar, 1 packet netted rice paper wrapper, Vegetable oil for frying, Bottled sweet chili dipping sauce or make your own (optional)","[Instructions] 1) [Prepare shrimp] Rinse the shrimp under cold water and patting them dry to remove any fishy smell. Score the underside of each shrimp with 3-4 cuts to help them lay straight. | 2) [Season] In a bowl, combine the shrimp with oyster sauce and sugar. Set aside. | 3) [Prepare rice paper] Using scissors, cut the rice paper in half. Fill a wide, shallow bowl with room temperature water, or use a spray bottle. | 4) [Assemble] For each roll, moisten rice by quickly dipping it in the water. Gently shake off any excess water and transfer the softened rice paper to a clean plate. If using a spray bottle, lightly mist the rice paper. Work quickly to assemble the rolls: place a shrimp towards the bottom of the rice paper, leaving the tail exposed. Roll up to seal the shrimp inside. Repeat this process with the remaining shrimp. When setting them aside, make sure they don’t touch each other to prevent sticking and tearing. | 5) [Deep fry] Fill a skillet with about 1 inch of oil and heat it to 375°F. Fry in batches for about 2 minutes or until they are golden brown, flipping them halfway through for even cooking. Transfer the fried shrimp rolls to a wire rack or a plate lined with paper towels to drain off excess oil. | 6) [Finish] Plate and serve the shrimp rolls immediately for the best crunch. Enjoy as is or wrap in fresh lettuce leaves and dip them in your favorite sauce.",https://i0.wp.com/vickypham.com/wp-content/uploads/2024/08/4c3e6-2024_04_01eosm508529-edit.jpg?fit=2500%2C2500&ssl=1,appetizer,"asian, vietnamese","crispy whole shrimp with rice paper, tôm chiên giòn, Vietnamese shrimp recipe, shrimp rice paper rolls, tôm chiên bánh tráng, crispy shrimp in rice paper, Vietnamese crispy shrimp, easy shrimp appetizer, tôm chiên, Vietnamese shrimp appetizer, shrimp wrapped in rice paper, cách làm tôm chiên giòn, fried shrimp with rice paper, crispy rice paper shrimp, tôm cuốn bánh tráng chiên giòn, shrimp rice paper wrap recipe",,,0,5,5
An Even Simpler Instant Pot Beef Pho Recipe with Store-Bought Soup Base,"A super simplified Instant Pot Vietnamese beef noodle soup with just three essential ingredients: meaty bones, aromatics, and a store-bought soup base. This pressure cooker version delivers the authentic taste of a Vietnamese pho restaurant to your home that cooks up in one hour.",https://vickypham.com/blog/even-simpler-instant-pot-beef-pho/,15m,60m,75m,8 serving(s),"[Ingredients] 5 lbs beef chuck short ribs, 1 large yellow onion, 3-inch ginger, Quoc Viet Beef Soup Base, 2 lbs rice noodles, Green onions (thinly sliced), Lime wedges, Ground black pepper","[Instructions] 1) [Prepare] Peel the outer layer of the onion and leave whole. Slice the unpeeled ginger into thick coins and lightly smash each coin to release its aroma. Trim away any excess fat from the beef ribs. | 2) [Pressure Cook] In an 8-quart pressure cooker, combine the beef short ribs, onion, and ginger. Divide the pho paste into thirds and add one-third along with one of its spice bags to the pressure cooker. Add water to the max fill line, then pressure cook on high for one hour. | 3) [Cook the Noodles] In the meantime, cook the noodles in a large pot of boiling water following the package instructions, or cook one serving at a time for best results. | 4) [Quick Release] Once pressure cooking is done, do a quick release. Remove and discard the spice bag, onion, and ginger. Skim off the excess fat on the top. Taste test and add more pho soup base paste, if needed. You can keep the beef ribs in the broth or remove the bones from the ribs and slice thin. | 5) [Assembly] In a bowl, add cooked noodles and ladle in hot broth. Add beef ribs/meat. Garnish the bowl with green onions, a sprinkle of ground black pepper and a squeeze of lime. For extra flavor, serve with hoisin and sriracha chili sauce.",https://i0.wp.com/vickypham.com/wp-content/uploads/2024/08/8308b-2024_02_17eosm508026-edit.jpg?fit=1000%2C1000&ssl=1,entree,"asian, vietnamese","instant pot pho recipe, instant pot pho, instant pot beef pho, instant pot beef pho recipe, pressure cooker pho recipe, pressure cooker pho, pressure cooker beef pho, pressure cooker beef pho recipe, easy pho recipe, vietnamese pho instant pot, beef pho recipe, homemade pho, quick pho recipe, instant pot vietnamese recipes, pho, vietnamese beef pho recipe, pressure cooker vietnamese recipe, vietnamese home cooking easy recipe, Phở Bò, Phở, vietnamese beef noodle soup with instant pot, vietnamese beef noodle soup with pressure cooker, beef ribs, beef chuck short ribs, pho with beef ribs, quoc viet pho soup base, quoc viet beef pho soup base, quoc viet soup base, fat rice noodles, rice noodles, lime, ground black pepper",,,0,0,0
Chinese Fried Breadstick (Youtiao/Gio Chao Quay),"Giò Cháo Quẩy, Vietnam's equivalent to youtiao, a crispy, golden-fried breadstick. It's crunchy on the outside and airy on the inside. Enjoy on its own or with porridge or beef noodle soup.",https://vickypham.com/blog/fried-breadstick/,255m,15m,270m,8 serving(s),"[Ingredients] 2 cups all-purpose flour, ½ teaspoon salt, ½ teaspoon baking soda, 1½ teaspoons baking powder, 1 large egg, 1 tablespoon unsalted soften butter, ½ cup water + 1 tablespoon water","[Instructions] 1) [Make the dough] In a medium bowl or a stand mixer bowl, mix together flour, salt, baking soda, and baking powder. Add egg, softened butter, and water. Using your hands or the stand mixer hook attachment, mix until the ingredients come together into a ball. This took me less than 2 minutes on the lowest setting on the stand mixer. | 2) [Shape dough and chill] Remove the dough ball and shape it into a smooth ball by pulling all the edges downward and tucking them on the bottom. Wrap the ball in plastic wrap and chill in the fridge for at least 4 hours or overnight. | 3) [Roll dough] On a lightly floured surface, gently roll out the dough into a 9-inch square with a rolling pin. Use the side of the rolling pin to straighten up the edges. The corner of the dough may want to pull back into rounded corners. Pull on the four edges to make sharp 45° angles. | 4) [Cut dough] Use a knife or dough cutter to cut the dough in half. Cut each half into 8 thin rectangular strips. | 5) [Assemble] Dip a chopstick into a glass of water and make a water line down the middle. Lay one dough strip on top of the other. Use a dry chopstick to press the top dough firmly into the bottom dough for a tighter seal. Repeat with the remaining dough strips. This makes 8 breadsticks. | 6) [Deep fry] Heat about 2 inches oil in a wide skillet to 375°F. Slowly pull on the ends of the dough to stretch it about twice its original length. Carefully lower the dough into the hot oil. You can do 2-3 pieces of dough at a time. Use chopsticks or tongs to gently roll the dough in the oil for about 2 minutes, or until puffed and golden brown. Transfer to a paper towel-lined plate or wire rack to drain excess oil. Repeat with the remaining dough.",https://i0.wp.com/vickypham.com/wp-content/uploads/2024/08/a274e-2024_03_07eosm508202.jpg?fit=1000%2C1000&ssl=1,"side dish, appetizer","asian, vietnamese, chinese, taiwanese","youtiao recipe, giò cháo quẩy, gio chao quay, chạo quẩy, chao quay, chao quay recipe, Chinese deep-fried bread, Vietnamese deep-fried bread, Vietnamese fried dough sticks, crispy dough recipe, easy breakfast recipe, homemade youtiao, simple fried bread, DIY chạo quẩy, crispy Chinese breakfast, quick fried bread, Vietnamese breakfast, Vietnamese fried bread stick, Chinese fried breadstick, how to make gio chao quay, yeast, all-purpose flour, salt, how to make youtiao, how to make Chinese fried breadstick, the perfect chao quay recipe, Chinese donut recipe, Vietnamese donut recipe, Chinese fried donut recipe, Chinese savory donut recipe, Vietnamese savory fried donut recipe, cháo quẩy recipe, authentic Chinese fried breadstick with yeast, yeast, youtiao recipe with yeast, gio chao quay with yeast, authentic Vietnamese fried breadstick with yeast, fried dough recipe, Chinese fried dough recipe, Vietnamese fried dough recipe, fried breadstick recipe for porridge, fried breadstick recipe for pho, Dầu Cháo Quẩy, dau chao quay, Banh Quay, Patongko, Chinese cruller, Chinese fried dough, Chinese fried churro, Chinese donut, Chinese doughnut, Bánh Quẩy, Banh Quay Recipe",,,0,0,0
Restaurant-style Garlic Green Beans (Din Tai Fung Copycat),"Skip the takeout menu and whip up restaurant-style garlic green beans at home for a fraction of the price! Flash-fried for a blistered exterior and bursting with color, these green beans are tossed with loads of sautéed garlic. All in 15 minutes!",https://vickypham.com/blog/restaurant-style-garlic-green-beans/,10m,5m,15m,4 serving(s),"[Ingredients] 1 lb green beans, 3 tablespoons minced garlic (about 9 cloves), ½ teaspoon salt, ¼ teaspoon chicken bouillon powder or mushroom bouillon powder for a vegetarian option, Vegetable oil for frying","[Instructions] 1) [Prepare green beans] Wash the green beans and pat them completely dry with paper towels. Moisture on the beans will cause oil to splatter when frying. Line up the ends of a handful of green beans. Trim off both ends then cut the beans in half again to create 3-inch segments. Repeat this process until all the green beans are trimmed and cut. | 2) [Flash fry] Add about 1½ inch oil to a wide skillet or wok and heat to 400°F. If you don’t have a large enough wok, do this in two batches to prevent the oil from dropping too much, which will result in overcooked and limped green beans. Flash fry the green beans for 45 seconds until the skins wrinkle. Take them out immediately and place onto a wire rack or basket to drain off any excess oil. | 3) [Fry garlic] In another skillet, add a tablespoon of deep fried oil from earlier and minced garlic. Sauté the garlic for 30 seconds until lightly browned and fragrant. | 4) [Add the flash fried green beans] to the sautéed garlic. Sprinkle with salt and bouillon powder and toss to combine. Immediately turn off heat and transfer the green beans to a serving plate and enjoy.",https://i0.wp.com/vickypham.com/wp-content/uploads/2024/08/ad937-2024_03_15eosm59746-edit.jpg?fit=1000%2C1000&ssl=1,"side dish, appetizer","asian, chinese, vietnamese, taiwanese","green beans, green bean recipe, Chinese long bean recipe, garlic, Chinese long beans, side dish, vegetable side dish, green bean side dish, Asian vegetable side dish, Chinese green beans side dish, flash-fried, crispy green beans, blistered green bean recipe, Asian cuisine, vegetable dish, quick side dish, din tai fung garlic green beans, Chinese garlic green beans, restaurant-style garlic green beans, garlic green beans, din tai fung copycat recipe, din tai fung copycat green bean recipe, din tai fung style garlic green beans",,,0,0,0
Simple Choy Sum and Garlic Stir-Fry,"Want a simple, delicious veggie side? Try this choy sum recipe. This tasty and affordable green makes a perfect stir-fry. It's packed with umami and garlic flavors, and comes together in less than 15 minutes.",https://vickypham.com/blog/simple-choy-sum-garlic-stir-fry/,5m,5m,10m,4 serving(s),"[Ingredients] 1 lb choy sum, ½ tablespoon vegetable oil, 6 cloves garlic (peel and slice thinly), 1 teaspoon fine sea salt, 1 teaspoon chicken or mushroom bouillon powder, 1 tablespoon sesame oil, ¼ teaspoon ground white pepper, 1 tablespoon fried garlic (optional)","[Instructions] 1) [Prepare bok choy] Trim off the root ends of the choy sum and wash thoroughly. You can leave them whole or cut the into shorter segments for easier cooking and eating. | 2) [Blanch] Bring a pot of water to a boil. Add the choy sum. Lower stems in first then leaves. Blanch for about 1 ½ minutes. Drain the choy sum into a colander in a sink and rinse lightly with cold water to stop the cooking process. Once cool enough to handle, give the leaves a gently squeeze to remove excess liquid. Set aside. | 3) [Stir fry] Heat vegetable oil in a wok or large skillet over medium-high heat. Add the garlic and cook until fragrant and golden brown, about 30 seconds. Add the blanched choy sum and seasonings (salt, bouillon powder, sesame oil and ground white pepper). Toss everything together to combine while cooking for 1 minute. | 4) [Finish] Plate and garnish with fried garlic (optional). Serve with rice and your favorite protein for a more complete meal.",https://i0.wp.com/vickypham.com/wp-content/uploads/2024/08/a0013-choy2bsum.jpg?fit=1000%2C563&ssl=1,side dish,"asian, vietnamese","choy sum stir fry, easy choy sum recipe, vietnamese choy sum, how to cook choy sum, healthy stir fry recipe, quick and easy side dish, choy sum recipe, vegetables side dish, choy sum side dish, how to make quick and easy vegetable side dish",,5.0,1,3,4
Vietnamese Steamed Banana Cake (Banh Chuoi Hap),"A traditional Vietnamese steamed banana cake that's bouncy, not too sweet, and dressed with a creamy coconut sauce.",https://vickypham.com/blog/steamed-banana-cake/,5m,40m,45m,4 serving(s),"[Ingredients] 100 grams tapioca starch, 50 grams rice flour, 80 grams sugar, ½ teaspoon salt, 2 drops yellow gel food coloring, 200 mL water (room temperature), 3 ripe large bananas (about 1 lb), 200 mL water, 1 fresh pandan leaf, 2 tablespoons sago or small tapioca balls, 1 small can coconut milk (165 mL), Pinch salt, 25 grams sugar, Vegetable oil (to grease pan), Toasted crushed peanuts (optional), Toasted white sesame seeds (optional)","[Instructions] 1) [Prepare batter] In a medium bowl, combine tapioca starch, rice flour, sugar, salt, yellow food coloring, and water until completely dissolved. Mash 2 of the 3 bananas with a fork. Mix this into the batter. | 2) [Peel] the last banana and slice into ⅛-inch thick circles. Set aside. This will be used to decorate the top. | 3) [Grease] a 9-inch baking pan and pour the batter in. Place the banana slices across the top. Gently press them down into the batter so that batter thinly covers the top. | 4) [Steam] over medium heat for about 35 minutes or until the cake is firm and a toothpick inserted comes out clean. Wipe down the inside of the lid at the halfway point to prevent water droplets from falling onto the cake. | 5) [Prepare coconut sauce] In the meantime, in a small sauce pan, bring water to a boil. Add tapioca/sago balls and cook on a gentle simmer for about 5 minutes or until tapioca/sago balls are translucent. Discard pandan leaf. Add coconut milk, salt, and sugar. Simmer for 2 more minutes. Turn off heat and allow to cool slightly to thicken. | 6) [Finish] Allow the banana cake to cool completely before removing it from the pan then cut into pieces. Drizzle the coconut milk sauce over the cake before serving. Top with toasted crushed peanuts and sesame seeds (optional) and enjoy.",https://i0.wp.com/vickypham.com/wp-content/uploads/2024/08/6533e-2024_02_26eosm508116.jpg?fit=1000%2C1000&ssl=1,dessert,"asian, vietnamese","vietnamese steamed banana cake, bánh chuối hấp, banh chuoi hap, vietnamese dessert recipes, easy banana cake recipe, coconut milk sauce, rice flour dessert, tapioca starch recipes, pandan flavor, traditional vietnamese sweets, homemade asian desserts, steamed banana cake recipe, banh chuoi, asian banana recipe, vietnamese dessert, coconut milk, pandan, rice flour, tapioca starch",,,0,0,0
Vietnamese Poached Chicken (Gà Luộc),"A succulent whole chicken, poached to perfection with its head, feet, and innards, and brushed with turmeric for an iconic yellow hue. A Lunar New Year staple, perfect for Tết celebrations or as an offering during Đám Giỗ.",https://vickypham.com/blog/vietnamese-boiled-yellow-chicken/,30m,20m,50m,5 serving(s),"[Ingredients] 1 free-range chicken (3 lbs), 1 tablespoon coarse sea salt (more for cleaning), 1 shallot, 2-inch fresh ginger, 2 scallions/green onions, 1 teaspoon turmeric powder (see notes), Cilantro or thinly sliced lime leaves for garnish (optional), Salt pepper lime sauce, Ginger fish sauce","[Instructions] 1) [Prepare the chicken] Start by trimming off the excess fat located on the underside of the chicken and set it aside to render later. Clean the chicken thoroughly by rubbing it inside and out with a generous amount of coarse sea salt (about 1 tablespoon). If the chicken comes with a gizzard and other internal organs, wash those as well. | 2) [Prepare the aromatics] Peel the shallot and slice into thick wedges. Leave the peel on the ginger and cut it into thick coins. Give each coin a good smash to help release its aroma. Wash the green onions and leave them whole. Stuff the shallot wedges, smashed ginger coins, green onions, and any internal organs inside the cavity of the chicken. Stuff the chicken legs into the cavity to hold all the stuffing inside, or you can tie it with cooking twine or use wooden skewers to close. | 3) [Cook chicken] Using a large pot with a lid, bring enough water to cover the chicken to a boil. Hold the chicken by the neck and dunk it in slowly to tighten the skin. Do this three times to ensure all areas of the chicken are touched by the hot water. Carefully lower the chicken into the boiling water, reduce the heat to a gentle simmer, and cover. Let it cook for 20 minutes on the lowest simmer. Turn for even cooking, if needed. Turn off the heat and let it continue to cook with the residual heat for 10 additional minutes. | 4) [Remove chicken] Once cooked, remove the chicken from the pot and transfer it to an ice bath. Let it sit for 15 more minutes. Remove from the ice bath and pat dry with paper towels. | 5) [Brush chicken] Render the chicken fat until melted. Turn off the heat and add turmeric powder. Mix well. Brush the yellow oil onto the poached chicken for a beautiful shiny finish. | 6) [Finish] Transfer chicken to a serving platter, propping it upright as if its sitting. Garnish chicken with thinly sliced strands of lime leaves or cilantro. Serve with dipping sauces.",https://i0.wp.com/vickypham.com/wp-content/uploads/2024/08/7ab69-2024_02_13eosm508000_edited.jpg?fit=1000%2C1000&ssl=1,"side dish, entree","asian, vietnamese","Vietnamese boiled chicken, Vietnamese boiled chicken recipe, Vietnamese chicken for Tết, tet recipe, tet food, Vietnamese Lunar New Year tet recipe, Vietnamese Lunar New Year chicken recipe, Vietnamese chicken for Lunar New Year, Vietnamese boiled whole chicken, gà luộc recipe, ga luoc, easy chicken recipes, Vietnamese chicken recipe, Vietnamese cuisine, traditional Vietnamese food, Vietnamese food, gà luộc, boiled yellow chicken, turmeric, fresh turmeric, turmeric powder, ginger, authentic ga luoc recipe, authentic Vietnamese boiled chicken recipe, how to make ga luoc, how to make Vietnamese boiled turmeric chicken, Đám Giỗ food, dam gio food, chicken for dam gio, whole chicken for dam gio, Vietnamese yellow chicken, Vietnamese yellow whole chicken, Vietnamese poached yellow chicken with turmeric, Vietnamese poached chicken, Vietnamese poached chicken recipe, Asian recipe, Vietnamese poached yellow chicken, poached chicken recipe, boiled chicken recipe",,,0,0,0
Vietnamese Chayote Squash Soup with Pork Meatballs (Canh Su Su Nau Gio Song/Canh Moc),"A traditional soup that is easy to make, featuring two main ingredients, chayote squash, and store-bought ground pork paste. It's light and flavorful broth pairs beautifully with steamed rice.",https://vickypham.com/blog/vietnamese-chayote-squash-soup-pork-meatballs/,5m,15m,20m,5 serving(s),"[Ingredients] 1 tablespoon vegetable oil, 2 large cloves garlic (peel, mince), 1 shallot (peel, slice into thin wedges), 1 quart water, 1 lb chayote (peel, slice into matchsticks), Store-bought container of Vietnamese pork paste (gio song), ½ teaspoon sugar, 2 teaspoons fish sauce, 2 teaspoons sea salt, 1 teaspoon MSG (optional), 2 tablespoons chopped cilantro (or green onions), ¼ teaspoon ground black pepper","[Instructions] 1) [Prepare broth] In a medium pot, heat oil on medium-high. Add garlic and shallot. Sauté until fragrant (about 30 seconds). Add water and bring the pot to a boil. | 2) [Add chayote] and cook on a low simmer for 10 minutes. | 3) [Scoop pork paste] into small balls and drop directly into the pot. Add as much or as little as you like. Continue to cook for 5 minutes. | 4) [Season soup] to taste with sugar, fish sauce, sea salt, and MSG. | 5) [Garnish] with cilantro/green onions and a sprinkle of ground black pepper when ready to serve.",https://i0.wp.com/vickypham.com/wp-content/uploads/2024/08/86fb1-2024_03_01eosm508166.jpg?fit=1000%2C1000&ssl=1,side dish,"asian, vietnamese","vietnamese soup, vietnamese canh, how to make vietnamese soup, how to make vietnamese canh, chayote squash recipe, pork meatballs, easy soup recipe, traditional vietnamese dish, steamed rice, quick family meal, Vietnamese cooking, simple pork recipe, canh su su nau gio song, canh su su nau moc, canh su su, canh moc, canh gio song, canh su su nấu giò sống, canh su su nấu mọc, canh mọc, traditional vietnamese home cooking, vietnamese home cooking, chayote recipe",,,0,2,2
Vietnamese Egg Rolls (Cha Gio),"Sometimes called spring rolls, other times called egg rolls, chả giò is a popular Vietnamese appetizer of bite-size crispy goodness. You've probably seen them in Vietnamese restaurants. Now try to make them at home!",https://vickypham.com/blog/vietnamese-egg-rolls-cha-gio/,35m,30m,65m,30 egg rolls,"[Ingredients] 2 lbs ground pork, ½ cup dried woodear mushrooms, 2 oz dried bean thread vermicelli noodles, 2 green onions (trim off ends and slice thinly), 1 small white/yellow onion (peel and finely dice), 1 teaspoon sugar, ¼ teaspoon ground black pepper, 2 teaspoons sesame oil, 1 teaspoon sea salt, 3 tablespoons oyster sauce, 1 teaspoon chicken bouillon powder, 1 package Menlo All Purpose Wrappers or TYJ Spring Roll Pastry Wrappers, 1 beaten egg yolk (to seal egg rolls), Vegetable oil for frying, Vietnamese fish sauce dipping sauce (Nuoc Mam Cham)","[Instructions] 1) [Prepare the dried ingredients] In a medium bowl, rehydrate dried wood ear mushroom and bean thread vermicelli/cellophane noodles in hot water for 10 minutes or until softened. Remove from water and finely mince. Set aside. | 2) [Prepare the pork filling] In a medium bowl, mix together ground pork, wood ear mushroom, vermicelli noodles, green onions, white/yellow onion, sugar, black pepper, sesame oil, salt, oyster sauce, and chicken bouillon powder. Set aside. | 3) [Prepare the wrappers] Thaw out the egg roll wrappers if frozen. Separate into individual sheets by pulling them apart slowly to prevent tearing. | 4) [Assemble] Place about 2 tablespoons of filling at the bottom corner of the wrapper, then slowly start to roll it up. When you reach the halfway point, fold in the two sides, and continue rolling until nearly complete. Brush the top edge with beaten egg, then finish rolling up to seal. For additional guidance, refer to the step-by-step illustrated tutorial on the blog. | 5) [Deep fry] In a wok or tall skillet, heat vegetable oil to 325°F. Fry in small batches for 5 minutes or until egg rolls are golden brown. Make sure they do not touch to prevent them from sticking together. Transfer egg rolls onto a wire rack to drain off excess oil. | 6) [Serve] Enjoy with Vietnamese Fish sauce dipping sauce (Nuoc Mam Cham). You can also wrap the egg roll with lettuce and assorted Vietnamese herbs such as sorrel (rau chua), fish mint (diep ca), Vietnamese coriander (rau ram), and perilla (tia to). Leftover egg rolls can be frozen and deep-fried straight from the freezer. Frozen egg rolls take about 10 minutes to cook.",https://i0.wp.com/vickypham.com/wp-content/uploads/2024/02/8aa36-eggroll2.jpg?fit=2500%2C2500&ssl=1,appetizer,"asian, vietnamese southeast asian","chả giò, cha gio, how to make egg rolls, eggrolls, egg roll recipe, Vietnamese egg roll recipe, lumpia, fried spring rolls, vietnamese fried spring rolls, vietnamese spring roll recipe, vietnamese egg rolls, vietnamese egg rolls with ground pork, vietnamese egg rolls with thin rice vermicelli, vietnamese egg rolls with woodear mushroom, vietnamese spring rolls with ground pork, vietnamese spring rolls with thin rice vermicelli, vietnamese spring rolls with woodear mushroom, traditional vietnamese egg roll recipe, vietnamese spring roll recipe, classic vietnamese egg rolls, classic vietnamese fried spring rolls, authentic vietnamese egg roll, vietnamese fried vietnamese spring roll, what are cha gio, what is nem ran, what is cha gio, cha gio filling variations, what is in cha gio, what is cha gio filling, how to wrap cha gio, how to wrap Vietnamese egg rolls, how to wrap Vietnamese spring rolls, how to wrap crispy Vietnamese spring rolls, authentic cha gio recipe, authentic cha gio, authentic vietnamese fried spring roll recipe, traditional vietnamese fried spring rolls, rice paper vs wheat pastry, rice paper vs egg roll wrapper",,5.0,3,25,28
